ESort,RSort,ExamItem,ExamResult1,ExamResult2,ExamMemo,Year,Month
0,0,黃麴毒素 Aflatoxin,,,合格,2024,1
0,1,汞 Hg,,,合格,2024,1
0,2,砷 As,,,合格,2024,1
0,3,無機砷 iAs,,,合格,2024,1
0,4,鉛 Pb,,,合格,2024,1
0,5,鎘 Cd,,,合格,2024,1
0,6,沙門氏桿菌 Salmonella,,,合格,2024,1
1,0,丁基羥基甲氧苯(BHA) ,,,合格,2024,1
1,1,二丁基羥基甲苯(BHT) ,,,合格,2024,1
1,2,衣索金 Ethoxyquin,,,合格,2024,1
1,3,黃麴毒素 Aflatoxin,,,合格,2024,1
1,4,"產氣莢膜桿菌 
Clostridium perfringens",,,合格,2024,1
1,5,飛佈達 Heptachlor,,,合格,2024,1
1,6,地特靈 Dieldrin,,,合格,2024,1
1,7,安特靈 Endrin,,,合格,2024,1
1,8,阿特靈 Aldrin,,,合格,2024,1
1,9,蟲必死 BHC,,,合格,2024,1
1,10,滴滴涕 DDT,,,合格,2024,1
2,0,丁基羥基甲氧苯(BHA) ,,,合格,2024,1
2,1,二丁基羥基甲苯(BHT) ,,,合格,2024,1
2,2,衣索金 Ethoxyquin,,,合格,2024,1
2,3,黃麴毒素 Aflatoxin,,,合格,2024,1
2,4,"單核球增多性李斯特菌
 Listeria monocytogenes",,,合格,2024,1
3,0,丁基羥基甲氧苯(BHA) ,,,合格,2024,1
3,1,二丁基羥基甲苯(BHT) ,,,合格,2024,1
3,2,衣索金 Ethoxyquin,,,合格,2024,1
3,3,"病原性大腸桿菌 
Enteropathogenic Escherichia coli",,,合格,2024,1
3,4,安特靈 Endrin,,,合格,2024,1
3,5,飛佈達 Heptachlor,,,合格,2024,1
3,6,阿特靈 Aldrin,,,合格,2024,1
3,7,地特靈 Dieldrin,,,合格,2024,1
3,8,蟲必死 BHC,,,合格,2024,1
3,9,滴滴涕 DDT,,,合格,2024,1
4,0,丁基羥基甲氧苯(BHA) ,,,合格,2024,1
4,1,二丁基羥基甲苯(BHT) ,,,合格,2024,1
4,2,衣索金 Ethoxyquin,,,合格,2024,1
4,3,黃麴毒素 Aflatoxin,,,合格,2024,1
4,4,沙門氏桿菌 Salmonella,,,合格,2024,1
5,0,丁基羥基甲氧苯(BHA) ,,,合格,2024,1
5,1,二丁基羥基甲苯(BHT) ,,,合格,2024,1
5,2,衣索金 Ethoxyquin,,,合格,2024,1
5,3,汞 Hg,,,合格,2024,1
5,4,砷 As,,,合格,2024,1
5,5,鉛 Pb,,,合格,2024,1
5,6,鎘 Cd,,,合格,2024,1
5,7,"單核球增多性李斯特菌 
Listeria monocytogenes",,,合格,2024,1
6,0,丁基羥基甲氧苯(BHA) ,,,合格,2024,1
6,1,二丁基羥基甲苯(BHT) ,,,合格,2024,1
6,2,衣索金 Ethoxyquin,,,合格,2024,1
6,3,汞 Hg,,,合格,2024,1
6,4,砷 As,,,合格,2024,1
6,5,鉛 Pb,,,合格,2024,1
6,6,鎘 Cd,,,合格,2024,1
6,7,"病原性大腸桿菌 
Enteropathogenic Escherichia coli",,,合格,2024,1
7,0,丁基羥基甲氧苯(BHA) ,,,合格,2024,1
7,1,二丁基羥基甲苯(BHT) ,,,合格,2024,1
7,2,衣索金 Ethoxyquin,,,合格,2024,1
7,3,汞 Hg,,,合格,2024,1
7,4,砷 As,,,合格,2024,1
7,5,鉛 Pb,,,合格,2024,1
7,6,鎘 Cd,,,合格,2024,1
7,7,"產氣莢膜桿菌 
Clostridium perfringens",,,合格,2024,1
8,0,丙二醇 ,,,合格,2024,1
8,1,亞硝酸鹽(NO2-) Nitrite,,,合格,2024,1
8,2,沙門氏桿菌 Salmonella,,,合格,2024,1
8,3,"病原性大腸桿菌 
Enteropathogenic Escherichia coli",,,合格,2024,1
9,0,丙二醇 ,,,合格,2024,1
9,1,亞硝酸鹽(NO2-) Nitrite,,,合格,2024,1
9,2,"產氣莢膜桿菌 
Clostridium perfringens",,,合格,2024,1
9,3,"單核球增多性李斯特菌 
Listeria monocytogenes",,,合格,2024,1
10,0,黃麴毒素 Aflatoxin,,,合格,2024,1
10,1,汞 Hg,,,合格,2024,1
10,2,砷 As,,,合格,2024,1
10,3,鉛 Pb,,,合格,2024,1
10,4,鎘 Cd,,,合格,2024,1
10,5,"病原性大腸桿菌 
Enteropathogenic Escherichia coli",,,合格,2024,1
10,6,三聚氰胺 Melamine,,,合格,2024,1
11,0,黃麴毒素 Aflatoxin,,,合格,2024,1
11,1,亞硝酸鹽(NO2-) Nitrite,,,合格,2024,1
11,2,"病原性大腸桿菌 
Enteropathogenic Escherichia coli",,,合格,2024,1
11,3,三聚氰胺 Melamine,,,合格,2024,1
12,0,丁基羥基甲氧苯(BHA) ,,,合格,2024,1
12,1,二丁基羥基甲苯(BHT) ,,,合格,2024,1
12,2,衣索金 Ethoxyquin,,,合格,2024,1
12,3,"產氣莢膜桿菌 
Clostridium perfringens",,,合格,2024,1
12,4,飛佈達 Heptachlor,,,合格,2024,1
12,5,地特靈 Dieldrin,,,合格,2024,1
12,6,阿特靈 Aldrin,,,合格,2024,1
12,7,安特靈 Endrin,,,合格,2024,1
12,8,蟲必死 BHC,,,合格,2024,1
12,9,滴滴涕 DDT,,,合格,2024,1
13,0,汞 Hg,,,合格,2024,1
13,1,砷 As,,,合格,2024,1
13,2,鉛 Pb,,,合格,2024,1
13,3,鎘 Cd,,,合格,2024,1
13,4,亞硝酸鹽(NO2-) Nitrite,,,合格,2024,1
13,5,沙門氏桿菌 Salmonella,,,合格,2024,1
13,6,"產氣莢膜桿菌 
Clostridium perfringens",,,合格,2024,1
14,0,丙二醇 ,,,合格,2024,1
14,1,黃麴毒素 Aflatoxin,,,合格,2024,1
14,2,"單核球增多性李斯特菌 
Listeria monocytogenes",,,合格,2024,1
14,3,三聚氰胺 Melamine,,,合格,2024,1
15,0,黃麴毒素 Aflatoxin,,,合格,2024,1
15,1,沙門氏桿菌 Salmonella,,,合格,2024,1
15,2,飛佈達 Heptachlor,,,合格,2024,1
15,3,蟲必死 BHC,,,合格,2024,1
15,4,滴滴涕 DDT,,,合格,2024,1
15,5,地特靈 Dieldrin,,,合格,2024,1
15,6,安特靈 Endrin,,,合格,2024,1
15,7,阿特靈 Aldrin,,,合格,2024,1
15,8,三聚氰胺 Melamine,,,合格,2024,1
16,0,丁基羥基甲氧苯(BHA) ,,,合格,2024,1
16,1,二丁基羥基甲苯(BHT) ,,,合格,2024,1
16,2,衣索金 Ethoxyquin,,,合格,2024,1
16,3,亞硝酸鹽(NO2-) Nitrite,,,合格,2024,1
16,4,"單核球增多性李斯特菌 
Listeria monocytogenes",,,合格,2024,1
17,0,丁基羥基甲氧苯(BHA) ,,,合格,2024,1
17,1,二丁基羥基甲苯(BHT) ,,,合格,2024,1
17,2,衣索金 Ethoxyquin,,,合格,2024,1
17,3,黃麴毒素 Aflatoxin,,,合格,2024,1
17,4,"病原性大腸桿菌 
Enteropathogenic Escherichia coli",,,合格,2024,1
18,0,汞 Hg,,,合格,2024,1
18,1,砷 As,,,合格,2024,1
18,2,鉛 Pb,,,合格,2024,1
18,3,鎘 Cd,,,合格,2024,1
18,4,亞硝酸鹽(NO2-) Nitrite,,,合格,2024,1
18,5,"產氣莢膜桿菌 
Clostridium perfringens",,,合格,2024,1
18,6,三聚氰胺 Melamine,,,合格,2024,1
19,0,亞硝酸鹽(NO2-) Nitrite,,,合格,2024,1
19,1,沙門氏桿菌 Salmonella,,,合格,2024,1
19,2,"病原性大腸桿菌 
Enteropathogenic Escherichia coli",,,合格,2024,1
19,3,滴滴涕 DDT,,,合格,2024,1
19,4,蟲必死 BHC,,,合格,2024,1
19,5,飛佈達 Heptachlor,,,合格,2024,1
19,6,安特靈 Endrin,,,合格,2024,1
19,7,阿特靈 Aldrin,,,合格,2024,1
19,8,地特靈 Dieldrin,,,合格,2024,1
20,0,丙二醇 ,,,合格,2024,1
20,1,黃麴毒素 Aflatoxin,,,合格,2024,1
20,2,"病原性大腸桿菌
Enteropathogenic Escherichia coli",,,合格,2024,1
20,3,安特靈 Endrin,,,合格,2024,1
20,4,地特靈 Dieldrin,,,合格,2024,1
20,5,阿特靈 Aldrin,,,合格,2024,1
20,6,飛佈達 Heptachlor,,,合格,2024,1
20,7,蟲必死 BHC,,,合格,2024,1
20,8,滴滴涕 DDT,,,合格,2024,1
21,0,丙二醇 ,,,合格,2024,1
21,1,汞 Hg,,,合格,2024,1
21,2,砷 As,,,合格,2024,1
21,3,無機砷 iAs,,,合格,2024,1
21,4,鉛 Pb,,,合格,2024,1
21,5,鎘 Cd,,,合格,2024,1
21,6,"產氣莢膜桿菌 
Clostridium perfringens",,,合格,2024,1
22,0,黃麴毒素 Aflatoxin,,,合格,2024,1
22,1,汞 Hg,,,合格,2024,1
22,2,砷 As,,,合格,2024,1
22,3,無機砷 iAs,,,合格,2024,1
22,4,鉛 Pb,,,合格,2024,1
22,5,鎘 Cd,,,合格,2024,1
22,6,沙門氏桿菌 Salmonella,,,合格,2024,1
23,0,黃麴毒素,,,合格,2024,1
23,1,亞硝酸鹽(NO2-) Nitrite,,,合格,2024,1
23,2,沙門氏桿菌,,,合格,2024,1
23,3,飛佈達 Heptachlor,,,合格,2024,1
23,4,阿特靈 Aldrin,,,合格,2024,1
23,5,地特靈 Dieldrin,,,合格,2024,1
23,6,安特靈 Endrin,,,合格,2024,1
23,7,蟲必死 BHC,,,合格,2024,1
23,8,滴滴涕 DDT,,,合格,2024,1
24,0,丁基羥基甲氧苯(BHA) ,,,合格,2024,1
24,1,二丁基羥基甲苯(BHT) ,,,合格,2024,1
24,2,衣索金 Ethoxyquin,,,合格,2024,1
24,3,黃麴毒素 Aflatoxin,,,合格,2024,1
24,4,"單核球增多性李斯特菌 
Listeria monocytogenes",,,合格,2024,1
25,0,丙二醇 ,,,合格,2024,1
25,1,汞 Hg,,,合格,2024,1
25,2,砷 As,,,合格,2024,1
25,3,無機砷 iAs,,,合格,2024,1
25,4,鉛 Pb,,,合格,2024,1
25,5,鎘 Cd,,,合格,2024,1
25,6,沙門氏桿菌 Salmonella,,,合格,2024,1
26,0,丙二醇 ,,,合格,2024,1
26,1,黃麴毒素 Aflatoxin,,,合格,2024,1
26,2,"病原性大腸桿菌 
Enteropathogenic Escherichia coli",,,合格,2024,1
26,3,地特靈 Dieldrin,,,合格,2024,1
26,4,阿特靈 Aldrin,,,合格,2024,1
26,5,安特靈 Endrin,,,合格,2024,1
26,6,飛佈達 Heptachlor,,,合格,2024,1
26,7,滴滴涕 DDT,,,合格,2024,1
26,8,蟲必死 BHC,,,合格,2024,1
27,0,黃麴毒素 Aflatoxin,,,合格,2024,1
27,1,亞硝酸鹽(NO2-) Nitrite,,,合格,2024,1
27,2,"單核球增多性李斯特菌 
Listeria monocytogenes",,,合格,2024,1
27,3,三聚氰胺 Melamine,,,合格,2024,1
28,0,黃麴毒素 Aflatoxin,,,合格,2024,1
28,1,汞 Hg,,,合格,2024,1
28,2,砷 As,,,合格,2024,1
28,3,無機砷 iAs,,,合格,2024,1
28,4,鉛 Pb,,,合格,2024,1
28,5,鎘 Cd,,,合格,2024,1
28,6,"產氣莢膜桿菌 
Clostridium perfringens",,,合格,2024,1
29,0,黃麴毒素 Aflatoxin,,,合格,2024,1
29,1,亞硝酸鹽(NO2-) Nitrite,,,合格,2024,1
29,2,沙門氏桿菌 Salmonella,,,合格,2024,1
29,3,滴滴涕 DDT,,,合格,2024,1
29,4,蟲必死 BHC,,,合格,2024,1
29,5,飛佈達 Heptachlor,,,合格,2024,1
29,6,阿特靈 Aldrin,,,合格,2024,1
29,7,地特靈 Dieldrin,,,合格,2024,1
29,8,安特靈 Endrin,,,合格,2024,1
30,0,丁基羥基甲氧苯(BHA) ,,,合格,2024,1
30,1,二丁基羥基甲苯(BHT) ,,,合格,2024,1
30,2,衣索金 Ethoxyquin,,,合格,2024,1
30,3,亞硝酸鹽(NO2-) Nitrite,,,合格,2024,1
30,4,"單核球增多性李斯特菌 
Listeria monocytogenes",,,合格,2024,1
31,0,亞硝酸鹽(NO2-) Nitrite,,,合格,2024,1
31,1,沙門氏桿菌 Salmonella,,,合格,2024,1
31,2,"病原性大腸桿菌 
Enteropathogenic Escherichia coli",,,合格,2024,1
31,3,三聚氰胺 Melamine,,,合格,2024,1
32,0,黃麴毒素 Aflatoxin,,,合格,2024,1
32,1,汞 Hg,,,合格,2024,1
32,2,砷 As,,,合格,2024,1
32,3,無機砷 iAs,,,合格,2024,1
32,4,鉛 Pb,,,合格,2024,1
32,5,鎘 Cd,,,合格,2024,1
32,6,"產氣莢膜桿菌 
Clostridium perfringens",,,合格,2024,1
33,0,丁基羥基甲氧苯(BHA) ,,,合格,2024,1
33,1,二丁基羥基甲苯(BHT) ,,,合格,2024,1
33,2,衣索金 Ethoxyquin,,,合格,2024,1
33,3,"產氣莢膜桿菌 
Clostridium perfringens",,,合格,2024,1
33,4,"單核球增多性李斯特菌 
Listeria monocytogenes",,,合格,2024,1
34,0,汞 Hg,,,合格,2024,1
34,1,砷 As,,,合格,2024,1
34,2,無機砷 iAs,,,合格,2024,1
34,3,鉛 Pb,,,合格,2024,1
34,4,鎘 Cd,,,合格,2024,1
34,5,"病原性大腸桿菌 
Enteropathogenic Escherichia coli",,,合格,2024,1
34,6,滴滴涕 DDT,,,合格,2024,1
34,7,蟲必死 BHC,,,合格,2024,1
34,8,安特靈 Endrin,,,合格,2024,1
34,9,阿特靈 Aldrin,,,合格,2024,1
34,10,地特靈 Dieldrin,,,合格,2024,1
34,11,飛佈達 Heptachlor,,,合格,2024,1
0,0,沙門氏桿菌,,,合格,2024,10
0,1,病原性大腸桿菌(致病性大腸桿菌),,,合格,2024,10
0,2,產氣莢膜桿菌,,,合格,2024,10
0,3,單核球增多性李斯特菌,,,合格,2024,10
1,0,沙門氏桿菌,,,合格,2024,10
1,1,病原性大腸桿菌(致病性大腸桿菌),,,合格,2024,10
1,2,產氣莢膜桿菌,,,合格,2024,10
1,3,單核球增多性李斯特菌,,,合格,2024,10
2,0,沙門氏桿菌,,,合格,2024,10
2,1,病原性大腸桿菌(致病性大腸桿菌),,,合格,2024,10
2,2,產氣莢膜桿菌,,,合格,2024,10
2,3,單核球增多性李斯特菌,,,合格,2024,10
3,0,沙門氏桿菌,,,合格,2024,10
3,1,病原性大腸桿菌(致病性大腸桿菌),,,合格,2024,10
3,2,產氣莢膜桿菌,,,合格,2024,10
3,3,單核球增多性李斯特菌,,,合格,2024,10
4,0,沙門氏桿菌,,,合格,2024,10
4,1,病原性大腸桿菌(致病性大腸桿菌),,,合格,2024,10
4,2,產氣莢膜桿菌,,,合格,2024,10
4,3,單核球增多性李斯特菌,,,合格,2024,10
5,0,沙門氏桿菌,,,合格,2024,10
5,1,病原性大腸桿菌(致病性大腸桿菌),,,合格,2024,10
5,2,產氣莢膜桿菌,,,合格,2024,10
5,3,單核球增多性李斯特菌,,,合格,2024,10
6,0,沙門氏桿菌,,,合格,2024,10
6,1,病原性大腸桿菌(致病性大腸桿菌),,,合格,2024,10
6,2,產氣莢膜桿菌,,,合格,2024,10
6,3,單核球增多性李斯特菌,,,合格,2024,10
7,0,沙門氏桿菌,,,合格,2024,10
7,1,病原性大腸桿菌(致病性大腸桿菌),,,合格,2024,10
7,2,產氣莢膜桿菌,,,合格,2024,10
7,3,單核球增多性李斯特菌,,,合格,2024,10
8,0,沙門氏桿菌,,,合格,2024,10
8,1,病原性大腸桿菌(致病性大腸桿菌),,,合格,2024,10
8,2,產氣莢膜桿菌,,,合格,2024,10
8,3,單核球增多性李斯特菌,,,合格,2024,10
9,0,沙門氏桿菌,,,合格,2024,10
9,1,病原性大腸桿菌(致病性大腸桿菌),,,合格,2024,10
9,2,產氣莢膜桿菌,,,合格,2024,10
9,3,單核球增多性李斯特菌,,,合格,2024,10
10,0,沙門氏桿菌,,,不合格,2024,10
10,1,病原性大腸桿菌(致病性大腸桿菌),,,合格,2024,10
10,2,產氣莢膜桿菌,,,合格,2024,10
10,3,單核球增多性李斯特菌,,,合格,2024,10
11,0,沙門氏桿菌,,,合格,2024,10
11,1,病原性大腸桿菌(致病性大腸桿菌),,,合格,2024,10
11,2,產氣莢膜桿菌,,,合格,2024,10
11,3,單核球增多性李斯特菌,,,合格,2024,10
12,0,沙門氏桿菌,,,合格,2024,10
12,1,病原性大腸桿菌(致病性大腸桿菌),,,合格,2024,10
12,2,產氣莢膜桿菌,,,合格,2024,10
12,3,單核球增多性李斯特菌,,,合格,2024,10
13,0,沙門氏桿菌,,,合格,2024,10
13,1,病原性大腸桿菌(致病性大腸桿菌),,,合格,2024,10
13,2,產氣莢膜桿菌,,,合格,2024,10
13,3,單核球增多性李斯特菌,,,合格,2024,10
14,0,沙門氏桿菌,,,合格,2024,10
14,1,病原性大腸桿菌(致病性大腸桿菌),,,合格,2024,10
14,2,產氣莢膜桿菌,,,合格,2024,10
14,3,單核球增多性李斯特菌,,,合格,2024,10
15,0,沙門氏桿菌,,,不合格,2024,10
15,1,病原性大腸桿菌(致病性大腸桿菌),,,合格,2024,10
15,2,產氣莢膜桿菌,,,合格,2024,10
15,3,單核球增多性李斯特菌,,,合格,2024,10
16,0,沙門氏桿菌,,,合格,2024,10
16,1,病原性大腸桿菌(致病性大腸桿菌),,,合格,2024,10
16,2,產氣莢膜桿菌,,,合格,2024,10
16,3,單核球增多性李斯特菌,,,合格,2024,10
17,0,沙門氏桿菌,,,合格,2024,10
17,1,病原性大腸桿菌(致病性大腸桿菌),,,合格,2024,10
17,2,產氣莢膜桿菌,,,合格,2024,10
17,3,單核球增多性李斯特菌,,,合格,2024,10
18,0,沙門氏桿菌,,,合格,2024,10
18,1,病原性大腸桿菌(致病性大腸桿菌),,,合格,2024,10
18,2,產氣莢膜桿菌,,,合格,2024,10
18,3,單核球增多性李斯特菌,,,合格,2024,10
19,0,沙門氏桿菌,,,合格,2024,10
19,1,病原性大腸桿菌(致病性大腸桿菌),,,合格,2024,10
19,2,產氣莢膜桿菌,,,合格,2024,10
19,3,單核球增多性李斯特菌,,,合格,2024,10
20,0,沙門氏桿菌,,,合格,2024,10
20,1,病原性大腸桿菌(致病性大腸桿菌),,,合格,2024,10
20,2,產氣莢膜桿菌,,,合格,2024,10
20,3,單核球增多性李斯特菌,,,合格,2024,10
21,0,沙門氏桿菌,,,合格,2024,10
21,1,病原性大腸桿菌(致病性大腸桿菌),,,合格,2024,10
21,2,產氣莢膜桿菌,,,合格,2024,10
21,3,單核球增多性李斯特菌,,,合格,2024,10
22,0,沙門氏桿菌,,,合格,2024,10
22,1,病原性大腸桿菌(致病性大腸桿菌),,,合格,2024,10
22,2,產氣莢膜桿菌,,,合格,2024,10
22,3,單核球增多性李斯特菌,,,合格,2024,10
23,0,沙門氏桿菌,,,合格,2024,10
23,1,病原性大腸桿菌(致病性大腸桿菌),,,合格,2024,10
23,2,產氣莢膜桿菌,,,合格,2024,10
23,3,單核球增多性李斯特菌,,,合格,2024,10
24,0,沙門氏桿菌,,,合格,2024,10
24,1,病原性大腸桿菌(致病性大腸桿菌),,,合格,2024,10
24,2,產氣莢膜桿菌,,,合格,2024,10
24,3,單核球增多性李斯特菌,,,合格,2024,10
25,0,沙門氏桿菌,,,合格,2024,10
25,1,病原性大腸桿菌(致病性大腸桿菌),,,合格,2024,10
25,2,產氣莢膜桿菌,,,合格,2024,10
25,3,單核球增多性李斯特菌,,,合格,2024,10
26,0,沙門氏桿菌,,,合格,2024,10
26,1,病原性大腸桿菌(致病性大腸桿菌),,,合格,2024,10
26,2,產氣莢膜桿菌,,,合格,2024,10
26,3,單核球增多性李斯特菌,,,合格,2024,10
27,0,沙門氏桿菌,,,不合格,2024,10
27,1,病原性大腸桿菌(致病性大腸桿菌),,,合格,2024,10
27,2,產氣莢膜桿菌,,,合格,2024,10
27,3,單核球增多性李斯特菌,,,合格,2024,10
28,0,沙門氏桿菌,,,合格,2024,10
28,1,病原性大腸桿菌(致病性大腸桿菌),,,不合格,2024,10
28,2,產氣莢膜桿菌,,,合格,2024,10
28,3,單核球增多性李斯特菌,,,合格,2024,10
29,0,沙門氏桿菌,,,不合格,2024,10
29,1,病原性大腸桿菌(致病性大腸桿菌),,,合格,2024,10
29,2,產氣莢膜桿菌,,,合格,2024,10
29,3,單核球增多性李斯特菌,,,合格,2024,10
30,0,沙門氏桿菌,,,不合格,2024,10
30,1,病原性大腸桿菌(致病性大腸桿菌),,,不合格,2024,10
30,2,產氣莢膜桿菌,,,合格,2024,10
30,3,單核球增多性李斯特菌,,,合格,2024,10
31,0,丁基羥基甲氧苯(BHA),,,合格,2024,10
31,1,二丁基羥基甲苯(BHT),,,合格,2024,10
31,2,丙二醇,,,合格,2024,10
31,3,衣索金,,,合格,2024,10
31,4,黃麴毒素,,,合格,2024,10
31,5,汞,,,合格,2024,10
31,6,砷,,,合格,2024,10
31,7,無機砷,,,合格,2024,10
31,8,鉛,,,合格,2024,10
31,9,鎘,,,合格,2024,10
31,10,亞硝酸鹽(NO2-),,,合格,2024,10
31,11,沙門氏桿菌,,,合格,2024,10
31,12,病原性大腸桿菌(致病性大腸桿菌),,,合格,2024,10
31,13,產氣莢膜桿菌,,,合格,2024,10
31,14,單核球增多性李斯特菌,,,合格,2024,10
31,15,蟲必死 BHC,,,合格,2024,10
31,16,滴滴涕 DDT,,,合格,2024,10
31,17,地特靈 Dieldrin,,,合格,2024,10
31,18,安特靈 Endrin,,,合格,2024,10
31,19,飛佈達 Heptachlor,,,合格,2024,10
31,20,阿特靈 Aldrin,,,合格,2024,10
31,21,三聚氰胺 Melamine,,,合格,2024,10
0,0,丁基羥基甲氧苯(BHA),,,合格,2024,11
0,1,二丁基羥基甲苯(BHT),,,合格,2024,11
0,2,衣索金,,,合格,2024,11
0,3,黃麴毒素,,,合格,2024,11
0,4,病原性大腸桿菌(致病性大腸桿菌),,,合格,2024,11
0,5,產氣莢膜桿菌,,,合格,2024,11
1,0,汞,,,合格,2024,11
1,1,砷(換算水分12%之砷含量),,,合格,2024,11
1,2,無機砷,,,合格,2024,11
1,3,鉛,,,合格,2024,11
1,4,鎘,,,合格,2024,11
1,5,產氣莢膜桿菌,,,合格,2024,11
1,6,單核球增多性李斯特菌,,,合格,2024,11
2,0,亞硝酸鹽(NO2-),,,合格,2024,11
2,1,沙門氏桿菌,,,合格,2024,11
2,2,單核球增多性李斯特菌,,,合格,2024,11
2,3,飛佈達,,,合格,2024,11
2,4,阿特靈 ,,,合格,2024,11
2,5,地特靈,,,合格,2024,11
2,6,安特靈 ,,,合格,2024,11
2,7,蟲必死,,,合格,2024,11
2,8,滴滴涕,,,合格,2024,11
3,0,丁基羥基甲氧苯(BHA),,,合格,2024,11
3,1,二丁基羥基甲苯(BHT),,,合格,2024,11
3,2,衣索金,,,合格,2024,11
3,3,沙門氏桿菌,,,合格,2024,11
3,4,病原性大腸桿菌(致病性大腸桿菌),,,合格,2024,11
4,0,黃麴毒素,,,合格,2024,11
4,1,亞硝酸鹽(NO2-),,,合格,2024,11
4,2,沙門氏桿菌,,,合格,2024,11
4,3,產氣莢膜桿菌,,,合格,2024,11
5,0,黃麴毒素,,,合格,2024,11
5,1,汞,,,合格,2024,11
5,2,砷(換算水分12%之砷含量),,,合格,2024,11
5,3,鉛,,,合格,2024,11
5,4,鎘,,,合格,2024,11
5,5,沙門氏桿菌,,,合格,2024,11
5,6,單核球增多性李斯特菌,,,合格,2024,11
5,7,飛佈達,,,合格,2024,11
5,8,阿特靈 ,,,合格,2024,11
5,9,地特靈,,,合格,2024,11
5,10,安特靈 ,,,合格,2024,11
5,11,蟲必死,,,合格,2024,11
5,12,滴滴涕,,,合格,2024,11
5,13,三聚氰胺,,,合格,2024,11
6,0,黃麴毒素,,,合格,2024,11
6,1,汞,,,合格,2024,11
6,2,砷(換算水分12%之砷含量),,,合格,2024,11
6,3,無機砷,,,合格,2024,11
6,4,鉛,,,合格,2024,11
6,5,鎘,,,合格,2024,11
6,6,產氣莢膜桿菌,,,合格,2024,11
6,7,單核球增多性李斯特菌,,,合格,2024,11
6,8,三聚氰胺,,,合格,2024,11
7,0,黃麴毒素,,,合格,2024,11
7,1,汞,,,合格,2024,11
7,2,砷(換算水分12%之砷含量),,,合格,2024,11
7,3,鉛,,,合格,2024,11
7,4,鎘,,,合格,2024,11
7,5,病原性大腸桿菌(致病性大腸桿菌),,,合格,2024,11
7,6,單核球增多性李斯特菌,,,合格,2024,11
7,7,飛佈達,,,合格,2024,11
7,8,阿特靈 ,,,合格,2024,11
7,9,地特靈,,,合格,2024,11
7,10,安特靈 ,,,合格,2024,11
7,11,蟲必死,,,合格,2024,11
7,12,滴滴涕,,,合格,2024,11
7,13,三聚氰胺,,,合格,2024,11
8,0,黃麴毒素,,,合格,2024,11
8,1,產氣莢膜桿菌,,,合格,2024,11
8,2,單核球增多性李斯特菌,,,合格,2024,11
8,3,三聚氰胺,,,合格,2024,11
9,0,黃麴毒素,,,合格,2024,11
9,1,汞,,,合格,2024,11
9,2,砷(換算水分12%之砷含量),,,合格,2024,11
9,3,鉛,,,合格,2024,11
9,4,鎘,,,合格,2024,11
9,5,沙門氏桿菌,,,合格,2024,11
9,6,單核球增多性李斯特菌,,,合格,2024,11
9,7,飛佈達,,,合格,2024,11
9,8,阿特靈 ,,,合格,2024,11
9,9,地特靈,,,合格,2024,11
9,10,安特靈 ,,,合格,2024,11
9,11,蟲必死,,,合格,2024,11
9,12,滴滴涕,,,合格,2024,11
9,13,三聚氰胺,,,合格,2024,11
10,0,黃麴毒素,,,合格,2024,11
10,1,汞,,,合格,2024,11
10,2,砷(換算水分12%之砷含量),,,合格,2024,11
10,3,無機砷,,,合格,2024,11
10,4,鉛,,,合格,2024,11
10,5,鎘,,,合格,2024,11
10,6,產氣莢膜桿菌,,,合格,2024,11
10,7,單核球增多性李斯特菌,,,合格,2024,11
10,8,飛佈達,,,合格,2024,11
10,9,阿特靈 ,,,合格,2024,11
10,10,地特靈,,,合格,2024,11
10,11,安特靈 ,,,合格,2024,11
10,12,蟲必死,,,合格,2024,11
10,13,滴滴涕,,,合格,2024,11
10,14,三聚氰胺,,,合格,2024,11
11,0,丁基羥基甲氧苯(BHA),,,合格,2024,11
11,1,二丁基羥基甲苯(BHT),,,合格,2024,11
11,2,衣索金,,,合格,2024,11
11,3,黃麴毒素,,,合格,2024,11
11,4,亞硝酸鹽(NO2-),,,合格,2024,11
11,5,病原性大腸桿菌(致病性大腸桿菌),,,合格,2024,11
11,6,單核球增多性李斯特菌,,,合格,2024,11
11,7,三聚氰胺,,,合格,2024,11
12,0,黃麴毒素,,,合格,2024,11
12,1,汞,,,合格,2024,11
12,2,砷(換算水分12%之砷含量),,,合格,2024,11
12,3,無機砷,,,合格,2024,11
12,4,鉛,,,合格,2024,11
12,5,鎘,,,合格,2024,11
12,6,產氣莢膜桿菌,,,合格,2024,11
12,7,單核球增多性李斯特菌,,,合格,2024,11
12,8,三聚氰胺,,,合格,2024,11
13,0,丁基羥基甲氧苯(BHA),,,合格,2024,11
13,1,二丁基羥基甲苯(BHT),,,合格,2024,11
13,2,衣索金,,,合格,2024,11
13,3,黃麴毒素,,,合格,2024,11
13,4,沙門氏桿菌,,,合格,2024,11
13,5,單核球增多性李斯特菌,,,合格,2024,11
13,6,三聚氰胺,,,合格,2024,11
14,0,黃麴毒素,,,合格,2024,11
14,1,汞,,,合格,2024,11
14,2,砷(換算水分12%之砷含量),,,合格,2024,11
14,3,無機砷,,,合格,2024,11
14,4,鉛,,,合格,2024,11
14,5,鎘,,,合格,2024,11
14,6,產氣莢膜桿菌,,,合格,2024,11
14,7,單核球增多性李斯特菌,,,合格,2024,11
14,8,三聚氰胺,,,合格,2024,11
15,0,亞硝酸鹽(NO2-),,,合格,2024,11
15,1,病原性大腸桿菌(致病性大腸桿菌),,,合格,2024,11
15,2,飛佈達,,,合格,2024,11
15,3,阿特靈 ,,,合格,2024,11
15,4,地特靈,,,合格,2024,11
15,5,安特靈 ,,,合格,2024,11
15,6,蟲必死,,,合格,2024,11
15,7,滴滴涕,,,合格,2024,11
16,0,丙二醇,,,合格,2024,11
16,1,汞,,,合格,2024,11
16,2,砷(換算水分12%之砷含量),,,合格,2024,11
16,3,無機砷,,,合格,2024,11
16,4,鉛,,,合格,2024,11
16,5,鎘,,,合格,2024,11
16,6,產氣莢膜桿菌,,,合格,2024,11
17,0,丙二醇,,,合格,2024,11
17,1,汞,,,合格,2024,11
17,2,砷(換算水分12%之砷含量),,,合格,2024,11
17,3,鉛,,,合格,2024,11
17,4,鎘,,,合格,2024,11
17,5,沙門氏桿菌,,,合格,2024,11
17,6,飛佈達,,,合格,2024,11
17,7,阿特靈 ,,,合格,2024,11
17,8,地特靈,,,合格,2024,11
17,9,安特靈 ,,,合格,2024,11
17,10,蟲必死,,,合格,2024,11
17,11,滴滴涕,,,合格,2024,11
18,0,丙二醇,,,合格,2024,11
18,1,汞,,,合格,2024,11
18,2,砷,,,合格,2024,11
18,3,無機砷,,,合格,2024,11
18,4,鉛,,,合格,2024,11
18,5,鎘,,,合格,2024,11
18,6,病原性大腸桿菌(致病性大腸桿菌),,,合格,2024,11
18,7,產氣莢膜桿菌,,,合格,2024,11
19,0,丁基羥基甲氧苯(BHA),,,合格,2024,11
19,1,二丁基羥基甲苯(BHT),,,合格,2024,11
19,2,衣索金,,,合格,2024,11
19,3,黃麴毒素,,,合格,2024,11
19,4,亞硝酸鹽(NO2-),,,合格,2024,11
19,5,沙門氏桿菌,,,合格,2024,11
19,6,飛佈達,,,合格,2024,11
19,7,阿特靈 ,,,合格,2024,11
19,8,地特靈,,,合格,2024,11
19,9,安特靈 ,,,合格,2024,11
19,10,蟲必死,,,合格,2024,11
19,11,滴滴涕,,,合格,2024,11
20,0,丁基羥基甲氧苯(BHA),,,合格,2024,11
20,1,二丁基羥基甲苯(BHT),,,合格,2024,11
20,2,衣索金,,,合格,2024,11
20,3,病原性大腸桿菌(致病性大腸桿菌),,,合格,2024,11
21,0,亞硝酸鹽(NO2-),,,合格,2024,11
21,1,產氣莢膜桿菌,,,合格,2024,11
22,0,汞,,,合格,2024,11
22,1,砷,,,合格,2024,11
22,2,無機砷,,,合格,2024,11
22,3,鉛,,,合格,2024,11
22,4,鎘,,,合格,2024,11
23,0,汞,,,合格,2024,11
23,1,砷(換算水分12%之砷含量),,,合格,2024,11
23,2,鉛,,,合格,2024,11
23,3,鎘,,,合格,2024,11
23,4,病原性大腸桿菌(致病性大腸桿菌),,,合格,2024,11
24,0,黃麴毒素,,,合格,2024,11
24,1,沙門氏桿菌,,,合格,2024,11
25,0,汞,,,合格,2024,11
25,1,砷(換算水分12%之砷含量),,,合格,2024,11
25,2,無機砷,,,合格,2024,11
25,3,鉛,,,合格,2024,11
25,4,鎘,,,合格,2024,11
25,5,三聚氰胺,,,合格,2024,11
26,0,黃麴毒素,,,合格,2024,11
26,1,飛佈達,,,合格,2024,11
26,2,阿特靈 ,,,合格,2024,11
26,3,地特靈,,,合格,2024,11
26,4,安特靈 ,,,合格,2024,11
26,5,蟲必死,,,合格,2024,11
26,6,滴滴涕,,,合格,2024,11
26,7,三聚氰胺,,,合格,2024,11
27,0,汞,,,合格,2024,11
27,1,砷(換算水分12%之砷含量),,,合格,2024,11
27,2,無機砷,,,合格,2024,11
27,3,鉛,,,合格,2024,11
27,4,鎘,,,合格,2024,11
27,5,三聚氰胺,,,合格,2024,11
28,0,汞,,,合格,2024,11
28,1,砷(換算水分12%之砷含量),,,合格,2024,11
28,2,無機砷,,,合格,2024,11
28,3,鉛,,,合格,2024,11
28,4,鎘,,,合格,2024,11
28,5,飛佈達,,,合格,2024,11
28,6,阿特靈 ,,,合格,2024,11
28,7,地特靈,,,合格,2024,11
28,8,安特靈 ,,,合格,2024,11
28,9,蟲必死,,,合格,2024,11
28,10,滴滴涕,,,合格,2024,11
29,0,汞,,,合格,2024,11
29,1,砷(換算水分12%之砷含量),,,合格,2024,11
29,2,無機砷(換算水分12%之砷含量),,,合格,2024,11
29,3,鉛,,,合格,2024,11
29,4,鎘,,,合格,2024,11
29,5,三聚氰胺,,,合格,2024,11
30,0,丁基羥基甲氧苯(BHA),,,合格,2024,11
30,1,二丁基羥基甲苯(BHT),,,合格,2024,11
30,2,衣索金,,,合格,2024,11
30,3,汞,,,合格,2024,11
30,4,砷(換算水分12%之砷含量),,,合格,2024,11
30,5,無機砷,,,合格,2024,11
30,6,鉛,,,合格,2024,11
30,7,鎘,,,合格,2024,11
31,0,丙二醇,,,合格,2024,11
31,1,汞,,,合格,2024,11
31,2,砷(換算水分12%之砷含量),,,合格,2024,11
31,3,鉛,,,合格,2024,11
31,4,鎘,,,合格,2024,11
31,5,病原性大腸桿菌(致病性大腸桿菌),,,合格,2024,11
32,0,亞硝酸鹽(NO2-),,,合格,2024,11
32,1,產氣莢膜桿菌,,,合格,2024,11
32,2,三聚氰胺,,,合格,2024,11
33,0,汞,,,合格,2024,11
33,1,砷(換算水分12%之砷含量),,,合格,2024,11
33,2,無機砷,,,合格,2024,11
33,3,鉛,,,合格,2024,11
33,4,鎘,,,合格,2024,11
33,5,病原性大腸桿菌(致病性大腸桿菌),,,合格,2024,11
34,0,丁基羥基甲氧苯(BHA),,,合格,2024,11
34,1,二丁基羥基甲苯(BHT),,,合格,2024,11
34,2,衣索金,,,合格,2024,11
34,3,汞,,,合格,2024,11
34,4,砷(換算水分12%之砷含量),,,合格,2024,11
34,5,鉛,,,合格,2024,11
34,6,鎘,,,合格,2024,11
34,7,亞硝酸鹽(NO2-),,,合格,2024,11
35,0,丁基羥基甲氧苯(BHA),,,合格,2024,11
35,1,二丁基羥基甲苯(BHT),,,合格,2024,11
35,2,衣索金,,,合格,2024,11
35,3,黃麴毒素,,,合格,2024,11
35,4,汞,,,合格,2024,11
35,5,砷(換算水分12%之砷含量),,,合格,2024,11
35,6,鉛,,,合格,2024,11
35,7,鎘,,,合格,2024,11
36,0,無機砷,,,合格,2024,11
36,1,病原性大腸桿菌(致病性大腸桿菌),,,合格,2024,11
36,2,三聚氰胺,,,合格,2024,11
37,0,丁基羥基甲氧苯(BHA),,,合格,2024,11
37,1,二丁基羥基甲苯(BHT),,,合格,2024,11
37,2,衣索金,,,合格,2024,11
37,3,沙門氏桿菌,,,合格,2024,11
38,0,丁基羥基甲氧苯(BHA),,,合格,2024,11
38,1,二丁基羥基甲苯(BHT),,,合格,2024,11
38,2,衣索金,,,合格,2024,11
38,3,三聚氰胺,,,合格,2024,11
39,0,汞,,,合格,2024,11
39,1,砷(換算水分12%之砷含量),,,合格,2024,11
39,2,鉛,,,合格,2024,11
39,3,鎘,,,合格,2024,11
39,4,產氣莢膜桿菌,,,合格,2024,11
39,5,三聚氰胺,,,合格,2024,11
40,0,汞,,,合格,2024,11
40,1,砷(換算水分12%之砷含量),,,合格,2024,11
40,2,無機砷,,,合格,2024,11
40,3,鉛,,,合格,2024,11
40,4,鎘,,,合格,2024,11
40,5,沙門氏桿菌,,,合格,2024,11
40,6,單核球增多性李斯特菌,,,合格,2024,11
41,0,汞,,,合格,2024,11
41,1,砷(換算水分12%之砷含量),,,合格,2024,11
41,2,無機砷,,,合格,2024,11
41,3,鉛,,,合格,2024,11
41,4,鎘,,,合格,2024,11
41,5,病原性大腸桿菌(致病性大腸桿菌),,,合格,2024,11
41,6,產氣莢膜桿菌,,,合格,2024,11
42,0,丁基羥基甲氧苯(BHA),,,合格,2024,11
42,1,二丁基羥基甲苯(BHT),,,合格,2024,11
42,2,衣索金,,,合格,2024,11
42,3,沙門氏桿菌,,,合格,2024,11
42,4,單核球增多性李斯特菌,,,合格,2024,11
43,0,汞,,,合格,2024,11
43,1,砷(換算水分12%之砷含量),,,合格,2024,11
43,2,無機砷,,,合格,2024,11
43,3,鉛,,,合格,2024,11
43,4,鎘,,,合格,2024,11
43,5,沙門氏桿菌,,,合格,2024,11
43,6,產氣莢膜桿菌,,,合格,2024,11
44,0,汞,,,合格,2024,11
44,1,砷(換算水分12%之砷含量),,,合格,2024,11
44,2,鉛,,,合格,2024,11
44,3,鎘,,,合格,2024,11
44,4,產氣莢膜桿菌,,,合格,2024,11
44,5,單核球增多性李斯特菌,,,合格,2024,11
44,6,飛佈達 ,,,合格,2024,11
44,7,阿特靈,,,合格,2024,11
44,8,地特靈,,,合格,2024,11
44,9,安特靈,,,合格,2024,11
44,10,蟲必死,,,合格,2024,11
44,11,滴滴涕,,,合格,2024,11
45,0,黃麴毒素,,,合格,2024,11
45,1,亞硝酸鹽(NO2-),,,合格,2024,11
45,2,沙門氏桿菌,,,合格,2024,11
45,3,病原性大腸桿菌(致病性大腸桿菌),,,合格,2024,11
46,0,汞,,,合格,2024,11
46,1,砷(換算水分12%之砷含量),,,合格,2024,11
46,2,鉛,,,合格,2024,11
46,3,鎘,,,合格,2024,11
46,4,亞硝酸鹽(NO2-),,,合格,2024,11
46,5,病原性大腸桿菌(致病性大腸桿菌),,,合格,2024,11
46,6,產氣莢膜桿菌,,,合格,2024,11
47,0,丁基羥基甲氧苯(BHA),,,合格,2024,11
47,1,二丁基羥基甲苯(BHT),,,合格,2024,11
47,2,衣索金,,,合格,2024,11
47,3,沙門氏桿菌,,,合格,2024,11
47,4,單核球增多性李斯特菌,,,合格,2024,11
48,0,無機砷,,,合格,2024,11
48,1,病原性大腸桿菌(致病性大腸桿菌),,,合格,2024,11
48,2,單核球增多性李斯特菌,,,合格,2024,11
48,3,飛佈達 ,,,合格,2024,11
48,4,阿特靈,,,合格,2024,11
48,5,地特靈,,,合格,2024,11
48,6,安特靈,,,合格,2024,11
48,7,蟲必死,,,合格,2024,11
48,8,滴滴涕,,,合格,2024,11
49,0,汞,,,合格,2024,11
49,1,砷(換算水分12%之砷含量),,,合格,2024,11
49,2,鉛,,,合格,2024,11
49,3,鎘,,,合格,2024,11
49,4,沙門氏桿菌,,,合格,2024,11
49,5,產氣莢膜桿菌,,,合格,2024,11
49,6,單核球增多性李斯特菌,,,合格,2024,11
50,0,丙二醇,,,合格,2024,11
50,1,沙門氏桿菌,,,合格,2024,11
50,2,單核球增多性李斯特菌,,,合格,2024,11
50,3,三聚氰胺,,,合格,2024,11
51,0,黃麴毒素,,,合格,2024,11
51,1,沙門氏桿菌,,,合格,2024,11
51,2,病原性大腸桿菌(致病性大腸桿菌),,,合格,2024,11
51,3,飛佈達 ,,,合格,2024,11
51,4,阿特靈,,,合格,2024,11
51,5,地特靈,,,合格,2024,11
51,6,安特靈,,,合格,2024,11
51,7,蟲必死,,,合格,2024,11
51,8,滴滴涕,,,合格,2024,11
52,0,亞硝酸鹽(NO2-),,,合格,2024,11
52,1,病原性大腸桿菌(致病性大腸桿菌),,,合格,2024,11
52,2,產氣莢膜桿菌,,,合格,2024,11
52,3,飛佈達 ,,,合格,2024,11
52,4,阿特靈,,,合格,2024,11
52,5,地特靈,,,合格,2024,11
52,6,安特靈,,,合格,2024,11
52,7,蟲必死,,,合格,2024,11
52,8,滴滴涕,,,合格,2024,11
53,0,亞硝酸鹽(NO2-),,,合格,2024,11
53,1,沙門氏桿菌,,,合格,2024,11
53,2,單核球增多性李斯特菌,,,合格,2024,11
53,3,飛佈達 ,,,合格,2024,11
53,4,阿特靈,,,合格,2024,11
53,5,地特靈,,,合格,2024,11
53,6,安特靈,,,合格,2024,11
53,7,蟲必死,,,合格,2024,11
53,8,滴滴涕,,,合格,2024,11
54,0,無機砷(換算水分12%之砷含量),,,合格,2024,11
54,1,病原性大腸桿菌(致病性大腸桿菌),,,合格,2024,11
54,2,產氣莢膜桿菌,,,合格,2024,11
54,3,飛佈達 ,,,合格,2024,11
54,4,阿特靈,,,合格,2024,11
54,5,地特靈,,,合格,2024,11
54,6,安特靈,,,合格,2024,11
54,7,蟲必死,,,合格,2024,11
54,8,滴滴涕,,,合格,2024,11
55,0,丁基羥基甲氧苯(BHA),,,合格,2024,11
55,1,二丁基羥基甲苯(BHT),,,合格,2024,11
55,2,衣索金,,,合格,2024,11
55,3,汞,,,合格,2024,11
55,4,砷,,,合格,2024,11
55,5,鉛,,,合格,2024,11
55,6,鎘,,,合格,2024,11
56,0,丁基羥基甲氧苯(BHA),,,合格,2024,11
56,1,二丁基羥基甲苯(BHT),,,合格,2024,11
56,2,衣索金,,,合格,2024,11
56,3,病原性大腸桿菌(致病性大腸桿菌),,,合格,2024,11
56,4,單核球增多性李斯特菌,,,合格,2024,11
57,0,黃麴毒素,,,合格,2024,11
57,1,沙門氏桿菌,,,合格,2024,11
57,2,產氣莢膜桿菌,,,合格,2024,11
57,3,飛佈達 ,,,合格,2024,11
57,4,阿特靈,,,合格,2024,11
57,5,地特靈,,,合格,2024,11
57,6,安特靈,,,合格,2024,11
57,7,蟲必死,,,合格,2024,11
57,8,滴滴涕,,,合格,2024,11
58,0,丙二醇,,,合格,2024,11
58,1,亞硝酸鹽(NO2-),,,合格,2024,11
58,2,單核球增多性李斯特菌,,,合格,2024,11
58,3,飛佈達 ,,,合格,2024,11
58,4,阿特靈,,,合格,2024,11
58,5,地特靈,,,合格,2024,11
58,6,安特靈,,,合格,2024,11
58,7,蟲必死,,,合格,2024,11
58,8,滴滴涕,,,合格,2024,11
59,0,汞,,,合格,2024,11
59,1,砷,,,合格,2024,11
59,2,鉛,,,合格,2024,11
59,3,鎘,,,合格,2024,11
59,4,亞硝酸鹽(NO2-),,,合格,2024,11
59,5,產氣莢膜桿菌,,,合格,2024,11
60,0,丁基羥基甲氧苯(BHA),,,合格,2024,11
60,1,二丁基羥基甲苯(BHT),,,合格,2024,11
60,2,衣索金,,,合格,2024,11
60,3,黃麴毒素,,,合格,2024,11
60,4,汞,,,合格,2024,11
60,5,砷(換算水分12%之砷含量),,,合格,2024,11
60,6,鉛,,,合格,2024,11
60,7,鎘,,,合格,2024,11
60,8,亞硝酸鹽(NO2-),,,合格,2024,11
60,9,沙門氏桿菌,,,合格,2024,11
60,10,病原性大腸桿菌(致病性大腸桿菌),,,合格,2024,11
60,11,產氣莢膜桿菌,,,合格,2024,11
60,12,單核球增多性李斯特菌,,,合格,2024,11
60,13,三聚氰胺,,,合格,2024,11
61,0,丁基羥基甲氧苯(BHA),,,合格,2024,11
61,1,二丁基羥基甲苯(BHT),,,合格,2024,11
61,2,衣索金,,,合格,2024,11
61,3,汞,,,合格,2024,11
61,4,砷,,,合格,2024,11
61,5,鉛,,,合格,2024,11
61,6,鎘,,,合格,2024,11
61,7,亞硝酸鹽(NO2-),,,合格,2024,11
61,8,沙門氏桿菌,,,合格,2024,11
61,9,病原性大腸桿菌(致病性大腸桿菌),,,合格,2024,11
61,10,產氣莢膜桿菌,,,合格,2024,11
61,11,單核球增多性李斯特菌,,,合格,2024,11
62,0,丁基羥基甲氧苯(BHA),,,合格,2024,11
62,1,二丁基羥基甲苯(BHT),,,合格,2024,11
62,2,衣索金,,,合格,2024,11
62,3,汞,,,合格,2024,11
62,4,砷,,,合格,2024,11
62,5,鉛,,,合格,2024,11
62,6,鎘,,,合格,2024,11
62,7,亞硝酸鹽(NO2-),,,合格,2024,11
62,8,沙門氏桿菌,,,合格,2024,11
62,9,病原性大腸桿菌(致病性大腸桿菌),,,合格,2024,11
62,10,產氣莢膜桿菌,,,合格,2024,11
62,11,單核球增多性李斯特菌,,,合格,2024,11
63,0,丁基羥基甲氧苯(BHA),,,合格,2024,11
63,1,二丁基羥基甲苯(BHT),,,合格,2024,11
63,2,衣索金,,,合格,2024,11
63,3,黃麴毒素,,,合格,2024,11
63,4,汞,,,合格,2024,11
63,5,砷(換算水分12%之砷含量),,,合格,2024,11
63,6,鉛,,,合格,2024,11
63,7,鎘,,,合格,2024,11
63,8,亞硝酸鹽(NO2-),,,合格,2024,11
63,9,沙門氏桿菌,,,合格,2024,11
63,10,病原性大腸桿菌(致病性大腸桿菌),,,合格,2024,11
63,11,產氣莢膜桿菌,,,合格,2024,11
63,12,單核球增多性李斯特菌,,,合格,2024,11
63,13,三聚氰胺,,,合格,2024,11
64,0,丁基羥基甲氧苯(BHA),,,合格,2024,11
64,1,二丁基羥基甲苯(BHT),,,合格,2024,11
64,2,衣索金,,,合格,2024,11
64,3,黃麴毒素,,,合格,2024,11
64,4,病原性大腸桿菌(致病性大腸桿菌),,,合格,2024,11
64,5,單核球增多性李斯特菌,,,合格,2024,11
64,6,三聚氰胺,,,合格,2024,11
65,0,亞硝酸鹽(NO2-),,,合格,2024,11
65,1,沙門氏桿菌,,,合格,2024,11
66,0,丁基羥基甲氧苯(BHA),,,合格,2024,11
66,1,二丁基羥基甲苯(BHT),,,合格,2024,11
66,2,衣索金,,,合格,2024,11
67,0,黃麴毒素,,,合格,2024,11
67,1,汞,,,合格,2024,11
67,2,砷(換算水分12%之砷含量),,,合格,2024,11
67,3,鉛,,,合格,2024,11
67,4,鎘,,,合格,2024,11
68,0,黃麴毒素,,,合格,2024,11
68,1,無機砷(換算水分12%之砷含量),,,合格,2024,11
69,0,黃麴毒素,,,合格,2024,11
70,0,黃麴毒素,,,合格,2024,11
71,0,黃麴毒素,,,合格,2024,11
71,1,飛佈達 ,,,合格,2024,11
71,2,阿特靈,,,合格,2024,11
71,3,地特靈,,,合格,2024,11
71,4,安特靈,,,合格,2024,11
71,5,蟲必死,,,合格,2024,11
71,6,滴滴涕,,,合格,2024,11
72,0,丁基羥基甲氧苯(BHA),,,合格,2024,11
72,1,二丁基羥基甲苯(BHT),,,合格,2024,11
72,2,丙二醇,,,合格,2024,11
72,3,衣索金,,,合格,2024,11
72,4,黃麴毒素,,,合格,2024,11
72,5,汞,,,合格,2024,11
72,6,砷(換算水分12%之砷含量),,,合格,2024,11
72,7,無機砷(換算水分12%之砷含量),,,合格,2024,11
72,8,鉛,,,合格,2024,11
72,9,鎘,,,合格,2024,11
72,10,亞硝酸鹽(NO2-),,,合格,2024,11
72,11,沙門氏桿菌,,,合格,2024,11
72,12,病原性大腸桿菌(致病性大腸桿菌),,,合格,2024,11
72,13,產氣莢膜桿菌,,,合格,2024,11
72,14,單核球增多性李斯特菌,,,合格,2024,11
72,15,飛佈達 ,,,合格,2024,11
72,16,阿特靈,,,合格,2024,11
72,17,地特靈,,,合格,2024,11
72,18,安特靈,,,合格,2024,11
72,19,蟲必死,,,合格,2024,11
72,20,滴滴涕,,,合格,2024,11
72,21,三聚氰胺,,,合格,2024,11
73,0,黃麴毒素,,,合格,2024,11
73,1,產氣莢膜桿菌,,,合格,2024,11
74,0,汞,,,合格,2024,11
74,1,砷(換算水分12%之砷含量),,,合格,2024,11
74,2,鉛,,,合格,2024,11
74,3,鎘,,,合格,2024,11
74,4,沙門氏桿菌,,,合格,2024,11
75,0,亞硝酸鹽(NO2-),,,合格,2024,11
75,1,病原性大腸桿菌(致病性大腸桿菌),,,合格,2024,11
76,0,汞,,,合格,2024,11
76,1,砷(換算水分12%之砷含量),,,合格,2024,11
76,2,鉛,,,合格,2024,11
76,3,鎘,,,合格,2024,11
76,4,病原性大腸桿菌(致病性大腸桿菌),,,合格,2024,11
76,5,產氣莢膜桿菌,,,合格,2024,11
77,0,丁基羥基甲氧苯(BHA),,,合格,2024,11
77,1,二丁基羥基甲苯(BHT),,,合格,2024,11
77,2,衣索金,,,合格,2024,11
77,3,沙門氏桿菌,,,合格,2024,11
77,4,單核球增多性李斯特菌,,,合格,2024,11
78,0,銫-134+銫-137 ,,,合格,2024,11
79,0,銫-134+銫-137 ,,,合格,2024,11
80,0,銫-134+銫-137 ,,,合格,2024,11
81,0,銫-134+銫-137 ,,,合格,2024,11
82,0,銫-134+銫-137 ,,,合格,2024,11
83,0,銫-134+銫-137 ,,,合格,2024,11
84,0,銫-134+銫-137 ,,,合格,2024,11
85,0,銫-134+銫-137 ,,,合格,2024,11
86,0,銫-134+銫-137 ,,,合格,2024,11
87,0,銫-134+銫-137 ,,,合格,2024,11
88,0,銫-134+銫-137 ,,,合格,2024,11
89,0,銫-134+銫-137 ,,,合格,2024,11
90,0,銫-134+銫-137 ,,,合格,2024,11
91,0,銫-134+銫-137 ,,,合格,2024,11
92,0,銫-134+銫-137 ,,,合格,2024,11
0,0,丁基羥基甲氧苯(BHA),,,合格,2024,12
0,1,二丁基羥基甲苯(BHT),,,合格,2024,12
0,2,丙二醇,,,合格,2024,12
0,3,衣索金,,,合格,2024,12
0,4,亞硝酸鹽(NO2-),,,合格,2024,12
0,5,沙門氏桿菌,,,合格,2024,12
1,0,丁基羥基甲氧苯(BHA),,,合格,2024,12
1,1,二丁基羥基甲苯(BHT),,,合格,2024,12
1,2,丙二醇,,,合格,2024,12
1,3,衣索金,,,合格,2024,12
1,4,亞硝酸鹽(NO2-),,,合格,2024,12
1,5,三聚氰胺,,,合格,2024,12
2,0,丁基羥基甲氧苯(BHA),,,合格,2024,12
2,1,二丁基羥基甲苯(BHT),,,合格,2024,12
2,2,衣索金,,,合格,2024,12
2,3,黃麴毒素,,,合格,2024,12
2,4,飛佈達 ,,,合格,2024,12
2,5,阿特靈,,,合格,2024,12
2,6,地特靈,,,合格,2024,12
2,7,安特靈,,,合格,2024,12
2,8,蟲必死,,,合格,2024,12
2,9,滴滴涕,,,合格,2024,12
2,10,三聚氰胺,,,合格,2024,12
3,0,丁基羥基甲氧苯(BHA),,,合格,2024,12
3,1,二丁基羥基甲苯(BHT),,,合格,2024,12
3,2,衣索金,,,合格,2024,12
3,3,汞,,,合格,2024,12
3,4,砷,,,合格,2024,12
3,5,鉛,,,合格,2024,12
3,6,鎘,,,合格,2024,12
3,7,亞硝酸鹽(NO2-),,,合格,2024,12
3,8,三聚氰胺,,,合格,2024,12
4,0,丁基羥基甲氧苯(BHA),,,合格,2024,12
4,1,二丁基羥基甲苯(BHT),,,合格,2024,12
4,2,衣索金,,,合格,2024,12
4,3,黃麴毒素,,,合格,2024,12
4,4,亞硝酸鹽(NO2-),,,合格,2024,12
4,5,三聚氰胺,,,合格,2024,12
5,0,丙二醇,,,合格,2024,12
5,1,黃麴毒素,,,合格,2024,12
5,2,汞,,,合格,2024,12
5,3,砷(換算水分12%之砷含量),,,合格,2024,12
5,4,鉛,,,合格,2024,12
5,5,鎘,,,合格,2024,12
5,6,三聚氰胺,,,合格,2024,12
6,0,黃麴毒素,,,合格,2024,12
6,1,汞,,,合格,2024,12
6,2,砷(換算水分12%之砷含量),,,合格,2024,12
6,3,鉛,,,合格,2024,12
6,4,鎘,,,合格,2024,12
6,5,飛佈達 ,,,合格,2024,12
6,6,阿特靈,,,合格,2024,12
6,7,地特靈,,,合格,2024,12
6,8,安特靈,,,合格,2024,12
6,9,蟲必死,,,合格,2024,12
6,10,滴滴涕,,,合格,2024,12
6,11,三聚氰胺,,,合格,2024,12
7,0,丁基羥基甲氧苯(BHA),,,合格,2024,12
7,1,二丁基羥基甲苯(BHT),,,合格,2024,12
7,2,衣索金,,,合格,2024,12
7,3,黃麴毒素,,,合格,2024,12
7,4,亞硝酸鹽(NO2-),,,合格,2024,12
8,0,丁基羥基甲氧苯(BHA),,,合格,2024,12
8,1,二丁基羥基甲苯(BHT),,,合格,2024,12
8,2,衣索金,,,合格,2024,12
8,3,汞,,,合格,2024,12
8,4,砷,,,合格,2024,12
8,5,鉛,,,合格,2024,12
8,6,鎘,,,合格,2024,12
8,7,飛佈達 ,,,合格,2024,12
8,8,阿特靈,,,合格,2024,12
8,9,地特靈,,,合格,2024,12
8,10,安特靈,,,合格,2024,12
8,11,蟲必死,,,合格,2024,12
8,12,滴滴涕,,,合格,2024,12
9,0,丁基羥基甲氧苯(BHA),,,合格,2024,12
9,1,二丁基羥基甲苯(BHT),,,合格,2024,12
9,2,衣索金,,,合格,2024,12
9,3,亞硝酸鹽(NO2-),,,合格,2024,12
9,4,病原性大腸桿菌(致病性大腸桿菌),,,合格,2024,12
9,5,三聚氰胺,,,合格,2024,12
0,0,黃麴毒素 Aflatoxin,,,合格,2024,2
0,1,汞 Hg,,,合格,2024,2
0,2,砷 As,,,合格,2024,2
0,3,無機砷 iAs,,,合格,2024,2
0,4,鉛 Pb,,,合格,2024,2
0,5,鎘 Cd,,,合格,2024,2
0,6,"單核球增多性李斯特菌 
Listeria monocytogenes",,,合格,2024,2
1,0,汞 Hg,,,合格,2024,2
1,1,砷 As,,,合格,2024,2
1,2,鉛 Pb,,,合格,2024,2
1,3,鎘 Cd,,,合格,2024,2
1,4,沙門氏桿菌 Salmonella,,,合格,2024,2
1,5,"產氣莢膜桿菌 
Clostridium perfringens",,,合格,2024,2
1,6,三聚氰胺 Melamine,,,合格,2024,2
2,0,丁基羥基甲氧苯(BHA) ,,,合格,2024,2
2,1,二丁基羥基甲苯(BHT) ,,,合格,2024,2
2,2,衣索金 Ethoxyquin,,,合格,2024,2
2,3,"產氣莢膜桿菌 
Clostridium perfringens",,,合格,2024,2
2,4,"單核球增多性李斯特菌 
Listeria monocytogenes",,,合格,2024,2
3,0,汞 Hg,,,合格,2024,2
3,1,砷 As,,,合格,2024,2
3,2,鉛 Pb,,,合格,2024,2
3,3,鎘 Cd,,,合格,2024,2
3,4,亞硝酸鹽(NO2-) Nitrite,,,合格,2024,2
3,5,"病原性大腸桿菌 
Enteropathogenic Escherichia coli",,,合格,2024,2
3,6,"產氣莢膜桿菌 
Clostridium perfringens",,,合格,2024,2
4,0,丁基羥基甲氧苯(BHA) ,,,合格,2024,2
4,1,二丁基羥基甲苯(BHT) ,,,合格,2024,2
4,2,衣索金 Ethoxyquin,,,合格,2024,2
4,3,"病原性大腸桿菌 
Enteropathogenic Escherichia coli",,,合格,2024,2
4,4,產氣莢膜桿菌 Clostridium perfringens,,,合格,2024,2
5,0,丁基羥基甲氧苯(BHA) ,,,合格,2024,2
5,1,二丁基羥基甲苯(BHT) ,,,合格,2024,2
5,2,衣索金 Ethoxyquin,,,合格,2024,2
5,3,"產氣莢膜桿菌 
Clostridium perfringens",,,合格,2024,2
5,4,"單核球增多性李斯特菌 
Listeria monocytogenes",,,合格,2024,2
6,0,黃麴毒素 Aflatoxin,,,合格,2024,2
6,1,沙門氏桿菌 Salmonella,,,合格,2024,2
6,2,飛佈達 Heptachlor,,,合格,2024,2
6,3,阿特靈 Aldrin,,,合格,2024,2
6,4,地特靈 Dieldrin,,,合格,2024,2
6,5,安特靈 Endrin,,,合格,2024,2
6,6,蟲必死 BHC,,,合格,2024,2
6,7,滴滴涕 DDT,,,合格,2024,2
6,8,三聚氰胺 Melamine,,,合格,2024,2
7,0,汞 Hg,,,合格,2024,2
7,1,砷 As,,,合格,2024,2
7,2,無機砷 iAs,,,合格,2024,2
7,3,鉛 Pb,,,合格,2024,2
7,4,鎘 Cd,,,不合格,2024,2
7,5,"病原性大腸桿菌 
Enteropathogenic Escherichia coli",,,合格,2024,2
7,6,三聚氰胺 Melamine,,,合格,2024,2
8,0,黃麴毒素 Aflatoxin,,,合格,2024,2
8,1,"產氣莢膜桿菌 
Clostridium perfringens",,,合格,2024,2
8,2,滴滴涕 DDT,,,合格,2024,2
8,3,飛佈達 Heptachlor,,,合格,2024,2
8,4,阿特靈 Aldrin,,,合格,2024,2
8,5,地特靈 Dieldrin,,,合格,2024,2
8,6,安特靈 Endrin,,,合格,2024,2
8,7,蟲必死 BHC,,,合格,2024,2
8,8,三聚氰胺 Melamine,,,合格,2024,2
9,0,丁基羥基甲氧苯(BHA) ,,,合格,2024,2
9,1,二丁基羥基甲苯(BHT) ,,,合格,2024,2
9,2,衣索金 Ethoxyquin,,,合格,2024,2
9,3,黃麴毒素 Aflatoxin,,,合格,2024,2
9,4,沙門氏桿菌 Salmonella,,,合格,2024,2
10,0,汞 Hg,,,合格,2024,2
10,1,砷 As,,,合格,2024,2
10,2,鉛 Pb,,,合格,2024,2
10,3,鎘 Cd,,,合格,2024,2
10,4,亞硝酸鹽(NO2-) Nitrite,,,合格,2024,2
10,5,沙門氏桿菌 Salmonella,,,合格,2024,2
10,6,"單核球增多性李斯特菌 
Listeria monocytogenes",,,合格,2024,2
11,0,沙門氏桿菌 Salmonella,,,合格,2024,2
11,1,"病原性大腸桿菌 
Enteropathogenic Escherichia coli",,,合格,2024,2
11,2,飛佈達 Heptachlor,,,合格,2024,2
11,3,阿特靈 Aldrin,,,合格,2024,2
11,4,地特靈 Dieldrin,,,合格,2024,2
11,5,安特靈 Endrin,,,合格,2024,2
11,6,蟲必死 BHC,,,合格,2024,2
11,7,滴滴涕 DDT,,,合格,2024,2
11,8,三聚氰胺 Melamine,,,合格,2024,2
12,0,汞 Hg,,,合格,2024,2
12,1,砷 As,,,合格,2024,2
12,2,無機砷 iAs,,,合格,2024,2
12,3,鉛 Pb,,,合格,2024,2
12,4,鎘 Cd,,,合格,2024,2
12,5,"產氣莢膜桿菌 
Clostridium perfringens",,,合格,2024,2
12,6,"單核球增多性李斯特菌 
Listeria monocytogenes",,,合格,2024,2
13,0,沙門氏桿菌 Salmonella,,,合格,2024,2
13,1,"病原性大腸桿菌 
Enteropathogenic Escherichia coli",,,合格,2024,2
13,2,飛佈達 Heptachlor,,,合格,2024,2
13,3,阿特靈 Aldrin,,,合格,2024,2
13,4,地特靈 Dieldrin,,,合格,2024,2
13,5,安特靈 Endrin,,,合格,2024,2
13,6,蟲必死 BHC,,,合格,2024,2
13,7,滴滴涕 DDT,,,合格,2024,2
13,8,三聚氰胺 Melamine,,,合格,2024,2
14,0,丁基羥基甲氧苯(BHA) ,,,合格,2024,2
14,1,二丁基羥基甲苯(BHT) ,,,合格,2024,2
14,2,衣索金 Ethoxyquin,,,合格,2024,2
14,3,亞硝酸鹽(NO2-) Nitrite,,,合格,2024,2
14,4,"單核球增多性李斯特菌 
Listeria monocytogenes",,,合格,2024,2
15,0,丁基羥基甲氧苯(BHA) ,,,合格,2024,2
15,1,二丁基羥基甲苯(BHT) ,,,合格,2024,2
15,2,衣索金 Ethoxyquin,,,合格,2024,2
15,3,"產氣莢膜桿菌 
Clostridium perfringens",,,合格,2024,2
15,4,"單核球增多性李斯特菌 
Listeria monocytogenes",,,合格,2024,2
16,0,汞 Hg,,,合格,2024,2
16,1,砷 As,,,合格,2024,2
16,2,鉛 Pb,,,合格,2024,2
16,3,鎘 Cd,,,合格,2024,2
16,4,亞硝酸鹽(NO2-) Nitrite,,,合格,2024,2
16,5,沙門氏桿菌 Salmonella,,,合格,2024,2
16,6,"病原性大腸桿菌 
Enteropathogenic Escherichia coli",,,合格,2024,2
17,0,丁基羥基甲氧苯(BHA) ,,,合格,2024,2
17,1,二丁基羥基甲苯(BHT) ,,,合格,2024,2
17,2,丙二醇 ,,,合格,2024,2
17,3,衣索金 Ethoxyquin,,,合格,2024,2
17,4,沙門氏桿菌 Salmonella,,,合格,2024,2
18,0,汞 Hg,,,合格,2024,2
18,1,砷 As,,,合格,2024,2
18,2,鉛 Pb,,,合格,2024,2
18,3,鎘 Cd,,,合格,2024,2
18,4,亞硝酸鹽(NO2-) Nitrite,,,合格,2024,2
18,5,"病原性大腸桿菌 
Enteropathogenic Escherichia coli",,,合格,2024,2
18,6,"單核球增多性李斯特菌 
Listeria monocytogenes",,,合格,2024,2
19,0,丁基羥基甲氧苯(BHA) ,,,合格,2024,2
19,1,二丁基羥基甲苯(BHT) ,,,合格,2024,2
19,2,衣索金 Ethoxyquin,,,合格,2024,2
19,3,"病原性大腸桿菌 
Enteropathogenic Escherichia coli",,,合格,2024,2
19,4,"產氣莢膜桿菌 
Clostridium perfringens",,,合格,2024,2
20,0,黃麴毒素 Aflatoxin,,,合格,2024,2
20,1,汞 Hg,,,合格,2024,2
20,2,砷 As,,,合格,2024,2
20,3,鉛 Pb,,,合格,2024,2
20,4,鎘 Cd,,,合格,2024,2
20,5,沙門氏桿菌 Salmonella,,,合格,2024,2
20,6,"單核球增多性李斯特菌 
Listeria monocytogenes",,,合格,2024,2
21,0,亞硝酸鹽(NO2-) Nitrite,,,合格,2024,2
21,1,"產氣莢膜桿菌 
Clostridium perfringens",,,合格,2024,2
21,2,"單核球增多性李斯特菌 
Listeria monocytogenes",,,合格,2024,2
21,3,飛佈達 Heptachlor,,,合格,2024,2
21,4,阿特靈 Aldrin,,,合格,2024,2
21,5,地特靈 Dieldrin,,,合格,2024,2
21,6,安特靈 Endrin,,,合格,2024,2
21,7,蟲必死 BHC,,,合格,2024,2
21,8,滴滴涕 DDT,,,合格,2024,2
22,0,丁基羥基甲氧苯(BHA) ,,,合格,2024,2
22,1,二丁基羥基甲苯(BHT) ,,,合格,2024,2
22,2,衣索金 Ethoxyquin,,,合格,2024,2
22,3,亞硝酸鹽(NO2-) Nitrite,,,合格,2024,2
22,4,"病原性大腸桿菌 
Enteropathogenic Escherichia coli",,,合格,2024,2
23,0,汞 Hg,,,合格,2024,2
23,1,砷 As,,,合格,2024,2
23,2,無機砷 iAs,,,合格,2024,2
23,3,鉛 Pb,,,合格,2024,2
23,4,鎘 Cd,,,合格,2024,2
23,5,"產氣莢膜桿菌 
Clostridium perfringens",,,合格,2024,2
23,6,"單核球增多性李斯特菌 
Listeria monocytogenes",,,合格,2024,2
24,0,汞 Hg,,,合格,2024,2
24,1,砷 As,,,合格,2024,2
24,2,無機砷 iAs,,,合格,2024,2
24,3,鉛 Pb,,,合格,2024,2
24,4,鎘 Cd,,,合格,2024,2
24,5,沙門氏桿菌 Salmonella,,,合格,2024,2
24,6,"病原性大腸桿菌 
Enteropathogenic Escherichia coli",,,合格,2024,2
25,0,丙二醇 ,,,合格,2024,2
25,1,沙門氏桿菌 Salmonella,,,合格,2024,2
25,2,"單核球增多性李斯特菌 
Listeria monocytogenes",,,合格,2024,2
25,3,安特靈 Endrin,,,合格,2024,2
25,4,蟲必死 BHC,,,合格,2024,2
25,5,滴滴涕 DDT,,,合格,2024,2
25,6,飛佈達 Heptachlor,,,合格,2024,2
25,7,阿特靈 Aldrin,,,合格,2024,2
25,8,地特靈 Dieldrin,,,合格,2024,2
26,0,丁基羥基甲氧苯(BHA) ,,,合格,2024,2
26,1,二丁基羥基甲苯(BHT) ,,,合格,2024,2
26,2,衣索金 Ethoxyquin,,,合格,2024,2
26,3,沙門氏桿菌 Salmonella,,,合格,2024,2
26,4,"病原性大腸桿菌 
Enteropathogenic Escherichia coli",,,合格,2024,2
27,0,"病原性大腸桿菌 
Enteropathogenic Escherichia coli",,,合格,2024,2
27,1,"單核球增多性李斯特菌 
Listeria monocytogenes",,,合格,2024,2
27,2,蟲必死 BHC,,,合格,2024,2
27,3,滴滴涕 DDT,,,合格,2024,2
27,4,阿特靈 Aldrin,,,合格,2024,2
27,5,地特靈 Dieldrin,,,合格,2024,2
27,6,安特靈 Endrin,,,合格,2024,2
27,7,飛佈達 Heptachlor,,,合格,2024,2
27,8,三聚氰胺 Melamine,,,合格,2024,2
28,0,汞 Hg,,,合格,2024,2
28,1,砷 As,,,合格,2024,2
28,2,鉛 Pb,,,合格,2024,2
28,3,鎘 Cd,,,合格,2024,2
28,4,沙門氏桿菌 Salmonella,,,合格,2024,2
28,5,"產氣莢膜桿菌 
Clostridium perfringens",,,合格,2024,2
28,6,三聚氰胺 Melamine,,,合格,2024,2
29,0,丁基羥基甲氧苯(BHA) ,,,合格,2024,2
29,1,二丁基羥基甲苯(BHT) ,,,合格,2024,2
29,2,衣索金 Ethoxyquin,,,合格,2024,2
29,3,"產氣莢膜桿菌 
Clostridium perfringens",,,合格,2024,2
29,4,"單核球增多性李斯特菌 
Listeria monocytogenes",,,合格,2024,2
30,0,"病原性大腸桿菌 
Enteropathogenic Escherichia coli",,,合格,2024,2
30,1,"產氣莢膜桿菌 
Clostridium perfringens",,,合格,2024,2
30,2,飛佈達 Heptachlor,,,合格,2024,2
30,3,阿特靈 Aldrin,,,合格,2024,2
30,4,蟲必死 BHC,,,合格,2024,2
30,5,地特靈 Dieldrin,,,合格,2024,2
30,6,安特靈 Endrin,,,合格,2024,2
30,7,滴滴涕 DDT,,,合格,2024,2
0,0,黃麴毒素 Aflatoxin,,,合格,2024,3
0,1,汞 Hg,,,合格,2024,3
0,2,砷 As,,,合格,2024,3
0,3,鉛 Pb,,,合格,2024,3
0,4,鎘 Cd,,,合格,2024,3
0,5,"病原性大腸桿菌 
Enteropathogenic Escherichia coli",,,合格,2024,3
0,6,滴滴涕 DDT,,,合格,2024,3
0,7,蟲必死 BHC,,,合格,2024,3
0,8,安特靈 Endrin,,,合格,2024,3
0,9,地特靈 Dieldrin,,,合格,2024,3
0,10,阿特靈 Aldrin,,,合格,2024,3
0,11,飛佈達 Heptachlor,,,合格,2024,3
1,0,丁基羥基甲氧苯(BHA) ,,,合格,2024,3
1,1,二丁基羥基甲苯(BHT) ,,,合格,2024,3
1,2,衣索金 Ethoxyquin,,,合格,2024,3
1,3,亞硝酸鹽(NO2-) Nitrite,,,合格,2024,3
1,4,"產氣莢膜桿菌 
Clostridium perfringens",,,合格,2024,3
2,0,丙二醇 ,,,合格,2024,3
2,1,汞 Hg,,,合格,2024,3
2,2,砷 As,,,合格,2024,3
2,3,鉛 Pb,,,合格,2024,3
2,4,鎘 Cd,,,合格,2024,3
2,5,"產氣莢膜桿菌 
Clostridium perfringens",,,合格,2024,3
3,0,"病原性大腸桿菌 
Enteropathogenic Escherichia coli",,,合格,2024,3
3,1,"單核球增多性李斯特菌 
Listeria monocytogenes",,,合格,2024,3
3,2,三聚氰胺 Melamine,,,合格,2024,3
4,0,丁基羥基甲氧苯(BHA) ,,,合格,2024,3
4,1,二丁基羥基甲苯(BHT) ,,,合格,2024,3
4,2,衣索金 Ethoxyquin,,,合格,2024,3
4,3,無機砷 iAs,,,合格,2024,3
4,4,沙門氏桿菌 Salmonella,,,合格,2024,3
5,0,黃麴毒素 Aflatoxin,,,合格,2024,3
5,1,汞 Hg,,,合格,2024,3
5,2,砷 As,,,合格,2024,3
5,3,鉛 Pb,,,合格,2024,3
5,4,鎘 Cd,,,合格,2024,3
5,5,"產氣莢膜桿菌 
Clostridium perfringens",,,合格,2024,3
5,6,"單核球增多性李斯特菌 
Listeria monocytogenes",,,合格,2024,3
6,0,汞 Hg,,,合格,2024,3
6,1,砷 As,,,合格,2024,3
6,2,無機砷 iAs,,,合格,2024,3
6,3,鉛 Pb,,,合格,2024,3
6,4,鎘 Cd,,,合格,2024,3
6,5,亞硝酸鹽(NO2-) Nitrite,,,合格,2024,3
6,6,"病原性大腸桿菌 
Enteropathogenic Escherichia coli",,,合格,2024,3
7,0,丁基羥基甲氧苯(BHA) ,,,合格,2024,3
7,1,二丁基羥基甲苯(BHT) ,,,合格,2024,3
7,2,衣索金 Ethoxyquin,,,合格,2024,3
7,3,黃麴毒素 Aflatoxin,,,合格,2024,3
7,4,沙門氏桿菌 Salmonella,,,合格,2024,3
8,0,汞 Hg,,,合格,2024,3
8,1,砷 As,,,合格,2024,3
8,2,無機砷 iAs,,,合格,2024,3
8,3,鉛 Pb,,,合格,2024,3
8,4,鎘 Cd,,,合格,2024,3
8,5,"病原性大腸桿菌 
Enteropathogenic Escherichia coli",,,合格,2024,3
8,6,"單核球增多性李斯特菌 
Listeria monocytogenes",,,合格,2024,3
9,0,丙二醇 ,,,合格,2024,3
9,1,汞 Hg,,,合格,2024,3
9,2,砷 As,,,合格,2024,3
9,3,無機砷 iAs,,,合格,2024,3
9,4,鉛 Pb,,,合格,2024,3
9,5,鎘 Cd,,,合格,2024,3
9,6,"病原性大腸桿菌 
Enteropathogenic Escherichia coli",,,合格,2024,3
10,0,黃麴毒素 Aflatoxin,,,合格,2024,3
10,1,"產氣莢膜桿菌 
Clostridium perfringens",,,合格,2024,3
10,2,飛佈達 Heptachlor,,,合格,2024,3
10,3,阿特靈 Aldrin,,,合格,2024,3
10,4,地特靈 Dieldrin,,,合格,2024,3
10,5,安特靈 Endrin,,,合格,2024,3
10,6,蟲必死 BHC,,,合格,2024,3
10,7,滴滴涕 DDT,,,合格,2024,3
10,8,三聚氰胺 Melamine,,,合格,2024,3
11,0,丁基羥基甲氧苯(BHA) ,,,合格,2024,3
11,1,二丁基羥基甲苯(BHT) ,,,合格,2024,3
11,2,衣索金 Ethoxyquin,,,合格,2024,3
11,3,亞硝酸鹽(NO2-) Nitrite,,,合格,2024,3
11,4,沙門氏桿菌 Salmonella,,,合格,2024,3
12,0,丙二醇 ,,,合格,2024,3
12,1,汞 Hg,,,合格,2024,3
12,2,砷 As,,,合格,2024,3
12,3,無機砷 iAs,,,合格,2024,3
12,4,鉛 Pb,,,合格,2024,3
12,5,鎘 Cd,,,合格,2024,3
12,6,"單核球增多性李斯特菌 
Listeria monocytogenes",,,合格,2024,3
13,0,丁基羥基甲氧苯(BHA) ,,,合格,2024,3
13,1,二丁基羥基甲苯(BHT) ,,,合格,2024,3
13,2,衣索金 Ethoxyquin,,,合格,2024,3
13,3,亞硝酸鹽(NO2-) Nitrite,,,合格,2024,3
13,4,"病原性大腸桿菌 
Enteropathogenic Escherichia coli",,,合格,2024,3
14,0,黃麴毒素 Aflatoxin,,,合格,2024,3
14,1,汞 Hg,,,合格,2024,3
14,2,砷 As,,,合格,2024,3
14,3,無機砷 iAs,,,合格,2024,3
14,4,鉛 Pb,,,合格,2024,3
14,5,鎘 Cd,,,合格,2024,3
14,6,"產氣莢膜桿菌 
Clostridium perfringens",,,合格,2024,3
15,0,汞 Hg,,,合格,2024,3
15,1,砷 As,,,合格,2024,3
15,2,無機砷 iAs,,,合格,2024,3
15,3,鉛 Pb,,,合格,2024,3
15,4,鎘 Cd,,,合格,2024,3
15,5,沙門氏桿菌 Salmonella,,,合格,2024,3
15,6,"產氣莢膜桿菌 
Clostridium perfringens",,,合格,2024,3
16,0,汞 Hg,,,合格,2024,3
16,1,砷 As,,,合格,2024,3
16,2,無機砷 iAs,,,合格,2024,3
16,3,鉛 Pb,,,合格,2024,3
16,4,鎘 Cd,,,合格,2024,3
16,5,亞硝酸鹽(NO2-) Nitrite,,,合格,2024,3
16,6,"單核球增多性李斯特菌 
Listeria monocytogenes",,,合格,2024,3
17,0,丁基羥基甲氧苯(BHA) ,,,合格,2024,3
17,1,二丁基羥基甲苯(BHT) ,,,合格,2024,3
17,2,衣索金 Ethoxyquin,,,合格,2024,3
17,3,"產氣莢膜桿菌 
Clostridium perfringens",,,合格,2024,3
17,4,阿特靈 Aldrin,,,合格,2024,3
17,5,地特靈 Dieldrin,,,合格,2024,3
17,6,蟲必死 BHC,,,合格,2024,3
17,7,飛佈達 Heptachlor,,,合格,2024,3
17,8,安特靈 Endrin,,,合格,2024,3
17,9,滴滴涕 DDT,,,合格,2024,3
18,0,黃麴毒素 Aflatoxin,,,合格,2024,3
18,1,汞 Hg,,,合格,2024,3
18,2,砷 As,,,合格,2024,3
18,3,無機砷 iAs,,,合格,2024,3
18,4,鉛 Pb,,,合格,2024,3
18,5,鎘 Cd,,,合格,2024,3
18,6,沙門氏桿菌 Salmonella,,,合格,2024,3
19,0,黃麴毒素 Aflatoxin,,,合格,2024,3
19,1,"病原性大腸桿菌 
Enteropathogenic Escherichia coli",,,合格,2024,3
19,2,"單核球增多性李斯特菌 
Listeria monocytogenes",,,合格,2024,3
19,3,地特靈 Dieldrin,,,合格,2024,3
19,4,阿特靈 Aldrin,,,合格,2024,3
19,5,安特靈 Endrin,,,合格,2024,3
19,6,飛佈達 Heptachlor,,,合格,2024,3
19,7,蟲必死 BHC,,,合格,2024,3
19,8,滴滴涕 DDT,,,合格,2024,3
20,0,黃麴毒素 Aflatoxin,,,合格,2024,3
20,1,沙門氏桿菌 Salmonella,,,合格,2024,3
20,2,"產氣莢膜桿菌 
Clostridium perfringens",,,合格,2024,3
20,3,滴滴涕 DDT,,,合格,2024,3
20,4,蟲必死 BHC,,,合格,2024,3
20,5,地特靈 Dieldrin,,,合格,2024,3
20,6,阿特靈 Aldrin,,,合格,2024,3
20,7,安特靈 Endrin,,,合格,2024,3
20,8,飛佈達 Heptachlor,,,合格,2024,3
21,0,黃麴毒素 Aflatoxin,,,合格,2024,3
21,1,汞 Hg,,,合格,2024,3
21,2,砷 As,,,合格,2024,3
21,3,無機砷 iAs,,,合格,2024,3
21,4,鉛 Pb,,,合格,2024,3
21,5,鎘 Cd,,,合格,2024,3
21,6,"病原性大腸桿菌 
Enteropathogenic Escherichia coli",,,合格,2024,3
22,0,丙二醇 ,,,合格,2024,3
22,1,亞硝酸鹽(NO2-) Nitrite,,,合格,2024,3
22,2,"病原性大腸桿菌 
Enteropathogenic Escherichia coli",,,合格,2024,3
22,3,"單核球增多性李斯特菌 
Listeria monocytogenes",,,合格,2024,3
23,0,黃麴毒素 Aflatoxin,,,合格,2024,3
23,1,汞 Hg,,,合格,2024,3
23,2,砷 As,,,合格,2024,3
23,3,無機砷 iAs,,,合格,2024,3
23,4,鉛 Pb,,,合格,2024,3
23,5,鎘 Cd,,,合格,2024,3
23,6,"產氣莢膜桿菌 
Clostridium perfringens",,,合格,2024,3
24,0,丁基羥基甲氧苯(BHA) ,,,合格,2024,3
24,1,二丁基羥基甲苯(BHT) ,,,合格,2024,3
24,2,衣索金 Ethoxyquin,,,合格,2024,3
24,3,黃麴毒素 Aflatoxin,,,合格,2024,3
24,4,沙門氏桿菌 Salmonella,,,合格,2024,3
25,0,汞 Hg,,,合格,2024,3
25,1,砷 As,,,合格,2024,3
25,2,無機砷 iAs,,,合格,2024,3
25,3,鉛 Pb,,,合格,2024,3
25,4,鎘 Cd,,,合格,2024,3
25,5,"病原性大腸桿菌 
Enteropathogenic Escherichia coli",,,合格,2024,3
25,6,"產氣莢膜桿菌 
Clostridium perfringens",,,合格,2024,3
26,0,黃麴毒素 Aflatoxin,,,合格,2024,3
26,1,"單核球增多性李斯特菌 
Listeria monocytogenes",,,合格,2024,3
26,2,安特靈 Endrin,,,合格,2024,3
26,3,飛佈達 Heptachlor,,,合格,2024,3
26,4,蟲必死 BHC,,,合格,2024,3
26,5,阿特靈 Aldrin,,,合格,2024,3
26,6,地特靈 Dieldrin,,,合格,2024,3
26,7,滴滴涕 DDT,,,合格,2024,3
26,8,三聚氰胺 Melamine,,,合格,2024,3
27,0,丁基羥基甲氧苯(BHA) ,,,合格,2024,3
27,1,二丁基羥基甲苯(BHT) ,,,合格,2024,3
27,2,衣索金 Ethoxyquin,,,合格,2024,3
27,3,黃麴毒素 Aflatoxin,,,合格,2024,3
27,4,沙門氏桿菌 Salmonella,,,合格,2024,3
28,0,黃麴毒素 Aflatoxin,,,合格,2024,3
28,1,"產氣莢膜桿菌 
Clostridium perfringens",,,合格,2024,3
28,2,"單核球增多性李斯特菌 
Listeria monocytogenes",,,合格,2024,3
28,3,飛佈達 Heptachlor,,,合格,2024,3
28,4,安特靈 Endrin,,,合格,2024,3
28,5,地特靈 Dieldrin,,,合格,2024,3
28,6,滴滴涕 DDT,,,合格,2024,3
28,7,蟲必死 BHC,,,合格,2024,3
28,8,阿特靈 Aldrin,,,合格,2024,3
29,0,黃麴毒素 Aflatoxin,,,合格,2024,3
29,1,汞 Hg,,,合格,2024,3
29,2,砷 As,,,合格,2024,3
29,3,無機砷 iAs,,,合格,2024,3
29,4,鉛 Pb,,,合格,2024,3
29,5,鎘 Cd,,,合格,2024,3
29,6,"產氣莢膜桿菌 
Clostridium perfringens",,,合格,2024,3
30,0,黃麴毒素 Aflatoxin,,,合格,2024,3
30,1,沙門氏桿菌 Salmonella,,,合格,2024,3
30,2,"病原性大腸桿菌 
Enteropathogenic Escherichia coli",,,合格,2024,3
30,3,飛佈達 Heptachlor,,,合格,2024,3
30,4,蟲必死 BHC,,,合格,2024,3
30,5,阿特靈 Aldrin,,,合格,2024,3
30,6,地特靈 Dieldrin,,,合格,2024,3
30,7,安特靈 Endrin,,,合格,2024,3
30,8,滴滴涕 DDT,,,合格,2024,3
31,0,亞硝酸鹽(NO2-) Nitrite,,,合格,2024,3
31,1,沙門氏桿菌 Salmonella,,,合格,2024,3
31,2,"病原性大腸桿菌 
Enteropathogenic Escherichia coli",,,合格,2024,3
31,3,飛佈達 Heptachlor,,,合格,2024,3
31,4,蟲必死 BHC,,,合格,2024,3
31,5,滴滴涕 DDT,,,合格,2024,3
31,6,安特靈 Endrin,,,合格,2024,3
31,7,地特靈 Dieldrin,,,合格,2024,3
31,8,阿特靈 Aldrin,,,合格,2024,3
0,0,丁基羥基甲氧苯(BHA),,,合格,2024,4
0,1,二丁基羥基甲苯(BHT),,,合格,2024,4
0,2,丙二醇,,,合格,2024,4
0,3,衣索金 Ethoxyquin,,,合格,2024,4
0,4,黃麴毒素 Aflatoxin,,,合格,2024,4
0,5,汞 Hg,,,合格,2024,4
0,6,砷 As,,,合格,2024,4
0,7,無機砷 iAs,,,合格,2024,4
0,8,鉛 Pb,,,合格,2024,4
0,9,鎘 Cd,,,合格,2024,4
0,10,亞硝酸鹽(NO2-) Nitrite,,,合格,2024,4
0,11,沙門氏桿菌 Salmonella,,,合格,2024,4
0,12,病原性大腸桿菌 Enteropathogenic Escherichia coli,,,合格,2024,4
0,13,產氣莢膜桿菌 Clostridium perfringens,,,合格,2024,4
0,14,單核球增多性李斯特菌 Listeria monocytogenes,,,合格,2024,4
0,15,滴滴涕 DDT,,,合格,2024,4
0,16,蟲必死 BHC,,,合格,2024,4
0,17,阿特靈 Aldrin,,,合格,2024,4
0,18,地特靈 Dieldrin,,,合格,2024,4
0,19,安特靈 Endrin,,,合格,2024,4
0,20,飛佈達 Heptachlor,,,合格,2024,4
0,21,三聚氰胺 Melamine,,,合格,2024,4
1,0,丁基羥基甲氧苯(BHA),,,合格,2024,4
1,1,二丁基羥基甲苯(BHT),,,合格,2024,4
1,2,丙二醇,,,合格,2024,4
1,3,衣索金 Ethoxyquin,,,合格,2024,4
1,4,黃麴毒素 Aflatoxin,,,合格,2024,4
1,5,汞 Hg,,,合格,2024,4
1,6,砷 As,,,合格,2024,4
1,7,無機砷 iAs,,,合格,2024,4
1,8,鉛 Pb,,,合格,2024,4
1,9,鎘 Cd,,,合格,2024,4
1,10,亞硝酸鹽(NO2-) Nitrite,,,合格,2024,4
1,11,沙門氏桿菌 Salmonella,,,合格,2024,4
1,12,病原性大腸桿菌 Enteropathogenic Escherichia coli,,,合格,2024,4
1,13,產氣莢膜桿菌 Clostridium perfringens,,,合格,2024,4
1,14,單核球增多性李斯特菌 Listeria monocytogenes,,,合格,2024,4
1,15,滴滴涕 DDT,,,合格,2024,4
1,16,蟲必死 BHC,,,合格,2024,4
1,17,阿特靈 Aldrin,,,合格,2024,4
1,18,地特靈 Dieldrin,,,合格,2024,4
1,19,安特靈 Endrin,,,合格,2024,4
1,20,飛佈達 Heptachlor,,,合格,2024,4
1,21,三聚氰胺 Melamine,,,合格,2024,4
2,0,丁基羥基甲氧苯(BHA),,,合格,2024,4
2,1,二丁基羥基甲苯(BHT),,,合格,2024,4
2,2,丙二醇,,,合格,2024,4
2,3,衣索金 Ethoxyquin,,,合格,2024,4
2,4,黃麴毒素 Aflatoxin,,,合格,2024,4
2,5,汞 Hg,,,合格,2024,4
2,6,砷 As,,,合格,2024,4
2,7,無機砷 iAs,,,合格,2024,4
2,8,鉛 Pb,,,合格,2024,4
2,9,鎘 Cd,,,合格,2024,4
2,10,亞硝酸鹽(NO2-) Nitrite,,,合格,2024,4
2,11,沙門氏桿菌 Salmonella,,,合格,2024,4
2,12,病原性大腸桿菌 Enteropathogenic Escherichia coli,,,合格,2024,4
2,13,產氣莢膜桿菌 Clostridium perfringens,,,合格,2024,4
2,14,單核球增多性李斯特菌 Listeria monocytogenes,,,合格,2024,4
2,15,滴滴涕 DDT,,,合格,2024,4
2,16,蟲必死 BHC,,,合格,2024,4
2,17,阿特靈 Aldrin,,,合格,2024,4
2,18,地特靈 Dieldrin,,,合格,2024,4
2,19,安特靈 Endrin,,,合格,2024,4
2,20,飛佈達 Heptachlor,,,合格,2024,4
2,21,三聚氰胺 Melamine,,,合格,2024,4
3,0,丁基羥基甲氧苯(BHA),,,合格,2024,4
3,1,二丁基羥基甲苯(BHT),,,合格,2024,4
3,2,丙二醇,,,合格,2024,4
3,3,衣索金 Ethoxyquin,,,合格,2024,4
3,4,黃麴毒素 Aflatoxin,,,合格,2024,4
3,5,汞 Hg,,,合格,2024,4
3,6,砷 As,,,合格,2024,4
3,7,無機砷 iAs,,,合格,2024,4
3,8,鉛 Pb,,,合格,2024,4
3,9,鎘 Cd,,,合格,2024,4
3,10,亞硝酸鹽(NO2-) Nitrite,,,合格,2024,4
3,11,沙門氏桿菌 Salmonella,,,合格,2024,4
3,12,病原性大腸桿菌 Enteropathogenic Escherichia coli,,,合格,2024,4
3,13,產氣莢膜桿菌 Clostridium perfringens,,,合格,2024,4
3,14,單核球增多性李斯特菌 Listeria monocytogenes,,,合格,2024,4
3,15,滴滴涕 DDT,,,合格,2024,4
3,16,蟲必死 BHC,,,合格,2024,4
3,17,阿特靈 Aldrin,,,合格,2024,4
3,18,地特靈 Dieldrin,,,合格,2024,4
3,19,安特靈 Endrin,,,合格,2024,4
3,20,飛佈達 Heptachlor,,,合格,2024,4
3,21,三聚氰胺 Melamine,,,合格,2024,4
4,0,丁基羥基甲氧苯(BHA),,,合格,2024,4
4,1,二丁基羥基甲苯(BHT),,,合格,2024,4
4,2,丙二醇,,,合格,2024,4
4,3,衣索金 Ethoxyquin,,,合格,2024,4
4,4,黃麴毒素 Aflatoxin,,,合格,2024,4
4,5,汞 Hg,,,合格,2024,4
4,6,砷 As,,,合格,2024,4
4,7,無機砷 iAs,,,合格,2024,4
4,8,鉛 Pb,,,合格,2024,4
4,9,鎘 Cd,,,合格,2024,4
4,10,亞硝酸鹽(NO2-) Nitrite,,,合格,2024,4
4,11,沙門氏桿菌 Salmonella,,,合格,2024,4
4,12,病原性大腸桿菌 Enteropathogenic Escherichia coli,,,合格,2024,4
4,13,產氣莢膜桿菌 Clostridium perfringens,,,合格,2024,4
4,14,單核球增多性李斯特菌 Listeria monocytogenes,,,合格,2024,4
4,15,滴滴涕 DDT,,,合格,2024,4
4,16,蟲必死 BHC,,,合格,2024,4
4,17,阿特靈 Aldrin,,,合格,2024,4
4,18,地特靈 Dieldrin,,,合格,2024,4
4,19,安特靈 Endrin,,,合格,2024,4
4,20,飛佈達 Heptachlor,,,合格,2024,4
4,21,三聚氰胺 Melamine,,,合格,2024,4
5,0,丁基羥基甲氧苯(BHA),,,合格,2024,4
5,1,二丁基羥基甲苯(BHT),,,合格,2024,4
5,2,丙二醇,,,合格,2024,4
5,3,衣索金 Ethoxyquin,,,合格,2024,4
5,4,黃麴毒素 Aflatoxin,,,合格,2024,4
5,5,汞 Hg,,,合格,2024,4
5,6,砷 As,,,合格,2024,4
5,7,無機砷 iAs,,,合格,2024,4
5,8,鉛 Pb,,,合格,2024,4
5,9,鎘 Cd,,,合格,2024,4
5,10,亞硝酸鹽(NO2-) Nitrite,,,合格,2024,4
5,11,沙門氏桿菌 Salmonella,,,合格,2024,4
5,12,病原性大腸桿菌 Enteropathogenic Escherichia coli,,,合格,2024,4
5,13,產氣莢膜桿菌 Clostridium perfringens,,,合格,2024,4
5,14,單核球增多性李斯特菌 Listeria monocytogenes,,,合格,2024,4
5,15,滴滴涕 DDT,,,合格,2024,4
5,16,蟲必死 BHC,,,合格,2024,4
5,17,阿特靈 Aldrin,,,合格,2024,4
5,18,地特靈 Dieldrin,,,合格,2024,4
5,19,安特靈 Endrin,,,合格,2024,4
5,20,飛佈達 Heptachlor,,,合格,2024,4
5,21,三聚氰胺 Melamine,,,合格,2024,4
6,0,丁基羥基甲氧苯(BHA),,,合格,2024,4
6,1,二丁基羥基甲苯(BHT),,,合格,2024,4
6,2,丙二醇,,,合格,2024,4
6,3,衣索金 Ethoxyquin,,,合格,2024,4
6,4,黃麴毒素 Aflatoxin,,,合格,2024,4
6,5,汞 Hg,,,合格,2024,4
6,6,砷 As,,,合格,2024,4
6,7,無機砷 iAs,,,合格,2024,4
6,8,鉛 Pb,,,合格,2024,4
6,9,鎘 Cd,,,合格,2024,4
6,10,亞硝酸鹽(NO2-) Nitrite,,,合格,2024,4
6,11,沙門氏桿菌 Salmonella,,,合格,2024,4
6,12,病原性大腸桿菌 Enteropathogenic Escherichia coli,,,合格,2024,4
6,13,產氣莢膜桿菌 Clostridium perfringens,,,合格,2024,4
6,14,單核球增多性李斯特菌 Listeria monocytogenes,,,合格,2024,4
6,15,滴滴涕 DDT,,,合格,2024,4
6,16,蟲必死 BHC,,,合格,2024,4
6,17,阿特靈 Aldrin,,,合格,2024,4
6,18,地特靈 Dieldrin,,,合格,2024,4
6,19,安特靈 Endrin,,,合格,2024,4
6,20,飛佈達 Heptachlor,,,合格,2024,4
6,21,三聚氰胺 Melamine,,,合格,2024,4
7,0,丁基羥基甲氧苯(BHA),,,合格,2024,4
7,1,二丁基羥基甲苯(BHT),,,合格,2024,4
7,2,丙二醇,,,合格,2024,4
7,3,衣索金 Ethoxyquin,,,合格,2024,4
7,4,黃麴毒素 Aflatoxin,,,合格,2024,4
7,5,汞 Hg,,,合格,2024,4
7,6,砷 As,,,合格,2024,4
7,7,無機砷 iAs,,,合格,2024,4
7,8,鉛 Pb,,,合格,2024,4
7,9,鎘 Cd,,,合格,2024,4
7,10,亞硝酸鹽(NO2-) Nitrite,,,合格,2024,4
7,11,沙門氏桿菌 Salmonella,,,合格,2024,4
7,12,病原性大腸桿菌 Enteropathogenic Escherichia coli,,,合格,2024,4
7,13,產氣莢膜桿菌 Clostridium perfringens,,,合格,2024,4
7,14,單核球增多性李斯特菌 Listeria monocytogenes,,,合格,2024,4
7,15,滴滴涕 DDT,,,合格,2024,4
7,16,蟲必死 BHC,,,合格,2024,4
7,17,阿特靈 Aldrin,,,合格,2024,4
7,18,地特靈 Dieldrin,,,合格,2024,4
7,19,安特靈 Endrin,,,合格,2024,4
7,20,飛佈達 Heptachlor,,,合格,2024,4
7,21,三聚氰胺 Melamine,,,合格,2024,4
8,0,丁基羥基甲氧苯(BHA),,,合格,2024,4
8,1,二丁基羥基甲苯(BHT),,,合格,2024,4
8,2,丙二醇,,,合格,2024,4
8,3,衣索金 Ethoxyquin,,,合格,2024,4
8,4,黃麴毒素 Aflatoxin,,,合格,2024,4
8,5,汞 Hg,,,合格,2024,4
8,6,砷 As,,,合格,2024,4
8,7,無機砷 iAs,,,合格,2024,4
8,8,鉛 Pb,,,合格,2024,4
8,9,鎘 Cd,,,合格,2024,4
8,10,亞硝酸鹽(NO2-) Nitrite,,,合格,2024,4
8,11,沙門氏桿菌 Salmonella,,,合格,2024,4
8,12,病原性大腸桿菌 Enteropathogenic Escherichia coli,,,合格,2024,4
8,13,產氣莢膜桿菌 Clostridium perfringens,,,合格,2024,4
8,14,單核球增多性李斯特菌 Listeria monocytogenes,,,合格,2024,4
8,15,滴滴涕 DDT,,,合格,2024,4
8,16,蟲必死 BHC,,,合格,2024,4
8,17,阿特靈 Aldrin,,,合格,2024,4
8,18,地特靈 Dieldrin,,,合格,2024,4
8,19,安特靈 Endrin,,,合格,2024,4
8,20,飛佈達 Heptachlor,,,合格,2024,4
8,21,三聚氰胺 Melamine,,,合格,2024,4
9,0,丁基羥基甲氧苯(BHA),,,合格,2024,4
9,1,二丁基羥基甲苯(BHT),,,合格,2024,4
9,2,丙二醇,,,合格,2024,4
9,3,衣索金 Ethoxyquin,,,合格,2024,4
9,4,黃麴毒素 Aflatoxin,,,合格,2024,4
9,5,汞 Hg,,,合格,2024,4
9,6,砷 As,,,合格,2024,4
9,7,無機砷 iAs,,,合格,2024,4
9,8,鉛 Pb,,,合格,2024,4
9,9,鎘 Cd,,,合格,2024,4
9,10,亞硝酸鹽(NO2-) Nitrite,,,合格,2024,4
9,11,沙門氏桿菌 Salmonella,,,合格,2024,4
9,12,病原性大腸桿菌 Enteropathogenic Escherichia coli,,,合格,2024,4
9,13,產氣莢膜桿菌 Clostridium perfringens,,,合格,2024,4
9,14,單核球增多性李斯特菌 Listeria monocytogenes,,,合格,2024,4
9,15,滴滴涕 DDT,,,合格,2024,4
9,16,蟲必死 BHC,,,合格,2024,4
9,17,阿特靈 Aldrin,,,合格,2024,4
9,18,地特靈 Dieldrin,,,合格,2024,4
9,19,安特靈 Endrin,,,合格,2024,4
9,20,飛佈達 Heptachlor,,,合格,2024,4
9,21,三聚氰胺 Melamine,,,合格,2024,4
10,0,丁基羥基甲氧苯(BHA),,,合格,2024,4
10,1,二丁基羥基甲苯(BHT),,,合格,2024,4
10,2,丙二醇,,,合格,2024,4
10,3,衣索金 Ethoxyquin,,,合格,2024,4
10,4,黃麴毒素 Aflatoxin,,,合格,2024,4
10,5,汞 Hg,,,合格,2024,4
10,6,砷 As,,,合格,2024,4
10,7,無機砷 iAs,,,合格,2024,4
10,8,鉛 Pb,,,合格,2024,4
10,9,鎘 Cd,,,合格,2024,4
10,10,亞硝酸鹽(NO2-) Nitrite,,,合格,2024,4
10,11,沙門氏桿菌 Salmonella,,,合格,2024,4
10,12,病原性大腸桿菌 Enteropathogenic Escherichia coli,,,合格,2024,4
10,13,產氣莢膜桿菌 Clostridium perfringens,,,合格,2024,4
10,14,單核球增多性李斯特菌 Listeria monocytogenes,,,合格,2024,4
10,15,滴滴涕 DDT,,,合格,2024,4
10,16,蟲必死 BHC,,,合格,2024,4
10,17,阿特靈 Aldrin,,,合格,2024,4
10,18,地特靈 Dieldrin,,,合格,2024,4
10,19,安特靈 Endrin,,,合格,2024,4
10,20,飛佈達 Heptachlor,,,合格,2024,4
10,21,三聚氰胺 Melamine,,,合格,2024,4
11,0,丁基羥基甲氧苯(BHA),,,合格,2024,4
11,1,二丁基羥基甲苯(BHT),,,合格,2024,4
11,2,丙二醇,,,合格,2024,4
11,3,衣索金 Ethoxyquin,,,合格,2024,4
11,4,黃麴毒素 Aflatoxin,,,合格,2024,4
11,5,汞 Hg,,,合格,2024,4
11,6,砷 As,,,合格,2024,4
11,7,無機砷 iAs,,,合格,2024,4
11,8,鉛 Pb,,,合格,2024,4
11,9,鎘 Cd,,,合格,2024,4
11,10,亞硝酸鹽(NO2-) Nitrite,,,合格,2024,4
11,11,沙門氏桿菌 Salmonella,,,合格,2024,4
11,12,病原性大腸桿菌 Enteropathogenic Escherichia coli,,,合格,2024,4
11,13,產氣莢膜桿菌 Clostridium perfringens,,,合格,2024,4
11,14,單核球增多性李斯特菌 Listeria monocytogenes,,,合格,2024,4
11,15,滴滴涕 DDT,,,合格,2024,4
11,16,蟲必死 BHC,,,合格,2024,4
11,17,阿特靈 Aldrin,,,合格,2024,4
11,18,地特靈 Dieldrin,,,合格,2024,4
11,19,安特靈 Endrin,,,合格,2024,4
11,20,飛佈達 Heptachlor,,,合格,2024,4
11,21,三聚氰胺 Melamine,,,合格,2024,4
12,0,丁基羥基甲氧苯(BHA),,,合格,2024,4
12,1,二丁基羥基甲苯(BHT),,,合格,2024,4
12,2,丙二醇,,,合格,2024,4
12,3,衣索金 Ethoxyquin,,,合格,2024,4
12,4,黃麴毒素 Aflatoxin,,,合格,2024,4
12,5,汞 Hg,,,合格,2024,4
12,6,砷 As,,,合格,2024,4
12,7,無機砷 iAs,,,合格,2024,4
12,8,鉛 Pb,,,合格,2024,4
12,9,鎘 Cd,,,合格,2024,4
12,10,亞硝酸鹽(NO2-) Nitrite,,,合格,2024,4
12,11,沙門氏桿菌 Salmonella,,,合格,2024,4
12,12,病原性大腸桿菌 Enteropathogenic Escherichia coli,,,合格,2024,4
12,13,產氣莢膜桿菌 Clostridium perfringens,,,合格,2024,4
12,14,單核球增多性李斯特菌 Listeria monocytogenes,,,合格,2024,4
12,15,滴滴涕 DDT,,,合格,2024,4
12,16,蟲必死 BHC,,,合格,2024,4
12,17,阿特靈 Aldrin,,,合格,2024,4
12,18,地特靈 Dieldrin,,,合格,2024,4
12,19,安特靈 Endrin,,,合格,2024,4
12,20,飛佈達 Heptachlor,,,合格,2024,4
12,21,三聚氰胺 Melamine,,,合格,2024,4
13,0,丁基羥基甲氧苯(BHA),,,合格,2024,4
13,1,二丁基羥基甲苯(BHT),,,合格,2024,4
13,2,丙二醇,,,合格,2024,4
13,3,衣索金 Ethoxyquin,,,合格,2024,4
13,4,黃麴毒素 Aflatoxin,,,合格,2024,4
13,5,汞 Hg,,,合格,2024,4
13,6,砷 As,,,合格,2024,4
13,7,無機砷 iAs,,,合格,2024,4
13,8,鉛 Pb,,,合格,2024,4
13,9,鎘 Cd,,,合格,2024,4
13,10,亞硝酸鹽(NO2-) Nitrite,,,合格,2024,4
13,11,沙門氏桿菌 Salmonella,,,合格,2024,4
13,12,病原性大腸桿菌 Enteropathogenic Escherichia coli,,,合格,2024,4
13,13,產氣莢膜桿菌 Clostridium perfringens,,,合格,2024,4
13,14,單核球增多性李斯特菌 Listeria monocytogenes,,,合格,2024,4
13,15,滴滴涕 DDT,,,合格,2024,4
13,16,蟲必死 BHC,,,合格,2024,4
13,17,阿特靈 Aldrin,,,合格,2024,4
13,18,地特靈 Dieldrin,,,合格,2024,4
13,19,安特靈 Endrin,,,合格,2024,4
13,20,飛佈達 Heptachlor,,,合格,2024,4
13,21,三聚氰胺 Melamine,,,合格,2024,4
14,0,丁基羥基甲氧苯(BHA),,,合格,2024,4
14,1,二丁基羥基甲苯(BHT),,,合格,2024,4
14,2,丙二醇,,,合格,2024,4
14,3,衣索金 Ethoxyquin,,,合格,2024,4
14,4,黃麴毒素 Aflatoxin,,,合格,2024,4
14,5,汞 Hg,,,合格,2024,4
14,6,砷 As,,,合格,2024,4
14,7,無機砷 iAs,,,合格,2024,4
14,8,鉛 Pb,,,合格,2024,4
14,9,鎘 Cd,,,合格,2024,4
14,10,亞硝酸鹽(NO2-) Nitrite,,,合格,2024,4
14,11,沙門氏桿菌 Salmonella,,,合格,2024,4
14,12,病原性大腸桿菌 Enteropathogenic Escherichia coli,,,合格,2024,4
14,13,產氣莢膜桿菌 Clostridium perfringens,,,合格,2024,4
14,14,單核球增多性李斯特菌 Listeria monocytogenes,,,合格,2024,4
14,15,滴滴涕 DDT,,,合格,2024,4
14,16,蟲必死 BHC,,,合格,2024,4
14,17,阿特靈 Aldrin,,,合格,2024,4
14,18,地特靈 Dieldrin,,,合格,2024,4
14,19,安特靈 Endrin,,,合格,2024,4
14,20,飛佈達 Heptachlor,,,合格,2024,4
14,21,三聚氰胺 Melamine,,,合格,2024,4
15,0,丁基羥基甲氧苯(BHA),,,合格,2024,4
15,1,二丁基羥基甲苯(BHT),,,合格,2024,4
15,2,丙二醇,,,合格,2024,4
15,3,衣索金 Ethoxyquin,,,合格,2024,4
15,4,黃麴毒素 Aflatoxin,,,合格,2024,4
15,5,汞 Hg,,,合格,2024,4
15,6,砷 As,,,合格,2024,4
15,7,無機砷 iAs,,,合格,2024,4
15,8,鉛 Pb,,,合格,2024,4
15,9,鎘 Cd,,,合格,2024,4
15,10,亞硝酸鹽(NO2-) Nitrite,,,合格,2024,4
15,11,沙門氏桿菌 Salmonella,,,合格,2024,4
15,12,病原性大腸桿菌 Enteropathogenic Escherichia coli,,,合格,2024,4
15,13,產氣莢膜桿菌 Clostridium perfringens,,,合格,2024,4
15,14,單核球增多性李斯特菌 Listeria monocytogenes,,,合格,2024,4
15,15,滴滴涕 DDT,,,合格,2024,4
15,16,蟲必死 BHC,,,合格,2024,4
15,17,阿特靈 Aldrin,,,合格,2024,4
15,18,地特靈 Dieldrin,,,合格,2024,4
15,19,安特靈 Endrin,,,合格,2024,4
15,20,飛佈達 Heptachlor,,,合格,2024,4
15,21,三聚氰胺 Melamine,,,合格,2024,4
16,0,丁基羥基甲氧苯(BHA),,,合格,2024,4
16,1,二丁基羥基甲苯(BHT),,,合格,2024,4
16,2,丙二醇,,,合格,2024,4
16,3,衣索金 Ethoxyquin,,,合格,2024,4
16,4,黃麴毒素 Aflatoxin,,,合格,2024,4
16,5,汞 Hg,,,合格,2024,4
16,6,砷 As,,,合格,2024,4
16,7,無機砷 iAs,,,合格,2024,4
16,8,鉛 Pb,,,合格,2024,4
16,9,鎘 Cd,,,合格,2024,4
16,10,亞硝酸鹽(NO2-) Nitrite,,,合格,2024,4
16,11,沙門氏桿菌 Salmonella,,,合格,2024,4
16,12,病原性大腸桿菌 Enteropathogenic Escherichia coli,,,合格,2024,4
16,13,產氣莢膜桿菌 Clostridium perfringens,,,合格,2024,4
16,14,單核球增多性李斯特菌 Listeria monocytogenes,,,合格,2024,4
16,15,滴滴涕 DDT,,,合格,2024,4
16,16,蟲必死 BHC,,,合格,2024,4
16,17,阿特靈 Aldrin,,,合格,2024,4
16,18,地特靈 Dieldrin,,,合格,2024,4
16,19,安特靈 Endrin,,,合格,2024,4
16,20,飛佈達 Heptachlor,,,合格,2024,4
16,21,三聚氰胺 Melamine,,,合格,2024,4
17,0,丁基羥基甲氧苯(BHA),,,合格,2024,4
17,1,二丁基羥基甲苯(BHT),,,合格,2024,4
17,2,丙二醇,,,合格,2024,4
17,3,衣索金 Ethoxyquin,,,合格,2024,4
17,4,黃麴毒素 Aflatoxin,,,合格,2024,4
17,5,汞 Hg,,,合格,2024,4
17,6,砷 As,,,合格,2024,4
17,7,無機砷 iAs,,,合格,2024,4
17,8,鉛 Pb,,,合格,2024,4
17,9,鎘 Cd,,,合格,2024,4
17,10,亞硝酸鹽(NO2-) Nitrite,,,合格,2024,4
17,11,沙門氏桿菌 Salmonella,,,合格,2024,4
17,12,病原性大腸桿菌 Enteropathogenic Escherichia coli,,,合格,2024,4
17,13,產氣莢膜桿菌 Clostridium perfringens,,,合格,2024,4
17,14,單核球增多性李斯特菌 Listeria monocytogenes,,,合格,2024,4
17,15,滴滴涕 DDT,,,合格,2024,4
17,16,蟲必死 BHC,,,合格,2024,4
17,17,阿特靈 Aldrin,,,合格,2024,4
17,18,地特靈 Dieldrin,,,合格,2024,4
17,19,安特靈 Endrin,,,合格,2024,4
17,20,飛佈達 Heptachlor,,,合格,2024,4
17,21,三聚氰胺 Melamine,,,合格,2024,4
18,0,丁基羥基甲氧苯(BHA),,,合格,2024,4
18,1,二丁基羥基甲苯(BHT),,,合格,2024,4
18,2,丙二醇,,,合格,2024,4
18,3,衣索金 Ethoxyquin,,,合格,2024,4
18,4,黃麴毒素 Aflatoxin,,,合格,2024,4
18,5,汞 Hg,,,合格,2024,4
18,6,砷 As,,,合格,2024,4
18,7,無機砷 iAs,,,合格,2024,4
18,8,鉛 Pb,,,合格,2024,4
18,9,鎘 Cd,,,合格,2024,4
18,10,亞硝酸鹽(NO2-) Nitrite,,,合格,2024,4
18,11,沙門氏桿菌 Salmonella,,,合格,2024,4
18,12,病原性大腸桿菌 Enteropathogenic Escherichia coli,,,合格,2024,4
18,13,產氣莢膜桿菌 Clostridium perfringens,,,合格,2024,4
18,14,單核球增多性李斯特菌 Listeria monocytogenes,,,合格,2024,4
18,15,滴滴涕 DDT,,,合格,2024,4
18,16,蟲必死 BHC,,,合格,2024,4
18,17,阿特靈 Aldrin,,,合格,2024,4
18,18,地特靈 Dieldrin,,,合格,2024,4
18,19,安特靈 Endrin,,,合格,2024,4
18,20,飛佈達 Heptachlor,,,合格,2024,4
18,21,三聚氰胺 Melamine,,,合格,2024,4
19,0,丁基羥基甲氧苯(BHA),,,合格,2024,4
19,1,二丁基羥基甲苯(BHT),,,合格,2024,4
19,2,丙二醇,,,合格,2024,4
19,3,衣索金 Ethoxyquin,,,合格,2024,4
19,4,黃麴毒素 Aflatoxin,,,合格,2024,4
19,5,汞 Hg,,,合格,2024,4
19,6,砷 As,,,合格,2024,4
19,7,無機砷 iAs,,,合格,2024,4
19,8,鉛 Pb,,,合格,2024,4
19,9,鎘 Cd,,,合格,2024,4
19,10,亞硝酸鹽(NO2-) Nitrite,,,合格,2024,4
19,11,沙門氏桿菌 Salmonella,,,合格,2024,4
19,12,病原性大腸桿菌 Enteropathogenic Escherichia coli,,,合格,2024,4
19,13,產氣莢膜桿菌 Clostridium perfringens,,,合格,2024,4
19,14,單核球增多性李斯特菌 Listeria monocytogenes,,,合格,2024,4
19,15,滴滴涕 DDT,,,合格,2024,4
19,16,蟲必死 BHC,,,合格,2024,4
19,17,阿特靈 Aldrin,,,合格,2024,4
19,18,地特靈 Dieldrin,,,合格,2024,4
19,19,安特靈 Endrin,,,合格,2024,4
19,20,飛佈達 Heptachlor,,,合格,2024,4
19,21,三聚氰胺 Melamine,,,合格,2024,4
20,0,丁基羥基甲氧苯(BHA),,,合格,2024,4
20,1,二丁基羥基甲苯(BHT),,,合格,2024,4
20,2,丙二醇,,,合格,2024,4
20,3,衣索金 Ethoxyquin,,,合格,2024,4
20,4,黃麴毒素 Aflatoxin,,,合格,2024,4
20,5,汞 Hg,,,合格,2024,4
20,6,砷 As,,,合格,2024,4
20,7,無機砷 iAs,,,合格,2024,4
20,8,鉛 Pb,,,合格,2024,4
20,9,鎘 Cd,,,合格,2024,4
20,10,亞硝酸鹽(NO2-) Nitrite,,,合格,2024,4
20,11,沙門氏桿菌 Salmonella,,,合格,2024,4
20,12,病原性大腸桿菌 Enteropathogenic Escherichia coli,,,合格,2024,4
20,13,產氣莢膜桿菌 Clostridium perfringens,,,合格,2024,4
20,14,單核球增多性李斯特菌 Listeria monocytogenes,,,合格,2024,4
20,15,滴滴涕 DDT,,,合格,2024,4
20,16,蟲必死 BHC,,,合格,2024,4
20,17,阿特靈 Aldrin,,,合格,2024,4
20,18,地特靈 Dieldrin,,,合格,2024,4
20,19,安特靈 Endrin,,,合格,2024,4
20,20,飛佈達 Heptachlor,,,合格,2024,4
20,21,三聚氰胺 Melamine,,,合格,2024,4
21,0,丁基羥基甲氧苯(BHA),,,合格,2024,4
21,1,二丁基羥基甲苯(BHT),,,合格,2024,4
21,2,丙二醇,,,合格,2024,4
21,3,衣索金 Ethoxyquin,,,合格,2024,4
21,4,黃麴毒素 Aflatoxin,,,合格,2024,4
21,5,汞 Hg,,,合格,2024,4
21,6,砷 As,,,合格,2024,4
21,7,無機砷 iAs,,,合格,2024,4
21,8,鉛 Pb,,,合格,2024,4
21,9,鎘 Cd,,,合格,2024,4
21,10,亞硝酸鹽(NO2-) Nitrite,,,合格,2024,4
21,11,沙門氏桿菌 Salmonella,,,合格,2024,4
21,12,病原性大腸桿菌 Enteropathogenic Escherichia coli,,,合格,2024,4
21,13,產氣莢膜桿菌 Clostridium perfringens,,,合格,2024,4
21,14,單核球增多性李斯特菌 Listeria monocytogenes,,,合格,2024,4
21,15,滴滴涕 DDT,,,合格,2024,4
21,16,蟲必死 BHC,,,合格,2024,4
21,17,阿特靈 Aldrin,,,合格,2024,4
21,18,地特靈 Dieldrin,,,合格,2024,4
21,19,安特靈 Endrin,,,合格,2024,4
21,20,飛佈達 Heptachlor,,,合格,2024,4
21,21,三聚氰胺 Melamine,,,合格,2024,4
22,0,丁基羥基甲氧苯(BHA),,,合格,2024,4
22,1,二丁基羥基甲苯(BHT),,,合格,2024,4
22,2,丙二醇,,,合格,2024,4
22,3,衣索金 Ethoxyquin,,,合格,2024,4
22,4,黃麴毒素 Aflatoxin,,,合格,2024,4
22,5,汞 Hg,,,合格,2024,4
22,6,砷 As,,,合格,2024,4
22,7,無機砷 iAs,,,合格,2024,4
22,8,鉛 Pb,,,合格,2024,4
22,9,鎘 Cd,,,合格,2024,4
22,10,亞硝酸鹽(NO2-) Nitrite,,,合格,2024,4
22,11,沙門氏桿菌 Salmonella,,,合格,2024,4
22,12,病原性大腸桿菌 Enteropathogenic Escherichia coli,,,合格,2024,4
22,13,產氣莢膜桿菌 Clostridium perfringens,,,合格,2024,4
22,14,單核球增多性李斯特菌 Listeria monocytogenes,,,合格,2024,4
22,15,滴滴涕 DDT,,,合格,2024,4
22,16,蟲必死 BHC,,,合格,2024,4
22,17,阿特靈 Aldrin,,,合格,2024,4
22,18,地特靈 Dieldrin,,,合格,2024,4
22,19,安特靈 Endrin,,,合格,2024,4
22,20,飛佈達 Heptachlor,,,合格,2024,4
22,21,三聚氰胺 Melamine,,,合格,2024,4
23,0,丁基羥基甲氧苯(BHA),,,合格,2024,4
23,1,二丁基羥基甲苯(BHT),,,合格,2024,4
23,2,丙二醇,,,合格,2024,4
23,3,衣索金 Ethoxyquin,,,合格,2024,4
23,4,黃麴毒素 Aflatoxin,,,合格,2024,4
23,5,汞 Hg,,,合格,2024,4
23,6,砷 As,,,合格,2024,4
23,7,無機砷 iAs,,,合格,2024,4
23,8,鉛 Pb,,,合格,2024,4
23,9,鎘 Cd,,,合格,2024,4
23,10,亞硝酸鹽(NO2-) Nitrite,,,合格,2024,4
23,11,沙門氏桿菌 Salmonella,,,合格,2024,4
23,12,病原性大腸桿菌 Enteropathogenic Escherichia coli,,,合格,2024,4
23,13,產氣莢膜桿菌 Clostridium perfringens,,,合格,2024,4
23,14,單核球增多性李斯特菌 Listeria monocytogenes,,,合格,2024,4
23,15,滴滴涕 DDT,,,合格,2024,4
23,16,蟲必死 BHC,,,合格,2024,4
23,17,阿特靈 Aldrin,,,合格,2024,4
23,18,地特靈 Dieldrin,,,合格,2024,4
23,19,安特靈 Endrin,,,合格,2024,4
23,20,飛佈達 Heptachlor,,,合格,2024,4
23,21,三聚氰胺 Melamine,,,合格,2024,4
24,0,丁基羥基甲氧苯(BHA),,,合格,2024,4
24,1,二丁基羥基甲苯(BHT),,,合格,2024,4
24,2,丙二醇,,,合格,2024,4
24,3,衣索金 Ethoxyquin,,,合格,2024,4
24,4,黃麴毒素 Aflatoxin,,,合格,2024,4
24,5,汞 Hg,,,合格,2024,4
24,6,砷 As,,,合格,2024,4
24,7,無機砷 iAs,,,合格,2024,4
24,8,鉛 Pb,,,合格,2024,4
24,9,鎘 Cd,,,合格,2024,4
24,10,亞硝酸鹽(NO2-) Nitrite,,,合格,2024,4
24,11,沙門氏桿菌 Salmonella,,,合格,2024,4
24,12,病原性大腸桿菌 Enteropathogenic Escherichia coli,,,合格,2024,4
24,13,產氣莢膜桿菌 Clostridium perfringens,,,合格,2024,4
24,14,單核球增多性李斯特菌 Listeria monocytogenes,,,合格,2024,4
24,15,滴滴涕 DDT,,,合格,2024,4
24,16,蟲必死 BHC,,,合格,2024,4
24,17,阿特靈 Aldrin,,,合格,2024,4
24,18,地特靈 Dieldrin,,,合格,2024,4
24,19,安特靈 Endrin,,,合格,2024,4
24,20,飛佈達 Heptachlor,,,合格,2024,4
24,21,三聚氰胺 Melamine,,,合格,2024,4
25,0,丁基羥基甲氧苯(BHA),,,合格,2024,4
25,1,二丁基羥基甲苯(BHT),,,合格,2024,4
25,2,丙二醇,,,合格,2024,4
25,3,衣索金 Ethoxyquin,,,合格,2024,4
25,4,黃麴毒素 Aflatoxin,,,合格,2024,4
25,5,汞 Hg,,,合格,2024,4
25,6,砷 As,,,合格,2024,4
25,7,無機砷 iAs,,,合格,2024,4
25,8,鉛 Pb,,,合格,2024,4
25,9,鎘 Cd,,,合格,2024,4
25,10,亞硝酸鹽(NO2-) Nitrite,,,合格,2024,4
25,11,沙門氏桿菌 Salmonella,,,合格,2024,4
25,12,病原性大腸桿菌 Enteropathogenic Escherichia coli,,,合格,2024,4
25,13,產氣莢膜桿菌 Clostridium perfringens,,,合格,2024,4
25,14,單核球增多性李斯特菌 Listeria monocytogenes,,,合格,2024,4
25,15,滴滴涕 DDT,,,合格,2024,4
25,16,蟲必死 BHC,,,合格,2024,4
25,17,阿特靈 Aldrin,,,合格,2024,4
25,18,地特靈 Dieldrin,,,合格,2024,4
25,19,安特靈 Endrin,,,合格,2024,4
25,20,飛佈達 Heptachlor,,,合格,2024,4
25,21,三聚氰胺 Melamine,,,合格,2024,4
26,0,丁基羥基甲氧苯(BHA),,,合格,2024,4
26,1,二丁基羥基甲苯(BHT),,,合格,2024,4
26,2,丙二醇,,,合格,2024,4
26,3,衣索金 Ethoxyquin,,,合格,2024,4
26,4,黃麴毒素 Aflatoxin,,,合格,2024,4
26,5,汞 Hg,,,合格,2024,4
26,6,砷 As,,,合格,2024,4
26,7,無機砷 iAs,,,合格,2024,4
26,8,鉛 Pb,,,合格,2024,4
26,9,鎘 Cd,,,合格,2024,4
26,10,亞硝酸鹽(NO2-) Nitrite,,,合格,2024,4
26,11,沙門氏桿菌 Salmonella,,,合格,2024,4
26,12,病原性大腸桿菌 Enteropathogenic Escherichia coli,,,合格,2024,4
26,13,產氣莢膜桿菌 Clostridium perfringens,,,合格,2024,4
26,14,單核球增多性李斯特菌 Listeria monocytogenes,,,合格,2024,4
26,15,滴滴涕 DDT,,,合格,2024,4
26,16,蟲必死 BHC,,,合格,2024,4
26,17,阿特靈 Aldrin,,,合格,2024,4
26,18,地特靈 Dieldrin,,,合格,2024,4
26,19,安特靈 Endrin,,,合格,2024,4
26,20,飛佈達 Heptachlor,,,合格,2024,4
26,21,三聚氰胺 Melamine,,,合格,2024,4
27,0,黃麴毒素 Aflatoxin,,,合格,2024,4
28,0,黃麴毒素 Aflatoxin,,,合格,2024,4
29,0,黃麴毒素 Aflatoxin,,,合格,2024,4
30,0,黃麴毒素 Aflatoxin,,,合格,2024,4
31,0,黃麴毒素 Aflatoxin,,,合格,2024,4
32,0,黃麴毒素 Aflatoxin,,,合格,2024,4
33,0,黃麴毒素 Aflatoxin,,,合格,2024,4
34,0,黃麴毒素 Aflatoxin,,,合格,2024,4
35,0,黃麴毒素 Aflatoxin,,,合格,2024,4
36,0,黃麴毒素 Aflatoxin,,,合格,2024,4
37,0,黃麴毒素 Aflatoxin,,,合格,2024,4
38,0,黃麴毒素 Aflatoxin,,,合格,2024,4
39,0,黃麴毒素 Aflatoxin,,,合格,2024,4
40,0,黃麴毒素 Aflatoxin,,,合格,2024,4
41,0,黃麴毒素 Aflatoxin,,,合格,2024,4
42,0,黃麴毒素 Aflatoxin,,,合格,2024,4
43,0,黃麴毒素 Aflatoxin,,,合格,2024,4
44,0,黃麴毒素 Aflatoxin,,,合格,2024,4
45,0,黃麴毒素 Aflatoxin,,,合格,2024,4
46,0,黃麴毒素 Aflatoxin,,,合格,2024,4
47,0,黃麴毒素 Aflatoxin,,,合格,2024,4
48,0,黃麴毒素 Aflatoxin,,,合格,2024,4
0,0,丁基羥基甲氧苯(BHA),,,合格,2024,5
0,1,二丁基羥基甲苯(BHT),,,合格,2024,5
0,2,丙二醇,,,合格,2024,5
0,3,衣索金 Ethoxyquin,,,合格,2024,5
0,4,黃麴毒素 Aflatoxin,,,合格,2024,5
0,5,汞 Hg,,,合格,2024,5
0,6,砷 As,,,合格,2024,5
0,7,無機砷 iAs,,,合格,2024,5
0,8,鉛 Pb,,,合格,2024,5
0,9,鎘 Cd,,,合格,2024,5
0,10,亞硝酸鹽(NO2-) Nitrite,,,合格,2024,5
0,11,沙門氏桿菌 Salmonella,,,合格,2024,5
0,12,病原性大腸桿菌 Enteropathogenic Escherichia coli,,,合格,2024,5
0,13,產氣莢膜桿菌 Clostridium perfringens,,,合格,2024,5
0,14,單核球增多性李斯特菌 Listeria monocytogenes,,,合格,2024,5
0,15,滴滴涕 DDT,,,合格,2024,5
0,16,蟲必死 BHC,,,合格,2024,5
0,17,阿特靈 Aldrin,,,合格,2024,5
0,18,地特靈 Dieldrin,,,合格,2024,5
0,19,安特靈 Endrin,,,合格,2024,5
0,20,飛佈達 Heptachlor,,,合格,2024,5
0,21,三聚氰胺 Melamine,,,合格,2024,5
1,0,丁基羥基甲氧苯(BHA),,,合格,2024,5
1,1,二丁基羥基甲苯(BHT),,,合格,2024,5
1,2,丙二醇,,,合格,2024,5
1,3,衣索金 Ethoxyquin,,,合格,2024,5
1,4,黃麴毒素 Aflatoxin,,,合格,2024,5
1,5,汞 Hg,,,合格,2024,5
1,6,砷 As,,,合格,2024,5
1,7,無機砷 iAs,,,合格,2024,5
1,8,鉛 Pb,,,合格,2024,5
1,9,鎘 Cd,,,合格,2024,5
1,10,亞硝酸鹽(NO2-) Nitrite,,,合格,2024,5
1,11,沙門氏桿菌 Salmonella,,,合格,2024,5
1,12,病原性大腸桿菌 Enteropathogenic Escherichia coli,,,合格,2024,5
1,13,產氣莢膜桿菌 Clostridium perfringens,,,合格,2024,5
1,14,單核球增多性李斯特菌 Listeria monocytogenes,,,合格,2024,5
1,15,滴滴涕 DDT,,,合格,2024,5
1,16,蟲必死 BHC,,,合格,2024,5
1,17,阿特靈 Aldrin,,,合格,2024,5
1,18,地特靈 Dieldrin,,,合格,2024,5
1,19,安特靈 Endrin,,,合格,2024,5
1,20,飛佈達 Heptachlor,,,合格,2024,5
1,21,三聚氰胺 Melamine,,,合格,2024,5
2,0,丁基羥基甲氧苯(BHA),,,合格,2024,5
2,1,二丁基羥基甲苯(BHT),,,合格,2024,5
2,2,丙二醇,,,合格,2024,5
2,3,衣索金 Ethoxyquin,,,合格,2024,5
2,4,黃麴毒素 Aflatoxin,,,合格,2024,5
2,5,汞 Hg,,,合格,2024,5
2,6,砷 As,,,合格,2024,5
2,7,無機砷 iAs,,,合格,2024,5
2,8,鉛 Pb,,,合格,2024,5
2,9,鎘 Cd,,,合格,2024,5
2,10,亞硝酸鹽(NO2-) Nitrite,,,合格,2024,5
2,11,沙門氏桿菌 Salmonella,,,合格,2024,5
2,12,病原性大腸桿菌 Enteropathogenic Escherichia coli,,,合格,2024,5
2,13,產氣莢膜桿菌 Clostridium perfringens,,,合格,2024,5
2,14,單核球增多性李斯特菌 Listeria monocytogenes,,,合格,2024,5
2,15,滴滴涕 DDT,,,合格,2024,5
2,16,蟲必死 BHC,,,合格,2024,5
2,17,阿特靈 Aldrin,,,合格,2024,5
2,18,地特靈 Dieldrin,,,合格,2024,5
2,19,安特靈 Endrin,,,合格,2024,5
2,20,飛佈達 Heptachlor,,,合格,2024,5
2,21,三聚氰胺 Melamine,,,合格,2024,5
3,0,丁基羥基甲氧苯(BHA),,,合格,2024,5
3,1,二丁基羥基甲苯(BHT),,,合格,2024,5
3,2,丙二醇,,,合格,2024,5
3,3,衣索金 Ethoxyquin,,,合格,2024,5
3,4,黃麴毒素 Aflatoxin,,,合格,2024,5
3,5,汞 Hg,,,合格,2024,5
3,6,砷 As,,,合格,2024,5
3,7,無機砷 iAs,,,合格,2024,5
3,8,鉛 Pb,,,合格,2024,5
3,9,鎘 Cd,,,合格,2024,5
3,10,亞硝酸鹽(NO2-) Nitrite,,,合格,2024,5
3,11,沙門氏桿菌 Salmonella,,,合格,2024,5
3,12,病原性大腸桿菌 Enteropathogenic Escherichia coli,,,合格,2024,5
3,13,產氣莢膜桿菌 Clostridium perfringens,,,合格,2024,5
3,14,單核球增多性李斯特菌 Listeria monocytogenes,,,合格,2024,5
3,15,滴滴涕 DDT,,,合格,2024,5
3,16,蟲必死 BHC,,,合格,2024,5
3,17,阿特靈 Aldrin,,,合格,2024,5
3,18,地特靈 Dieldrin,,,合格,2024,5
3,19,安特靈 Endrin,,,合格,2024,5
3,20,飛佈達 Heptachlor,,,合格,2024,5
3,21,三聚氰胺 Melamine,,,合格,2024,5
4,0,丁基羥基甲氧苯(BHA),,,合格,2024,5
4,1,二丁基羥基甲苯(BHT),,,合格,2024,5
4,2,丙二醇,,,合格,2024,5
4,3,衣索金 Ethoxyquin,,,合格,2024,5
4,4,黃麴毒素 Aflatoxin,,,合格,2024,5
4,5,汞 Hg,,,合格,2024,5
4,6,砷 As,,,合格,2024,5
4,7,無機砷 iAs,,,合格,2024,5
4,8,鉛 Pb,,,合格,2024,5
4,9,鎘 Cd,,,合格,2024,5
4,10,亞硝酸鹽(NO2-) Nitrite,,,合格,2024,5
4,11,沙門氏桿菌 Salmonella,,,合格,2024,5
4,12,病原性大腸桿菌 Enteropathogenic Escherichia coli,,,合格,2024,5
4,13,產氣莢膜桿菌 Clostridium perfringens,,,合格,2024,5
4,14,單核球增多性李斯特菌 Listeria monocytogenes,,,合格,2024,5
4,15,滴滴涕 DDT,,,合格,2024,5
4,16,蟲必死 BHC,,,合格,2024,5
4,17,阿特靈 Aldrin,,,合格,2024,5
4,18,地特靈 Dieldrin,,,合格,2024,5
4,19,安特靈 Endrin,,,合格,2024,5
4,20,飛佈達 Heptachlor,,,合格,2024,5
4,21,三聚氰胺 Melamine,,,合格,2024,5
5,0,丁基羥基甲氧苯(BHA),,,合格,2024,5
5,1,二丁基羥基甲苯(BHT),,,合格,2024,5
5,2,丙二醇,,,合格,2024,5
5,3,衣索金 Ethoxyquin,,,合格,2024,5
5,4,黃麴毒素 Aflatoxin,,,合格,2024,5
5,5,汞 Hg,,,合格,2024,5
5,6,砷 As,,,合格,2024,5
5,7,無機砷 iAs,,,合格,2024,5
5,8,鉛 Pb,,,合格,2024,5
5,9,鎘 Cd,,,合格,2024,5
5,10,亞硝酸鹽(NO2-) Nitrite,,,合格,2024,5
5,11,沙門氏桿菌 Salmonella,,,合格,2024,5
5,12,病原性大腸桿菌 Enteropathogenic Escherichia coli,,,合格,2024,5
5,13,產氣莢膜桿菌 Clostridium perfringens,,,合格,2024,5
5,14,單核球增多性李斯特菌 Listeria monocytogenes,,,合格,2024,5
5,15,滴滴涕 DDT,,,合格,2024,5
5,16,蟲必死 BHC,,,合格,2024,5
5,17,阿特靈 Aldrin,,,合格,2024,5
5,18,地特靈 Dieldrin,,,合格,2024,5
5,19,安特靈 Endrin,,,合格,2024,5
5,20,飛佈達 Heptachlor,,,合格,2024,5
5,21,三聚氰胺 Melamine,,,合格,2024,5
6,0,丁基羥基甲氧苯(BHA),,,合格,2024,5
6,1,二丁基羥基甲苯(BHT),,,合格,2024,5
6,2,丙二醇,,,合格,2024,5
6,3,衣索金 Ethoxyquin,,,合格,2024,5
6,4,黃麴毒素 Aflatoxin,,,合格,2024,5
6,5,汞 Hg,,,合格,2024,5
6,6,砷 As,,,合格,2024,5
6,7,無機砷 iAs,,,合格,2024,5
6,8,鉛 Pb,,,合格,2024,5
6,9,鎘 Cd,,,合格,2024,5
6,10,亞硝酸鹽(NO2-) Nitrite,,,合格,2024,5
6,11,沙門氏桿菌 Salmonella,,,合格,2024,5
6,12,病原性大腸桿菌 Enteropathogenic Escherichia coli,,,合格,2024,5
6,13,產氣莢膜桿菌 Clostridium perfringens,,,合格,2024,5
6,14,單核球增多性李斯特菌 Listeria monocytogenes,,,合格,2024,5
6,15,滴滴涕 DDT,,,合格,2024,5
6,16,蟲必死 BHC,,,合格,2024,5
6,17,阿特靈 Aldrin,,,合格,2024,5
6,18,地特靈 Dieldrin,,,合格,2024,5
6,19,安特靈 Endrin,,,合格,2024,5
6,20,飛佈達 Heptachlor,,,合格,2024,5
6,21,三聚氰胺 Melamine,,,合格,2024,5
7,0,丁基羥基甲氧苯(BHA),,,合格,2024,5
7,1,二丁基羥基甲苯(BHT),,,合格,2024,5
7,2,丙二醇,,,合格,2024,5
7,3,衣索金 Ethoxyquin,,,合格,2024,5
7,4,黃麴毒素 Aflatoxin,,,合格,2024,5
7,5,汞 Hg,,,合格,2024,5
7,6,砷 As,,,合格,2024,5
7,7,無機砷 iAs,,,合格,2024,5
7,8,鉛 Pb,,,合格,2024,5
7,9,鎘 Cd,,,合格,2024,5
7,10,亞硝酸鹽(NO2-) Nitrite,,,合格,2024,5
7,11,沙門氏桿菌 Salmonella,,,合格,2024,5
7,12,病原性大腸桿菌 Enteropathogenic Escherichia coli,,,合格,2024,5
7,13,產氣莢膜桿菌 Clostridium perfringens,,,合格,2024,5
7,14,單核球增多性李斯特菌 Listeria monocytogenes,,,合格,2024,5
7,15,滴滴涕 DDT,,,合格,2024,5
7,16,蟲必死 BHC,,,合格,2024,5
7,17,阿特靈 Aldrin,,,合格,2024,5
7,18,地特靈 Dieldrin,,,合格,2024,5
7,19,安特靈 Endrin,,,合格,2024,5
7,20,飛佈達 Heptachlor,,,合格,2024,5
7,21,三聚氰胺 Melamine,,,合格,2024,5
8,0,丁基羥基甲氧苯(BHA),,,合格,2024,5
8,1,二丁基羥基甲苯(BHT),,,合格,2024,5
8,2,丙二醇,,,合格,2024,5
8,3,衣索金 Ethoxyquin,,,合格,2024,5
8,4,黃麴毒素 Aflatoxin,,,合格,2024,5
8,5,汞 Hg,,,合格,2024,5
8,6,砷 As,,,合格,2024,5
8,7,無機砷 iAs,,,合格,2024,5
8,8,鉛 Pb,,,合格,2024,5
8,9,鎘 Cd,,,合格,2024,5
8,10,亞硝酸鹽(NO2-) Nitrite,,,合格,2024,5
8,11,沙門氏桿菌 Salmonella,,,合格,2024,5
8,12,病原性大腸桿菌 Enteropathogenic Escherichia coli,,,合格,2024,5
8,13,產氣莢膜桿菌 Clostridium perfringens,,,合格,2024,5
8,14,單核球增多性李斯特菌 Listeria monocytogenes,,,合格,2024,5
8,15,滴滴涕 DDT,,,合格,2024,5
8,16,蟲必死 BHC,,,合格,2024,5
8,17,阿特靈 Aldrin,,,合格,2024,5
8,18,地特靈 Dieldrin,,,合格,2024,5
8,19,安特靈 Endrin,,,合格,2024,5
8,20,飛佈達 Heptachlor,,,合格,2024,5
8,21,三聚氰胺 Melamine,,,合格,2024,5
9,0,丁基羥基甲氧苯(BHA),,,合格,2024,5
9,1,二丁基羥基甲苯(BHT),,,合格,2024,5
9,2,丙二醇,,,合格,2024,5
9,3,衣索金 Ethoxyquin,,,合格,2024,5
9,4,黃麴毒素 Aflatoxin,,,合格,2024,5
9,5,汞 Hg,,,合格,2024,5
9,6,砷 As,,,合格,2024,5
9,7,無機砷 iAs,,,合格,2024,5
9,8,鉛 Pb,,,合格,2024,5
9,9,鎘 Cd,,,合格,2024,5
9,10,亞硝酸鹽(NO2-) Nitrite,,,合格,2024,5
9,11,沙門氏桿菌 Salmonella,,,合格,2024,5
9,12,病原性大腸桿菌 Enteropathogenic Escherichia coli,,,合格,2024,5
9,13,產氣莢膜桿菌 Clostridium perfringens,,,合格,2024,5
9,14,單核球增多性李斯特菌 Listeria monocytogenes,,,合格,2024,5
9,15,滴滴涕 DDT,,,合格,2024,5
9,16,蟲必死 BHC,,,合格,2024,5
9,17,阿特靈 Aldrin,,,合格,2024,5
9,18,地特靈 Dieldrin,,,合格,2024,5
9,19,安特靈 Endrin,,,合格,2024,5
9,20,飛佈達 Heptachlor,,,合格,2024,5
9,21,三聚氰胺 Melamine,,,合格,2024,5
10,0,丁基羥基甲氧苯(BHA),,,合格,2024,5
10,1,二丁基羥基甲苯(BHT),,,合格,2024,5
10,2,丙二醇,,,合格,2024,5
10,3,衣索金 Ethoxyquin,,,合格,2024,5
10,4,黃麴毒素 Aflatoxin,,,合格,2024,5
10,5,汞 Hg,,,合格,2024,5
10,6,砷 As,,,合格,2024,5
10,7,無機砷 iAs,,,合格,2024,5
10,8,鉛 Pb,,,合格,2024,5
10,9,鎘 Cd,,,合格,2024,5
10,10,亞硝酸鹽(NO2-) Nitrite,,,合格,2024,5
10,11,沙門氏桿菌 Salmonella,,,合格,2024,5
10,12,病原性大腸桿菌 Enteropathogenic Escherichia coli,,,合格,2024,5
10,13,產氣莢膜桿菌 Clostridium perfringens,,,合格,2024,5
10,14,單核球增多性李斯特菌 Listeria monocytogenes,,,合格,2024,5
10,15,滴滴涕 DDT,,,合格,2024,5
10,16,蟲必死 BHC,,,合格,2024,5
10,17,阿特靈 Aldrin,,,合格,2024,5
10,18,地特靈 Dieldrin,,,合格,2024,5
10,19,安特靈 Endrin,,,合格,2024,5
10,20,飛佈達 Heptachlor,,,合格,2024,5
10,21,三聚氰胺 Melamine,,,合格,2024,5
11,0,丁基羥基甲氧苯(BHA),,,合格,2024,5
11,1,二丁基羥基甲苯(BHT),,,合格,2024,5
11,2,丙二醇,,,合格,2024,5
11,3,衣索金 Ethoxyquin,,,合格,2024,5
11,4,黃麴毒素 Aflatoxin,,,合格,2024,5
11,5,汞 Hg,,,合格,2024,5
11,6,砷 As,,,合格,2024,5
11,7,無機砷 iAs,,,合格,2024,5
11,8,鉛 Pb,,,合格,2024,5
11,9,鎘 Cd,,,合格,2024,5
11,10,亞硝酸鹽(NO2-) Nitrite,,,合格,2024,5
11,11,沙門氏桿菌 Salmonella,,,合格,2024,5
11,12,病原性大腸桿菌 Enteropathogenic Escherichia coli,,,合格,2024,5
11,13,產氣莢膜桿菌 Clostridium perfringens,,,合格,2024,5
11,14,單核球增多性李斯特菌 Listeria monocytogenes,,,合格,2024,5
11,15,滴滴涕 DDT,,,合格,2024,5
11,16,蟲必死 BHC,,,合格,2024,5
11,17,阿特靈 Aldrin,,,合格,2024,5
11,18,地特靈 Dieldrin,,,合格,2024,5
11,19,安特靈 Endrin,,,合格,2024,5
11,20,飛佈達 Heptachlor,,,合格,2024,5
11,21,三聚氰胺 Melamine,,,合格,2024,5
12,0,丁基羥基甲氧苯(BHA),,,合格,2024,5
12,1,二丁基羥基甲苯(BHT),,,合格,2024,5
12,2,丙二醇,,,合格,2024,5
12,3,衣索金 Ethoxyquin,,,合格,2024,5
12,4,黃麴毒素 Aflatoxin,,,合格,2024,5
12,5,汞 Hg,,,合格,2024,5
12,6,砷 As,,,合格,2024,5
12,7,無機砷 iAs,,,合格,2024,5
12,8,鉛 Pb,,,合格,2024,5
12,9,鎘 Cd,,,合格,2024,5
12,10,亞硝酸鹽(NO2-) Nitrite,,,合格,2024,5
12,11,沙門氏桿菌 Salmonella,,,合格,2024,5
12,12,病原性大腸桿菌 Enteropathogenic Escherichia coli,,,合格,2024,5
12,13,產氣莢膜桿菌 Clostridium perfringens,,,合格,2024,5
12,14,單核球增多性李斯特菌 Listeria monocytogenes,,,合格,2024,5
12,15,滴滴涕 DDT,,,合格,2024,5
12,16,蟲必死 BHC,,,合格,2024,5
12,17,阿特靈 Aldrin,,,合格,2024,5
12,18,地特靈 Dieldrin,,,合格,2024,5
12,19,安特靈 Endrin,,,合格,2024,5
12,20,飛佈達 Heptachlor,,,合格,2024,5
12,21,三聚氰胺 Melamine,,,合格,2024,5
13,0,丁基羥基甲氧苯(BHA),,,合格,2024,5
13,1,二丁基羥基甲苯(BHT),,,合格,2024,5
13,2,丙二醇,,,合格,2024,5
13,3,衣索金 Ethoxyquin,,,合格,2024,5
13,4,黃麴毒素 Aflatoxin,,,合格,2024,5
13,5,汞 Hg,,,合格,2024,5
13,6,砷 As,,,合格,2024,5
13,7,無機砷 iAs,,,合格,2024,5
13,8,鉛 Pb,,,合格,2024,5
13,9,鎘 Cd,,,合格,2024,5
13,10,亞硝酸鹽(NO2-) Nitrite,,,合格,2024,5
13,11,沙門氏桿菌 Salmonella,,,合格,2024,5
13,12,病原性大腸桿菌 Enteropathogenic Escherichia coli,,,合格,2024,5
13,13,產氣莢膜桿菌 Clostridium perfringens,,,合格,2024,5
13,14,單核球增多性李斯特菌 Listeria monocytogenes,,,合格,2024,5
13,15,滴滴涕 DDT,,,合格,2024,5
13,16,蟲必死 BHC,,,合格,2024,5
13,17,阿特靈 Aldrin,,,合格,2024,5
13,18,地特靈 Dieldrin,,,合格,2024,5
13,19,安特靈 Endrin,,,合格,2024,5
13,20,飛佈達 Heptachlor,,,合格,2024,5
13,21,三聚氰胺 Melamine,,,合格,2024,5
14,0,丁基羥基甲氧苯(BHA),,,合格,2024,5
14,1,二丁基羥基甲苯(BHT),,,合格,2024,5
14,2,丙二醇,,,合格,2024,5
14,3,衣索金 Ethoxyquin,,,合格,2024,5
14,4,黃麴毒素 Aflatoxin,,,合格,2024,5
14,5,汞 Hg,,,合格,2024,5
14,6,砷 As,,,合格,2024,5
14,7,無機砷 iAs,,,合格,2024,5
14,8,鉛 Pb,,,合格,2024,5
14,9,鎘 Cd,,,合格,2024,5
14,10,亞硝酸鹽(NO2-) Nitrite,,,合格,2024,5
14,11,沙門氏桿菌 Salmonella,,,合格,2024,5
14,12,病原性大腸桿菌 Enteropathogenic Escherichia coli,,,合格,2024,5
14,13,產氣莢膜桿菌 Clostridium perfringens,,,合格,2024,5
14,14,單核球增多性李斯特菌 Listeria monocytogenes,,,合格,2024,5
14,15,滴滴涕 DDT,,,合格,2024,5
14,16,蟲必死 BHC,,,合格,2024,5
14,17,阿特靈 Aldrin,,,合格,2024,5
14,18,地特靈 Dieldrin,,,合格,2024,5
14,19,安特靈 Endrin,,,合格,2024,5
14,20,飛佈達 Heptachlor,,,合格,2024,5
14,21,三聚氰胺 Melamine,,,合格,2024,5
15,0,丁基羥基甲氧苯(BHA),,,合格,2024,5
15,1,二丁基羥基甲苯(BHT),,,合格,2024,5
15,2,丙二醇,,,合格,2024,5
15,3,衣索金 Ethoxyquin,,,合格,2024,5
15,4,黃麴毒素 Aflatoxin,,,合格,2024,5
15,5,汞 Hg,,,合格,2024,5
15,6,砷 As,,,合格,2024,5
15,7,無機砷 iAs,,,合格,2024,5
15,8,鉛 Pb,,,合格,2024,5
15,9,鎘 Cd,,,合格,2024,5
15,10,亞硝酸鹽(NO2-) Nitrite,,,合格,2024,5
15,11,沙門氏桿菌 Salmonella,,,合格,2024,5
15,12,病原性大腸桿菌 Enteropathogenic Escherichia coli,,,合格,2024,5
15,13,產氣莢膜桿菌 Clostridium perfringens,,,合格,2024,5
15,14,單核球增多性李斯特菌 Listeria monocytogenes,,,合格,2024,5
15,15,滴滴涕 DDT,,,合格,2024,5
15,16,蟲必死 BHC,,,合格,2024,5
15,17,阿特靈 Aldrin,,,合格,2024,5
15,18,地特靈 Dieldrin,,,合格,2024,5
15,19,安特靈 Endrin,,,合格,2024,5
15,20,飛佈達 Heptachlor,,,合格,2024,5
15,21,三聚氰胺 Melamine,,,合格,2024,5
16,0,丁基羥基甲氧苯(BHA),,,合格,2024,5
16,1,二丁基羥基甲苯(BHT),,,合格,2024,5
16,2,丙二醇,,,合格,2024,5
16,3,衣索金 Ethoxyquin,,,合格,2024,5
16,4,黃麴毒素 Aflatoxin,,,合格,2024,5
16,5,汞 Hg,,,合格,2024,5
16,6,砷 As,,,合格,2024,5
16,7,無機砷 iAs,,,合格,2024,5
16,8,鉛 Pb,,,合格,2024,5
16,9,鎘 Cd,,,合格,2024,5
16,10,亞硝酸鹽(NO2-) Nitrite,,,合格,2024,5
16,11,沙門氏桿菌 Salmonella,,,合格,2024,5
16,12,病原性大腸桿菌 Enteropathogenic Escherichia coli,,,合格,2024,5
16,13,產氣莢膜桿菌 Clostridium perfringens,,,合格,2024,5
16,14,單核球增多性李斯特菌 Listeria monocytogenes,,,合格,2024,5
16,15,滴滴涕 DDT,,,合格,2024,5
16,16,蟲必死 BHC,,,合格,2024,5
16,17,阿特靈 Aldrin,,,合格,2024,5
16,18,地特靈 Dieldrin,,,合格,2024,5
16,19,安特靈 Endrin,,,合格,2024,5
16,20,飛佈達 Heptachlor,,,合格,2024,5
16,21,三聚氰胺 Melamine,,,合格,2024,5
17,0,丁基羥基甲氧苯(BHA),,,合格,2024,5
17,1,二丁基羥基甲苯(BHT),,,合格,2024,5
17,2,丙二醇,,,合格,2024,5
17,3,衣索金 Ethoxyquin,,,合格,2024,5
17,4,黃麴毒素 Aflatoxin,,,合格,2024,5
17,5,汞 Hg,,,合格,2024,5
17,6,砷 As,,,合格,2024,5
17,7,無機砷 iAs,,,合格,2024,5
17,8,鉛 Pb,,,合格,2024,5
17,9,鎘 Cd,,,合格,2024,5
17,10,亞硝酸鹽(NO2-) Nitrite,,,合格,2024,5
17,11,沙門氏桿菌 Salmonella,,,合格,2024,5
17,12,病原性大腸桿菌 Enteropathogenic Escherichia coli,,,合格,2024,5
17,13,產氣莢膜桿菌 Clostridium perfringens,,,合格,2024,5
17,14,單核球增多性李斯特菌 Listeria monocytogenes,,,合格,2024,5
17,15,滴滴涕 DDT,,,合格,2024,5
17,16,蟲必死 BHC,,,合格,2024,5
17,17,阿特靈 Aldrin,,,合格,2024,5
17,18,地特靈 Dieldrin,,,合格,2024,5
17,19,安特靈 Endrin,,,合格,2024,5
17,20,飛佈達 Heptachlor,,,合格,2024,5
17,21,三聚氰胺 Melamine,,,合格,2024,5
18,0,丁基羥基甲氧苯(BHA),,,合格,2024,5
18,1,二丁基羥基甲苯(BHT),,,合格,2024,5
18,2,丙二醇,,,合格,2024,5
18,3,衣索金 Ethoxyquin,,,合格,2024,5
18,4,黃麴毒素 Aflatoxin,,,合格,2024,5
18,5,汞 Hg,,,合格,2024,5
18,6,砷 As,,,合格,2024,5
18,7,無機砷 iAs,,,合格,2024,5
18,8,鉛 Pb,,,合格,2024,5
18,9,鎘 Cd,,,合格,2024,5
18,10,亞硝酸鹽(NO2-) Nitrite,,,合格,2024,5
18,11,沙門氏桿菌 Salmonella,,,合格,2024,5
18,12,病原性大腸桿菌 Enteropathogenic Escherichia coli,,,合格,2024,5
18,13,產氣莢膜桿菌 Clostridium perfringens,,,合格,2024,5
18,14,單核球增多性李斯特菌 Listeria monocytogenes,,,合格,2024,5
18,15,滴滴涕 DDT,,,合格,2024,5
18,16,蟲必死 BHC,,,合格,2024,5
18,17,阿特靈 Aldrin,,,合格,2024,5
18,18,地特靈 Dieldrin,,,合格,2024,5
18,19,安特靈 Endrin,,,合格,2024,5
18,20,飛佈達 Heptachlor,,,合格,2024,5
18,21,三聚氰胺 Melamine,,,合格,2024,5
19,0,丁基羥基甲氧苯(BHA),,,合格,2024,5
19,1,二丁基羥基甲苯(BHT),,,合格,2024,5
19,2,丙二醇,,,合格,2024,5
19,3,衣索金 Ethoxyquin,,,合格,2024,5
19,4,黃麴毒素 Aflatoxin,,,合格,2024,5
19,5,汞 Hg,,,合格,2024,5
19,6,砷 As,,,合格,2024,5
19,7,無機砷 iAs,,,合格,2024,5
19,8,鉛 Pb,,,合格,2024,5
19,9,鎘 Cd,,,合格,2024,5
19,10,亞硝酸鹽(NO2-) Nitrite,,,合格,2024,5
19,11,沙門氏桿菌 Salmonella,,,合格,2024,5
19,12,病原性大腸桿菌 Enteropathogenic Escherichia coli,,,合格,2024,5
19,13,產氣莢膜桿菌 Clostridium perfringens,,,合格,2024,5
19,14,單核球增多性李斯特菌 Listeria monocytogenes,,,合格,2024,5
19,15,滴滴涕 DDT,,,合格,2024,5
19,16,蟲必死 BHC,,,合格,2024,5
19,17,阿特靈 Aldrin,,,合格,2024,5
19,18,地特靈 Dieldrin,,,合格,2024,5
19,19,安特靈 Endrin,,,合格,2024,5
19,20,飛佈達 Heptachlor,,,合格,2024,5
19,21,三聚氰胺 Melamine,,,合格,2024,5
20,0,丁基羥基甲氧苯(BHA),,,合格,2024,5
20,1,二丁基羥基甲苯(BHT),,,合格,2024,5
20,2,丙二醇,,,合格,2024,5
20,3,衣索金 Ethoxyquin,,,合格,2024,5
20,4,黃麴毒素 Aflatoxin,,,合格,2024,5
20,5,汞 Hg,,,合格,2024,5
20,6,砷 As,,,合格,2024,5
20,7,無機砷 iAs,,,合格,2024,5
20,8,鉛 Pb,,,合格,2024,5
20,9,鎘 Cd,,,合格,2024,5
20,10,亞硝酸鹽(NO2-) Nitrite,,,合格,2024,5
20,11,沙門氏桿菌 Salmonella,,,合格,2024,5
20,12,病原性大腸桿菌 Enteropathogenic Escherichia coli,,,合格,2024,5
20,13,產氣莢膜桿菌 Clostridium perfringens,,,合格,2024,5
20,14,單核球增多性李斯特菌 Listeria monocytogenes,,,合格,2024,5
20,15,滴滴涕 DDT,,,合格,2024,5
20,16,蟲必死 BHC,,,合格,2024,5
20,17,阿特靈 Aldrin,,,合格,2024,5
20,18,地特靈 Dieldrin,,,合格,2024,5
20,19,安特靈 Endrin,,,合格,2024,5
20,20,飛佈達 Heptachlor,,,合格,2024,5
20,21,三聚氰胺 Melamine,,,合格,2024,5
21,0,丁基羥基甲氧苯(BHA),,,合格,2024,5
21,1,二丁基羥基甲苯(BHT),,,合格,2024,5
21,2,丙二醇,,,合格,2024,5
21,3,衣索金 Ethoxyquin,,,合格,2024,5
21,4,黃麴毒素 Aflatoxin,,,合格,2024,5
21,5,汞 Hg,,,合格,2024,5
21,6,砷 As,,,合格,2024,5
21,7,無機砷 iAs,,,合格,2024,5
21,8,鉛 Pb,,,合格,2024,5
21,9,鎘 Cd,,,合格,2024,5
21,10,亞硝酸鹽(NO2-) Nitrite,,,合格,2024,5
21,11,沙門氏桿菌 Salmonella,,,合格,2024,5
21,12,病原性大腸桿菌 Enteropathogenic Escherichia coli,,,合格,2024,5
21,13,產氣莢膜桿菌 Clostridium perfringens,,,合格,2024,5
21,14,單核球增多性李斯特菌 Listeria monocytogenes,,,合格,2024,5
21,15,滴滴涕 DDT,,,合格,2024,5
21,16,蟲必死 BHC,,,合格,2024,5
21,17,阿特靈 Aldrin,,,合格,2024,5
21,18,地特靈 Dieldrin,,,合格,2024,5
21,19,安特靈 Endrin,,,合格,2024,5
21,20,飛佈達 Heptachlor,,,合格,2024,5
21,21,三聚氰胺 Melamine,,,合格,2024,5
22,0,丁基羥基甲氧苯(BHA),,,合格,2024,5
22,1,二丁基羥基甲苯(BHT),,,合格,2024,5
22,2,丙二醇,,,合格,2024,5
22,3,衣索金 Ethoxyquin,,,合格,2024,5
22,4,黃麴毒素 Aflatoxin,,,合格,2024,5
22,5,汞 Hg,,,合格,2024,5
22,6,砷 As,,,合格,2024,5
22,7,無機砷 iAs,,,合格,2024,5
22,8,鉛 Pb,,,合格,2024,5
22,9,鎘 Cd,,,合格,2024,5
22,10,亞硝酸鹽(NO2-) Nitrite,,,合格,2024,5
22,11,沙門氏桿菌 Salmonella,,,合格,2024,5
22,12,病原性大腸桿菌 Enteropathogenic Escherichia coli,,,合格,2024,5
22,13,產氣莢膜桿菌 Clostridium perfringens,,,合格,2024,5
22,14,單核球增多性李斯特菌 Listeria monocytogenes,,,合格,2024,5
22,15,滴滴涕 DDT,,,合格,2024,5
22,16,蟲必死 BHC,,,合格,2024,5
22,17,阿特靈 Aldrin,,,合格,2024,5
22,18,地特靈 Dieldrin,,,合格,2024,5
22,19,安特靈 Endrin,,,合格,2024,5
22,20,飛佈達 Heptachlor,,,合格,2024,5
22,21,三聚氰胺 Melamine,,,合格,2024,5
23,0,丁基羥基甲氧苯(BHA),,,合格,2024,5
23,1,二丁基羥基甲苯(BHT),,,合格,2024,5
23,2,丙二醇,,,合格,2024,5
23,3,衣索金 Ethoxyquin,,,合格,2024,5
23,4,黃麴毒素 Aflatoxin,,,合格,2024,5
23,5,汞 Hg,,,合格,2024,5
23,6,砷 As,,,合格,2024,5
23,7,無機砷 iAs,,,合格,2024,5
23,8,鉛 Pb,,,合格,2024,5
23,9,鎘 Cd,,,合格,2024,5
23,10,亞硝酸鹽(NO2-) Nitrite,,,合格,2024,5
23,11,沙門氏桿菌 Salmonella,,,合格,2024,5
23,12,病原性大腸桿菌 Enteropathogenic Escherichia coli,,,合格,2024,5
23,13,產氣莢膜桿菌 Clostridium perfringens,,,合格,2024,5
23,14,單核球增多性李斯特菌 Listeria monocytogenes,,,合格,2024,5
23,15,滴滴涕 DDT,,,合格,2024,5
23,16,蟲必死 BHC,,,合格,2024,5
23,17,阿特靈 Aldrin,,,合格,2024,5
23,18,地特靈 Dieldrin,,,合格,2024,5
23,19,安特靈 Endrin,,,合格,2024,5
23,20,飛佈達 Heptachlor,,,合格,2024,5
23,21,三聚氰胺 Melamine,,,合格,2024,5
24,0,丁基羥基甲氧苯(BHA),,,合格,2024,5
24,1,二丁基羥基甲苯(BHT),,,合格,2024,5
24,2,丙二醇,,,合格,2024,5
24,3,衣索金 Ethoxyquin,,,合格,2024,5
24,4,黃麴毒素 Aflatoxin,,,合格,2024,5
24,5,汞 Hg,,,合格,2024,5
24,6,砷 As,,,合格,2024,5
24,7,無機砷 iAs,,,合格,2024,5
24,8,鉛 Pb,,,合格,2024,5
24,9,鎘 Cd,,,合格,2024,5
24,10,亞硝酸鹽(NO2-) Nitrite,,,合格,2024,5
24,11,沙門氏桿菌 Salmonella,,,合格,2024,5
24,12,病原性大腸桿菌 Enteropathogenic Escherichia coli,,,合格,2024,5
24,13,產氣莢膜桿菌 Clostridium perfringens,,,合格,2024,5
24,14,單核球增多性李斯特菌 Listeria monocytogenes,,,合格,2024,5
24,15,滴滴涕 DDT,,,合格,2024,5
24,16,蟲必死 BHC,,,合格,2024,5
24,17,阿特靈 Aldrin,,,合格,2024,5
24,18,地特靈 Dieldrin,,,合格,2024,5
24,19,安特靈 Endrin,,,合格,2024,5
24,20,飛佈達 Heptachlor,,,合格,2024,5
24,21,三聚氰胺 Melamine,,,合格,2024,5
25,0,丁基羥基甲氧苯(BHA),,,合格,2024,5
25,1,二丁基羥基甲苯(BHT),,,合格,2024,5
25,2,丙二醇,,,合格,2024,5
25,3,衣索金 Ethoxyquin,,,合格,2024,5
25,4,黃麴毒素 Aflatoxin,,,合格,2024,5
25,5,汞 Hg,,,合格,2024,5
25,6,砷 As,,,合格,2024,5
25,7,無機砷 iAs,,,合格,2024,5
25,8,鉛 Pb,,,合格,2024,5
25,9,鎘 Cd,,,合格,2024,5
25,10,亞硝酸鹽(NO2-) Nitrite,,,合格,2024,5
25,11,沙門氏桿菌 Salmonella,,,合格,2024,5
25,12,病原性大腸桿菌 Enteropathogenic Escherichia coli,,,合格,2024,5
25,13,產氣莢膜桿菌 Clostridium perfringens,,,合格,2024,5
25,14,單核球增多性李斯特菌 Listeria monocytogenes,,,合格,2024,5
25,15,滴滴涕 DDT,,,合格,2024,5
25,16,蟲必死 BHC,,,合格,2024,5
25,17,阿特靈 Aldrin,,,合格,2024,5
25,18,地特靈 Dieldrin,,,合格,2024,5
25,19,安特靈 Endrin,,,合格,2024,5
25,20,飛佈達 Heptachlor,,,合格,2024,5
25,21,三聚氰胺 Melamine,,,合格,2024,5
26,0,丁基羥基甲氧苯(BHA),,,合格,2024,5
26,1,二丁基羥基甲苯(BHT),,,合格,2024,5
26,2,丙二醇,,,合格,2024,5
26,3,衣索金 Ethoxyquin,,,合格,2024,5
26,4,黃麴毒素 Aflatoxin,,,合格,2024,5
26,5,汞 Hg,,,合格,2024,5
26,6,砷 As,,,合格,2024,5
26,7,無機砷 iAs,,,合格,2024,5
26,8,鉛 Pb,,,合格,2024,5
26,9,鎘 Cd,,,合格,2024,5
26,10,亞硝酸鹽(NO2-) Nitrite,,,合格,2024,5
26,11,沙門氏桿菌 Salmonella,,,合格,2024,5
26,12,病原性大腸桿菌 Enteropathogenic Escherichia coli,,,合格,2024,5
26,13,產氣莢膜桿菌 Clostridium perfringens,,,合格,2024,5
26,14,單核球增多性李斯特菌 Listeria monocytogenes,,,合格,2024,5
26,15,滴滴涕 DDT,,,合格,2024,5
26,16,蟲必死 BHC,,,合格,2024,5
26,17,阿特靈 Aldrin,,,合格,2024,5
26,18,地特靈 Dieldrin,,,合格,2024,5
26,19,安特靈 Endrin,,,合格,2024,5
26,20,飛佈達 Heptachlor,,,合格,2024,5
26,21,三聚氰胺 Melamine,,,合格,2024,5
27,0,丁基羥基甲氧苯(BHA),,,合格,2024,5
27,1,二丁基羥基甲苯(BHT),,,合格,2024,5
27,2,丙二醇,,,合格,2024,5
27,3,衣索金 Ethoxyquin,,,合格,2024,5
27,4,黃麴毒素 Aflatoxin,,,合格,2024,5
27,5,汞 Hg,,,合格,2024,5
27,6,砷 As,,,合格,2024,5
27,7,無機砷 iAs,,,合格,2024,5
27,8,鉛 Pb,,,合格,2024,5
27,9,鎘 Cd,,,合格,2024,5
27,10,亞硝酸鹽(NO2-) Nitrite,,,合格,2024,5
27,11,沙門氏桿菌 Salmonella,,,合格,2024,5
27,12,病原性大腸桿菌 Enteropathogenic Escherichia coli,,,合格,2024,5
27,13,產氣莢膜桿菌 Clostridium perfringens,,,合格,2024,5
27,14,單核球增多性李斯特菌 Listeria monocytogenes,,,合格,2024,5
27,15,滴滴涕 DDT,,,合格,2024,5
27,16,蟲必死 BHC,,,合格,2024,5
27,17,阿特靈 Aldrin,,,合格,2024,5
27,18,地特靈 Dieldrin,,,合格,2024,5
27,19,安特靈 Endrin,,,合格,2024,5
27,20,飛佈達 Heptachlor,,,合格,2024,5
27,21,三聚氰胺 Melamine,,,合格,2024,5
28,0,丁基羥基甲氧苯(BHA),,,合格,2024,5
28,1,二丁基羥基甲苯(BHT),,,合格,2024,5
28,2,丙二醇,,,合格,2024,5
28,3,衣索金 Ethoxyquin,,,合格,2024,5
28,4,黃麴毒素 Aflatoxin,,,合格,2024,5
28,5,汞 Hg,,,合格,2024,5
28,6,砷 As,,,合格,2024,5
28,7,無機砷 iAs,,,合格,2024,5
28,8,鉛 Pb,,,合格,2024,5
28,9,鎘 Cd,,,合格,2024,5
28,10,亞硝酸鹽(NO2-) Nitrite,,,合格,2024,5
28,11,沙門氏桿菌 Salmonella,,,合格,2024,5
28,12,病原性大腸桿菌 Enteropathogenic Escherichia coli,,,合格,2024,5
28,13,產氣莢膜桿菌 Clostridium perfringens,,,合格,2024,5
28,14,單核球增多性李斯特菌 Listeria monocytogenes,,,合格,2024,5
28,15,滴滴涕 DDT,,,合格,2024,5
28,16,蟲必死 BHC,,,合格,2024,5
28,17,阿特靈 Aldrin,,,合格,2024,5
28,18,地特靈 Dieldrin,,,合格,2024,5
28,19,安特靈 Endrin,,,合格,2024,5
28,20,飛佈達 Heptachlor,,,合格,2024,5
28,21,三聚氰胺 Melamine,,,合格,2024,5
29,0,丁基羥基甲氧苯(BHA),,,合格,2024,5
29,1,二丁基羥基甲苯(BHT),,,合格,2024,5
29,2,丙二醇,,,合格,2024,5
29,3,衣索金 Ethoxyquin,,,合格,2024,5
29,4,黃麴毒素 Aflatoxin,,,合格,2024,5
29,5,汞 Hg,,,合格,2024,5
29,6,砷 As,,,合格,2024,5
29,7,無機砷 iAs,,,合格,2024,5
29,8,鉛 Pb,,,合格,2024,5
29,9,鎘 Cd,,,合格,2024,5
29,10,亞硝酸鹽(NO2-) Nitrite,,,合格,2024,5
29,11,沙門氏桿菌 Salmonella,,,不合格,2024,5
29,12,病原性大腸桿菌 Enteropathogenic Escherichia coli,,,合格,2024,5
29,13,產氣莢膜桿菌 Clostridium perfringens,,,合格,2024,5
29,14,單核球增多性李斯特菌 Listeria monocytogenes,,,合格,2024,5
29,15,滴滴涕 DDT,,,合格,2024,5
29,16,蟲必死 BHC,,,合格,2024,5
29,17,阿特靈 Aldrin,,,合格,2024,5
29,18,地特靈 Dieldrin,,,合格,2024,5
29,19,安特靈 Endrin,,,合格,2024,5
29,20,飛佈達 Heptachlor,,,合格,2024,5
29,21,三聚氰胺 Melamine,,,合格,2024,5
30,0,丁基羥基甲氧苯(BHA),,,合格,2024,5
30,1,二丁基羥基甲苯(BHT),,,合格,2024,5
30,2,丙二醇,,,合格,2024,5
30,3,衣索金 Ethoxyquin,,,合格,2024,5
30,4,黃麴毒素 Aflatoxin,,,合格,2024,5
30,5,汞 Hg,,,合格,2024,5
30,6,砷 As,,,合格,2024,5
30,7,無機砷 iAs,,,合格,2024,5
30,8,鉛 Pb,,,合格,2024,5
30,9,鎘 Cd,,,合格,2024,5
30,10,亞硝酸鹽(NO2-) Nitrite,,,合格,2024,5
30,11,沙門氏桿菌 Salmonella,,,合格,2024,5
30,12,病原性大腸桿菌 Enteropathogenic Escherichia coli,,,合格,2024,5
30,13,產氣莢膜桿菌 Clostridium perfringens,,,合格,2024,5
30,14,單核球增多性李斯特菌 Listeria monocytogenes,,,合格,2024,5
30,15,滴滴涕 DDT,,,合格,2024,5
30,16,蟲必死 BHC,,,合格,2024,5
30,17,阿特靈 Aldrin,,,合格,2024,5
30,18,地特靈 Dieldrin,,,合格,2024,5
30,19,安特靈 Endrin,,,合格,2024,5
30,20,飛佈達 Heptachlor,,,合格,2024,5
30,21,三聚氰胺 Melamine,,,合格,2024,5
31,0,丁基羥基甲氧苯(BHA),,,合格,2024,5
31,1,二丁基羥基甲苯(BHT),,,合格,2024,5
31,2,丙二醇,,,合格,2024,5
31,3,衣索金 Ethoxyquin,,,合格,2024,5
31,4,黃麴毒素 Aflatoxin,,,合格,2024,5
31,5,汞 Hg,,,合格,2024,5
31,6,砷 As,,,合格,2024,5
31,7,無機砷 iAs,,,合格,2024,5
31,8,鉛 Pb,,,合格,2024,5
31,9,鎘 Cd,,,合格,2024,5
31,10,亞硝酸鹽(NO2-) Nitrite,,,合格,2024,5
31,11,沙門氏桿菌 Salmonella,,,合格,2024,5
31,12,病原性大腸桿菌 Enteropathogenic Escherichia coli,,,合格,2024,5
31,13,產氣莢膜桿菌 Clostridium perfringens,,,合格,2024,5
31,14,單核球增多性李斯特菌 Listeria monocytogenes,,,合格,2024,5
31,15,滴滴涕 DDT,,,合格,2024,5
31,16,蟲必死 BHC,,,合格,2024,5
31,17,阿特靈 Aldrin,,,合格,2024,5
31,18,地特靈 Dieldrin,,,合格,2024,5
31,19,安特靈 Endrin,,,合格,2024,5
31,20,飛佈達 Heptachlor,,,合格,2024,5
31,21,三聚氰胺 Melamine,,,合格,2024,5
32,0,黃麴毒素 Aflatoxin,,,合格,2024,5
33,0,黃麴毒素 Aflatoxin,,,合格,2024,5
34,0,黃麴毒素 Aflatoxin,,,合格,2024,5
35,0,黃麴毒素 Aflatoxin,,,合格,2024,5
36,0,黃麴毒素 Aflatoxin,,,合格,2024,5
37,0,黃麴毒素 Aflatoxin,,,合格,2024,5
38,0,黃麴毒素 Aflatoxin,,,合格,2024,5
39,0,黃麴毒素 Aflatoxin,,,合格,2024,5
40,0,黃麴毒素 Aflatoxin,,,合格,2024,5
41,0,黃麴毒素 Aflatoxin,,,合格,2024,5
42,0,黃麴毒素 Aflatoxin,,,合格,2024,5
43,0,黃麴毒素 Aflatoxin,,,合格,2024,5
44,0,黃麴毒素 Aflatoxin,,,合格,2024,5
45,0,黃麴毒素 Aflatoxin,,,合格,2024,5
46,0,黃麴毒素 Aflatoxin,,,合格,2024,5
47,0,黃麴毒素 Aflatoxin,,,合格,2024,5
0,0,汞,,,合格,2024,6
0,1,砷,,,合格,2024,6
0,2,無機砷,,,合格,2024,6
0,3,鉛,,,合格,2024,6
0,4,鎘,,,合格,2024,6
0,5,沙門氏桿菌,,,合格,2024,6
0,6,病原性大腸桿菌(致病性大腸桿菌),,,合格,2024,6
1,0,汞,,,合格,2024,6
1,1,砷,,,合格,2024,6
1,2,無機砷,,,合格,2024,6
1,3,鉛,,,合格,2024,6
1,4,鎘,,,合格,2024,6
1,5,沙門氏桿菌,,,合格,2024,6
1,6,單核球增多性李斯特菌,,,合格,2024,6
2,0,丙二醇,,,合格,2024,6
2,1,亞硝酸鹽(NO2-) ,,,合格,2024,6
2,2,沙門氏桿菌,,,合格,2024,6
2,3,地特靈 ,,,合格,2024,6
2,4,安特靈,,,合格,2024,6
2,5,飛佈達 ,,,合格,2024,6
2,6,阿特靈 ,,,合格,2024,6
2,7,蟲必死,,,合格,2024,6
2,8,滴滴涕 ,,,合格,2024,6
3,0,汞,,,合格,2024,6
3,1,砷,,,合格,2024,6
3,2,鉛,,,合格,2024,6
3,3,鎘,,,合格,2024,6
3,4,產氣莢膜桿菌,,,合格,2024,6
3,5,單核球增多性李斯特菌,,,合格,2024,6
3,6,三聚氰胺,,,合格,2024,6
4,0,丁基羥基甲氧苯(BHA),,,合格,2024,6
4,1,二丁基羥基甲苯(BHT),,,合格,2024,6
4,2,衣索金,,,合格,2024,6
4,3,沙門氏桿菌,,,合格,2024,6
4,4,病原性大腸桿菌(致病性大腸桿菌),,,合格,2024,6
5,0,丙二醇,,,合格,2024,6
5,1,產氣莢膜桿菌,,,合格,2024,6
5,2,單核球增多性李斯特菌,,,合格,2024,6
6,0,丁基羥基甲氧苯(BHA),,,合格,2024,6
6,1,二丁基羥基甲苯(BHT),,,合格,2024,6
6,2,衣索金,,,合格,2024,6
6,3,病原性大腸桿菌(致病性大腸桿菌),,,合格,2024,6
6,4,單核球增多性李斯特菌,,,合格,2024,6
7,0,丁基羥基甲氧苯(BHA),,,合格,2024,6
7,1,二丁基羥基甲苯(BHT),,,合格,2024,6
7,2,衣索金,,,合格,2024,6
7,3,沙門氏桿菌,,,合格,2024,6
7,4,產氣莢膜桿菌,,,合格,2024,6
8,0,丁基羥基甲氧苯(BHA),,,合格,2024,6
8,1,二丁基羥基甲苯(BHT),,,合格,2024,6
8,2,衣索金,,,合格,2024,6
8,3,病原性大腸桿菌(致病性大腸桿菌),,,合格,2024,6
8,4,產氣莢膜桿菌,,,合格,2024,6
9,0,黃麴毒素,,,合格,2024,6
9,1,汞,,,合格,2024,6
9,2,砷,,,合格,2024,6
9,3,鉛,,,合格,2024,6
9,4,鎘,,,合格,2024,6
9,5,單核球增多性李斯特菌,,,合格,2024,6
9,6,三聚氰胺,,,合格,2024,6
10,0,丁基羥基甲氧苯(BHA),,,合格,2024,6
10,1,二丁基羥基甲苯(BHT),,,合格,2024,6
10,2,衣索金,,,合格,2024,6
10,3,無機砷(換算水分12%之砷含量),,,合格,2024,6
10,4,病原性大腸桿菌(致病性大腸桿菌),,,合格,2024,6
11,0,汞,,,合格,2024,6
11,1,砷,,,合格,2024,6
11,2,鉛,,,合格,2024,6
11,3,鎘,,,合格,2024,6
11,4,沙門氏桿菌,,,合格,2024,6
11,5,病原性大腸桿菌(致病性大腸桿菌),,,合格,2024,6
12,0,黃麴毒素,,,合格,2024,6
12,1,產氣莢膜桿菌,,,合格,2024,6
12,2,單核球增多性李斯特菌,,,合格,2024,6
13,0,汞,,,不合格,2024,6
13,1,砷(換算水分12%之砷含量),,,不合格,2024,6
13,2,無機砷,,,合格,2024,6
13,3,鉛,,,合格,2024,6
13,4,鎘,,,合格,2024,6
13,5,沙門氏桿菌,,,不合格,2024,6
13,6,病原性大腸桿菌(致病性大腸桿菌),,,合格,2024,6
14,0,丁基羥基甲氧苯(BHA),,,合格,2024,6
14,1,二丁基羥基甲苯(BHT),,,合格,2024,6
14,2,衣索金,,,合格,2024,6
14,3,沙門氏桿菌,,,合格,2024,6
14,4,產氣莢膜桿菌,,,合格,2024,6
15,0,亞硝酸鹽(NO2-) ,,,合格,2024,6
15,1,產氣莢膜桿菌,,,合格,2024,6
15,2,單核球增多性李斯特菌,,,合格,2024,6
15,3,地特靈 ,,,合格,2024,6
15,4,安特靈,,,合格,2024,6
15,5,飛佈達 ,,,合格,2024,6
15,6,阿特靈 ,,,合格,2024,6
15,7,蟲必死,,,合格,2024,6
15,8,滴滴涕 ,,,合格,2024,6
16,0,汞,,,合格,2024,6
16,1,砷,,,合格,2024,6
16,2,鉛,,,合格,2024,6
16,3,鎘,,,合格,2024,6
16,4,亞硝酸鹽(NO2-) ,,,合格,2024,6
16,5,病原性大腸桿菌(致病性大腸桿菌),,,合格,2024,6
16,6,單核球增多性李斯特菌,,,合格,2024,6
17,0,病原性大腸桿菌(致病性大腸桿菌),,,合格,2024,6
17,1,單核球增多性李斯特菌,,,合格,2024,6
17,2,地特靈 ,,,合格,2024,6
17,3,安特靈,,,合格,2024,6
17,4,飛佈達 ,,,合格,2024,6
17,5,阿特靈 ,,,合格,2024,6
17,6,蟲必死,,,合格,2024,6
17,7,滴滴涕 ,,,合格,2024,6
17,8,三聚氰胺,,,合格,2024,6
18,0,汞,,,合格,2024,6
18,1,砷(換算水分12%之砷含量),,,合格,2024,6
18,2,無機砷(換算水分12%之砷含量),,,合格,2024,6
18,3,鉛,,,合格,2024,6
18,4,鎘,,,合格,2024,6
18,5,沙門氏桿菌,,,合格,2024,6
18,6,產氣莢膜桿菌,,,合格,2024,6
19,0,亞硝酸鹽(NO2-) ,,,合格,2024,6
19,1,沙門氏桿菌,,,合格,2024,6
19,2,病原性大腸桿菌(致病性大腸桿菌),,,合格,2024,6
19,3,地特靈 ,,,合格,2024,6
19,4,安特靈,,,合格,2024,6
19,5,飛佈達 ,,,合格,2024,6
19,6,阿特靈 ,,,合格,2024,6
19,7,蟲必死,,,合格,2024,6
19,8,滴滴涕 ,,,合格,2024,6
20,0,病原性大腸桿菌(致病性大腸桿菌),,,合格,2024,6
20,1,產氣莢膜桿菌,,,合格,2024,6
20,2,地特靈 ,,,合格,2024,6
20,3,安特靈,,,合格,2024,6
20,4,飛佈達 ,,,合格,2024,6
20,5,阿特靈 ,,,合格,2024,6
20,6,蟲必死,,,合格,2024,6
20,7,滴滴涕 ,,,合格,2024,6
21,0,汞,,,合格,2024,6
21,1,砷,,,合格,2024,6
21,2,無機砷,,,合格,2024,6
21,3,鉛,,,合格,2024,6
21,4,鎘,,,合格,2024,6
21,5,沙門氏桿菌,,,合格,2024,6
21,6,單核球增多性李斯特菌,,,合格,2024,6
22,0,黃麴毒素,,,合格,2024,6
22,1,病原性大腸桿菌(致病性大腸桿菌),,,合格,2024,6
22,2,單核球增多性李斯特菌,,,合格,2024,6
22,3,三聚氰胺,,,合格,2024,6
23,0,黃麴毒素,,,合格,2024,6
23,1,沙門氏桿菌,,,合格,2024,6
23,2,產氣莢膜桿菌,,,合格,2024,6
23,3,三聚氰胺,,,合格,2024,6
24,0,黃麴毒素,,,合格,2024,6
24,1,沙門氏桿菌,,,不合格,2024,6
24,2,產氣莢膜桿菌,,,合格,2024,6
25,0,黃麴毒素,,,合格,2024,6
25,1,產氣莢膜桿菌,,,合格,2024,6
25,2,單核球增多性李斯特菌,,,合格,2024,6
26,0,黃麴毒素,,,合格,2024,6
26,1,病原性大腸桿菌(致病性大腸桿菌),,,合格,2024,6
26,2,單核球增多性李斯特菌,,,合格,2024,6
27,0,黃麴毒素,,,合格,2024,6
27,1,汞,,,合格,2024,6
27,2,砷,,,合格,2024,6
27,3,鉛,,,合格,2024,6
27,4,鎘,,,合格,2024,6
27,5,沙門氏桿菌,,,合格,2024,6
28,0,丁基羥基甲氧苯(BHA),,,合格,2024,6
28,1,二丁基羥基甲苯(BHT),,,合格,2024,6
28,2,衣索金,,,合格,2024,6
28,3,黃麴毒素,,,合格,2024,6
28,4,單核球增多性李斯特菌,,,合格,2024,6
29,0,黃麴毒素,,,合格,2024,6
29,1,汞,,,合格,2024,6
29,2,砷,,,合格,2024,6
29,3,鉛,,,合格,2024,6
29,4,鎘,,,合格,2024,6
29,5,病原性大腸桿菌(致病性大腸桿菌),,,合格,2024,6
30,0,黃麴毒素,,,合格,2024,6
30,1,產氣莢膜桿菌,,,合格,2024,6
30,2,三聚氰胺,,,合格,2024,6
31,0,黃麴毒素,,,合格,2024,6
31,1,沙門氏桿菌,,,合格,2024,6
31,2,三聚氰胺,,,合格,2024,6
32,0,黃麴毒素,,,合格,2024,6
32,1,亞硝酸鹽(NO2-) ,,,合格,2024,6
32,2,沙門氏桿菌,,,合格,2024,6
32,3,產氣莢膜桿菌,,,合格,2024,6
33,0,丁基羥基甲氧苯(BHA),,,合格,2024,6
33,1,二丁基羥基甲苯(BHT),,,合格,2024,6
33,2,衣索金,,,合格,2024,6
33,3,黃麴毒素,,,合格,2024,6
33,4,沙門氏桿菌,,,合格,2024,6
34,0,黃麴毒素,,,合格,2024,6
34,1,汞,,,合格,2024,6
34,2,砷,,,合格,2024,6
34,3,鉛,,,合格,2024,6
34,4,鎘,,,合格,2024,6
34,5,沙門氏桿菌,,,合格,2024,6
34,6,單核球增多性李斯特菌,,,合格,2024,6
35,0,黃麴毒素,,,合格,2024,6
35,1,病原性大腸桿菌(致病性大腸桿菌),,,合格,2024,6
35,2,產氣莢膜桿菌,,,合格,2024,6
36,0,黃麴毒素,,,合格,2024,6
36,1,沙門氏桿菌,,,合格,2024,6
36,2,單核球增多性李斯特菌,,,合格,2024,6
37,0,丁基羥基甲氧苯(BHA) ,,,合格,2024,6
37,1,二丁基羥基甲苯(BHT) ,,,合格,2024,6
37,2,衣索金 Ethoxyquin,,,合格,2024,6
37,3,沙門氏桿菌 Salmonella,,,合格,2024,6
37,4,病原性大腸桿菌 Enteropathogenic Escherichia coli,,,合格,2024,6
38,0,汞 Hg,,,合格,2024,6
38,1,砷 As,,,合格,2024,6
38,2,鉛 Pb,,,合格,2024,6
38,3,鎘 Cd,,,合格,2024,6
38,4,亞硝酸鹽(NO2-) Nitrite,,,合格,2024,6
38,5,產氣莢膜桿菌 Clostridium perfringens,,,合格,2024,6
38,6,單核球增多性李斯特菌 Listeria monocytogenes,,,合格,2024,6
39,0,黃麴毒素,,,合格,2024,6
39,1,汞,,,合格,2024,6
39,2,砷(換算水分12%之砷含量),,,合格,2024,6
39,3,鉛,,,合格,2024,6
39,4,鎘,,,合格,2024,6
39,5,沙門氏桿菌,,,合格,2024,6
40,0,黃麴毒素,,,合格,2024,6
40,1,單核球增多性李斯特菌,,,合格,2024,6
40,2,地特靈 ,,,合格,2024,6
40,3,安特靈,,,合格,2024,6
40,4,飛佈達 ,,,合格,2024,6
40,5,阿特靈 ,,,合格,2024,6
40,6,蟲必死,,,合格,2024,6
40,7,滴滴涕 ,,,合格,2024,6
41,0,黃麴毒素,,,合格,2024,6
41,1,病原性大腸桿菌(致病性大腸桿菌),,,合格,2024,6
41,2,地特靈 ,,,合格,2024,6
41,3,安特靈,,,合格,2024,6
41,4,飛佈達 ,,,合格,2024,6
41,5,阿特靈 ,,,合格,2024,6
41,6,蟲必死,,,合格,2024,6
41,7,滴滴涕 ,,,合格,2024,6
42,0,黃麴毒素,,,合格,2024,6
42,1,汞,,,合格,2024,6
42,2,砷(換算水分12%之砷含量),,,合格,2024,6
42,3,鉛,,,合格,2024,6
42,4,鎘,,,合格,2024,6
42,5,產氣莢膜桿菌,,,合格,2024,6
43,0,丁基羥基甲氧苯(BHA),,,合格,2024,6
43,1,二丁基羥基甲苯(BHT),,,合格,2024,6
43,2,衣索金,,,合格,2024,6
43,3,沙門氏桿菌,,,合格,2024,6
43,4,三聚氰胺,,,合格,2024,6
44,0,黃麴毒素,,,合格,2024,6
44,1,單核球增多性李斯特菌,,,合格,2024,6
44,2,地特靈 ,,,合格,2024,6
44,3,安特靈,,,合格,2024,6
44,4,飛佈達 ,,,合格,2024,6
44,5,阿特靈 ,,,合格,2024,6
44,6,蟲必死,,,合格,2024,6
44,7,滴滴涕 ,,,合格,2024,6
45,0,黃麴毒素,,,合格,2024,6
45,1,汞,,,合格,2024,6
45,2,砷(換算水分12%之砷含量),,,合格,2024,6
45,3,鉛,,,合格,2024,6
45,4,鎘,,,合格,2024,6
45,5,病原性大腸桿菌(致病性大腸桿菌),,,合格,2024,6
46,0,丙二醇,,,合格,2024,6
46,1,亞硝酸鹽(NO2-) ,,,合格,2024,6
46,2,產氣莢膜桿菌,,,合格,2024,6
47,0,丙二醇,,,合格,2024,6
47,1,汞,,,合格,2024,6
47,2,砷(換算水分12%之砷含量),,,合格,2024,6
47,3,無機砷(換算水分12%之砷含量),,,合格,2024,6
47,4,鉛,,,合格,2024,6
47,5,鎘,,,合格,2024,6
47,6,病原性大腸桿菌(致病性大腸桿菌),,,合格,2024,6
48,0,黃麴毒素,,,合格,2024,6
48,1,產氣莢膜桿菌,,,合格,2024,6
48,2,三聚氰胺,,,合格,2024,6
49,0,丁基羥基甲氧苯(BHA),,,合格,2024,6
49,1,二丁基羥基甲苯(BHT),,,合格,2024,6
49,2,衣索金,,,合格,2024,6
49,3,黃麴毒素,,,合格,2024,6
49,4,沙門氏桿菌,,,合格,2024,6
50,0,丙二醇,,,合格,2024,6
50,1,單核球增多性李斯特菌,,,合格,2024,6
50,2,地特靈 ,,,合格,2024,6
50,3,安特靈,,,合格,2024,6
50,4,飛佈達 ,,,合格,2024,6
50,5,阿特靈 ,,,合格,2024,6
50,6,蟲必死,,,合格,2024,6
50,7,滴滴涕 ,,,合格,2024,6
51,0,丁基羥基甲氧苯(BHA),,,合格,2024,6
51,1,二丁基羥基甲苯(BHT),,,合格,2024,6
51,2,衣索金,,,合格,2024,6
51,3,病原性大腸桿菌(致病性大腸桿菌),,,合格,2024,6
52,0,黃麴毒素,,,合格,2024,6
52,1,汞,,,合格,2024,6
52,2,砷(換算水分12%之砷含量),,,合格,2024,6
52,3,鉛,,,合格,2024,6
52,4,鎘,,,合格,2024,6
52,5,沙門氏桿菌,,,合格,2024,6
52,6,病原性大腸桿菌(致病性大腸桿菌),,,合格,2024,6
53,0,黃麴毒素,,,合格,2024,6
53,1,汞,,,合格,2024,6
53,2,砷(換算水分12%之砷含量),,,合格,2024,6
53,3,無機砷,,,合格,2024,6
53,4,鉛,,,合格,2024,6
53,5,鎘,,,合格,2024,6
53,6,單核球增多性李斯特菌,,,合格,2024,6
54,0,黃麴毒素,,,合格,2024,6
54,1,汞,,,不合格,2024,6
54,2,砷(換算水分12%之砷含量),,,合格,2024,6
54,3,無機砷(換算水分12%之砷含量),,,合格,2024,6
54,4,鉛,,,合格,2024,6
54,5,鎘,,,合格,2024,6
54,6,病原性大腸桿菌(致病性大腸桿菌),,,合格,2024,6
55,0,丁基羥基甲氧苯(BHA),,,合格,2024,6
55,1,二丁基羥基甲苯(BHT),,,合格,2024,6
55,2,衣索金,,,合格,2024,6
55,3,黃麴毒素,,,合格,2024,6
55,4,產氣莢膜桿菌,,,合格,2024,6
56,0,丙二醇,,,合格,2024,6
56,1,汞,,,合格,2024,6
56,2,砷(換算水分12%之砷含量),,,合格,2024,6
56,3,無機砷,,,合格,2024,6
56,4,鉛,,,合格,2024,6
56,5,鎘,,,合格,2024,6
56,6,沙門氏桿菌,,,合格,2024,6
57,0,丙二醇,,,合格,2024,6
57,1,汞,,,合格,2024,6
57,2,砷(換算水分12%之砷含量),,,合格,2024,6
57,3,鉛,,,合格,2024,6
57,4,鎘,,,合格,2024,6
57,5,單核球增多性李斯特菌,,,合格,2024,6
57,6,地特靈 ,,,合格,2024,6
57,7,安特靈,,,合格,2024,6
57,8,飛佈達 ,,,合格,2024,6
57,9,阿特靈 ,,,合格,2024,6
57,10,蟲必死,,,合格,2024,6
57,11,滴滴涕 ,,,合格,2024,6
58,0,丙二醇,,,合格,2024,6
58,1,汞,,,合格,2024,6
58,2,砷(換算水分12%之砷含量),,,合格,2024,6
58,3,無機砷,,,合格,2024,6
58,4,鉛,,,合格,2024,6
58,5,鎘,,,合格,2024,6
58,6,產氣莢膜桿菌,,,合格,2024,6
59,0,銫-134+銫-137 ,,,合格,2024,6
60,0,銫-134+銫-137 ,,,合格,2024,6
61,0,銫-134+銫-137 ,,,合格,2024,6
62,0,銫-134+銫-137 ,,,合格,2024,6
63,0,銫-134+銫-137 ,,,合格,2024,6
64,0,銫-134+銫-137 ,,,合格,2024,6
65,0,銫-134+銫-137 ,,,合格,2024,6
66,0,銫-134+銫-137 ,,,合格,2024,6
67,0,銫-134+銫-137 ,,,合格,2024,6
0,0,丙二醇,,,合格,2024,7
0,1,黃麴毒素,,,合格,2024,7
0,2,沙門氏桿菌,,,合格,2024,7
0,3,單核球增多性李斯特菌,,,合格,2024,7
1,0,黃麴毒素,,,合格,2024,7
1,1,汞,,,合格,2024,7
1,2,砷,,,合格,2024,7
1,3,鉛,,,合格,2024,7
1,4,鎘,,,合格,2024,7
1,5,病原性大腸桿菌(致病性大腸桿菌),,,合格,2024,7
1,6,產氣莢膜桿菌,,,合格,2024,7
2,0,黃麴毒素,,,合格,2024,7
2,1,無機砷(換算水分12%之砷含量),,,合格,2024,7
2,2,沙門氏桿菌,,,合格,2024,7
2,3,單核球增多性李斯特菌,,,合格,2024,7
3,0,黃麴毒素,,,合格,2024,7
3,1,無機砷(換算水分12%之砷含量),,,合格,2024,7
3,2,沙門氏桿菌,,,合格,2024,7
3,3,病原性大腸桿菌(致病性大腸桿菌),,,合格,2024,7
4,0,黃麴毒素,,,合格,2024,7
4,1,沙門氏桿菌,,,合格,2024,7
4,2,病原性大腸桿菌(致病性大腸桿菌),,,合格,2024,7
4,3,產氣莢膜桿菌,,,合格,2024,7
5,0,黃麴毒素,,,合格,2024,7
5,1,亞硝酸鹽(NO2-) ,,,合格,2024,7
5,2,病原性大腸桿菌(致病性大腸桿菌),,,合格,2024,7
5,3,產氣莢膜桿菌,,,合格,2024,7
6,0,黃麴毒素,,,合格,2024,7
6,1,汞,,,合格,2024,7
6,2,砷,,,合格,2024,7
6,3,鉛,,,合格,2024,7
6,4,鎘,,,合格,2024,7
6,5,產氣莢膜桿菌,,,合格,2024,7
6,6,單核球增多性李斯特菌,,,合格,2024,7
7,0,丁基羥基甲氧苯(BHA),,,合格,2024,7
7,1,二丁基羥基甲苯(BHT),,,合格,2024,7
7,2,衣索金,,,合格,2024,7
7,3,黃麴毒素,,,合格,2024,7
7,4,病原性大腸桿菌(致病性大腸桿菌),,,合格,2024,7
8,0,黃麴毒素,,,合格,2024,7
8,1,病原性大腸桿菌(致病性大腸桿菌),,,合格,2024,7
8,2,產氣莢膜桿菌,,,合格,2024,7
8,3,單核球增多性李斯特菌,,,合格,2024,7
9,0,丁基羥基甲氧苯(BHA),,,合格,2024,7
9,1,二丁基羥基甲苯(BHT),,,合格,2024,7
9,2,衣索金,,,合格,2024,7
9,3,黃麴毒素,,,合格,2024,7
9,4,產氣莢膜桿菌,,,合格,2024,7
9,5,單核球增多性李斯特菌,,,合格,2024,7
10,0,黃麴毒素,,,合格,2024,7
10,1,沙門氏桿菌 ,,,合格,2024,7
10,2,病原性大腸桿菌(致病性大腸桿菌),,,合格,2024,7
10,3,單核球增多性李斯特菌,,,合格,2024,7
11,0,黃麴毒素,,,合格,2024,7
11,1,汞 ,,,合格,2024,7
11,2,砷(換算水分12%之砷含量),,,合格,2024,7
11,3,鉛,,,合格,2024,7
11,4,鎘,,,合格,2024,7
11,5,病原性大腸桿菌(致病性大腸桿菌),,,合格,2024,7
11,6,單核球增多性李斯特菌,,,合格,2024,7
12,0,黃麴毒素,,,合格,2024,7
12,1,病原性大腸桿菌(致病性大腸桿菌),,,合格,2024,7
12,2,產氣莢膜桿菌,,,合格,2024,7
12,3,單核球增多性李斯特菌,,,合格,2024,7
13,0,丁基羥基甲氧苯(BHA) ,,,合格,2024,7
13,1,二丁基羥基甲苯(BHT) ,,,合格,2024,7
13,2,衣索金,,,合格,2024,7
13,3,黃麴毒素,,,合格,2024,7
13,4,產氣莢膜桿菌,,,合格,2024,7
14,0,黃麴毒素,,,合格,2024,7
14,1,沙門氏桿菌 ,,,合格,2024,7
14,2,產氣莢膜桿菌,,,合格,2024,7
14,3,飛佈達,,,合格,2024,7
14,4,阿特靈 ,,,合格,2024,7
14,5,地特靈 ,,,合格,2024,7
14,6,安特靈 ,,,合格,2024,7
14,7,蟲必死 BHC,,,合格,2024,7
14,8,滴滴涕 DDT,,,合格,2024,7
15,0,黃麴毒素,,,合格,2024,7
15,1,病原性大腸桿菌(致病性大腸桿菌),,,合格,2024,7
15,2,產氣莢膜桿菌,,,合格,2024,7
15,3,三聚氰胺,,,合格,2024,7
16,0,黃麴毒素,,,合格,2024,7
16,1,沙門氏桿菌 ,,,合格,2024,7
16,2,單核球增多性李斯特菌,,,合格,2024,7
16,3,飛佈達,,,合格,2024,7
16,4,阿特靈 ,,,合格,2024,7
16,5,地特靈 ,,,合格,2024,7
16,6,安特靈 ,,,合格,2024,7
16,7,蟲必死 BHC,,,合格,2024,7
16,8,滴滴涕 DDT,,,合格,2024,7
17,0,黃麴毒素,,,合格,2024,7
17,1,病原性大腸桿菌(致病性大腸桿菌),,,合格,2024,7
17,2,單核球增多性李斯特菌,,,合格,2024,7
17,3,飛佈達,,,合格,2024,7
17,4,阿特靈 ,,,合格,2024,7
17,5,地特靈 ,,,合格,2024,7
17,6,安特靈 ,,,合格,2024,7
17,7,蟲必死 BHC,,,合格,2024,7
17,8,滴滴涕 DDT,,,合格,2024,7
18,0,丁基羥基甲氧苯(BHA) ,,,合格,2024,7
18,1,二丁基羥基甲苯(BHT) ,,,合格,2024,7
18,2,衣索金,,,合格,2024,7
18,3,黃麴毒素,,,合格,2024,7
18,4,單核球增多性李斯特菌,,,合格,2024,7
19,0,亞硝酸鹽(NO2-) ,,,合格,2024,7
19,1,沙門氏桿菌 ,,,合格,2024,7
19,2,產氣莢膜桿菌,,,合格,2024,7
20,0,丙二醇,,,合格,2024,7
20,1,黃麴毒素,,,合格,2024,7
20,2,病原性大腸桿菌(致病性大腸桿菌),,,合格,2024,7
20,3,產氣莢膜桿菌,,,合格,2024,7
21,0,黃麴毒素,,,合格,2024,7
21,1,汞,,,合格,2024,7
21,2,砷,,,合格,2024,7
21,3,鉛,,,合格,2024,7
21,4,鎘,,,合格,2024,7
21,5,沙門氏桿菌,,,合格,2024,7
21,6,單核球增多性李斯特菌,,,合格,2024,7
22,0,黃麴毒素,,,合格,2024,7
22,1,病原性大腸桿菌(致病性大腸桿菌),,,合格,2024,7
22,2,單核球增多性李斯特菌,,,合格,2024,7
22,3,三聚氰胺,,,合格,2024,7
23,0,黃麴毒素,,,合格,2024,7
23,1,無機砷,,,合格,2024,7
23,2,病原性大腸桿菌(致病性大腸桿菌),,,合格,2024,7
23,3,產氣莢膜桿菌,,,合格,2024,7
24,0,黃麴毒素,,,合格,2024,7
24,1,汞,,,合格,2024,7
24,2,砷,,,合格,2024,7
24,3,鉛,,,合格,2024,7
24,4,鎘,,,合格,2024,7
24,5,沙門氏桿菌,,,合格,2024,7
25,0,丙二醇,,,合格,2024,7
25,1,黃麴毒素,,,合格,2024,7
25,2,汞,,,合格,2024,7
25,3,砷(換算水分12%之砷含量),,,合格,2024,7
25,4,鉛,,,合格,2024,7
25,5,鎘,,,合格,2024,7
25,6,病原性大腸桿菌(致病性大腸桿菌),,,合格,2024,7
26,0,黃麴毒素,,,合格,2024,7
26,1,沙門氏桿菌,,,合格,2024,7
26,2,產氣莢膜桿菌,,,合格,2024,7
26,3,三聚氰胺,,,合格,2024,7
27,0,丁基羥基甲氧苯(BHA),,,合格,2024,7
27,1,二丁基羥基甲苯(BHT),,,合格,2024,7
27,2,衣索金,,,合格,2024,7
27,3,黃麴毒素,,,合格,2024,7
27,4,單核球增多性李斯特菌,,,合格,2024,7
28,0,丁基羥基甲氧苯(BHA),,,合格,2024,7
28,1,二丁基羥基甲苯(BHT),,,合格,2024,7
28,2,衣索金,,,合格,2024,7
28,3,黃麴毒素,,,合格,2024,7
28,4,產氣莢膜桿菌,,,合格,2024,7
29,0,丁基羥基甲氧苯(BHA),,,合格,2024,7
29,1,二丁基羥基甲苯(BHT),,,合格,2024,7
29,2,衣索金,,,合格,2024,7
29,3,黃麴毒素,,,合格,2024,7
29,4,單核球增多性李斯特菌,,,合格,2024,7
30,0,黃麴毒素,,,合格,2024,7
30,1,沙門氏桿菌,,,合格,2024,7
30,2,單核球增多性李斯特菌,,,合格,2024,7
30,3,三聚氰胺,,,合格,2024,7
31,0,丁基羥基甲氧苯(BHA),,,合格,2024,7
31,1,二丁基羥基甲苯(BHT),,,合格,2024,7
31,2,衣索金,,,合格,2024,7
31,3,黃麴毒素,,,合格,2024,7
31,4,單核球增多性李斯特菌,,,合格,2024,7
32,0,丁基羥基甲氧苯(BHA),,,合格,2024,7
32,1,二丁基羥基甲苯(BHT),,,合格,2024,7
32,2,丙二醇,,,合格,2024,7
32,3,衣索金 Ethoxyquin,,,合格,2024,7
32,4,黃麴毒素 Aflatoxin,,,合格,2024,7
32,5,汞 Hg,,,合格,2024,7
32,6,砷 As,,,合格,2024,7
32,7,無機砷 iAs,,,合格,2024,7
32,8,鉛 Pb,,,合格,2024,7
32,9,鎘 Cd,,,合格,2024,7
32,10,亞硝酸鹽(NO2-) Nitrite,,,合格,2024,7
32,11,沙門氏桿菌 Salmonella,,,合格,2024,7
32,12,病原性大腸桿菌 Enteropathogenic Escherichia coli,,,合格,2024,7
32,13,產氣莢膜桿菌 Clostridium perfringens,,,合格,2024,7
32,14,單核球增多性李斯特菌 Listeria monocytogenes,,,合格,2024,7
32,15,滴滴涕 DDT,,,合格,2024,7
32,16,蟲必死 BHC,,,合格,2024,7
32,17,阿特靈 Aldrin,,,合格,2024,7
32,18,地特靈 Dieldrin,,,合格,2024,7
32,19,安特靈 Endrin,,,合格,2024,7
32,20,飛佈達 Heptachlor,,,合格,2024,7
32,21,三聚氰胺 Melamine,,,合格,2024,7
33,0,丁基羥基甲氧苯(BHA),,,合格,2024,7
33,1,二丁基羥基甲苯(BHT),,,合格,2024,7
33,2,丙二醇,,,合格,2024,7
33,3,衣索金 Ethoxyquin,,,合格,2024,7
33,4,黃麴毒素 Aflatoxin,,,合格,2024,7
33,5,汞 Hg,,,合格,2024,7
33,6,砷 As,,,合格,2024,7
33,7,無機砷 iAs,,,合格,2024,7
33,8,鉛 Pb,,,合格,2024,7
33,9,鎘 Cd,,,合格,2024,7
33,10,亞硝酸鹽(NO2-) Nitrite,,,合格,2024,7
33,11,沙門氏桿菌 Salmonella,,,合格,2024,7
33,12,病原性大腸桿菌 Enteropathogenic Escherichia coli,,,合格,2024,7
33,13,產氣莢膜桿菌 Clostridium perfringens,,,合格,2024,7
33,14,單核球增多性李斯特菌 Listeria monocytogenes,,,合格,2024,7
33,15,滴滴涕 DDT,,,合格,2024,7
33,16,蟲必死 BHC,,,合格,2024,7
33,17,阿特靈 Aldrin,,,合格,2024,7
33,18,地特靈 Dieldrin,,,合格,2024,7
33,19,安特靈 Endrin,,,合格,2024,7
33,20,飛佈達 Heptachlor,,,合格,2024,7
33,21,三聚氰胺 Melamine,,,合格,2024,7
0,0,汞,,,合格,2024,8
0,1,砷,,,合格,2024,8
0,2,無機砷,,,合格,2024,8
0,3,鉛,,,合格,2024,8
0,4,鎘,,,合格,2024,8
0,5,沙門氏桿菌,,,合格,2024,8
0,6,單核球增多性李斯特菌,,,合格,2024,8
1,0,丁基羥基甲氧苯(BHA),,,合格,2024,8
1,1,二丁基羥基甲苯(BHT),,,合格,2024,8
1,2,衣索金,,,合格,2024,8
1,3,病原性大腸桿菌(致病性大腸桿菌),,,合格,2024,8
1,4,產氣莢膜桿菌,,,合格,2024,8
2,0,黃麴毒素,,,合格,2024,8
2,1,沙門氏桿菌,,,合格,2024,8
2,2,單核球增多性李斯特菌,,,合格,2024,8
2,3,三聚氰胺,,,合格,2024,8
3,0,亞硝酸鹽(NO2-),,,合格,2024,8
3,1,病原性大腸桿菌(致病性大腸桿菌),,,合格,2024,8
3,2,產氣莢膜桿菌,,,合格,2024,8
3,3,飛佈達 ,,,合格,2024,8
3,4,安特靈,,,合格,2024,8
3,5,阿特靈 ,,,合格,2024,8
3,6,地特靈 ,,,合格,2024,8
3,7,滴滴涕,,,合格,2024,8
3,8,蟲必死,,,合格,2024,8
4,0,汞,,,合格,2024,8
4,1,砷,,,合格,2024,8
4,2,鉛,,,合格,2024,8
4,3,鎘,,,合格,2024,8
4,4,亞硝酸鹽(NO2-),,,合格,2024,8
4,5,沙門氏桿菌,,,合格,2024,8
4,6,單核球增多性李斯特菌,,,合格,2024,8
5,0,汞,,,合格,2024,8
5,1,砷(換算水分12%之砷含量),,,合格,2024,8
5,2,無機砷,,,合格,2024,8
5,3,鉛,,,合格,2024,8
5,4,鎘,,,合格,2024,8
5,5,病原性大腸桿菌(致病性大腸桿菌),,,合格,2024,8
5,6,產氣莢膜桿菌,,,合格,2024,8
6,0,亞硝酸鹽(NO2-),,,合格,2024,8
6,1,沙門氏桿菌,,,合格,2024,8
6,2,單核球增多性李斯特菌,,,合格,2024,8
6,3,飛佈達 ,,,合格,2024,8
6,4,安特靈,,,合格,2024,8
6,5,阿特靈 ,,,合格,2024,8
6,6,地特靈 ,,,合格,2024,8
6,7,滴滴涕,,,合格,2024,8
6,8,蟲必死,,,合格,2024,8
7,0,汞,,,合格,2024,8
7,1,砷,,,合格,2024,8
7,2,無機砷,,,合格,2024,8
7,3,鉛,,,合格,2024,8
7,4,鎘,,,合格,2024,8
7,5,病原性大腸桿菌(致病性大腸桿菌),,,合格,2024,8
7,6,產氣莢膜桿菌,,,合格,2024,8
8,0,無機砷,,,合格,2024,8
8,1,沙門氏桿菌,,,合格,2024,8
8,2,病原性大腸桿菌(致病性大腸桿菌),,,合格,2024,8
9,0,丙二醇,,,合格,2024,8
9,1,汞,,,合格,2024,8
9,2,砷(換算水分12%之砷含量),,,合格,2024,8
9,3,鉛,,,合格,2024,8
9,4,鎘,,,合格,2024,8
9,5,產氣莢膜桿菌,,,合格,2024,8
9,6,單核球增多性李斯特菌,,,合格,2024,8
10,0,丙二醇,,,合格,2024,8
10,1,汞,,,合格,2024,8
10,2,砷(換算水分12%之砷含量),,,合格,2024,8
10,3,鉛,,,合格,2024,8
10,4,鎘,,,合格,2024,8
10,5,病原性大腸桿菌(致病性大腸桿菌),,,合格,2024,8
10,6,產氣莢膜桿菌,,,合格,2024,8
11,0,汞,,,合格,2024,8
11,1,砷(換算水分12%之砷含量),,,合格,2024,8
11,2,無機砷,,,合格,2024,8
11,3,鉛,,,合格,2024,8
11,4,鎘,,,合格,2024,8
11,5,沙門氏桿菌,,,合格,2024,8
11,6,單核球增多性李斯特菌,,,合格,2024,8
12,0,黃麴毒素,,,合格,2024,8
12,1,沙門氏桿菌,,,合格,2024,8
12,2,產氣莢膜桿菌,,,合格,2024,8
12,3,飛佈達 ,,,合格,2024,8
12,4,安特靈,,,合格,2024,8
12,5,阿特靈 ,,,合格,2024,8
12,6,地特靈 ,,,合格,2024,8
12,7,滴滴涕,,,合格,2024,8
12,8,蟲必死,,,合格,2024,8
13,0,黃麴毒素,,,合格,2024,8
13,1,病原性大腸桿菌(致病性大腸桿菌),,,合格,2024,8
13,2,單核球增多性李斯特菌,,,合格,2024,8
13,3,飛佈達 ,,,合格,2024,8
13,4,安特靈,,,合格,2024,8
13,5,阿特靈 ,,,合格,2024,8
13,6,地特靈 ,,,合格,2024,8
13,7,滴滴涕,,,合格,2024,8
13,8,蟲必死,,,合格,2024,8
14,0,汞,,,合格,2024,8
14,1,砷(換算水分12%之砷含量),,,合格,2024,8
14,2,無機砷,,,合格,2024,8
14,3,鉛,,,合格,2024,8
14,4,鎘,,,合格,2024,8
14,5,沙門氏桿菌,,,合格,2024,8
14,6,產氣莢膜桿菌,,,合格,2024,8
15,0,黃麴毒素,,,合格,2024,8
15,1,產氣莢膜桿菌,,,合格,2024,8
15,2,單核球增多性李斯特菌,,,合格,2024,8
15,3,三聚氰胺,,,合格,2024,8
16,0,丁基羥基甲氧苯(BHA),,,合格,2024,8
16,1,二丁基羥基甲苯(BHT),,,合格,2024,8
16,2,衣索金,,,合格,2024,8
16,3,沙門氏桿菌,,,合格,2024,8
16,4,病原性大腸桿菌(致病性大腸桿菌),,,合格,2024,8
17,0,黃麴毒素,,,合格,2024,8
17,1,亞硝酸鹽(NO2-),,,合格,2024,8
17,2,病原性大腸桿菌(致病性大腸桿菌),,,合格,2024,8
17,3,單核球增多性李斯特菌,,,合格,2024,8
18,0,丁基羥基甲氧苯(BHA),,,合格,2024,8
18,1,二丁基羥基甲苯(BHT),,,合格,2024,8
18,2,衣索金,,,合格,2024,8
18,3,沙門氏桿菌,,,合格,2024,8
18,4,產氣莢膜桿菌,,,合格,2024,8
19,0,黃麴毒素,,,合格,2024,8
19,1,病原性大腸桿菌(致病性大腸桿菌),,,合格,2024,8
19,2,單核球增多性李斯特菌,,,合格,2024,8
19,3,飛佈達 ,,,合格,2024,8
19,4,安特靈,,,合格,2024,8
19,5,阿特靈 ,,,合格,2024,8
19,6,地特靈 ,,,合格,2024,8
19,7,滴滴涕,,,合格,2024,8
19,8,蟲必死,,,合格,2024,8
20,0,丙二醇,,,合格,2024,8
20,1,黃麴毒素,,,合格,2024,8
20,2,沙門氏桿菌,,,合格,2024,8
20,3,產氣莢膜桿菌,,,合格,2024,8
21,0,黃麴毒素,,,合格,2024,8
21,1,沙門氏桿菌,,,合格,2024,8
21,2,單核球增多性李斯特菌,,,合格,2024,8
21,3,三聚氰胺,,,合格,2024,8
22,0,丁基羥基甲氧苯(BHA),,,合格,2024,8
22,1,二丁基羥基甲苯(BHT),,,合格,2024,8
22,2,衣索金,,,合格,2024,8
22,3,病原性大腸桿菌(致病性大腸桿菌),,,合格,2024,8
22,4,產氣莢膜桿菌,,,合格,2024,8
23,0,黃麴毒素,,,合格,2024,8
23,1,產氣莢膜桿菌,,,合格,2024,8
23,2,單核球增多性李斯特菌,,,合格,2024,8
23,3,三聚氰胺,,,合格,2024,8
24,0,黃麴毒素,,,合格,2024,8
24,1,沙門氏桿菌,,,合格,2024,8
24,2,單核球增多性李斯特菌,,,合格,2024,8
24,3,三聚氰胺,,,合格,2024,8
25,0,黃麴毒素,,,合格,2024,8
25,1,病原性大腸桿菌(致病性大腸桿菌),,,合格,2024,8
25,2,產氣莢膜桿菌,,,合格,2024,8
25,3,飛佈達 ,,,合格,2024,8
25,4,安特靈,,,合格,2024,8
25,5,阿特靈 ,,,合格,2024,8
25,6,地特靈 ,,,合格,2024,8
25,7,滴滴涕,,,合格,2024,8
25,8,蟲必死,,,合格,2024,8
26,0,汞,,,合格,2024,8
26,1,砷(換算水分12%之砷含量),,,合格,2024,8
26,2,鉛,,,合格,2024,8
26,3,鎘,,,合格,2024,8
26,4,病原性大腸桿菌(致病性大腸桿菌),,,合格,2024,8
26,5,產氣莢膜桿菌,,,合格,2024,8
27,0,黃麴毒素,,,合格,2024,8
27,1,汞,,,合格,2024,8
27,2,砷(換算水分12%之砷含量),,,合格,2024,8
27,3,鉛,,,合格,2024,8
27,4,鎘,,,合格,2024,8
27,5,沙門氏桿菌,,,合格,2024,8
27,6,單核球增多性李斯特菌,,,合格,2024,8
28,0,丙二醇,,,合格,2024,8
28,1,亞硝酸鹽(NO2-),,,合格,2024,8
28,2,病原性大腸桿菌(致病性大腸桿菌),,,合格,2024,8
28,3,產氣莢膜桿菌,,,合格,2024,8
29,0,丁基羥基甲氧苯(BHA),,,合格,2024,8
29,1,二丁基羥基甲苯(BHT),,,合格,2024,8
29,2,衣索金,,,合格,2024,8
29,3,病原性大腸桿菌(致病性大腸桿菌),,,合格,2024,8
30,0,沙門氏桿菌,,,合格,2024,8
30,1,病原性大腸桿菌(致病性大腸桿菌),,,合格,2024,8
30,2,產氣莢膜桿菌,,,合格,2024,8
30,3,單核球增多性李斯特菌,,,合格,2024,8
31,0,沙門氏桿菌,,,合格,2024,8
31,1,病原性大腸桿菌(致病性大腸桿菌),,,合格,2024,8
31,2,產氣莢膜桿菌,,,合格,2024,8
31,3,單核球增多性李斯特菌,,,合格,2024,8
32,0,黃麴毒素,,,合格,2024,8
32,1,沙門氏桿菌,,,合格,2024,8
32,2,單核球增多性李斯特菌,,,合格,2024,8
33,0,丁基羥基甲氧苯(BHA),,,合格,2024,8
33,1,二丁基羥基甲苯(BHT),,,合格,2024,8
33,2,衣索金,,,合格,2024,8
33,3,病原性大腸桿菌(致病性大腸桿菌),,,合格,2024,8
34,0,亞硝酸鹽(NO2-),,,合格,2024,8
34,1,沙門氏桿菌,,,合格,2024,8
34,2,單核球增多性李斯特菌,,,合格,2024,8
35,0,亞硝酸鹽(NO2-),,,合格,2024,8
35,1,產氣莢膜桿菌,,,合格,2024,8
35,2,單核球增多性李斯特菌,,,合格,2024,8
36,0,丁基羥基甲氧苯(BHA),,,合格,2024,8
36,1,二丁基羥基甲苯(BHT),,,合格,2024,8
36,2,衣索金,,,合格,2024,8
36,3,沙門氏桿菌,,,合格,2024,8
37,0,丙二醇,,,合格,2024,8
37,1,單核球增多性李斯特菌,,,合格,2024,8
38,0,黃麴毒素,,,合格,2024,8
38,1,沙門氏桿菌,,,合格,2024,8
38,2,病原性大腸桿菌(致病性大腸桿菌),,,合格,2024,8
38,3,三聚氰胺,,,合格,2024,8
39,0,黃麴毒素,,,合格,2024,8
39,1,汞,,,合格,2024,8
39,2,砷(換算水分12%之砷含量),,,合格,2024,8
39,3,鉛,,,合格,2024,8
39,4,鎘,,,合格,2024,8
39,5,病原性大腸桿菌(致病性大腸桿菌),,,合格,2024,8
39,6,產氣莢膜桿菌,,,合格,2024,8
40,0,黃麴毒素,,,合格,2024,8
40,1,產氣莢膜桿菌,,,合格,2024,8
40,2,單核球增多性李斯特菌,,,合格,2024,8
40,3,飛佈達 ,,,合格,2024,8
40,4,安特靈,,,合格,2024,8
40,5,阿特靈 ,,,合格,2024,8
40,6,地特靈 ,,,合格,2024,8
40,7,滴滴涕,,,合格,2024,8
40,8,蟲必死,,,合格,2024,8
41,0,黃麴毒素,,,合格,2024,8
41,1,沙門氏桿菌,,,合格,2024,8
41,2,單核球增多性李斯特菌,,,合格,2024,8
41,3,三聚氰胺,,,合格,2024,8
42,0,汞,,,合格,2024,8
42,1,砷(換算水分12%之砷含量),,,合格,2024,8
42,2,無機砷,,,合格,2024,8
42,3,鉛,,,合格,2024,8
42,4,鎘,,,合格,2024,8
42,5,病原性大腸桿菌(致病性大腸桿菌),,,合格,2024,8
42,6,產氣莢膜桿菌,,,合格,2024,8
43,0,丙二醇,,,合格,2024,8
43,1,沙門氏桿菌,,,合格,2024,8
43,2,病原性大腸桿菌(致病性大腸桿菌),,,合格,2024,8
43,3,飛佈達 ,,,合格,2024,8
43,4,安特靈,,,合格,2024,8
43,5,阿特靈 ,,,合格,2024,8
43,6,地特靈 ,,,合格,2024,8
43,7,滴滴涕,,,合格,2024,8
43,8,蟲必死,,,合格,2024,8
44,0,黃麴毒素,,,合格,2024,8
44,1,產氣莢膜桿菌,,,合格,2024,8
44,2,單核球增多性李斯特菌,,,合格,2024,8
44,3,三聚氰胺,,,合格,2024,8
45,0,汞,,,合格,2024,8
45,1,砷,,,合格,2024,8
45,2,鉛,,,合格,2024,8
45,3,鎘,,,合格,2024,8
45,4,亞硝酸鹽(NO2-),,,合格,2024,8
45,5,病原性大腸桿菌(致病性大腸桿菌),,,合格,2024,8
45,6,產氣莢膜桿菌,,,合格,2024,8
46,0,黃麴毒素,,,合格,2024,8
46,1,沙門氏桿菌,,,合格,2024,8
46,2,病原性大腸桿菌(致病性大腸桿菌),,,合格,2024,8
46,3,飛佈達 ,,,合格,2024,8
46,4,安特靈,,,合格,2024,8
46,5,阿特靈 ,,,合格,2024,8
46,6,地特靈 ,,,合格,2024,8
46,7,滴滴涕,,,合格,2024,8
46,8,蟲必死,,,合格,2024,8
47,0,黃麴毒素,,,合格,2024,8
47,1,產氣莢膜桿菌,,,合格,2024,8
47,2,單核球增多性李斯特菌,,,合格,2024,8
47,3,三聚氰胺,,,合格,2024,8
48,0,黃麴毒素 Aflatoxin,,,合格,2024,8
48,1,沙門氏桿菌 Salmonella,,,合格,2024,8
48,2,"單核球增多性李斯特菌 
Listeria monocytogenes",,,合格,2024,8
48,3,飛佈達 Heptachlor,,,合格,2024,8
48,4,地特靈 Dieldrin,,,合格,2024,8
48,5,安特靈 Endrin,,,合格,2024,8
48,6,阿特靈 Aldrin,,,合格,2024,8
48,7,滴滴涕 DDT,,,合格,2024,8
48,8,蟲必死 BHC,,,合格,2024,8
49,0,丁基羥基甲氧苯(BHA),,,合格,2024,8
49,1,二丁基羥基甲苯(BHT),,,合格,2024,8
49,2,丙二醇,,,合格,2024,8
49,3,衣索金,,,合格,2024,8
49,4,黃麴毒素,,,合格,2024,8
49,5,汞,,,合格,2024,8
49,6,砷(換算水分12%之砷含量),,,合格,2024,8
49,7,無機砷(換算水分12%之砷含量),,,合格,2024,8
49,8,鉛,,,合格,2024,8
49,9,鎘,,,合格,2024,8
49,10,亞硝酸鹽(NO2-),,,合格,2024,8
49,11,沙門氏桿菌,,,合格,2024,8
49,12,病原性大腸桿菌(致病性大腸桿菌),,,合格,2024,8
49,13,產氣莢膜桿菌,,,合格,2024,8
49,14,單核球增多性李斯特菌,,,合格,2024,8
49,15,飛佈達 ,,,合格,2024,8
49,16,安特靈,,,合格,2024,8
49,17,阿特靈 ,,,合格,2024,8
49,18,地特靈 ,,,合格,2024,8
49,19,滴滴涕,,,合格,2024,8
49,20,蟲必死,,,合格,2024,8
49,21,三聚氰胺,,,合格,2024,8
50,0,丁基羥基甲氧苯(BHA),,,合格,2024,8
50,1,二丁基羥基甲苯(BHT),,,合格,2024,8
50,2,丙二醇,,,合格,2024,8
50,3,衣索金,,,合格,2024,8
50,4,黃麴毒素,,,合格,2024,8
50,5,汞,,,合格,2024,8
50,6,砷(換算水分12%之砷含量),,,合格,2024,8
50,7,無機砷(換算水分12%之砷含量),,,合格,2024,8
50,8,鉛,,,合格,2024,8
50,9,鎘,,,合格,2024,8
50,10,亞硝酸鹽(NO2-),,,合格,2024,8
50,11,沙門氏桿菌,,,合格,2024,8
50,12,病原性大腸桿菌(致病性大腸桿菌),,,合格,2024,8
50,13,產氣莢膜桿菌,,,合格,2024,8
50,14,單核球增多性李斯特菌,,,合格,2024,8
50,15,飛佈達 ,,,合格,2024,8
50,16,安特靈,,,合格,2024,8
50,17,阿特靈 ,,,合格,2024,8
50,18,地特靈 ,,,合格,2024,8
50,19,滴滴涕,,,合格,2024,8
50,20,蟲必死,,,合格,2024,8
50,21,三聚氰胺,,,合格,2024,8
0,0,沙門氏桿菌,,,合格,2024,9
0,1,病原性大腸桿菌(致病性大腸桿菌),,,合格,2024,9
0,2,產氣莢膜桿菌,,,合格,2024,9
0,3,單核球增多性李斯特菌,,,合格,2024,9
1,0,沙門氏桿菌,,,合格,2024,9
1,1,病原性大腸桿菌(致病性大腸桿菌),,,合格,2024,9
1,2,產氣莢膜桿菌,,,合格,2024,9
1,3,單核球增多性李斯特菌,,,合格,2024,9
2,0,沙門氏桿菌,,,合格,2024,9
2,1,病原性大腸桿菌(致病性大腸桿菌),,,合格,2024,9
2,2,產氣莢膜桿菌,,,合格,2024,9
2,3,單核球增多性李斯特菌,,,合格,2024,9
3,0,沙門氏桿菌,,,合格,2024,9
3,1,病原性大腸桿菌(致病性大腸桿菌),,,合格,2024,9
3,2,產氣莢膜桿菌,,,合格,2024,9
3,3,單核球增多性李斯特菌,,,合格,2024,9
4,0,沙門氏桿菌,,,合格,2024,9
4,1,病原性大腸桿菌(致病性大腸桿菌),,,合格,2024,9
4,2,產氣莢膜桿菌,,,合格,2024,9
4,3,單核球增多性李斯特菌,,,合格,2024,9
5,0,沙門氏桿菌,,,合格,2024,9
5,1,病原性大腸桿菌(致病性大腸桿菌),,,合格,2024,9
5,2,產氣莢膜桿菌,,,合格,2024,9
5,3,單核球增多性李斯特菌,,,合格,2024,9
6,0,沙門氏桿菌,,,合格,2024,9
6,1,病原性大腸桿菌(致病性大腸桿菌),,,合格,2024,9
6,2,產氣莢膜桿菌,,,合格,2024,9
6,3,單核球增多性李斯特菌,,,合格,2024,9
7,0,沙門氏桿菌,,,合格,2024,9
7,1,病原性大腸桿菌(致病性大腸桿菌),,,合格,2024,9
7,2,產氣莢膜桿菌,,,合格,2024,9
7,3,單核球增多性李斯特菌,,,合格,2024,9
8,0,沙門氏桿菌,,,合格,2024,9
8,1,病原性大腸桿菌(致病性大腸桿菌),,,合格,2024,9
8,2,產氣莢膜桿菌,,,合格,2024,9
8,3,單核球增多性李斯特菌,,,合格,2024,9
9,0,沙門氏桿菌,,,合格,2024,9
9,1,病原性大腸桿菌(致病性大腸桿菌),,,合格,2024,9
9,2,產氣莢膜桿菌,,,合格,2024,9
9,3,單核球增多性李斯特菌,,,合格,2024,9
10,0,沙門氏桿菌,,,合格,2024,9
10,1,病原性大腸桿菌(致病性大腸桿菌),,,合格,2024,9
10,2,產氣莢膜桿菌,,,合格,2024,9
10,3,單核球增多性李斯特菌,,,合格,2024,9
11,0,沙門氏桿菌,,,合格,2024,9
11,1,病原性大腸桿菌(致病性大腸桿菌),,,合格,2024,9
11,2,產氣莢膜桿菌,,,合格,2024,9
11,3,單核球增多性李斯特菌,,,合格,2024,9
12,0,沙門氏桿菌,,,不合格,2024,9
12,1,病原性大腸桿菌(致病性大腸桿菌),,,不合格,2024,9
12,2,產氣莢膜桿菌,,,合格,2024,9
12,3,單核球增多性李斯特菌,,,合格,2024,9
13,0,沙門氏桿菌,,,合格,2024,9
13,1,病原性大腸桿菌(致病性大腸桿菌),,,合格,2024,9
13,2,產氣莢膜桿菌,,,合格,2024,9
13,3,單核球增多性李斯特菌,,,合格,2024,9
14,0,沙門氏桿菌,,,合格,2024,9
14,1,病原性大腸桿菌(致病性大腸桿菌),,,合格,2024,9
14,2,產氣莢膜桿菌,,,合格,2024,9
14,3,單核球增多性李斯特菌,,,合格,2024,9
15,0,沙門氏桿菌,,,合格,2024,9
15,1,病原性大腸桿菌(致病性大腸桿菌),,,合格,2024,9
15,2,產氣莢膜桿菌,,,合格,2024,9
15,3,單核球增多性李斯特菌,,,合格,2024,9
16,0,沙門氏桿菌,,,合格,2024,9
16,1,病原性大腸桿菌(致病性大腸桿菌),,,合格,2024,9
16,2,產氣莢膜桿菌,,,合格,2024,9
16,3,單核球增多性李斯特菌,,,合格,2024,9
17,0,沙門氏桿菌,,,合格,2024,9
17,1,病原性大腸桿菌(致病性大腸桿菌),,,合格,2024,9
17,2,產氣莢膜桿菌,,,合格,2024,9
17,3,單核球增多性李斯特菌,,,合格,2024,9
18,0,沙門氏桿菌,,,合格,2024,9
18,1,病原性大腸桿菌(致病性大腸桿菌),,,合格,2024,9
18,2,產氣莢膜桿菌,,,合格,2024,9
18,3,單核球增多性李斯特菌,,,合格,2024,9
19,0,沙門氏桿菌,,,合格,2024,9
19,1,病原性大腸桿菌(致病性大腸桿菌),,,合格,2024,9
19,2,產氣莢膜桿菌,,,合格,2024,9
19,3,單核球增多性李斯特菌,,,合格,2024,9
20,0,沙門氏桿菌,,,合格,2024,9
20,1,病原性大腸桿菌(致病性大腸桿菌),,,合格,2024,9
20,2,產氣莢膜桿菌,,,合格,2024,9
20,3,單核球增多性李斯特菌,,,合格,2024,9
21,0,汞,,,合格,2024,9
21,1,砷(換算水分12%之砷含量),,,合格,2024,9
21,2,鉛,,,合格,2024,9
21,3,鎘,,,合格,2024,9
22,0,汞,,,合格,2024,9
22,1,砷(換算水分12%之砷含量),,,合格,2024,9
22,2,鉛,,,合格,2024,9
22,3,鎘,,,合格,2024,9
23,0,汞,,,合格,2024,9
23,1,砷(換算水分12%之砷含量),,,合格,2024,9
23,2,鉛,,,合格,2024,9
23,3,鎘,,,合格,2024,9
24,0,沙門氏桿菌,,,合格,2024,9
24,1,病原性大腸桿菌(致病性大腸桿菌),,,合格,2024,9
24,2,產氣莢膜桿菌,,,合格,2024,9
24,3,單核球增多性李斯特菌,,,合格,2024,9
25,0,汞,,,合格,2024,9
25,1,砷(換算水分12%之砷含量),,,合格,2024,9
25,2,鉛,,,合格,2024,9
25,3,鎘,,,合格,2024,9
25,4,沙門氏桿菌,,,合格,2024,9
25,5,病原性大腸桿菌(致病性大腸桿菌),,,合格,2024,9
25,6,產氣莢膜桿菌,,,合格,2024,9
25,7,單核球增多性李斯特菌,,,合格,2024,9
26,0,汞,,,不合格,2024,9
26,1,砷(換算水分12%之砷含量),,,合格,2024,9
26,2,鉛,,,合格,2024,9
26,3,鎘,,,合格,2024,9
0,0,亞硝酸鹽(NO2-),,,合格,2025,1
0,1,沙門氏桿菌,,,合格,2025,1
0,2,地特靈,,,合格,2025,1
0,3,蟲必死,,,合格,2025,1
0,4,滴滴涕,,,合格,2025,1
0,5,單核球增多性李斯特菌,,,合格,2025,1
0,6,阿特靈,,,合格,2025,1
0,7,安特靈,,,合格,2025,1
0,8,飛佈達,,,合格,2025,1
1,0,病原性大腸桿菌(致病性大腸桿菌),,,合格,2025,1
1,1,單核球增多性李斯特菌,,,合格,2025,1
1,2,飛佈達,,,合格,2025,1
1,3,蟲必死,,,合格,2025,1
1,4,滴滴涕,,,合格,2025,1
1,5,安特靈,,,合格,2025,1
1,6,地特靈,,,合格,2025,1
1,7,阿特靈,,,合格,2025,1
1,8,三聚氰胺,,,合格,2025,1
2,0,丁基羥基甲氧苯(BHA),,,合格,2025,1
2,1,二丁基羥基甲苯(BHT),,,合格,2025,1
2,2,衣索金,,,合格,2025,1
2,3,病原性大腸桿菌(致病性大腸桿菌),,,合格,2025,1
2,4,產氣莢膜桿菌,,,合格,2025,1
3,0,汞,,,合格,2025,1
3,1,砷(換算水分12%之砷含量),,,合格,2025,1
3,2,無機砷,,,合格,2025,1
3,3,鉛,,,合格,2025,1
3,4,鎘,,,合格,2025,1
3,5,沙門氏桿菌,,,合格,2025,1
3,6,產氣莢膜桿菌,,,合格,2025,1
4,0,黃麴毒素,,,合格,2025,1
4,1,汞,,,合格,2025,1
4,2,砷(換算水分12%之砷含量),,,合格,2025,1
4,3,鉛,,,合格,2025,1
4,4,鎘,,,合格,2025,1
4,5,沙門氏桿菌,,,合格,2025,1
4,6,產氣莢膜桿菌,,,合格,2025,1
5,0,沙門氏桿菌,,,合格,2025,1
5,1,單核球增多性李斯特菌,,,合格,2025,1
5,2,丙二醇,,,合格,2025,1
5,3,黃麴毒素,,,合格,2025,1
6,0,黃麴毒素,,,合格,2025,1
6,1,三聚氰胺,,,合格,2025,1
6,2,病原性大腸桿菌(致病性大腸桿菌),,,合格,2025,1
6,3,單核球增多性李斯特菌,,,合格,2025,1
7,0,汞,,,合格,2025,1
7,1,砷,,,合格,2025,1
7,2,鉛,,,合格,2025,1
7,3,鎘,,,合格,2025,1
7,4,亞硝酸鹽(NO2-),,,合格,2025,1
7,5,病原性大腸桿菌(致病性大腸桿菌),,,合格,2025,1
7,6,產氣莢膜桿菌,,,合格,2025,1
8,0,產氣莢膜桿菌,,,合格,2025,1
8,1,單核球增多性李斯特菌,,,合格,2025,1
8,2,黃麴毒素,,,合格,2025,1
8,3,汞,,,合格,2025,1
8,4,砷(換算水分12%之砷含量),,,合格,2025,1
8,5,鉛,,,合格,2025,1
8,6,鎘,,,合格,2025,1
9,0,丁基羥基甲氧苯(BHA),,,合格,2025,1
9,1,沙門氏桿菌,,,合格,2025,1
9,2,病原性大腸桿菌(致病性大腸桿菌),,,合格,2025,1
9,3,二丁基羥基甲苯(BHT),,,合格,2025,1
9,4,衣索金,,,合格,2025,1
10,0,丁基羥基甲氧苯(BHA),,,合格,2025,1
10,1,砷,,,合格,2025,1
10,2,鉛,,,合格,2025,1
10,3,鎘,,,合格,2025,1
10,4,飛佈達,,,合格,2025,1
10,5,阿特靈,,,合格,2025,1
10,6,安特靈,,,合格,2025,1
10,7,二丁基羥基甲苯(BHT),,,合格,2025,1
10,8,衣索金,,,合格,2025,1
10,9,汞,,,合格,2025,1
10,10,蟲必死,,,合格,2025,1
10,11,滴滴涕,,,合格,2025,1
10,12,地特靈,,,合格,2025,1
11,0,黃麴毒素,,,合格,2025,1
11,1,沙門氏桿菌,,,合格,2025,1
11,2,單核球增多性李斯特菌,,,合格,2025,1
11,3,安特靈,,,合格,2025,1
11,4,地特靈,,,合格,2025,1
11,5,阿特靈,,,合格,2025,1
11,6,飛佈達,,,合格,2025,1
11,7,滴滴涕,,,合格,2025,1
11,8,蟲必死,,,合格,2025,1
12,0,汞,,,合格,2025,1
12,1,砷(換算水分12%之砷含量),,,合格,2025,1
12,2,無機砷,,,合格,2025,1
12,3,鉛,,,合格,2025,1
12,4,鎘,,,合格,2025,1
12,5,病原性大腸桿菌(致病性大腸桿菌),,,合格,2025,1
12,6,產氣莢膜桿菌,,,合格,2025,1
13,0,黃麴毒素,,,合格,2025,1
13,1,汞,,,合格,2025,1
13,2,砷(換算水分12%之砷含量),,,合格,2025,1
13,3,鉛,,,合格,2025,1
13,4,鎘,,,合格,2025,1
13,5,病原性大腸桿菌(致病性大腸桿菌),,,合格,2025,1
13,6,單核球增多性李斯特菌,,,合格,2025,1
14,0,丙二醇,,,合格,2025,1
14,1,無機砷,,,合格,2025,1
14,2,沙門氏桿菌,,,合格,2025,1
14,3,產氣莢膜桿菌,,,合格,2025,1
15,0,黃麴毒素,,,合格,2025,1
15,1,無機砷,,,合格,2025,1
15,2,沙門氏桿菌,,,合格,2025,1
15,3,單核球增多性李斯特菌,,,合格,2025,1
16,0,丁基羥基甲氧苯(BHA),,,合格,2025,1
16,1,二丁基羥基甲苯(BHT),,,合格,2025,1
16,2,衣索金,,,合格,2025,1
16,3,病原性大腸桿菌(致病性大腸桿菌),,,合格,2025,1
16,4,單核球增多性李斯特菌,,,合格,2025,1
17,0,亞硝酸鹽(NO2-),,,合格,2025,1
17,1,病原性大腸桿菌(致病性大腸桿菌),,,合格,2025,1
17,2,產氣莢膜桿菌,,,合格,2025,1
17,3,飛佈達,,,合格,2025,1
17,4,阿特靈,,,合格,2025,1
17,5,地特靈,,,合格,2025,1
17,6,安特靈,,,合格,2025,1
17,7,蟲必死,,,合格,2025,1
17,8,滴滴涕,,,合格,2025,1
18,0,丙二醇,,,合格,2025,1
18,1,汞,,,合格,2025,1
18,2,砷(換算水分12%之砷含量),,,不合格,2025,1
18,3,鉛,,,合格,2025,1
18,4,鎘,,,合格,2025,1
18,5,沙門氏桿菌,,,合格,2025,1
18,6,產氣莢膜桿菌,,,合格,2025,1
19,0,產氣莢膜桿菌,,,合格,2025,1
19,1,單核球增多性李斯特菌,,,合格,2025,1
19,2,安特靈,,,合格,2025,1
19,3,阿特靈,,,合格,2025,1
19,4,飛佈達,,,合格,2025,1
19,5,地特靈,,,合格,2025,1
19,6,滴滴涕,,,合格,2025,1
19,7,蟲必死,,,合格,2025,1
19,8,三聚氰胺,,,合格,2025,1
20,0,黃麴毒素,,,合格,2025,1
20,1,汞,,,合格,2025,1
20,2,砷(換算水分12%之砷含量),,,合格,2025,1
20,3,鉛,,,合格,2025,1
20,4,鎘,,,合格,2025,1
20,5,沙門氏桿菌,,,合格,2025,1
20,6,病原性大腸桿菌(致病性大腸桿菌),,,合格,2025,1
21,0,丙二醇,,,合格,2025,1
21,1,黃麴毒素,,,合格,2025,1
21,2,沙門氏桿菌,,,合格,2025,1
21,3,單核球增多性李斯特菌,,,合格,2025,1
21,4,三聚氰胺,,,合格,2025,1
22,0,汞,,,合格,2025,1
22,1,砷(換算水分12%之砷含量),,,合格,2025,1
22,2,鉛,,,合格,2025,1
22,3,鎘,,,合格,2025,1
22,4,病原性大腸桿菌(致病性大腸桿菌),,,合格,2025,1
22,5,單核球增多性李斯特菌,,,合格,2025,1
22,6,安特靈,,,合格,2025,1
22,7,地特靈,,,合格,2025,1
22,8,阿特靈,,,合格,2025,1
22,9,飛佈達,,,合格,2025,1
22,10,滴滴涕,,,合格,2025,1
22,11,蟲必死,,,合格,2025,1
23,0,黃麴毒素,,,合格,2025,1
23,1,沙門氏桿菌,,,合格,2025,1
23,2,產氣莢膜桿菌,,,合格,2025,1
23,3,地特靈,,,合格,2025,1
23,4,安特靈,,,合格,2025,1
23,5,蟲必死,,,合格,2025,1
23,6,滴滴涕,,,合格,2025,1
23,7,飛佈達,,,合格,2025,1
23,8,阿特靈,,,合格,2025,1
24,0,黃麴毒素,,,合格,2025,1
24,1,汞,,,合格,2025,1
24,2,砷(換算水分12%之砷含量),,,合格,2025,1
24,3,鉛,,,合格,2025,1
24,4,鎘,,,合格,2025,1
24,5,病原性大腸桿菌(致病性大腸桿菌),,,合格,2025,1
24,6,產氣莢膜桿菌,,,合格,2025,1
25,0,汞,,,合格,2025,1
25,1,砷(換算水分12%之砷含量),,,合格,2025,1
25,2,鉛,,,合格,2025,1
25,3,鎘,,,合格,2025,1
25,4,亞硝酸鹽(NO2-),,,合格,2025,1
25,5,產氣莢膜桿菌,,,合格,2025,1
25,6,單核球增多性李斯特菌,,,合格,2025,1
26,0,丁基羥基甲氧苯(BHA),,,合格,2025,1
26,1,二丁基羥基甲苯(BHT),,,合格,2025,1
26,2,衣索金,,,合格,2025,1
26,3,沙門氏桿菌,,,合格,2025,1
26,4,病原性大腸桿菌(致病性大腸桿菌),,,合格,2025,1
27,0,丁基羥基甲氧苯(BHA),,,合格,2025,1
27,1,二丁基羥基甲苯(BHT),,,合格,2025,1
27,2,衣索金,,,合格,2025,1
27,3,黃麴毒素,,,合格,2025,1
27,4,汞,,,合格,2025,1
27,5,砷,,,合格,2025,1
27,6,鉛,,,合格,2025,1
27,7,鎘,,,合格,2025,1
27,8,亞硝酸鹽(NO2-),,,合格,2025,1
27,9,沙門氏桿菌,,,合格,2025,1
27,10,病原性大腸桿菌(致病性大腸桿菌),,,合格,2025,1
27,11,產氣莢膜桿菌,,,合格,2025,1
27,12,單核球增多性李斯特菌,,,合格,2025,1
27,13,地特靈,,,合格,2025,1
27,14,阿特靈,,,合格,2025,1
27,15,飛佈達,,,合格,2025,1
27,16,安特靈,,,合格,2025,1
27,17,滴滴涕,,,合格,2025,1
27,18,蟲必死,,,合格,2025,1
27,19,三聚氰胺,,,合格,2025,1
28,0,丁基羥基甲氧苯(BHA),,,合格,2025,1
28,1,二丁基羥基甲苯(BHT),,,合格,2025,1
28,2,衣索金,,,合格,2025,1
28,3,黃麴毒素,,,合格,2025,1
28,4,汞,,,合格,2025,1
28,5,砷,,,合格,2025,1
28,6,鉛,,,合格,2025,1
28,7,鎘,,,合格,2025,1
28,8,亞硝酸鹽(NO2-),,,合格,2025,1
28,9,滴滴涕,,,合格,2025,1
28,10,蟲必死,,,合格,2025,1
28,11,飛佈達,,,合格,2025,1
28,12,阿特靈,,,合格,2025,1
28,13,地特靈,,,合格,2025,1
28,14,安特靈,,,合格,2025,1
28,15,三聚氰胺,,,合格,2025,1
29,0,衣索金,,,合格,2025,1
29,1,丁基羥基甲氧苯(BHA),,,合格,2025,1
29,2,二丁基羥基甲苯(BHT),,,合格,2025,1
29,3,黃麴毒素,,,合格,2025,1
29,4,汞,,,合格,2025,1
29,5,砷(換算水分12%之砷含量),,,合格,2025,1
29,6,無機砷,,,合格,2025,1
29,7,鉛,,,合格,2025,1
29,8,鎘,,,合格,2025,1
29,9,亞硝酸鹽(NO2-),,,合格,2025,1
29,10,沙門氏桿菌,,,合格,2025,1
29,11,病原性大腸桿菌(致病性大腸桿菌),,,合格,2025,1
29,12,產氣莢膜桿菌,,,合格,2025,1
29,13,單核球增多性李斯特菌,,,合格,2025,1
29,14,安特靈,,,合格,2025,1
29,15,阿特靈,,,合格,2025,1
29,16,地特靈,,,合格,2025,1
29,17,飛佈達,,,合格,2025,1
29,18,蟲必死,,,合格,2025,1
29,19,滴滴涕,,,合格,2025,1
29,20,三聚氰胺,,,合格,2025,1
30,0,丁基羥基甲氧苯(BHA),,,合格,2025,1
30,1,二丁基羥基甲苯(BHT),,,合格,2025,1
30,2,衣索金,,,合格,2025,1
30,3,黃麴毒素,,,合格,2025,1
30,4,汞,,,合格,2025,1
30,5,砷,,,合格,2025,1
30,6,鉛,,,合格,2025,1
30,7,鎘,,,合格,2025,1
30,8,亞硝酸鹽(NO2-),,,合格,2025,1
30,9,沙門氏桿菌,,,合格,2025,1
30,10,病原性大腸桿菌(致病性大腸桿菌),,,合格,2025,1
30,11,產氣莢膜桿菌,,,合格,2025,1
30,12,單核球增多性李斯特菌,,,合格,2025,1
30,13,飛佈達,,,合格,2025,1
30,14,阿特靈,,,合格,2025,1
30,15,地特靈,,,合格,2025,1
30,16,安特靈,,,合格,2025,1
30,17,滴滴涕,,,合格,2025,1
30,18,蟲必死,,,合格,2025,1
30,19,三聚氰胺,,,合格,2025,1
31,0,丁基羥基甲氧苯(BHA),,,合格,2025,1
31,1,二丁基羥基甲苯(BHT),,,合格,2025,1
31,2,衣索金,,,合格,2025,1
31,3,黃麴毒素,,,合格,2025,1
31,4,汞,,,合格,2025,1
31,5,砷(換算水分12%之砷含量),,,合格,2025,1
31,6,無機砷,,,合格,2025,1
31,7,鉛,,,合格,2025,1
31,8,鎘,,,合格,2025,1
31,9,病原性大腸桿菌(致病性大腸桿菌),,,合格,2025,1
31,10,產氣莢膜桿菌,,,合格,2025,1
31,11,單核球增多性李斯特菌,,,合格,2025,1
31,12,三聚氰胺,,,合格,2025,1
31,13,亞硝酸鹽(NO2-),,,合格,2025,1
31,14,沙門氏桿菌,,,合格,2025,1
31,15,飛佈達,,,合格,2025,1
31,16,阿特靈,,,合格,2025,1
31,17,地特靈,,,合格,2025,1
31,18,安特靈,,,合格,2025,1
31,19,滴滴涕,,,合格,2025,1
31,20,蟲必死,,,合格,2025,1
0,0,玉米赤霉烯酮,,,合格,2025,10
0,1,伏馬毒素,,,合格,2025,10
0,2,嘔吐毒素,,,合格,2025,10
0,3,黃麴毒素,,,合格,2025,10
0,4,赭麴毒素,,,合格,2025,10
0,5,T2毒素,,,合格,2025,10
0,6,汞,,,合格,2025,10
0,7,砷(換算水分12%之砷含量),,,合格,2025,10
0,8,無機砷,,,合格,2025,10
0,9,鉛,,,合格,2025,10
0,10,鎘,,,合格,2025,10
0,11,病原性大腸桿菌(致病性大腸桿菌),,,合格,2025,10
0,12,產氣莢膜桿菌,,,合格,2025,10
1,0,玉米赤霉烯酮,,,合格,2025,10
1,1,伏馬毒素,,,合格,2025,10
1,2,嘔吐毒素,,,合格,2025,10
1,3,黃麴毒素,,,合格,2025,10
1,4,赭麴毒素,,,合格,2025,10
1,5,T2毒素,,,合格,2025,10
1,6,亞硝酸鹽(NO2-),,,合格,2025,10
1,7,沙門氏桿菌,,,合格,2025,10
1,8,單核球增多性李斯特菌,,,合格,2025,10
1,9,滴滴涕,,,合格,2025,10
1,10,蟲必死,,,合格,2025,10
1,11,地特靈,,,合格,2025,10
1,12,安特靈,,,合格,2025,10
1,13,飛佈達,,,合格,2025,10
1,14,阿特靈,,,合格,2025,10
2,0,丁基羥基甲氧苯(BHA),,,合格,2025,10
2,1,二丁基羥基甲苯(BHT),,,合格,2025,10
2,2,丙二醇,,,合格,2025,10
2,3,玉米赤霉烯酮,,,合格,2025,10
2,4,伏馬毒素,,,合格,2025,10
2,5,衣索金,,,合格,2025,10
2,6,嘔吐毒素,,,合格,2025,10
2,7,黃麴毒素,,,合格,2025,10
2,8,赭麴毒素,,,合格,2025,10
2,9,T2毒素,,,合格,2025,10
2,10,病原性大腸桿菌(致病性大腸桿菌),,,合格,2025,10
2,11,滴滴涕,,,合格,2025,10
2,12,蟲必死,,,合格,2025,10
2,13,地特靈,,,合格,2025,10
2,14,安特靈,,,合格,2025,10
2,15,飛佈達,,,合格,2025,10
2,16,阿特靈,,,合格,2025,10
3,0,丙二醇,,,合格,2025,10
3,1,玉米赤霉烯酮,,,合格,2025,10
3,2,伏馬毒素,,,合格,2025,10
3,3,嘔吐毒素,,,合格,2025,10
3,4,黃麴毒素,,,合格,2025,10
3,5,赭麴毒素,,,合格,2025,10
3,6,T2毒素,,,合格,2025,10
3,7,汞,,,合格,2025,10
3,8,砷(換算水分12%之砷含量),,,不合格,2025,10
3,9,無機砷,,,合格,2025,10
3,10,鉛,,,合格,2025,10
3,11,鎘,,,合格,2025,10
3,12,產氣莢膜桿菌,,,合格,2025,10
4,0,丁基羥基甲氧苯(BHA),,,合格,2025,10
4,1,二丁基羥基甲苯(BHT),,,合格,2025,10
4,2,衣索金,,,合格,2025,10
4,3,黃麴毒素,,,合格,2025,10
4,4,滴滴涕,,,合格,2025,10
4,5,蟲必死,,,合格,2025,10
4,6,地特靈,,,合格,2025,10
4,7,安特靈,,,合格,2025,10
4,8,飛佈達,,,合格,2025,10
4,9,阿特靈,,,合格,2025,10
5,0,玉米赤霉烯酮,,,合格,2025,10
5,1,伏馬毒素,,,合格,2025,10
5,2,嘔吐毒素,,,合格,2025,10
5,3,黃麴毒素,,,合格,2025,10
5,4,赭麴毒素,,,合格,2025,10
5,5,T2毒素,,,合格,2025,10
5,6,汞,,,合格,2025,10
5,7,砷(換算水分12%之砷含量),,,合格,2025,10
5,8,無機砷,,,合格,2025,10
5,9,鉛,,,合格,2025,10
5,10,鎘,,,合格,2025,10
5,11,三聚氰胺,,,合格,2025,10
6,0,黃麴毒素,,,合格,2025,10
6,1,病原性大腸桿菌(致病性大腸桿菌),,,合格,2025,10
6,2,產氣莢膜桿菌,,,合格,2025,10
6,3,三聚氰胺,,,合格,2025,10
7,0,玉米赤霉烯酮,,,合格,2025,10
7,1,伏馬毒素,,,合格,2025,10
7,2,嘔吐毒素,,,合格,2025,10
7,3,黃麴毒素 ,,,合格,2025,10
7,4,赭麴毒素,,,合格,2025,10
7,5,T2毒素,,,合格,2025,10
7,6,亞硝酸鹽(NO2-),,,合格,2025,10
7,7,沙門氏桿菌,,,合格,2025,10
7,8,單核球增多性李斯特菌,,,合格,2025,10
8,0,丁基羥基甲氧苯(BHA),,,合格,2025,10
8,1,二丁基羥基甲苯(BHT),,,合格,2025,10
8,2,衣索金,,,合格,2025,10
8,3,病原性大腸桿菌(致病性大腸桿菌),,,合格,2025,10
8,4,單核球增多性李斯特菌,,,合格,2025,10
8,5,三聚氰胺,,,合格,2025,10
9,0,汞,,,合格,2025,10
9,1,砷(換算水分12%之砷含量),,,合格,2025,10
9,2,鉛,,,合格,2025,10
9,3,鎘,,,合格,2025,10
9,4,亞硝酸鹽(NO2-),,,合格,2025,10
9,5,沙門氏桿菌,,,合格,2025,10
9,6,單核球增多性李斯特菌,,,合格,2025,10
10,0,丙二醇,,,合格,2025,10
10,1,玉米赤霉烯酮,,,合格,2025,10
10,2,伏馬毒素,,,合格,2025,10
10,3,嘔吐毒素,,,合格,2025,10
10,4,黃麴毒素 ,,,合格,2025,10
10,5,赭麴毒素,,,合格,2025,10
10,6,T2毒素,,,合格,2025,10
10,7,無機砷,,,合格,2025,10
10,8,病原性大腸桿菌(致病性大腸桿菌),,,合格,2025,10
10,9,產氣莢膜桿菌,,,合格,2025,10
11,0,玉米赤霉烯酮,,,合格,2025,10
11,1,伏馬毒素,,,合格,2025,10
11,2,嘔吐毒素,,,合格,2025,10
11,3,黃麴毒素 ,,,合格,2025,10
11,4,赭麴毒素,,,合格,2025,10
11,5,T2毒素,,,合格,2025,10
11,6,沙門氏桿菌,,,合格,2025,10
11,7,產氣莢膜桿菌,,,合格,2025,10
12,0,黃麴毒素,,,合格,2025,10
12,1,亞硝酸鹽(NO2-),,,合格,2025,10
12,2,病原性大腸桿菌(致病性大腸桿菌),,,合格,2025,10
12,3,單核球增多性李斯特菌,,,合格,2025,10
13,0,玉米赤霉烯酮,,,合格,2025,10
13,1,伏馬毒素,,,合格,2025,10
13,2,嘔吐毒素,,,合格,2025,10
13,3,黃麴毒素 ,,,合格,2025,10
13,4,赭麴毒素,,,合格,2025,10
13,5,T2毒素,,,合格,2025,10
13,6,沙門氏桿菌,,,合格,2025,10
13,7,產氣莢膜桿菌,,,合格,2025,10
13,8,滴滴涕,,,合格,2025,10
13,9,蟲必死,,,合格,2025,10
13,10,地特靈,,,合格,2025,10
13,11,安特靈,,,合格,2025,10
13,12,飛佈達,,,合格,2025,10
13,13,阿特靈,,,合格,2025,10
14,0,汞,,,合格,2025,10
14,1,砷(換算水分12%之砷含量),,,合格,2025,10
14,2,無機砷,,,合格,2025,10
14,3,鉛,,,合格,2025,10
14,4,鎘,,,合格,2025,10
14,5,沙門氏桿菌,,,合格,2025,10
14,6,單核球增多性李斯特菌,,,合格,2025,10
15,0,丁基羥基甲氧苯(BHA),,,合格,2025,10
15,1,二丁基羥基甲苯(BHT),,,合格,2025,10
15,2,玉米赤霉烯酮,,,合格,2025,10
15,3,伏馬毒素,,,合格,2025,10
15,4,衣索金,,,合格,2025,10
15,5,嘔吐毒素,,,合格,2025,10
15,6,黃麴毒素 ,,,合格,2025,10
15,7,赭麴毒素,,,合格,2025,10
15,8,T2毒素,,,合格,2025,10
15,9,病原性大腸桿菌(致病性大腸桿菌),,,合格,2025,10
15,10,產氣莢膜桿菌,,,合格,2025,10
16,0,丙二醇,,,合格,2025,10
16,1,黃麴毒素,,,合格,2025,10
16,2,產氣莢膜桿菌,,,合格,2025,10
16,3,單核球增多性李斯特菌,,,合格,2025,10
17,0,汞,,,合格,2025,10
17,1,砷(換算水分12%之砷含量),,,合格,2025,10
17,2,無機砷,,,合格,2025,10
17,3,鉛,,,合格,2025,10
17,4,鎘,,,合格,2025,10
17,5,沙門氏桿菌,,,合格,2025,10
17,6,單核球增多性李斯特菌,,,合格,2025,10
18,0,玉米赤霉烯酮,,,合格,2025,10
18,1,伏馬毒素,,,合格,2025,10
18,2,嘔吐毒素,,,合格,2025,10
18,3,黃麴毒素 ,,,合格,2025,10
18,4,赭麴毒素,,,合格,2025,10
18,5,T2毒素,,,合格,2025,10
18,6,病原性大腸桿菌(致病性大腸桿菌),,,合格,2025,10
18,7,產氣莢膜桿菌,,,合格,2025,10
18,8,滴滴涕,,,合格,2025,10
18,9,蟲必死,,,合格,2025,10
18,10,地特靈,,,合格,2025,10
18,11,安特靈,,,合格,2025,10
18,12,飛佈達,,,合格,2025,10
18,13,阿特靈,,,合格,2025,10
19,0,亞硝酸鹽(NO2-),,,合格,2025,10
19,1,沙門氏桿菌,,,合格,2025,10
19,2,單核球增多性李斯特菌,,,合格,2025,10
20,0,汞,,,合格,2025,10
20,1,砷,,,合格,2025,10
20,2,鉛,,,合格,2025,10
20,3,鎘,,,合格,2025,10
20,4,病原性大腸桿菌(致病性大腸桿菌),,,合格,2025,10
20,5,產氣莢膜桿菌,,,合格,2025,10
21,0,丁基羥基甲氧苯(BHA),,,合格,2025,10
21,1,二丁基羥基甲苯(BHT),,,合格,2025,10
21,2,衣索金,,,合格,2025,10
21,3,滴滴涕,,,合格,2025,10
21,4,蟲必死,,,合格,2025,10
21,5,地特靈,,,合格,2025,10
21,6,安特靈,,,合格,2025,10
21,7,飛佈達,,,合格,2025,10
21,8,阿特靈,,,合格,2025,10
22,0,玉米赤霉烯酮,,,合格,2025,10
22,1,伏馬毒素,,,合格,2025,10
22,2,嘔吐毒素,,,合格,2025,10
22,3,黃麴毒素 ,,,合格,2025,10
22,4,赭麴毒素,,,合格,2025,10
22,5,T2毒素,,,合格,2025,10
22,6,沙門氏桿菌,,,合格,2025,10
22,7,病原性大腸桿菌(致病性大腸桿菌),,,合格,2025,10
23,0,丁基羥基甲氧苯(BHA),,,合格,2025,10
23,1,二丁基羥基甲苯(BHT),,,合格,2025,10
23,2,衣索金,,,合格,2025,10
23,3,汞,,,合格,2025,10
23,4,砷(換算水分12%之砷含量),,,合格,2025,10
23,5,鉛,,,合格,2025,10
23,6,鎘,,,合格,2025,10
23,7,單核球增多性李斯特菌,,,合格,2025,10
24,0,黃麴毒素,,,合格,2025,10
24,1,沙門氏桿菌,,,合格,2025,10
24,2,病原性大腸桿菌(致病性大腸桿菌),,,合格,2025,10
24,3,三聚氰胺,,,合格,2025,10
25,0,汞,,,合格,2025,10
25,1,砷,,,合格,2025,10
25,2,鉛,,,合格,2025,10
25,3,鎘,,,合格,2025,10
25,4,產氣莢膜桿菌,,,合格,2025,10
25,5,滴滴涕,,,合格,2025,10
25,6,蟲必死,,,合格,2025,10
25,7,地特靈,,,合格,2025,10
25,8,安特靈,,,合格,2025,10
25,9,飛佈達,,,合格,2025,10
25,10,阿特靈,,,合格,2025,10
26,0,沙門氏桿菌,,,合格,2025,10
26,1,病原性大腸桿菌(致病性大腸桿菌),,,合格,2025,10
26,2,產氣莢膜桿菌,,,合格,2025,10
26,3,單核球增多性李斯特菌,,,合格,2025,10
27,0,沙門氏桿菌,,,合格,2025,10
27,1,病原性大腸桿菌(致病性大腸桿菌),,,合格,2025,10
27,2,產氣莢膜桿菌,,,合格,2025,10
27,3,單核球增多性李斯特菌,,,合格,2025,10
28,0,沙門氏桿菌,,,合格,2025,10
28,1,病原性大腸桿菌(致病性大腸桿菌),,,合格,2025,10
28,2,產氣莢膜桿菌,,,合格,2025,10
28,3,單核球增多性李斯特菌,,,合格,2025,10
29,0,沙門氏桿菌,,,合格,2025,10
29,1,病原性大腸桿菌(致病性大腸桿菌),,,合格,2025,10
29,2,產氣莢膜桿菌,,,合格,2025,10
29,3,單核球增多性李斯特菌,,,合格,2025,10
30,0,沙門氏桿菌,,,合格,2025,10
30,1,病原性大腸桿菌(致病性大腸桿菌),,,合格,2025,10
30,2,產氣莢膜桿菌,,,合格,2025,10
30,3,單核球增多性李斯特菌,,,合格,2025,10
31,0,沙門氏桿菌,,,合格,2025,10
31,1,病原性大腸桿菌(致病性大腸桿菌),,,合格,2025,10
31,2,產氣莢膜桿菌,,,合格,2025,10
31,3,單核球增多性李斯特菌,,,合格,2025,10
32,0,沙門氏桿菌,,,合格,2025,10
32,1,病原性大腸桿菌(致病性大腸桿菌),,,合格,2025,10
32,2,產氣莢膜桿菌,,,合格,2025,10
32,3,單核球增多性李斯特菌,,,合格,2025,10
33,0,沙門氏桿菌,,,合格,2025,10
33,1,病原性大腸桿菌(致病性大腸桿菌),,,合格,2025,10
33,2,產氣莢膜桿菌,,,合格,2025,10
33,3,單核球增多性李斯特菌,,,合格,2025,10
34,0,沙門氏桿菌,,,合格,2025,10
34,1,病原性大腸桿菌(致病性大腸桿菌),,,合格,2025,10
34,2,產氣莢膜桿菌,,,合格,2025,10
34,3,單核球增多性李斯特菌,,,合格,2025,10
35,0,沙門氏桿菌,,,合格,2025,10
35,1,病原性大腸桿菌(致病性大腸桿菌),,,合格,2025,10
35,2,產氣莢膜桿菌,,,合格,2025,10
35,3,單核球增多性李斯特菌,,,合格,2025,10
36,0,沙門氏桿菌,,,合格,2025,10
36,1,病原性大腸桿菌(致病性大腸桿菌),,,合格,2025,10
36,2,產氣莢膜桿菌,,,合格,2025,10
36,3,單核球增多性李斯特菌,,,合格,2025,10
37,0,銫-134+銫-137 ,,,合格,2025,10
38,0,銫-134+銫-137 ,,,合格,2025,10
39,0,銫-134+銫-137 ,,,合格,2025,10
40,0,銫-134+銫-137 ,,,合格,2025,10
41,0,銫-134+銫-137 ,,,合格,2025,10
42,0,銫-134+銫-137 ,,,合格,2025,10
43,0,銫-134+銫-137 ,,,合格,2025,10
44,0,銫-134+銫-137 ,,,合格,2025,10
45,0,銫-134+銫-137 ,,,合格,2025,10
46,0,銫-134+銫-137 ,,,合格,2025,10
0,0,玉米赤霉烯酮,,,合格,2025,11
0,1,伏馬毒素,,,合格,2025,11
0,2,嘔吐毒素,,,合格,2025,11
0,3,黃麴毒素,,,合格,2025,11
0,4,赭麴毒素,,,合格,2025,11
0,5,T2毒素,,,合格,2025,11
0,6,汞,,,合格,2025,11
0,7,砷(換算水分12%之砷含量),,,合格,2025,11
0,8,無機砷,,,合格,2025,11
0,9,鉛,,,合格,2025,11
0,10,鎘,,,合格,2025,11
0,11,亞硝酸鹽(NO2-),,,合格,2025,11
0,12,病原性大腸桿菌(致病性大腸桿菌),,,合格,2025,11
1,0,丁基羥基甲氧苯(BHA),,,合格,2025,11
1,1,二丁基羥基甲苯(BHT),,,合格,2025,11
1,2,玉米赤霉烯酮,,,合格,2025,11
1,3,伏馬毒素,,,合格,2025,11
1,4,衣索金,,,合格,2025,11
1,5,嘔吐毒素,,,合格,2025,11
1,6,黃麴毒素,,,合格,2025,11
1,7,赭麴毒素A,,,合格,2025,11
1,8,T2毒素,,,合格,2025,11
1,9,產氣莢膜桿菌,,,合格,2025,11
2,0,黃麴毒素,,,合格,2025,11
2,1,沙門氏桿菌,,,合格,2025,11
2,2,產氣莢膜桿菌,,,合格,2025,11
2,3,安特靈,,,合格,2025,11
2,4,蟲必死,,,合格,2025,11
2,5,地特靈,,,合格,2025,11
2,6,阿特靈,,,合格,2025,11
2,7,飛佈達,,,合格,2025,11
2,8,滴滴涕,,,合格,2025,11
3,0,沙門氏桿菌,,,合格,2025,11
3,1,病原性大腸桿菌(致病性大腸桿菌),,,合格,2025,11
3,2,產氣莢膜桿菌,,,合格,2025,11
3,3,單核球增多性李斯特菌,,,合格,2025,11
4,0,丙二醇,,,合格,2025,11
4,1,玉米赤霉烯酮,,,合格,2025,11
4,2,伏馬毒素,,,合格,2025,11
4,3,嘔吐毒素,,,合格,2025,11
4,4,黃麴毒素,,,合格,2025,11
4,5,赭麴毒素,,,合格,2025,11
4,6,T2毒素,,,合格,2025,11
4,7,病原性大腸桿菌(致病性大腸桿菌),,,合格,2025,11
4,8,三聚氰胺,,,合格,2025,11
5,0,玉米赤霉烯酮,,,合格,2025,11
5,1,伏馬毒素,,,合格,2025,11
5,2,嘔吐毒素,,,合格,2025,11
5,3,黃麴毒素 ,,,合格,2025,11
5,4,赭麴毒素,,,合格,2025,11
5,5,T2毒素,,,合格,2025,11
5,6,沙門氏桿菌,,,合格,2025,11
5,7,單核球增多性李斯特菌,,,合格,2025,11
5,8,三聚氰胺,,,合格,2025,11
6,0,丁基羥基甲氧苯(BHA),,,合格,2025,11
6,1,二丁基羥基甲苯(BHT),,,合格,2025,11
6,2,衣索金,,,合格,2025,11
6,3,病原性大腸桿菌(致病性大腸桿菌),,,合格,2025,11
6,4,產氣莢膜桿菌,,,合格,2025,11
7,0,玉米赤霉烯酮,,,合格,2025,11
7,1,伏馬毒素,,,合格,2025,11
7,2,嘔吐毒素,,,合格,2025,11
7,3,黃麴毒素,,,合格,2025,11
7,4,赭麴毒素,,,合格,2025,11
7,5,T2毒素,,,合格,2025,11
7,6,汞,,,合格,2025,11
7,7,砷(換算水分12%之砷含量),,,合格,2025,11
7,8,無機砷,,,合格,2025,11
7,9,鉛,,,合格,2025,11
7,10,鎘,,,合格,2025,11
7,11,單核球增多性李斯特菌,,,合格,2025,11
8,0,丙二醇,,,合格,2025,11
8,1,黃麴毒素,,,合格,2025,11
8,2,無機砷,,,合格,2025,11
8,3,沙門氏桿菌,,,合格,2025,11
8,4,單核球增多性李斯特菌,,,合格,2025,11
9,0,汞,,,合格,2025,11
9,1,砷(換算水分12%之砷含量),,,合格,2025,11
9,2,鉛,,,合格,2025,11
9,3,鎘,,,合格,2025,11
9,4,病原性大腸桿菌(致病性大腸桿菌),,,合格,2025,11
9,5,產氣莢膜桿菌,,,合格,2025,11
9,6,安特靈,,,合格,2025,11
9,7,蟲必死,,,合格,2025,11
9,8,地特靈,,,合格,2025,11
9,9,阿特靈,,,合格,2025,11
9,10,飛佈達,,,合格,2025,11
9,11,滴滴涕,,,合格,2025,11
10,0,玉米赤霉烯酮,,,合格,2025,11
10,1,伏馬毒素,,,合格,2025,11
10,2,嘔吐毒素,,,合格,2025,11
10,3,黃麴毒素,,,合格,2025,11
10,4,赭麴毒素,,,合格,2025,11
10,5,T2毒素,,,合格,2025,11
10,6,亞硝酸鹽(NO2-),,,合格,2025,11
10,7,沙門氏桿菌,,,合格,2025,11
10,8,病原性大腸桿菌(致病性大腸桿菌),,,合格,2025,11
10,9,三聚氰胺,,,合格,2025,11
11,0,汞,,,合格,2025,11
11,1,砷(換算水分12%之砷含量),,,合格,2025,11
11,2,無機砷,,,合格,2025,11
11,3,鉛,,,合格,2025,11
11,4,鎘,,,合格,2025,11
11,5,產氣莢膜桿菌,,,合格,2025,11
11,6,單核球增多性李斯特菌,,,合格,2025,11
12,0,丁基羥基甲氧苯(BHA),,,合格,2025,11
12,1,二丁基羥基甲苯(BHT),,,合格,2025,11
12,2,玉米赤霉烯酮,,,合格,2025,11
12,3,伏馬毒素,,,合格,2025,11
12,4,衣索金,,,合格,2025,11
12,5,嘔吐毒素,,,合格,2025,11
12,6,黃麴毒素 ,,,合格,2025,11
12,7,赭麴毒素,,,合格,2025,11
12,8,T2毒素,,,合格,2025,11
12,9,病原性大腸桿菌(致病性大腸桿菌),,,合格,2025,11
12,10,單核球增多性李斯特菌,,,合格,2025,11
13,0,黃麴毒素,,,合格,2025,11
13,1,汞,,,合格,2025,11
13,2,砷,,,合格,2025,11
13,3,鉛,,,合格,2025,11
13,4,鎘,,,合格,2025,11
13,5,沙門氏桿菌,,,合格,2025,11
13,6,產氣莢膜桿菌,,,合格,2025,11
14,0,汞,,,合格,2025,11
14,1,砷(換算水分12%之砷含量),,,合格,2025,11
14,2,無機砷(換算水分12%之砷含量),,,合格,2025,11
14,3,鉛,,,合格,2025,11
14,4,鎘,,,合格,2025,11
14,5,沙門氏桿菌,,,合格,2025,11
14,6,產氣莢膜桿菌,,,合格,2025,11
15,0,玉米赤霉烯酮,,,合格,2025,11
15,1,伏馬毒素,,,合格,2025,11
15,2,嘔吐毒素,,,合格,2025,11
15,3,黃麴毒素,,,合格,2025,11
15,4,赭麴毒素,,,合格,2025,11
15,5,T2毒素,,,合格,2025,11
15,6,沙門氏桿菌,,,合格,2025,11
15,7,單核球增多性李斯特菌,,,合格,2025,11
15,8,安特靈,,,合格,2025,11
15,9,蟲必死,,,合格,2025,11
15,10,地特靈,,,合格,2025,11
15,11,阿特靈,,,合格,2025,11
15,12,飛佈達,,,合格,2025,11
15,13,滴滴涕,,,合格,2025,11
16,0,汞,,,合格,2025,11
16,1,砷(換算水分12%之砷含量),,,合格,2025,11
16,2,鉛,,,合格,2025,11
16,3,鎘,,,合格,2025,11
16,4,病原性大腸桿菌(致病性大腸桿菌),,,合格,2025,11
16,5,單核球增多性李斯特菌,,,合格,2025,11
16,6,三聚氰胺,,,合格,2025,11
17,0,玉米赤霉烯酮,,,合格,2025,11
17,1,伏馬毒素,,,合格,2025,11
17,2,嘔吐毒素,,,合格,2025,11
17,3,黃麴毒素,,,合格,2025,11
17,4,赭麴毒素,,,合格,2025,11
17,5,T2毒素,,,合格,2025,11
17,6,汞,,,合格,2025,11
17,7,砷(換算水分12%之砷含量),,,合格,2025,11
17,8,無機砷(換算水分12%之砷含量),,,合格,2025,11
17,9,鉛,,,合格,2025,11
17,10,鎘,,,合格,2025,11
17,11,沙門氏桿菌,,,合格,2025,11
17,12,產氣莢膜桿菌,,,合格,2025,11
18,0,玉米赤霉烯酮,,,合格,2025,11
18,1,伏馬毒素,,,合格,2025,11
18,2,嘔吐毒素,,,合格,2025,11
18,3,黃麴毒素,,,合格,2025,11
18,4,赭麴毒素,,,合格,2025,11
18,5,T2毒素,,,合格,2025,11
18,6,汞,,,合格,2025,11
18,7,砷(換算水分12%之砷含量),,,合格,2025,11
18,8,鉛,,,合格,2025,11
18,9,鎘,,,合格,2025,11
18,10,病原性大腸桿菌(致病性大腸桿菌),,,合格,2025,11
18,11,產氣莢膜桿菌,,,合格,2025,11
19,0,丁基羥基甲氧苯(BHA),,,合格,2025,11
19,1,二丁基羥基甲苯(BHT),,,合格,2025,11
19,2,衣索金,,,合格,2025,11
19,3,黃麴毒素,,,合格,2025,11
19,4,病原性大腸桿菌(致病性大腸桿菌),,,合格,2025,11
19,5,產氣莢膜桿菌,,,合格,2025,11
20,0,汞,,,合格,2025,11
20,1,砷(換算水分12%之砷含量),,,合格,2025,11
20,2,鉛,,,合格,2025,11
20,3,鎘,,,合格,2025,11
20,4,沙門氏桿菌,,,合格,2025,11
20,5,病原性大腸桿菌(致病性大腸桿菌),,,合格,2025,11
21,0,丁基羥基甲氧苯(BHA),,,合格,2025,11
21,1,二丁基羥基甲苯(BHT),,,合格,2025,11
21,2,衣索金,,,合格,2025,11
21,3,汞,,,合格,2025,11
21,4,砷,,,合格,2025,11
21,5,鉛,,,合格,2025,11
21,6,鎘,,,合格,2025,11
21,7,產氣莢膜桿菌,,,合格,2025,11
21,8,單核球增多性李斯特菌,,,合格,2025,11
22,0,丁基羥基甲氧苯(BHA),,,合格,2025,11
22,1,二丁基羥基甲苯(BHT),,,合格,2025,11
22,2,衣索金,,,合格,2025,11
22,3,汞,,,合格,2025,11
22,4,砷,,,合格,2025,11
22,5,鉛,,,合格,2025,11
22,6,鎘,,,合格,2025,11
22,7,病原性大腸桿菌(致病性大腸桿菌),,,合格,2025,11
23,0,汞,,,合格,2025,11
23,1,砷,,,合格,2025,11
23,2,無機砷,,,合格,2025,11
23,3,鉛,,,合格,2025,11
23,4,鎘,,,合格,2025,11
23,5,沙門氏桿菌,,,合格,2025,11
23,6,產氣莢膜桿菌,,,合格,2025,11
24,0,玉米赤霉烯酮,,,合格,2025,11
24,1,伏馬毒素,,,合格,2025,11
24,2,嘔吐毒素,,,合格,2025,11
24,3,黃麴毒素,,,合格,2025,11
24,4,赭麴毒素,,,合格,2025,11
24,5,T2毒素,,,合格,2025,11
24,6,產氣莢膜桿菌,,,合格,2025,11
24,7,單核球增多性李斯特菌,,,合格,2025,11
25,0,丁基羥基甲氧苯(BHA),,,合格,2025,11
25,1,二丁基羥基甲苯(BHT),,,合格,2025,11
25,2,衣索金,,,合格,2025,11
25,3,汞,,,合格,2025,11
25,4,砷(換算水分12%之砷含量),,,合格,2025,11
25,5,鉛,,,合格,2025,11
25,6,鎘,,,合格,2025,11
25,7,病原性大腸桿菌(致病性大腸桿菌),,,合格,2025,11
26,0,亞硝酸鹽(NO2-),,,合格,2025,11
26,1,沙門氏桿菌,,,合格,2025,11
26,2,單核球增多性李斯特菌,,,合格,2025,11
27,0,沙門氏桿菌,,,合格,2025,11
27,1,病原性大腸桿菌(致病性大腸桿菌),,,合格,2025,11
27,2,安特靈,,,合格,2025,11
27,3,蟲必死,,,合格,2025,11
27,4,地特靈,,,合格,2025,11
27,5,阿特靈,,,合格,2025,11
27,6,飛佈達,,,合格,2025,11
27,7,滴滴涕,,,合格,2025,11
27,8,三聚氰胺,,,合格,2025,11
28,0,黃麴毒素,,,合格,2025,11
28,1,汞,,,合格,2025,11
28,2,砷,,,合格,2025,11
28,3,鉛,,,合格,2025,11
28,4,鎘,,,合格,2025,11
28,5,沙門氏桿菌,,,合格,2025,11
29,0,丁基羥基甲氧苯(BHA),,,合格,2025,11
29,1,二丁基羥基甲苯(BHT),,,合格,2025,11
29,2,玉米赤霉烯酮,,,合格,2025,11
29,3,伏馬毒素,,,合格,2025,11
29,4,衣索金,,,合格,2025,11
29,5,嘔吐毒素,,,合格,2025,11
29,6,黃麴毒素,,,合格,2025,11
29,7,赭麴毒素,,,合格,2025,11
29,8,T2毒素,,,合格,2025,11
29,9,單核球增多性李斯特菌,,,合格,2025,11
30,0,丁基羥基甲氧苯(BHA),,,合格,2025,11
30,1,二丁基羥基甲苯(BHT),,,合格,2025,11
30,2,丙二醇,,,合格,2025,11
30,3,衣索金,,,合格,2025,11
30,4,沙門氏桿菌,,,合格,2025,11
30,5,單核球增多性李斯特菌,,,合格,2025,11
31,0,玉米赤霉烯酮,,,合格,2025,11
31,1,伏馬毒素,,,合格,2025,11
31,2,嘔吐毒素,,,合格,2025,11
31,3,黃麴毒素,,,合格,2025,11
31,4,赭麴毒素,,,合格,2025,11
31,5,T2毒素,,,合格,2025,11
31,6,汞,,,合格,2025,11
31,7,砷(換算水分12%之砷含量),,,合格,2025,11
31,8,無機砷,,,合格,2025,11
31,9,鉛,,,合格,2025,11
31,10,鎘,,,合格,2025,11
31,11,病原性大腸桿菌(致病性大腸桿菌),,,合格,2025,11
31,12,單核球增多性李斯特菌,,,合格,2025,11
32,0,丙二醇,,,合格,2025,11
32,1,黃麴毒素,,,合格,2025,11
32,2,汞,,,合格,2025,11
32,3,砷,,,合格,2025,11
32,4,鉛,,,合格,2025,11
32,5,鎘,,,合格,2025,11
32,6,產氣莢膜桿菌,,,合格,2025,11
32,7,三聚氰胺,,,合格,2025,11
33,0,丁基羥基甲氧苯(BHA),,,合格,2025,11
33,1,二丁基羥基甲苯(BHT),,,合格,2025,11
33,2,玉米赤霉烯酮,,,合格,2025,11
33,3,伏馬毒素,,,合格,2025,11
33,4,衣索金,,,合格,2025,11
33,5,嘔吐毒素,,,合格,2025,11
33,6,黃麴毒素,,,合格,2025,11
33,7,赭麴毒素,,,合格,2025,11
33,8,T2毒素,,,合格,2025,11
33,9,單核球增多性李斯特菌,,,合格,2025,11
33,10,三聚氰胺,,,合格,2025,11
34,0,丙二醇,,,合格,2025,11
34,1,玉米赤霉烯酮,,,合格,2025,11
34,2,伏馬毒素,,,合格,2025,11
34,3,嘔吐毒素,,,合格,2025,11
34,4,黃麴毒素,,,合格,2025,11
34,5,赭麴毒素,,,合格,2025,11
34,6,T2毒素,,,合格,2025,11
34,7,沙門氏桿菌,,,合格,2025,11
35,0,丙二醇,,,合格,2025,11
35,1,玉米赤霉烯酮,,,合格,2025,11
35,2,伏馬毒素,,,合格,2025,11
35,3,嘔吐毒素,,,合格,2025,11
35,4,黃麴毒素,,,合格,2025,11
35,5,赭麴毒素,,,合格,2025,11
35,6,T2毒素,,,合格,2025,11
35,7,亞硝酸鹽(NO2-),,,合格,2025,11
36,0,丙二醇,,,合格,2025,11
36,1,玉米赤霉烯酮,,,合格,2025,11
36,2,伏馬毒素,,,合格,2025,11
36,3,嘔吐毒素,,,合格,2025,11
36,4,黃麴毒素,,,合格,2025,11
36,5,赭麴毒素,,,合格,2025,11
36,6,T2毒素,,,合格,2025,11
36,7,產氣莢膜桿菌,,,合格,2025,11
37,0,丙二醇,,,合格,2025,11
37,1,玉米赤霉烯酮,,,合格,2025,11
37,2,伏馬毒素,,,合格,2025,11
37,3,嘔吐毒素,,,合格,2025,11
37,4,黃麴毒素,,,合格,2025,11
37,5,赭麴毒素,,,合格,2025,11
37,6,T2毒素,,,合格,2025,11
37,7,汞,,,合格,2025,11
37,8,砷(換算水分12%之砷含量),,,合格,2025,11
37,9,鉛,,,合格,2025,11
37,10,鎘,,,合格,2025,11
38,0,玉米赤霉烯酮,,,合格,2025,11
38,1,伏馬毒素,,,合格,2025,11
38,2,嘔吐毒素,,,合格,2025,11
38,3,黃麴毒素,,,合格,2025,11
38,4,赭麴毒素,,,合格,2025,11
38,5,T2毒素,,,合格,2025,11
38,6,病原性大腸桿菌(致病性大腸桿菌),,,合格,2025,11
39,0,丁基羥基甲氧苯(BHA),,,合格,2025,11
39,1,二丁基羥基甲苯(BHT),,,合格,2025,11
39,2,玉米赤霉烯酮,,,合格,2025,11
39,3,伏馬毒素,,,合格,2025,11
39,4,衣索金,,,合格,2025,11
39,5,嘔吐毒素,,,合格,2025,11
39,6,黃麴毒素,,,合格,2025,11
39,7,赭麴毒素,,,合格,2025,11
39,8,T2毒素,,,合格,2025,11
40,0,玉米赤霉烯酮,,,合格,2025,11
40,1,伏馬毒素,,,合格,2025,11
40,2,嘔吐毒素,,,合格,2025,11
40,3,黃麴毒素,,,合格,2025,11
40,4,赭麴毒素,,,合格,2025,11
40,5,T2毒素,,,合格,2025,11
40,6,亞硝酸鹽(NO2-),,,合格,2025,11
41,0,玉米赤霉烯酮,,,合格,2025,11
41,1,伏馬毒素,,,合格,2025,11
41,2,嘔吐毒素,,,合格,2025,11
41,3,黃麴毒素,,,合格,2025,11
41,4,赭麴毒素,,,合格,2025,11
41,5,T2毒素,,,合格,2025,11
41,6,沙門氏桿菌,,,合格,2025,11
42,0,丙二醇,,,合格,2025,11
42,1,沙門氏桿菌,,,合格,2025,11
42,2,三聚氰胺,,,合格,2025,11
43,0,汞,,,合格,2025,11
43,1,砷,,,合格,2025,11
43,2,鉛,,,合格,2025,11
43,3,鎘,,,合格,2025,11
43,4,安特靈,,,合格,2025,11
43,5,蟲必死,,,合格,2025,11
43,6,地特靈,,,合格,2025,11
43,7,阿特靈,,,合格,2025,11
43,8,飛佈達,,,合格,2025,11
43,9,滴滴涕,,,合格,2025,11
43,10,三聚氰胺,,,合格,2025,11
44,0,黃麴毒素,,,合格,2025,11
44,1,三聚氰胺,,,合格,2025,11
45,0,病原性大腸桿菌(致病性大腸桿菌),,,合格,2025,11
45,1,三聚氰胺,,,合格,2025,11
46,0,丙二醇,,,合格,2025,11
46,1,玉米赤霉烯酮,,,合格,2025,11
46,2,伏馬毒素,,,合格,2025,11
46,3,嘔吐毒素,,,合格,2025,11
46,4,黃麴毒素,,,合格,2025,11
46,5,赭麴毒素,,,合格,2025,11
46,6,T2毒素,,,合格,2025,11
46,7,三聚氰胺,,,合格,2025,11
47,0,產氣莢膜桿菌,,,合格,2025,11
47,1,三聚氰胺,,,合格,2025,11
48,0,丙二醇,,,合格,2025,11
48,1,三聚氰胺,,,合格,2025,11
49,0,丁基羥基甲氧苯(BHA),,,合格,2025,11
49,1,二丁基羥基甲苯(BHT),,,合格,2025,11
49,2,衣索金,,,合格,2025,11
49,3,三聚氰胺,,,合格,2025,11
50,0,病原性大腸桿菌(致病性大腸桿菌),,,合格,2025,11
50,1,三聚氰胺,,,合格,2025,11
51,0,玉米赤霉烯酮,,,合格,2025,11
51,1,伏馬毒素,,,合格,2025,11
51,2,嘔吐毒素,,,合格,2025,11
51,3,黃麴毒素,,,合格,2025,11
51,4,赭麴毒素,,,合格,2025,11
51,5,T2毒素,,,合格,2025,11
51,6,汞,,,合格,2025,11
51,7,砷(換算水分12%之砷含量),,,合格,2025,11
51,8,鉛,,,合格,2025,11
51,9,鎘,,,合格,2025,11
51,10,三聚氰胺,,,合格,2025,11
52,0,黃麴毒素,,,合格,2025,11
52,1,三聚氰胺,,,合格,2025,11
53,0,玉米赤霉烯酮,,,合格,2025,11
53,1,伏馬毒素,,,合格,2025,11
53,2,嘔吐毒素,,,合格,2025,11
53,3,黃麴毒素,,,合格,2025,11
53,4,赭麴毒素,,,合格,2025,11
53,5,T2毒素,,,合格,2025,11
53,6,三聚氰胺,,,合格,2025,11
54,0,丙二醇,,,合格,2025,11
54,1,沙門氏桿菌,,,合格,2025,11
54,2,三聚氰胺,,,合格,2025,11
55,0,汞,,,合格,2025,11
55,1,砷(換算水分12%之砷含量),,,合格,2025,11
55,2,鉛,,,合格,2025,11
55,3,鎘,,,合格,2025,11
55,4,三聚氰胺,,,合格,2025,11
56,0,安特靈,,,合格,2025,11
56,1,蟲必死,,,合格,2025,11
56,2,地特靈,,,合格,2025,11
56,3,阿特靈,,,合格,2025,11
56,4,飛佈達,,,合格,2025,11
56,5,滴滴涕,,,合格,2025,11
56,6,三聚氰胺,,,合格,2025,11
57,0,黃麴毒素,,,合格,2025,11
57,1,產氣莢膜桿菌,,,合格,2025,11
57,2,三聚氰胺,,,合格,2025,11
58,0,沙門氏桿菌,,,合格,2025,11
58,1,病原性大腸桿菌(致病性大腸桿菌),,,合格,2025,11
58,2,產氣莢膜桿菌,,,合格,2025,11
58,3,單核球增多性李斯特菌,,,合格,2025,11
59,0,亞硝酸鹽(NO2-),,,合格,2025,11
59,1,沙門氏桿菌,,,合格,2025,11
59,2,病原性大腸桿菌(致病性大腸桿菌),,,合格,2025,11
59,3,產氣莢膜桿菌,,,合格,2025,11
59,4,單核球增多性李斯特菌,,,合格,2025,11
60,0,黃麴毒素,,,合格,2025,11
60,1,沙門氏桿菌,,,合格,2025,11
60,2,病原性大腸桿菌(致病性大腸桿菌),,,合格,2025,11
60,3,產氣莢膜桿菌,,,合格,2025,11
60,4,單核球增多性李斯特菌,,,合格,2025,11
61,0,丙二醇,,,合格,2025,11
61,1,沙門氏桿菌,,,合格,2025,11
61,2,病原性大腸桿菌(致病性大腸桿菌),,,合格,2025,11
61,3,產氣莢膜桿菌,,,合格,2025,11
61,4,單核球增多性李斯特菌,,,合格,2025,11
62,0,沙門氏桿菌,,,合格,2025,11
62,1,病原性大腸桿菌(致病性大腸桿菌),,,合格,2025,11
62,2,產氣莢膜桿菌,,,合格,2025,11
62,3,單核球增多性李斯特菌,,,合格,2025,11
63,0,玉米赤霉烯酮,,,合格,2025,11
63,1,伏馬毒素,,,合格,2025,11
63,2,嘔吐毒素,,,合格,2025,11
63,3,黃麴毒素,,,合格,2025,11
63,4,赭麴毒素,,,合格,2025,11
63,5,T2毒素,,,合格,2025,11
63,6,沙門氏桿菌,,,合格,2025,11
63,7,病原性大腸桿菌(致病性大腸桿菌),,,合格,2025,11
63,8,產氣莢膜桿菌,,,合格,2025,11
63,9,單核球增多性李斯特菌,,,合格,2025,11
64,0,亞硝酸鹽(NO2-),,,合格,2025,11
64,1,沙門氏桿菌,,,合格,2025,11
64,2,病原性大腸桿菌(致病性大腸桿菌),,,合格,2025,11
64,3,產氣莢膜桿菌,,,合格,2025,11
64,4,單核球增多性李斯特菌,,,合格,2025,11
65,0,沙門氏桿菌,,,合格,2025,11
65,1,病原性大腸桿菌(致病性大腸桿菌),,,合格,2025,11
65,2,產氣莢膜桿菌,,,合格,2025,11
65,3,單核球增多性李斯特菌,,,合格,2025,11
65,4,安特靈,,,合格,2025,11
65,5,蟲必死,,,合格,2025,11
65,6,地特靈,,,合格,2025,11
65,7,阿特靈,,,合格,2025,11
65,8,飛佈達,,,合格,2025,11
65,9,滴滴涕,,,合格,2025,11
66,0,汞,,,不合格,2025,11
66,1,砷(換算水分12%之砷含量),,,合格,2025,11
66,2,無機砷,,,合格,2025,11
66,3,鉛,,,合格,2025,11
66,4,鎘,,,合格,2025,11
66,5,病原性大腸桿菌(致病性大腸桿菌),,,合格,2025,11
67,0,汞,,,合格,2025,11
67,1,砷(換算水分12%之砷含量),,,合格,2025,11
67,2,無機砷,,,合格,2025,11
67,3,鉛,,,合格,2025,11
67,4,鎘,,,合格,2025,11
67,5,產氣莢膜桿菌,,,合格,2025,11
68,0,丙二醇,,,合格,2025,11
68,1,汞,,,合格,2025,11
68,2,砷(換算水分12%之砷含量),,,合格,2025,11
68,3,無機砷,,,合格,2025,11
68,4,鉛,,,合格,2025,11
68,5,鎘,,,合格,2025,11
69,0,黃麴毒素,,,合格,2025,11
69,1,汞,,,合格,2025,11
69,2,砷(換算水分12%之砷含量),,,合格,2025,11
69,3,無機砷,,,合格,2025,11
69,4,鉛,,,合格,2025,11
69,5,鎘,,,合格,2025,11
70,0,汞,,,合格,2025,11
70,1,砷(換算水分12%之砷含量),,,合格,2025,11
70,2,無機砷,,,合格,2025,11
70,3,鉛,,,合格,2025,11
70,4,鎘,,,合格,2025,11
70,5,沙門氏桿菌,,,合格,2025,11
71,0,汞,,,合格,2025,11
71,1,砷,,,合格,2025,11
71,2,鉛,,,合格,2025,11
71,3,鎘,,,合格,2025,11
72,0,汞,,,合格,2025,11
72,1,砷(換算水分12%之砷含量),,,合格,2025,11
72,2,無機砷,,,合格,2025,11
72,3,鉛,,,合格,2025,11
72,4,鎘,,,合格,2025,11
72,5,產氣莢膜桿菌,,,合格,2025,11
73,0,汞,,,合格,2025,11
73,1,砷(換算水分12%之砷含量),,,合格,2025,11
73,2,無機砷,,,合格,2025,11
73,3,鉛,,,合格,2025,11
73,4,鎘,,,合格,2025,11
74,0,沙門氏桿菌,,,合格,2025,11
74,1,病原性大腸桿菌(致病性大腸桿菌),,,合格,2025,11
74,2,產氣莢膜桿菌,,,合格,2025,11
74,3,單核球增多性李斯特菌,,,合格,2025,11
75,0,亞硝酸鹽(NO2-),,,合格,2025,11
75,1,沙門氏桿菌,,,合格,2025,11
75,2,病原性大腸桿菌(致病性大腸桿菌),,,合格,2025,11
75,3,產氣莢膜桿菌,,,合格,2025,11
75,4,單核球增多性李斯特菌,,,合格,2025,11
76,0,沙門氏桿菌,,,合格,2025,11
76,1,病原性大腸桿菌(致病性大腸桿菌),,,合格,2025,11
76,2,產氣莢膜桿菌,,,合格,2025,11
76,3,單核球增多性李斯特菌,,,合格,2025,11
77,0,丙二醇,,,合格,2025,11
77,1,沙門氏桿菌,,,合格,2025,11
77,2,病原性大腸桿菌(致病性大腸桿菌),,,合格,2025,11
77,3,產氣莢膜桿菌,,,合格,2025,11
77,4,單核球增多性李斯特菌,,,合格,2025,11
78,0,黃麴毒素,,,合格,2025,11
78,1,沙門氏桿菌,,,合格,2025,11
78,2,病原性大腸桿菌(致病性大腸桿菌),,,合格,2025,11
78,3,產氣莢膜桿菌,,,合格,2025,11
78,4,單核球增多性李斯特菌,,,合格,2025,11
79,0,亞硝酸鹽(NO2-),,,合格,2025,11
79,1,沙門氏桿菌,,,合格,2025,11
79,2,病原性大腸桿菌(致病性大腸桿菌),,,合格,2025,11
79,3,產氣莢膜桿菌,,,合格,2025,11
79,4,單核球增多性李斯特菌,,,合格,2025,11
80,0,丁基羥基甲氧苯(BHA),,,合格,2025,11
80,1,二丁基羥基甲苯(BHT),,,合格,2025,11
80,2,衣索金,,,合格,2025,11
80,3,沙門氏桿菌,,,合格,2025,11
80,4,病原性大腸桿菌(致病性大腸桿菌),,,合格,2025,11
80,5,產氣莢膜桿菌,,,合格,2025,11
80,6,單核球增多性李斯特菌,,,合格,2025,11
81,0,沙門氏桿菌,,,合格,2025,11
81,1,病原性大腸桿菌(致病性大腸桿菌),,,合格,2025,11
81,2,產氣莢膜桿菌,,,合格,2025,11
81,3,單核球增多性李斯特菌,,,合格,2025,11
82,0,玉米赤霉烯酮,,,合格,2025,11
82,1,伏馬毒素,,,合格,2025,11
82,2,嘔吐毒素,,,合格,2025,11
82,3,黃麴毒素,,,合格,2025,11
82,4,赭麴毒素,,,合格,2025,11
82,5,T2毒素,,,合格,2025,11
82,6,沙門氏桿菌,,,合格,2025,11
83,0,玉米赤霉烯酮,,,合格,2025,11
83,1,伏馬毒素,,,合格,2025,11
83,2,嘔吐毒素,,,合格,2025,11
83,3,黃麴毒素,,,合格,2025,11
83,4,赭麴毒素,,,合格,2025,11
83,5,T2毒素,,,合格,2025,11
83,6,病原性大腸桿菌(致病性大腸桿菌),,,合格,2025,11
84,0,丁基羥基甲氧苯(BHA),,,合格,2025,11
84,1,二丁基羥基甲苯(BHT),,,合格,2025,11
84,2,玉米赤霉烯酮,,,合格,2025,11
84,3,伏馬毒素,,,合格,2025,11
84,4,衣索金,,,合格,2025,11
84,5,嘔吐毒素,,,合格,2025,11
84,6,黃麴毒素,,,合格,2025,11
84,7,赭麴毒素,,,合格,2025,11
84,8,T2毒素,,,合格,2025,11
85,0,玉米赤霉烯酮,,,合格,2025,11
85,1,伏馬毒素,,,合格,2025,11
85,2,嘔吐毒素,,,合格,2025,11
85,3,黃麴毒素,,,合格,2025,11
85,4,赭麴毒素,,,合格,2025,11
85,5,T2毒素,,,合格,2025,11
86,0,玉米赤霉烯酮,,,合格,2025,11
86,1,伏馬毒素,,,合格,2025,11
86,2,嘔吐毒素,,,合格,2025,11
86,3,黃麴毒素,,,合格,2025,11
86,4,赭麴毒素,,,合格,2025,11
86,5,T2毒素,,,合格,2025,11
86,6,病原性大腸桿菌(致病性大腸桿菌),,,合格,2025,11
87,0,玉米赤霉烯酮,,,合格,2025,11
87,1,伏馬毒素,,,合格,2025,11
87,2,嘔吐毒素,,,合格,2025,11
87,3,黃麴毒素,,,合格,2025,11
87,4,赭麴毒素,,,合格,2025,11
87,5,T2毒素,,,合格,2025,11
87,6,產氣莢膜桿菌,,,合格,2025,11
88,0,玉米赤霉烯酮,,,合格,2025,11
88,1,伏馬毒素,,,合格,2025,11
88,2,嘔吐毒素,,,合格,2025,11
88,3,黃麴毒素,,,合格,2025,11
88,4,赭麴毒素,,,合格,2025,11
88,5,T2毒素,,,合格,2025,11
88,6,亞硝酸鹽(NO2-),,,合格,2025,11
89,0,玉米赤霉烯酮,,,合格,2025,11
89,1,伏馬毒素,,,合格,2025,11
89,2,嘔吐毒素,,,合格,2025,11
89,3,黃麴毒素,,,合格,2025,11
89,4,赭麴毒素,,,合格,2025,11
89,5,T2毒素,,,合格,2025,11
89,6,汞,,,合格,2025,11
89,7,砷(換算水分12%之砷含量),,,合格,2025,11
89,8,鉛,,,合格,2025,11
89,9,鎘,,,合格,2025,11
90,0,沙門氏桿菌,,,合格,2025,11
90,1,產氣莢膜桿菌,,,合格,2025,11
91,0,病原性大腸桿菌(致病性大腸桿菌),,,合格,2025,11
91,1,安特靈,,,合格,2025,11
91,2,蟲必死,,,合格,2025,11
91,3,地特靈,,,合格,2025,11
91,4,阿特靈,,,合格,2025,11
91,5,飛佈達,,,合格,2025,11
91,6,滴滴涕,,,合格,2025,11
92,0,丁基羥基甲氧苯(BHA),,,合格,2025,11
92,1,二丁基羥基甲苯(BHT),,,合格,2025,11
92,2,丙二醇,,,合格,2025,11
92,3,玉米赤霉烯酮,,,合格,2025,11
92,4,伏馬毒素,,,合格,2025,11
92,5,衣索金,,,合格,2025,11
92,6,嘔吐毒素,,,合格,2025,11
92,7,黃麴毒素,,,合格,2025,11
92,8,赭麴毒素,,,合格,2025,11
92,9,T2毒素,,,合格,2025,11
92,10,汞,,,合格,2025,11
92,11,砷(換算水分12%之砷含量),,,合格,2025,11
92,12,無機砷,,,合格,2025,11
92,13,鉛,,,合格,2025,11
92,14,鎘,,,合格,2025,11
92,15,亞硝酸鹽(NO2-),,,合格,2025,11
92,16,沙門氏桿菌,,,合格,2025,11
92,17,病原性大腸桿菌(致病性大腸桿菌),,,合格,2025,11
92,18,產氣莢膜桿菌,,,合格,2025,11
92,19,單核球增多性李斯特菌,,,合格,2025,11
92,20,安特靈,,,合格,2025,11
92,21,蟲必死,,,合格,2025,11
92,22,地特靈,,,合格,2025,11
92,23,阿特靈,,,合格,2025,11
92,24,飛佈達,,,合格,2025,11
92,25,滴滴涕,,,合格,2025,11
92,26,三聚氰胺,,,合格,2025,11
0,0,丁基羥基甲氧苯(BHA),,,合格,2025,12
0,1,二丁基羥基甲苯(BHT),,,合格,2025,12
0,2,衣索金,,,合格,2025,12
0,3,汞,,,合格,2025,12
0,4,砷(換算水分12%之砷含量),,,合格,2025,12
0,5,無機砷(換算水分12%之砷含量),,,合格,2025,12
0,6,鉛,,,合格,2025,12
0,7,鎘,,,合格,2025,12
0,8,亞硝酸鹽(NO2-),,,合格,2025,12
0,9,沙門氏桿菌,,,合格,2025,12
0,10,單核球增多性李斯特菌,,,合格,2025,12
0,11,三聚氰胺,,,合格,2025,12
1,0,丁基羥基甲氧苯(BHA),,,合格,2025,12
1,1,二丁基羥基甲苯(BHT),,,合格,2025,12
1,2,玉米赤霉烯酮,,,合格,2025,12
1,3,伏馬毒素,,,合格,2025,12
1,4,衣索金,,,合格,2025,12
1,5,嘔吐毒素,,,合格,2025,12
1,6,黃麴毒素,,,合格,2025,12
1,7,赭麴毒素,,,合格,2025,12
1,8,T2毒素,,,合格,2025,12
1,9,病原性大腸桿菌(致病性大腸桿菌),,,合格,2025,12
1,10,單核球增多性李斯特菌,,,合格,2025,12
1,11,三聚氰胺,,,合格,2025,12
2,0,丁基羥基甲氧苯(BHA),,,合格,2025,12
2,1,二丁基羥基甲苯(BHT),,,合格,2025,12
2,2,衣索金,,,合格,2025,12
2,3,汞,,,合格,2025,12
2,4,砷(換算水分12%之砷含量),,,合格,2025,12
2,5,鉛,,,合格,2025,12
2,6,鎘,,,合格,2025,12
2,7,亞硝酸鹽(NO2-),,,合格,2025,12
2,8,沙門氏桿菌,,,合格,2025,12
2,9,病原性大腸桿菌(致病性大腸桿菌),,,合格,2025,12
2,10,產氣莢膜桿菌,,,合格,2025,12
3,0,汞,,,合格,2025,12
3,1,砷,,,合格,2025,12
3,2,鉛,,,合格,2025,12
3,3,鎘,,,合格,2025,12
3,4,亞硝酸鹽(NO2-),,,合格,2025,12
3,5,沙門氏桿菌,,,合格,2025,12
3,6,產氣莢膜桿菌,,,合格,2025,12
3,7,安特靈,,,合格,2025,12
3,8,蟲必死,,,合格,2025,12
3,9,地特靈,,,合格,2025,12
3,10,阿特靈,,,合格,2025,12
3,11,飛佈達,,,合格,2025,12
3,12,滴滴涕,,,合格,2025,12
4,0,丁基羥基甲氧苯(BHA),,,合格,2025,12
4,1,二丁基羥基甲苯(BHT),,,合格,2025,12
4,2,衣索金,,,合格,2025,12
4,3,亞硝酸鹽(NO2-),,,合格,2025,12
4,4,沙門氏桿菌,,,合格,2025,12
4,5,單核球增多性李斯特菌,,,合格,2025,12
5,0,黃麴毒素,,,合格,2025,12
5,1,汞,,,合格,2025,12
5,2,砷,,,合格,2025,12
5,3,鉛,,,合格,2025,12
5,4,鎘,,,合格,2025,12
5,5,亞硝酸鹽(NO2-),,,合格,2025,12
5,6,沙門氏桿菌,,,合格,2025,12
5,7,病原性大腸桿菌(致病性大腸桿菌),,,合格,2025,12
5,8,產氣莢膜桿菌,,,合格,2025,12
5,9,單核球增多性李斯特菌,,,合格,2025,12
5,10,三聚氰胺,,,合格,2025,12
6,0,丁基羥基甲氧苯(BHA),,,合格,2025,12
6,1,二丁基羥基甲苯(BHT),,,合格,2025,12
6,2,玉米赤霉烯酮,,,合格,2025,12
6,3,伏馬毒素,,,合格,2025,12
6,4,衣索金,,,合格,2025,12
6,5,嘔吐毒素,,,合格,2025,12
6,6,黃麴毒素,,,合格,2025,12
6,7,赭麴毒素,,,合格,2025,12
6,8,T2毒素,,,合格,2025,12
6,9,沙門氏桿菌,,,不合格,2025,12
6,10,產氣莢膜桿菌,,,合格,2025,12
6,11,單核球增多性李斯特菌,,,合格,2025,12
7,0,丁基羥基甲氧苯(BHA),,,合格,2025,12
7,1,二丁基羥基甲苯(BHT),,,合格,2025,12
7,2,玉米赤霉烯酮,,,合格,2025,12
7,3,伏馬毒素,,,合格,2025,12
7,4,衣索金,,,合格,2025,12
7,5,嘔吐毒素,,,合格,2025,12
7,6,黃麴毒素,,,合格,2025,12
7,7,赭麴毒素,,,合格,2025,12
7,8,T2毒素,,,合格,2025,12
7,9,汞,,,合格,2025,12
7,10,砷(換算水分12%之砷含量),,,合格,2025,12
7,11,鉛,,,合格,2025,12
7,12,鎘,,,合格,2025,12
7,13,亞硝酸鹽(NO2-),,,合格,2025,12
7,14,病原性大腸桿菌(致病性大腸桿菌),,,合格,2025,12
7,15,產氣莢膜桿菌,,,合格,2025,12
7,16,單核球增多性李斯特菌,,,合格,2025,12
7,17,安特靈,,,合格,2025,12
7,18,蟲必死,,,合格,2025,12
7,19,地特靈,,,合格,2025,12
7,20,阿特靈,,,合格,2025,12
7,21,飛佈達,,,合格,2025,12
7,22,滴滴涕,,,合格,2025,12
8,0,黃麴毒素,,,合格,2025,12
8,1,汞,,,合格,2025,12
8,2,砷,,,合格,2025,12
8,3,鉛,,,合格,2025,12
8,4,鎘,,,合格,2025,12
8,5,亞硝酸鹽(NO2-),,,合格,2025,12
8,6,沙門氏桿菌,,,合格,2025,12
8,7,病原性大腸桿菌(致病性大腸桿菌),,,合格,2025,12
8,8,產氣莢膜桿菌,,,合格,2025,12
8,9,單核球增多性李斯特菌,,,合格,2025,12
8,10,安特靈,,,合格,2025,12
8,11,蟲必死,,,合格,2025,12
8,12,地特靈,,,合格,2025,12
8,13,阿特靈,,,合格,2025,12
8,14,飛佈達,,,合格,2025,12
8,15,滴滴涕,,,合格,2025,12
8,16,三聚氰胺,,,合格,2025,12
9,0,丁基羥基甲氧苯(BHA),,,合格,2025,12
9,1,二丁基羥基甲苯(BHT),,,合格,2025,12
9,2,玉米赤霉烯酮,,,合格,2025,12
9,3,伏馬毒素,,,合格,2025,12
9,4,衣索金,,,合格,2025,12
9,5,嘔吐毒素,,,合格,2025,12
9,6,黃麴毒素,,,合格,2025,12
9,7,赭麴毒素,,,合格,2025,12
9,8,T2毒素,,,合格,2025,12
9,9,沙門氏桿菌,,,合格,2025,12
9,10,病原性大腸桿菌(致病性大腸桿菌),,,合格,2025,12
9,11,產氣莢膜桿菌,,,合格,2025,12
9,12,單核球增多性李斯特菌,,,合格,2025,12
9,13,安特靈,,,合格,2025,12
9,14,蟲必死,,,合格,2025,12
9,15,地特靈,,,合格,2025,12
9,16,阿特靈,,,合格,2025,12
9,17,飛佈達,,,合格,2025,12
9,18,滴滴涕,,,合格,2025,12
9,19,三聚氰胺,,,合格,2025,12
10,0,黃麴毒素,,,合格,2025,12
10,1,汞,,,合格,2025,12
10,2,砷,,,合格,2025,12
10,3,鉛,,,合格,2025,12
10,4,鎘,,,合格,2025,12
10,5,亞硝酸鹽(NO2-),,,合格,2025,12
10,6,沙門氏桿菌,,,合格,2025,12
10,7,病原性大腸桿菌(致病性大腸桿菌),,,合格,2025,12
10,8,產氣莢膜桿菌,,,合格,2025,12
10,9,單核球增多性李斯特菌,,,合格,2025,12
10,10,三聚氰胺,,,合格,2025,12
11,0,丁基羥基甲氧苯(BHA),,,合格,2025,12
11,1,二丁基羥基甲苯(BHT),,,合格,2025,12
11,2,玉米赤霉烯酮,,,合格,2025,12
11,3,伏馬毒素,,,合格,2025,12
11,4,衣索金,,,合格,2025,12
11,5,嘔吐毒素,,,合格,2025,12
11,6,黃麴毒素,,,合格,2025,12
11,7,赭麴毒素,,,合格,2025,12
11,8,T2毒素,,,合格,2025,12
11,9,汞,,,合格,2025,12
11,10,砷,,,合格,2025,12
11,11,鉛,,,合格,2025,12
11,12,鎘,,,合格,2025,12
11,13,病原性大腸桿菌(致病性大腸桿菌),,,合格,2025,12
11,14,產氣莢膜桿菌,,,合格,2025,12
11,15,單核球增多性李斯特菌,,,合格,2025,12
11,16,安特靈,,,合格,2025,12
11,17,蟲必死,,,合格,2025,12
11,18,地特靈,,,合格,2025,12
11,19,阿特靈,,,合格,2025,12
11,20,飛佈達,,,合格,2025,12
11,21,滴滴涕,,,合格,2025,12
12,0,丁基羥基甲氧苯(BHA),,,合格,2025,12
12,1,二丁基羥基甲苯(BHT),,,合格,2025,12
12,2,玉米赤霉烯酮,,,合格,2025,12
12,3,伏馬毒素,,,合格,2025,12
12,4,衣索金,,,合格,2025,12
12,5,嘔吐毒素,,,合格,2025,12
12,6,黃麴毒素,,,合格,2025,12
12,7,赭麴毒素,,,合格,2025,12
12,8,T2毒素,,,合格,2025,12
12,9,汞,,,合格,2025,12
12,10,砷,,,合格,2025,12
12,11,鉛,,,合格,2025,12
12,12,鎘,,,合格,2025,12
12,13,沙門氏桿菌,,,合格,2025,12
12,14,病原性大腸桿菌(致病性大腸桿菌),,,合格,2025,12
12,15,單核球增多性李斯特菌,,,合格,2025,12
12,16,安特靈,,,合格,2025,12
12,17,蟲必死,,,合格,2025,12
12,18,地特靈,,,合格,2025,12
12,19,阿特靈,,,合格,2025,12
12,20,飛佈達,,,合格,2025,12
12,21,滴滴涕,,,合格,2025,12
13,0,玉米赤霉烯酮,,,合格,2025,12
13,1,伏馬毒素,,,合格,2025,12
13,2,嘔吐毒素,,,合格,2025,12
13,3,黃麴毒素,,,合格,2025,12
13,4,赭麴毒素,,,合格,2025,12
13,5,T2毒素,,,合格,2025,12
13,6,汞,,,合格,2025,12
13,7,砷,,,合格,2025,12
13,8,無機砷,,,合格,2025,12
13,9,鉛,,,合格,2025,12
13,10,鎘,,,合格,2025,12
13,11,亞硝酸鹽(NO2-),,,合格,2025,12
13,12,沙門氏桿菌,,,合格,2025,12
13,13,病原性大腸桿菌(致病性大腸桿菌),,,合格,2025,12
13,14,產氣莢膜桿菌,,,合格,2025,12
14,0,丁基羥基甲氧苯(BHA),,,合格,2025,12
14,1,二丁基羥基甲苯(BHT),,,合格,2025,12
14,2,玉米赤霉烯酮,,,合格,2025,12
14,3,伏馬毒素,,,合格,2025,12
14,4,衣索金,,,合格,2025,12
14,5,嘔吐毒素,,,合格,2025,12
14,6,黃麴毒素,,,合格,2025,12
14,7,赭麴毒素,,,合格,2025,12
14,8,T2毒素,,,合格,2025,12
14,9,沙門氏桿菌,,,合格,2025,12
14,10,病原性大腸桿菌(致病性大腸桿菌),,,合格,2025,12
14,11,產氣莢膜桿菌,,,合格,2025,12
14,12,安特靈,,,合格,2025,12
14,13,蟲必死,,,合格,2025,12
14,14,地特靈,,,合格,2025,12
14,15,阿特靈,,,合格,2025,12
14,16,飛佈達,,,合格,2025,12
14,17,滴滴涕,,,合格,2025,12
14,18,三聚氰胺,,,合格,2025,12
15,0,汞,,,合格,2025,12
15,1,砷(換算水分12%之砷含量),,,合格,2025,12
15,2,無機砷,,,合格,2025,12
15,3,鉛,,,合格,2025,12
15,4,鎘,,,合格,2025,12
16,0,汞,,,合格,2025,12
16,1,砷(換算水分12%之砷含量),,,合格,2025,12
16,2,無機砷,,,合格,2025,12
16,3,鉛,,,合格,2025,12
16,4,鎘,,,合格,2025,12
17,0,汞,,,合格,2025,12
17,1,砷(換算水分12%之砷含量),,,合格,2025,12
17,2,無機砷,,,合格,2025,12
17,3,鉛,,,合格,2025,12
17,4,鎘,,,合格,2025,12
18,0,汞,,,合格,2025,12
18,1,砷(換算水分12%之砷含量),,,合格,2025,12
18,2,無機砷,,,合格,2025,12
18,3,鉛,,,合格,2025,12
18,4,鎘,,,合格,2025,12
19,0,汞,,,合格,2025,12
19,1,砷(換算水分12%之砷含量),,,合格,2025,12
19,2,無機砷(換算水分12%之砷含量),,,合格,2025,12
19,3,鉛,,,合格,2025,12
19,4,鎘,,,合格,2025,12
20,0,汞,,,合格,2025,12
20,1,砷(換算水分12%之砷含量),,,合格,2025,12
20,2,無機砷(換算水分12%之砷含量),,,合格,2025,12
20,3,鉛,,,合格,2025,12
20,4,鎘,,,合格,2025,12
21,0,汞,,,合格,2025,12
21,1,砷(換算水分12%之砷含量),,,合格,2025,12
21,2,無機砷(換算水分12%之砷含量),,,合格,2025,12
21,3,鉛,,,合格,2025,12
21,4,鎘,,,合格,2025,12
22,0,汞,,,合格,2025,12
22,1,砷(換算水分12%之砷含量),,,合格,2025,12
22,2,無機砷,,,合格,2025,12
22,3,鉛,,,合格,2025,12
22,4,鎘,,,合格,2025,12
0,0,亞硝酸鹽(NO2-),,,合格,2025,2
0,1,病原性大腸桿菌(致病性大腸桿菌),,,合格,2025,2
0,2,單核球增多性李斯特菌,,,合格,2025,2
0,3,地特靈,,,合格,2025,2
0,4,阿特靈,,,合格,2025,2
0,5,飛佈達,,,合格,2025,2
0,6,安特靈,,,合格,2025,2
0,7,滴滴涕,,,合格,2025,2
0,8,蟲必死,,,合格,2025,2
1,0,丁基羥基甲氧苯(BHA),,,合格,2025,2
1,1,二丁基羥基甲苯(BHT),,,合格,2025,2
1,2,衣索金,,,合格,2025,2
1,3,病原性大腸桿菌(致病性大腸桿菌),,,合格,2025,2
1,4,產氣莢膜桿菌,,,合格,2025,2
2,0,丙二醇,,,合格,2025,2
2,1,汞,,,合格,2025,2
2,2,砷(換算水分12%之砷含量),,,合格,2025,2
2,3,鉛,,,合格,2025,2
2,4,鎘,,,合格,2025,2
2,5,沙門氏桿菌,,,合格,2025,2
2,6,產氣莢膜桿菌,,,合格,2025,2
3,0,汞,,,合格,2025,2
3,1,砷(換算水分12%之砷含量),,,合格,2025,2
3,2,無機砷,,,合格,2025,2
3,3,鉛,,,合格,2025,2
3,4,鎘,,,合格,2025,2
3,5,沙門氏桿菌,,,合格,2025,2
3,6,病原性大腸桿菌(致病性大腸桿菌),,,合格,2025,2
4,0,丁基羥基甲氧苯(BHA),,,合格,2025,2
4,1,二丁基羥基甲苯(BHT),,,合格,2025,2
4,2,衣索金,,,合格,2025,2
4,3,沙門氏桿菌,,,合格,2025,2
4,4,單核球增多性李斯特菌,,,合格,2025,2
5,0,亞硝酸鹽(NO2-),,,合格,2025,2
5,1,產氣莢膜桿菌,,,合格,2025,2
5,2,單核球增多性李斯特菌,,,合格,2025,2
5,3,地特靈,,,合格,2025,2
5,4,阿特靈,,,合格,2025,2
5,5,飛佈達,,,合格,2025,2
5,6,安特靈,,,合格,2025,2
5,7,滴滴涕,,,合格,2025,2
5,8,蟲必死,,,合格,2025,2
6,0,黃麴毒素,,,合格,2025,2
6,1,汞,,,合格,2025,2
6,2,砷(換算水分12%之砷含量),,,合格,2025,2
6,3,鉛,,,合格,2025,2
6,4,鎘,,,合格,2025,2
6,5,病原性大腸桿菌(致病性大腸桿菌),,,合格,2025,2
6,6,產氣莢膜桿菌,,,合格,2025,2
7,0,砷(換算水分12%之砷含量),,,合格,2025,2
7,1,無機砷,,,合格,2025,2
7,2,鉛,,,合格,2025,2
7,3,產氣莢膜桿菌,,,合格,2025,2
7,4,汞,,,合格,2025,2
7,5,鎘,,,合格,2025,2
7,6,沙門氏桿菌,,,合格,2025,2
8,0,黃麴毒素,,,合格,2025,2
8,1,亞硝酸鹽(NO2-),,,合格,2025,2
8,2,病原性大腸桿菌(致病性大腸桿菌),,,合格,2025,2
8,3,單核球增多性李斯特菌,,,合格,2025,2
9,0,黃麴毒素,,,合格,2025,2
9,1,沙門氏桿菌,,,合格,2025,2
9,2,單核球增多性李斯特菌,,,合格,2025,2
9,3,三聚氰胺,,,合格,2025,2
10,0,黃麴毒素,,,合格,2025,2
10,1,產氣莢膜桿菌,,,合格,2025,2
10,2,單核球增多性李斯特菌,,,合格,2025,2
10,3,地特靈,,,合格,2025,2
10,4,阿特靈,,,合格,2025,2
10,5,飛佈達,,,合格,2025,2
10,6,安特靈,,,合格,2025,2
10,7,滴滴涕,,,合格,2025,2
10,8,蟲必死,,,合格,2025,2
11,0,黃麴毒素,,,合格,2025,2
11,1,汞,,,合格,2025,2
11,2,砷(換算水分12%之砷含量),,,合格,2025,2
11,3,鉛,,,合格,2025,2
11,4,鎘,,,合格,2025,2
11,5,沙門氏桿菌,,,合格,2025,2
11,6,病原性大腸桿菌(致病性大腸桿菌),,,合格,2025,2
12,0,黃麴毒素,,,合格,2025,2
12,1,汞,,,合格,2025,2
12,2,砷(換算水分12%之砷含量),,,不合格,2025,2
12,3,鉛,,,合格,2025,2
12,4,鎘,,,合格,2025,2
12,5,病原性大腸桿菌(致病性大腸桿菌),,,合格,2025,2
12,6,產氣莢膜桿菌,,,合格,2025,2
13,0,汞,,,合格,2025,2
13,1,砷(換算水分12%之砷含量),,,合格,2025,2
13,2,鉛,,,合格,2025,2
13,3,鎘,,,合格,2025,2
13,4,沙門氏桿菌,,,合格,2025,2
13,5,單核球增多性李斯特菌,,,合格,2025,2
13,6,三聚氰胺,,,合格,2025,2
14,0,丙二醇,,,合格,2025,2
14,1,汞,,,合格,2025,2
14,2,砷(換算水分12%之砷含量),,,合格,2025,2
14,3,鉛,,,合格,2025,2
14,4,鎘,,,合格,2025,2
14,5,產氣莢膜桿菌,,,合格,2025,2
14,6,單核球增多性李斯特菌,,,合格,2025,2
15,0,亞硝酸鹽(NO2-),,,合格,2025,2
15,1,病原性大腸桿菌(致病性大腸桿菌),,,合格,2025,2
15,2,單核球增多性李斯特菌,,,合格,2025,2
15,3,地特靈,,,合格,2025,2
15,4,阿特靈,,,合格,2025,2
15,5,飛佈達,,,合格,2025,2
15,6,安特靈,,,合格,2025,2
15,7,滴滴涕,,,合格,2025,2
15,8,蟲必死,,,合格,2025,2
16,0,汞,,,合格,2025,2
16,1,砷(換算水分12%之砷含量),,,合格,2025,2
16,2,鉛,,,合格,2025,2
16,3,鎘,,,合格,2025,2
16,4,沙門氏桿菌,,,合格,2025,2
16,5,產氣莢膜桿菌,,,合格,2025,2
16,6,地特靈,,,合格,2025,2
16,7,阿特靈,,,合格,2025,2
16,8,飛佈達,,,合格,2025,2
16,9,安特靈,,,合格,2025,2
16,10,滴滴涕,,,合格,2025,2
16,11,蟲必死,,,合格,2025,2
17,0,亞硝酸鹽(NO2-),,,合格,2025,2
17,1,沙門氏桿菌,,,合格,2025,2
17,2,病原性大腸桿菌(致病性大腸桿菌),,,合格,2025,2
17,3,地特靈,,,合格,2025,2
17,4,阿特靈,,,合格,2025,2
17,5,飛佈達,,,合格,2025,2
17,6,安特靈,,,合格,2025,2
17,7,滴滴涕,,,合格,2025,2
17,8,蟲必死,,,合格,2025,2
18,0,產氣莢膜桿菌,,,合格,2025,2
18,1,單核球增多性李斯特菌,,,合格,2025,2
18,2,地特靈,,,合格,2025,2
18,3,阿特靈,,,合格,2025,2
18,4,飛佈達,,,合格,2025,2
18,5,安特靈,,,合格,2025,2
18,6,滴滴涕,,,合格,2025,2
18,7,蟲必死,,,合格,2025,2
18,8,三聚氰胺,,,合格,2025,2
19,0,汞,,,合格,2025,2
19,1,砷(換算水分12%之砷含量),,,合格,2025,2
19,2,鉛,,,合格,2025,2
19,3,沙門氏桿菌,,,合格,2025,2
19,4,病原性大腸桿菌(致病性大腸桿菌),,,合格,2025,2
19,5,鎘,,,合格,2025,2
19,6,亞硝酸鹽(NO2-),,,合格,2025,2
20,0,黃麴毒素,,,合格,2025,2
20,1,沙門氏桿菌,,,合格,2025,2
20,2,產氣莢膜桿菌,,,合格,2025,2
20,3,三聚氰胺,,,合格,2025,2
21,0,丁基羥基甲氧苯(BHA),,,合格,2025,2
21,1,二丁基羥基甲苯(BHT),,,合格,2025,2
21,2,衣索金,,,合格,2025,2
21,3,沙門氏桿菌,,,合格,2025,2
21,4,病原性大腸桿菌(致病性大腸桿菌),,,合格,2025,2
22,0,黃麴毒素,,,合格,2025,2
22,1,汞,,,合格,2025,2
22,2,砷(換算水分12%之砷含量),,,合格,2025,2
22,3,鉛,,,合格,2025,2
22,4,鎘,,,合格,2025,2
22,5,病原性大腸桿菌(致病性大腸桿菌),,,合格,2025,2
22,6,單核球增多性李斯特菌,,,合格,2025,2
23,0,亞硝酸鹽(NO2-),,,合格,2025,2
23,1,產氣莢膜桿菌,,,合格,2025,2
23,2,單核球增多性李斯特菌,,,合格,2025,2
23,3,地特靈,,,合格,2025,2
23,4,阿特靈,,,合格,2025,2
23,5,飛佈達,,,合格,2025,2
23,6,安特靈,,,合格,2025,2
23,7,滴滴涕,,,合格,2025,2
23,8,蟲必死,,,合格,2025,2
24,0,亞硝酸鹽(NO2-),,,合格,2025,2
24,1,沙門氏桿菌,,,合格,2025,2
24,2,產氣莢膜桿菌,,,合格,2025,2
24,3,三聚氰胺,,,合格,2025,2
25,0,丁基羥基甲氧苯(BHA),,,合格,2025,2
25,1,二丁基羥基甲苯(BHT),,,合格,2025,2
25,2,衣索金,,,合格,2025,2
25,3,病原性大腸桿菌(致病性大腸桿菌),,,合格,2025,2
25,4,單核球增多性李斯特菌,,,合格,2025,2
26,0,黃麴毒素,,,合格,2025,2
26,1,病原性大腸桿菌(致病性大腸桿菌),,,合格,2025,2
26,2,產氣莢膜桿菌,,,合格,2025,2
26,3,地特靈,,,合格,2025,2
26,4,阿特靈,,,合格,2025,2
26,5,飛佈達,,,合格,2025,2
26,6,安特靈,,,合格,2025,2
26,7,滴滴涕,,,合格,2025,2
26,8,蟲必死,,,合格,2025,2
27,0,黃麴毒素,,,合格,2025,2
27,1,沙門氏桿菌,,,合格,2025,2
27,2,產氣莢膜桿菌,,,合格,2025,2
27,3,地特靈,,,合格,2025,2
27,4,阿特靈,,,合格,2025,2
27,5,飛佈達,,,合格,2025,2
27,6,安特靈,,,合格,2025,2
27,7,滴滴涕,,,合格,2025,2
27,8,蟲必死,,,合格,2025,2
28,0,黃麴毒素,,,合格,2025,2
28,1,汞,,,合格,2025,2
28,2,砷(換算水分12%之砷含量),,,合格,2025,2
28,3,鉛,,,合格,2025,2
28,4,鎘,,,合格,2025,2
28,5,沙門氏桿菌,,,合格,2025,2
28,6,單核球增多性李斯特菌,,,合格,2025,2
29,0,汞,,,合格,2025,2
29,1,砷(換算水分12%之砷含量),,,合格,2025,2
29,2,鉛,,,合格,2025,2
29,3,鎘,,,合格,2025,2
29,4,亞硝酸鹽(NO2-),,,合格,2025,2
29,5,病原性大腸桿菌(致病性大腸桿菌),,,合格,2025,2
29,6,單核球增多性李斯特菌,,,合格,2025,2
30,0,丁基羥基甲氧苯(BHA),,,合格,2025,2
30,1,二丁基羥基甲苯(BHT),,,合格,2025,2
30,2,衣索金,,,合格,2025,2
30,3,沙門氏桿菌,,,合格,2025,2
30,4,病原性大腸桿菌(致病性大腸桿菌),,,合格,2025,2
31,0,黃麴毒素,,,合格,2025,2
31,1,汞,,,合格,2025,2
31,2,砷(換算水分12%之砷含量),,,合格,2025,2
31,3,鉛,,,合格,2025,2
31,4,鎘,,,合格,2025,2
31,5,產氣莢膜桿菌,,,合格,2025,2
31,6,單核球增多性李斯特菌,,,合格,2025,2
0,0,汞,,,合格,2025,3
0,1,砷,,,合格,2025,3
0,2,鉛,,,合格,2025,3
0,3,鎘,,,合格,2025,3
0,4,病原性大腸桿菌(致病性大腸桿菌),,,合格,2025,3
0,5,產氣莢膜桿菌,,,合格,2025,3
0,6,地特靈,,,合格,2025,3
0,7,安特靈,,,合格,2025,3
0,8,阿特靈,,,合格,2025,3
0,9,蟲必死,,,合格,2025,3
0,10,飛佈達,,,合格,2025,3
0,11,滴滴涕,,,合格,2025,3
1,0,丁基羥基甲氧苯(BHA),,,合格,2025,3
1,1,二丁基羥基甲苯(BHT),,,合格,2025,3
1,2,衣索金,,,合格,2025,3
1,3,沙門氏桿菌,,,合格,2025,3
1,4,病原性大腸桿菌(致病性大腸桿菌),,,合格,2025,3
2,0,丁基羥基甲氧苯(BHA),,,合格,2025,3
2,1,二丁基羥基甲苯(BHT),,,合格,2025,3
2,2,衣索金,,,合格,2025,3
2,3,產氣莢膜桿菌,,,合格,2025,3
2,4,單核球增多性李斯特菌,,,合格,2025,3
3,0,丁基羥基甲氧苯(BHA),,,合格,2025,3
3,1,二丁基羥基甲苯(BHT),,,合格,2025,3
3,2,衣索金,,,合格,2025,3
3,3,病原性大腸桿菌(致病性大腸桿菌),,,合格,2025,3
3,4,單核球增多性李斯特菌,,,合格,2025,3
4,0,亞硝酸鹽(NO2-),,,合格,2025,3
4,1,沙門氏桿菌,,,合格,2025,3
4,2,產氣莢膜桿菌,,,合格,2025,3
5,0,沙門氏桿菌,,,合格,2025,3
5,1,單核球增多性李斯特菌,,,合格,2025,3
5,2,丙二醇,,,合格,2025,3
5,3,汞,,,合格,2025,3
5,4,砷(換算水分12%之砷含量),,,合格,2025,3
5,5,鉛,,,合格,2025,3
5,6,鎘,,,合格,2025,3
6,0,丁基羥基甲氧苯(BHA),,,合格,2025,3
6,1,二丁基羥基甲苯(BHT),,,合格,2025,3
6,2,衣索金,,,合格,2025,3
6,3,病原性大腸桿菌(致病性大腸桿菌),,,合格,2025,3
6,4,單核球增多性李斯特菌,,,合格,2025,3
7,0,無機砷,,,合格,2025,3
7,1,病原性大腸桿菌(致病性大腸桿菌),,,合格,2025,3
7,2,產氣莢膜桿菌,,,合格,2025,3
8,0,汞,,,合格,2025,3
8,1,砷(換算水分12%之砷含量),,,不合格,2025,3
8,2,無機砷,,,合格,2025,3
8,3,鉛,,,合格,2025,3
8,4,鎘,,,合格,2025,3
8,5,沙門氏桿菌,,,合格,2025,3
8,6,產氣莢膜桿菌,,,合格,2025,3
9,0,病原性大腸桿菌(致病性大腸桿菌),,,合格,2025,3
9,1,單核球增多性李斯特菌,,,合格,2025,3
9,2,三聚氰胺,,,合格,2025,3
10,0,沙門氏桿菌,,,合格,2025,3
10,1,產氣莢膜桿菌,,,合格,2025,3
10,2,三聚氰胺,,,合格,2025,3
11,0,黃麴毒素,,,合格,2025,3
11,1,沙門氏桿菌,,,合格,2025,3
11,2,單核球增多性李斯特菌,,,合格,2025,3
11,3,地特靈,,,合格,2025,3
11,4,安特靈,,,合格,2025,3
11,5,阿特靈,,,合格,2025,3
11,6,蟲必死,,,合格,2025,3
11,7,飛佈達,,,合格,2025,3
11,8,滴滴涕,,,合格,2025,3
12,0,丁基羥基甲氧苯(BHA),,,合格,2025,3
12,1,二丁基羥基甲苯(BHT),,,合格,2025,3
12,2,衣索金,,,合格,2025,3
12,3,病原性大腸桿菌(致病性大腸桿菌),,,合格,2025,3
12,4,產氣莢膜桿菌,,,合格,2025,3
13,0,汞,,,合格,2025,3
13,1,砷,,,合格,2025,3
13,2,鉛,,,合格,2025,3
13,3,鎘,,,合格,2025,3
13,4,亞硝酸鹽(NO2-),,,合格,2025,3
13,5,產氣莢膜桿菌,,,合格,2025,3
14,0,沙門氏桿菌,,,合格,2025,3
14,1,病原性大腸桿菌(致病性大腸桿菌),,,合格,2025,3
14,2,地特靈,,,合格,2025,3
14,3,安特靈,,,合格,2025,3
14,4,阿特靈,,,合格,2025,3
14,5,蟲必死,,,合格,2025,3
14,6,飛佈達,,,合格,2025,3
14,7,滴滴涕,,,合格,2025,3
15,0,丁基羥基甲氧苯(BHA),,,合格,2025,3
15,1,二丁基羥基甲苯(BHT),,,不合格,2025,3
15,2,衣索金,,,合格,2025,3
15,3,病原性大腸桿菌(致病性大腸桿菌),,,合格,2025,3
15,4,產氣莢膜桿菌,,,合格,2025,3
16,0,汞,,,合格,2025,3
16,1,砷,,,合格,2025,3
16,2,鉛,,,合格,2025,3
16,3,鎘,,,合格,2025,3
16,4,沙門氏桿菌,,,合格,2025,3
16,5,產氣莢膜桿菌,,,合格,2025,3
16,6,三聚氰胺,,,合格,2025,3
17,0,汞,,,合格,2025,3
17,1,砷(換算水分12%之砷含量),,,合格,2025,3
17,2,鉛,,,合格,2025,3
17,3,鎘,,,合格,2025,3
17,4,無機砷,,,合格,2025,3
17,5,沙門氏桿菌,,,合格,2025,3
17,6,單核球增多性李斯特菌,,,合格,2025,3
18,0,病原性大腸桿菌(致病性大腸桿菌),,,合格,2025,3
18,1,單核球增多性李斯特菌,,,合格,2025,3
18,2,亞硝酸鹽(NO2-),,,合格,2025,3
18,3,地特靈,,,合格,2025,3
18,4,安特靈,,,合格,2025,3
18,5,阿特靈,,,合格,2025,3
18,6,蟲必死,,,合格,2025,3
18,7,飛佈達,,,合格,2025,3
18,8,滴滴涕,,,合格,2025,3
19,0,丁基羥基甲氧苯(BHA),,,合格,2025,3
19,1,二丁基羥基甲苯(BHT),,,合格,2025,3
19,2,衣索金,,,合格,2025,3
19,3,沙門氏桿菌,,,合格,2025,3
19,4,病原性大腸桿菌(致病性大腸桿菌),,,合格,2025,3
20,0,丁基羥基甲氧苯(BHA),,,合格,2025,3
20,1,二丁基羥基甲苯(BHT),,,合格,2025,3
20,2,衣索金,,,合格,2025,3
20,3,單核球增多性李斯特菌,,,合格,2025,3
21,0,丁基羥基甲氧苯(BHA),,,合格,2025,3
21,1,二丁基羥基甲苯(BHT),,,合格,2025,3
21,2,衣索金,,,合格,2025,3
21,3,產氣莢膜桿菌,,,合格,2025,3
21,4,三聚氰胺,,,合格,2025,3
22,0,丁基羥基甲氧苯(BHA),,,合格,2025,3
22,1,二丁基羥基甲苯(BHT),,,合格,2025,3
22,2,衣索金,,,合格,2025,3
22,3,黃麴毒素,,,合格,2025,3
23,0,亞硝酸鹽(NO2-),,,合格,2025,3
23,1,單核球增多性李斯特菌,,,合格,2025,3
24,0,丙二醇,,,合格,2025,3
24,1,汞,,,合格,2025,3
24,2,砷,,,合格,2025,3
24,3,鉛,,,合格,2025,3
24,4,鎘,,,合格,2025,3
25,0,黃麴毒素,,,合格,2025,3
25,1,三聚氰胺,,,合格,2025,3
26,0,丙二醇,,,合格,2025,3
26,1,黃麴毒素,,,合格,2025,3
27,0,地特靈,,,合格,2025,3
27,1,安特靈,,,合格,2025,3
27,2,阿特靈,,,合格,2025,3
27,3,蟲必死,,,合格,2025,3
27,4,飛佈達,,,合格,2025,3
27,5,滴滴涕,,,合格,2025,3
28,0,黃麴毒素,,,合格,2025,3
28,1,病原性大腸桿菌(致病性大腸桿菌),,,合格,2025,3
29,0,汞,,,合格,2025,3
29,1,砷,,,合格,2025,3
29,2,鉛,,,合格,2025,3
29,3,鎘,,,合格,2025,3
30,0,黃麴毒素,,,合格,2025,3
30,1,無機砷,,,合格,2025,3
31,0,沙門氏桿菌,,,合格,2025,3
31,1,三聚氰胺,,,合格,2025,3
32,0,汞,,,合格,2025,3
32,1,砷(換算水分12%之砷含量),,,合格,2025,3
32,2,無機砷,,,合格,2025,3
32,3,鉛,,,合格,2025,3
32,4,鎘,,,合格,2025,3
33,0,黃麴毒素,,,合格,2025,3
33,1,無機砷,,,合格,2025,3
34,0,汞,,,合格,2025,3
34,1,砷(換算水分12%之砷含量),,,合格,2025,3
34,2,鉛,,,合格,2025,3
34,3,鎘,,,合格,2025,3
34,4,單核球增多性李斯特菌,,,合格,2025,3
35,0,丁基羥基甲氧苯(BHA),,,合格,2025,3
35,1,二丁基羥基甲苯(BHT),,,合格,2025,3
35,2,丙二醇,,,合格,2025,3
35,3,衣索金,,,合格,2025,3
35,4,黃麴毒素,,,合格,2025,3
35,5,汞,,,合格,2025,3
35,6,砷(換算水分12%之砷含量),,,合格,2025,3
35,7,無機砷,,,合格,2025,3
35,8,鉛,,,合格,2025,3
35,9,鎘,,,合格,2025,3
35,10,亞硝酸鹽(NO2-),,,合格,2025,3
35,11,沙門氏桿菌,,,合格,2025,3
35,12,病原性大腸桿菌(致病性大腸桿菌),,,合格,2025,3
35,13,產氣莢膜桿菌,,,合格,2025,3
35,14,單核球增多性李斯特菌,,,合格,2025,3
35,15,地特靈,,,合格,2025,3
35,16,安特靈,,,合格,2025,3
35,17,阿特靈,,,合格,2025,3
35,18,蟲必死,,,合格,2025,3
35,19,飛佈達,,,合格,2025,3
35,20,滴滴涕,,,合格,2025,3
35,21,三聚氰胺,,,合格,2025,3
36,0,丁基羥基甲氧苯(BHA),,,合格,2025,3
36,1,二丁基羥基甲苯(BHT),,,合格,2025,3
36,2,衣索金,,,合格,2025,3
36,3,丙二醇,,,合格,2025,3
36,4,無機砷,,,合格,2025,3
36,5,砷(換算水分12%之砷含量),,,合格,2025,3
36,6,鉛,,,合格,2025,3
36,7,鎘,,,合格,2025,3
36,8,汞,,,合格,2025,3
36,9,亞硝酸鹽(NO2-),,,合格,2025,3
36,10,沙門氏桿菌,,,合格,2025,3
36,11,病原性大腸桿菌(致病性大腸桿菌),,,合格,2025,3
36,12,產氣莢膜桿菌,,,合格,2025,3
36,13,單核球增多性李斯特菌,,,合格,2025,3
36,14,黃麴毒素,,,合格,2025,3
36,15,地特靈,,,合格,2025,3
36,16,安特靈,,,合格,2025,3
36,17,阿特靈,,,合格,2025,3
36,18,蟲必死,,,合格,2025,3
36,19,飛佈達,,,合格,2025,3
36,20,滴滴涕,,,合格,2025,3
36,21,三聚氰胺,,,合格,2025,3
37,0,丁基羥基甲氧苯(BHA),,,合格,2025,3
37,1,二丁基羥基甲苯(BHT),,,合格,2025,3
37,2,衣索金,,,合格,2025,3
37,3,丙二醇,,,合格,2025,3
37,4,黃麴毒素,,,合格,2025,3
37,5,無機砷,,,合格,2025,3
37,6,汞,,,合格,2025,3
37,7,砷,,,合格,2025,3
37,8,鉛,,,合格,2025,3
37,9,鎘,,,合格,2025,3
37,10,亞硝酸鹽(NO2-),,,合格,2025,3
37,11,沙門氏桿菌,,,合格,2025,3
37,12,病原性大腸桿菌(致病性大腸桿菌),,,合格,2025,3
37,13,產氣莢膜桿菌,,,合格,2025,3
37,14,單核球增多性李斯特菌,,,合格,2025,3
37,15,地特靈,,,合格,2025,3
37,16,安特靈,,,合格,2025,3
37,17,阿特靈,,,合格,2025,3
37,18,蟲必死,,,合格,2025,3
37,19,飛佈達,,,合格,2025,3
37,20,滴滴涕,,,合格,2025,3
37,21,三聚氰胺,,,合格,2025,3
38,0,丁基羥基甲氧苯(BHA),,,合格,2025,3
38,1,二丁基羥基甲苯(BHT),,,合格,2025,3
38,2,衣索金,,,合格,2025,3
38,3,丙二醇,,,合格,2025,3
38,4,黃麴毒素,,,合格,2025,3
38,5,汞,,,合格,2025,3
38,6,砷(換算水分12%之砷含量),,,合格,2025,3
38,7,鉛,,,合格,2025,3
38,8,鎘,,,合格,2025,3
38,9,無機砷,,,合格,2025,3
38,10,亞硝酸鹽(NO2-),,,合格,2025,3
38,11,沙門氏桿菌,,,合格,2025,3
38,12,病原性大腸桿菌(致病性大腸桿菌),,,合格,2025,3
38,13,產氣莢膜桿菌,,,合格,2025,3
38,14,單核球增多性李斯特菌,,,合格,2025,3
38,15,地特靈,,,合格,2025,3
38,16,安特靈,,,合格,2025,3
38,17,阿特靈,,,合格,2025,3
38,18,蟲必死,,,合格,2025,3
38,19,飛佈達,,,合格,2025,3
38,20,滴滴涕,,,合格,2025,3
38,21,三聚氰胺,,,合格,2025,3
39,0,丁基羥基甲氧苯(BHA),,,合格,2025,3
39,1,二丁基羥基甲苯(BHT),,,合格,2025,3
39,2,衣索金,,,合格,2025,3
39,3,丙二醇,,,合格,2025,3
39,4,黃麴毒素,,,合格,2025,3
39,5,汞,,,合格,2025,3
39,6,砷(換算水分12%之砷含量),,,合格,2025,3
39,7,鉛,,,合格,2025,3
39,8,鎘,,,合格,2025,3
39,9,無機砷,,,合格,2025,3
39,10,亞硝酸鹽(NO2-),,,合格,2025,3
39,11,沙門氏桿菌,,,合格,2025,3
39,12,病原性大腸桿菌(致病性大腸桿菌),,,合格,2025,3
39,13,產氣莢膜桿菌,,,合格,2025,3
39,14,單核球增多性李斯特菌,,,合格,2025,3
39,15,地特靈,,,合格,2025,3
39,16,安特靈,,,合格,2025,3
39,17,阿特靈,,,合格,2025,3
39,18,蟲必死,,,合格,2025,3
39,19,飛佈達,,,合格,2025,3
39,20,滴滴涕,,,合格,2025,3
39,21,三聚氰胺,,,合格,2025,3
0,0,汞,,,合格,2025,4
0,1,砷(換算水分12%之砷含量),,,合格,2025,4
0,2,無機砷,,,合格,2025,4
0,3,鉛,,,合格,2025,4
0,4,鎘,,,合格,2025,4
1,0,汞,,,合格,2025,4
1,1,砷(換算水分12%之砷含量),,,合格,2025,4
1,2,無機砷,,,合格,2025,4
1,3,鉛,,,合格,2025,4
1,4,鎘,,,合格,2025,4
2,0,汞,,,合格,2025,4
2,1,砷(換算水分12%之砷含量),,,合格,2025,4
2,2,無機砷,,,合格,2025,4
2,3,鉛,,,合格,2025,4
2,4,鎘,,,合格,2025,4
3,0,汞,,,合格,2025,4
3,1,砷(換算水分12%之砷含量),,,合格,2025,4
3,2,無機砷,,,合格,2025,4
3,3,鉛,,,合格,2025,4
3,4,鎘,,,合格,2025,4
4,0,汞,,,合格,2025,4
4,1,砷(換算水分12%之砷含量),,,合格,2025,4
4,2,無機砷,,,合格,2025,4
4,3,鉛,,,合格,2025,4
4,4,鎘,,,合格,2025,4
5,0,汞,,,合格,2025,4
5,1,砷(換算水分12%之砷含量),,,合格,2025,4
5,2,無機砷,,,合格,2025,4
5,3,鉛,,,合格,2025,4
5,4,鎘,,,合格,2025,4
6,0,砷(換算水分12%之砷含量),,,合格,2025,4
6,1,無機砷,,,合格,2025,4
6,2,鉛,,,合格,2025,4
6,3,鎘,,,合格,2025,4
6,4,汞,,,合格,2025,4
7,0,汞,,,合格,2025,4
7,1,砷(換算水分12%之砷含量),,,合格,2025,4
7,2,無機砷,,,合格,2025,4
7,3,鉛,,,合格,2025,4
7,4,鎘,,,合格,2025,4
8,0,汞,,,合格,2025,4
8,1,砷(換算水分12%之砷含量),,,合格,2025,4
8,2,無機砷,,,合格,2025,4
8,3,鉛,,,合格,2025,4
8,4,鎘,,,合格,2025,4
9,0,汞,,,合格,2025,4
9,1,鎘,,,合格,2025,4
9,2,砷,,,合格,2025,4
9,3,無機砷,,,合格,2025,4
9,4,鉛,,,合格,2025,4
10,0,汞,,,合格,2025,4
10,1,砷(換算水分12%之砷含量),,,合格,2025,4
10,2,無機砷,,,合格,2025,4
10,3,鉛,,,合格,2025,4
10,4,鎘,,,合格,2025,4
11,0,汞,,,合格,2025,4
11,1,砷(換算水分12%之砷含量),,,合格,2025,4
11,2,無機砷,,,合格,2025,4
11,3,鉛,,,合格,2025,4
11,4,鎘,,,合格,2025,4
12,0,汞,,,合格,2025,4
12,1,砷(換算水分12%之砷含量),,,合格,2025,4
12,2,無機砷(換算水分12%之砷含量),,,合格,2025,4
12,3,鉛,,,合格,2025,4
12,4,鎘,,,合格,2025,4
13,0,汞,,,合格,2025,4
13,1,鎘,,,合格,2025,4
13,2,砷,,,合格,2025,4
13,3,無機砷,,,合格,2025,4
13,4,鉛,,,合格,2025,4
14,0,汞,,,合格,2025,4
14,1,砷,,,合格,2025,4
14,2,無機砷,,,合格,2025,4
14,3,鉛,,,合格,2025,4
14,4,鎘,,,合格,2025,4
15,0,汞,,,合格,2025,4
15,1,砷(換算水分12%之砷含量),,,合格,2025,4
15,2,無機砷,,,合格,2025,4
15,3,鉛,,,合格,2025,4
15,4,鎘,,,合格,2025,4
16,0,汞,,,合格,2025,4
16,1,砷(換算水分12%之砷含量),,,合格,2025,4
16,2,無機砷,,,合格,2025,4
16,3,鉛,,,合格,2025,4
16,4,鎘,,,合格,2025,4
17,0,汞,,,合格,2025,4
17,1,砷,,,合格,2025,4
17,2,無機砷,,,合格,2025,4
17,3,鉛,,,合格,2025,4
17,4,鎘,,,合格,2025,4
18,0,汞,,,合格,2025,4
18,1,砷(換算水分12%之砷含量),,,合格,2025,4
18,2,無機砷,,,合格,2025,4
18,3,鉛,,,合格,2025,4
18,4,鎘,,,合格,2025,4
19,0,汞,,,合格,2025,4
19,1,砷(換算水分12%之砷含量),,,合格,2025,4
19,2,無機砷,,,合格,2025,4
19,3,鉛,,,合格,2025,4
19,4,鎘,,,合格,2025,4
20,0,汞,,,合格,2025,4
20,1,砷(換算水分12%之砷含量),,,合格,2025,4
20,2,無機砷,,,合格,2025,4
20,3,鉛,,,合格,2025,4
20,4,鎘,,,合格,2025,4
21,0,汞,,,合格,2025,4
21,1,砷(換算水分12%之砷含量),,,合格,2025,4
21,2,無機砷,,,合格,2025,4
21,3,鉛,,,合格,2025,4
21,4,鎘,,,合格,2025,4
22,0,汞,,,合格,2025,4
22,1,砷(換算水分12%之砷含量),,,合格,2025,4
22,2,無機砷,,,合格,2025,4
22,3,鉛,,,合格,2025,4
22,4,鎘,,,合格,2025,4
23,0,汞,,,合格,2025,4
23,1,砷,,,合格,2025,4
23,2,無機砷,,,合格,2025,4
23,3,鉛,,,合格,2025,4
23,4,鎘,,,合格,2025,4
24,0,汞,,,合格,2025,4
24,1,砷,,,合格,2025,4
24,2,無機砷,,,合格,2025,4
24,3,鉛,,,合格,2025,4
24,4,鎘,,,合格,2025,4
25,0,汞,,,不合格,2025,4
25,1,砷(換算水分12%之砷含量),,,合格,2025,4
25,2,無機砷,,,合格,2025,4
25,3,鉛,,,合格,2025,4
25,4,鎘,,,合格,2025,4
26,0,汞,,,合格,2025,4
26,1,砷(換算水分12%之砷含量),,,合格,2025,4
26,2,無機砷,,,合格,2025,4
26,3,鉛,,,合格,2025,4
26,4,鎘,,,合格,2025,4
27,0,汞,,,合格,2025,4
27,1,砷,,,合格,2025,4
27,2,無機砷,,,合格,2025,4
27,3,鉛,,,合格,2025,4
27,4,鎘,,,合格,2025,4
28,0,汞,,,合格,2025,4
28,1,砷(換算水分12%之砷含量),,,合格,2025,4
28,2,無機砷,,,合格,2025,4
28,3,鉛,,,不合格,2025,4
28,4,鎘,,,合格,2025,4
29,0,汞,,,合格,2025,4
29,1,砷(換算水分12%之砷含量),,,合格,2025,4
29,2,無機砷,,,合格,2025,4
29,3,鉛,,,合格,2025,4
29,4,鎘,,,合格,2025,4
30,0,汞,,,合格,2025,4
30,1,砷(換算水分12%之砷含量),,,合格,2025,4
30,2,無機砷,,,合格,2025,4
30,3,鉛,,,合格,2025,4
30,4,鎘,,,合格,2025,4
31,0,汞,,,合格,2025,4
31,1,砷(換算水分12%之砷含量),,,不合格,2025,4
31,2,無機砷,,,合格,2025,4
31,3,鉛,,,合格,2025,4
31,4,鎘,,,合格,2025,4
32,0,汞,,,合格,2025,4
32,1,砷(換算水分12%之砷含量),,,合格,2025,4
32,2,無機砷,,,合格,2025,4
32,3,鉛,,,合格,2025,4
32,4,鎘,,,合格,2025,4
33,0,汞,,,合格,2025,4
33,1,砷(換算水分12%之砷含量),,,合格,2025,4
33,2,無機砷,,,合格,2025,4
33,3,鉛,,,合格,2025,4
33,4,鎘,,,合格,2025,4
34,0,汞,,,合格,2025,4
34,1,砷,,,合格,2025,4
34,2,無機砷,,,合格,2025,4
34,3,鉛,,,合格,2025,4
34,4,鎘,,,合格,2025,4
35,0,汞,,,合格,2025,4
35,1,砷,,,合格,2025,4
35,2,無機砷,,,合格,2025,4
35,3,鉛,,,合格,2025,4
35,4,鎘,,,合格,2025,4
36,0,無機砷,,,合格,2025,4
36,1,鉛,,,合格,2025,4
36,2,鎘,,,合格,2025,4
36,3,汞,,,合格,2025,4
36,4,砷(換算水分12%之砷含量),,,合格,2025,4
37,0,汞,,,合格,2025,4
37,1,砷,,,合格,2025,4
37,2,無機砷,,,合格,2025,4
37,3,鉛,,,合格,2025,4
37,4,鎘,,,合格,2025,4
38,0,汞,,,合格,2025,4
38,1,砷(換算水分12%之砷含量),,,合格,2025,4
38,2,無機砷,,,合格,2025,4
38,3,鉛,,,合格,2025,4
38,4,鎘,,,合格,2025,4
39,0,無機砷,,,合格,2025,4
39,1,鉛,,,合格,2025,4
39,2,鎘,,,合格,2025,4
39,3,汞,,,合格,2025,4
39,4,砷(換算水分12%之砷含量),,,合格,2025,4
40,0,無機砷,,,合格,2025,4
40,1,鉛,,,合格,2025,4
40,2,鎘,,,合格,2025,4
40,3,汞,,,合格,2025,4
40,4,砷(換算水分12%之砷含量),,,合格,2025,4
41,0,汞,,,合格,2025,4
41,1,砷(換算水分12%之砷含量),,,合格,2025,4
41,2,無機砷(換算水分12%之砷含量),,,合格,2025,4
41,3,鉛,,,合格,2025,4
41,4,鎘,,,合格,2025,4
42,0,汞,,,合格,2025,4
42,1,砷(換算水分12%之砷含量),,,合格,2025,4
42,2,無機砷,,,合格,2025,4
42,3,鉛,,,合格,2025,4
42,4,鎘,,,合格,2025,4
43,0,汞,,,合格,2025,4
43,1,砷(換算水分12%之砷含量),,,合格,2025,4
43,2,無機砷,,,合格,2025,4
43,3,鉛,,,合格,2025,4
43,4,鎘,,,合格,2025,4
44,0,汞,,,合格,2025,4
44,1,砷(換算水分12%之砷含量),,,合格,2025,4
44,2,無機砷,,,合格,2025,4
44,3,鉛,,,合格,2025,4
44,4,鎘,,,合格,2025,4
45,0,汞,,,合格,2025,4
45,1,砷(換算水分12%之砷含量),,,合格,2025,4
45,2,無機砷,,,合格,2025,4
45,3,鉛,,,合格,2025,4
45,4,鎘,,,合格,2025,4
46,0,汞,,,合格,2025,4
46,1,砷,,,合格,2025,4
46,2,無機砷,,,合格,2025,4
46,3,鉛,,,合格,2025,4
46,4,鎘,,,合格,2025,4
47,0,汞,,,合格,2025,4
47,1,砷,,,合格,2025,4
47,2,無機砷,,,合格,2025,4
47,3,鉛,,,合格,2025,4
47,4,鎘,,,合格,2025,4
48,0,黃麴毒素,,,合格,2025,4
48,1,三聚氰胺,,,合格,2025,4
49,0,汞,,,合格,2025,4
49,1,砷(換算水分12%之砷含量),,,不合格,2025,4
49,2,無機砷,,,合格,2025,4
49,3,鉛,,,合格,2025,4
49,4,鎘,,,合格,2025,4
50,0,丁基羥基甲氧苯(BHA),,,合格,2025,4
50,1,二丁基羥基甲苯(BHT),,,合格,2025,4
50,2,衣索金,,,合格,2025,4
50,3,產氣莢膜桿菌,,,合格,2025,4
0,0,汞,,,合格,2025,5
0,1,砷(換算水分12%之砷含量),,,合格,2025,5
0,2,鉛,,,合格,2025,5
0,3,鎘,,,合格,2025,5
0,4,亞硝酸鹽(NO2-),,,合格,2025,5
1,0,丁基羥基甲氧苯(BHA),,,合格,2025,5
1,1,二丁基羥基甲苯(BHT),,,合格,2025,5
1,2,衣索金,,,合格,2025,5
2,0,汞,,,合格,2025,5
2,1,砷(換算水分12%之砷含量),,,合格,2025,5
2,2,無機砷,,,合格,2025,5
2,3,鉛,,,合格,2025,5
2,4,鎘,,,合格,2025,5
3,0,汞,,,合格,2025,5
3,1,砷(換算水分12%之砷含量),,,合格,2025,5
3,2,無機砷,,,合格,2025,5
3,3,鉛,,,合格,2025,5
3,4,鎘,,,合格,2025,5
3,5,沙門氏桿菌,,,合格,2025,5
4,0,黃麴毒素,,,合格,2025,5
4,1,汞,,,合格,2025,5
4,2,砷(換算水分12%之砷含量),,,合格,2025,5
4,3,鉛,,,合格,2025,5
4,4,鎘,,,合格,2025,5
4,5,三聚氰胺,,,合格,2025,5
5,0,丁基羥基甲氧苯(BHA),,,合格,2025,5
5,1,二丁基羥基甲苯(BHT),,,合格,2025,5
5,2,衣索金,,,合格,2025,5
5,3,黃麴毒素,,,合格,2025,5
6,0,丁基羥基甲氧苯(BHA),,,合格,2025,5
6,1,二丁基羥基甲苯(BHT),,,合格,2025,5
6,2,玉米赤霉烯酮,,,合格,2025,5
6,3,伏馬毒素,,,合格,2025,5
6,4,衣索金,,,合格,2025,5
6,5,脫氧雪腐鐮刀菌烯醇(嘔吐毒素),,,合格,2025,5
6,6,黃麴毒素,,,合格,2025,5
6,7,赭麴毒素,,,合格,2025,5
6,8,T2毒素,,,合格,2025,5
7,0,玉米赤霉烯酮,,,合格,2025,5
7,1,伏馬毒素,,,合格,2025,5
7,2,脫氧雪腐鐮刀菌烯醇(嘔吐毒素),,,合格,2025,5
7,3,黃麴毒素,,,合格,2025,5
7,4,赭麴毒素,,,合格,2025,5
7,5,T2毒素,,,合格,2025,5
7,6,無機砷,,,合格,2025,5
7,7,單核球增多性李斯特菌,,,合格,2025,5
8,0,汞,,,合格,2025,5
8,1,砷(換算水分12%之砷含量),,,合格,2025,5
8,2,無機砷,,,合格,2025,5
8,3,鉛,,,合格,2025,5
8,4,鎘,,,合格,2025,5
9,0,玉米赤霉烯酮,,,合格,2025,5
9,1,伏馬毒素,,,合格,2025,5
9,2,脫氧雪腐鐮刀菌烯醇(嘔吐毒素),,,合格,2025,5
9,3,黃麴毒素,,,合格,2025,5
9,4,赭麴毒素,,,合格,2025,5
9,5,T2毒素,,,合格,2025,5
9,6,三聚氰胺,,,合格,2025,5
10,0,丁基羥基甲氧苯(BHA),,,合格,2025,5
10,1,二丁基羥基甲苯(BHT),,,合格,2025,5
10,2,衣索金,,,合格,2025,5
10,3,無機砷,,,合格,2025,5
11,0,無機砷,,,合格,2025,5
11,1,亞硝酸鹽(NO2-),,,合格,2025,5
12,0,玉米赤霉烯酮,,,合格,2025,5
12,1,伏馬毒素,,,合格,2025,5
12,2,脫氧雪腐鐮刀菌烯醇(嘔吐毒素),,,合格,2025,5
12,3,黃麴毒素,,,合格,2025,5
12,4,赭麴毒素,,,合格,2025,5
12,5,T2毒素,,,合格,2025,5
12,6,病原性大腸桿菌(致病性大腸桿菌),,,合格,2025,5
12,7,三聚氰胺,,,合格,2025,5
13,0,丁基羥基甲氧苯(BHA),,,合格,2025,5
13,1,二丁基羥基甲苯(BHT),,,合格,2025,5
13,2,衣索金,,,合格,2025,5
13,3,亞硝酸鹽(NO2-),,,合格,2025,5
14,0,玉米赤霉烯酮,,,合格,2025,5
14,1,伏馬毒素,,,合格,2025,5
14,2,脫氧雪腐鐮刀菌烯醇(嘔吐毒素),,,合格,2025,5
14,3,黃麴毒素,,,合格,2025,5
14,4,赭麴毒素,,,合格,2025,5
14,5,T2毒素,,,合格,2025,5
14,6,產氣莢膜桿菌,,,合格,2025,5
14,7,三聚氰胺,,,合格,2025,5
15,0,丁基羥基甲氧苯(BHA),,,合格,2025,5
15,1,二丁基羥基甲苯(BHT),,,合格,2025,5
15,2,衣索金,,,合格,2025,5
15,3,無機砷,,,合格,2025,5
16,0,丙二醇,,,合格,2025,5
16,1,玉米赤霉烯酮,,,合格,2025,5
16,2,伏馬毒素,,,合格,2025,5
16,3,脫氧雪腐鐮刀菌烯醇(嘔吐毒素),,,合格,2025,5
16,4,黃麴毒素,,,合格,2025,5
16,5,赭麴毒素,,,合格,2025,5
16,6,T2毒素,,,合格,2025,5
16,7,無機砷,,,合格,2025,5
17,0,玉米赤霉烯酮,,,合格,2025,5
17,1,伏馬毒素,,,合格,2025,5
17,2,脫氧雪腐鐮刀菌烯醇(嘔吐毒素),,,合格,2025,5
17,3,黃麴毒素,,,合格,2025,5
17,4,赭麴毒素,,,合格,2025,5
17,5,T2毒素,,,合格,2025,5
17,6,汞,,,合格,2025,5
17,7,砷(換算水分12%之砷含量),,,合格,2025,5
17,8,鉛,,,合格,2025,5
17,9,鎘,,,合格,2025,5
17,10,沙門氏桿菌,,,合格,2025,5
18,0,丁基羥基甲氧苯(BHA),,,合格,2025,5
18,1,二丁基羥基甲苯(BHT),,,合格,2025,5
18,2,玉米赤霉烯酮,,,合格,2025,5
18,3,伏馬毒素,,,合格,2025,5
18,4,衣索金,,,合格,2025,5
18,5,脫氧雪腐鐮刀菌烯醇(嘔吐毒素),,,合格,2025,5
18,6,黃麴毒素,,,合格,2025,5
18,7,赭麴毒素,,,合格,2025,5
18,8,T2毒素,,,合格,2025,5
19,0,丁基羥基甲氧苯(BHA),,,合格,2025,5
19,1,二丁基羥基甲苯(BHT),,,合格,2025,5
19,2,玉米赤霉烯酮,,,合格,2025,5
19,3,伏馬毒素,,,合格,2025,5
19,4,衣索金,,,合格,2025,5
19,5,脫氧雪腐鐮刀菌烯醇(嘔吐毒素),,,合格,2025,5
19,6,黃麴毒素,,,合格,2025,5
19,7,赭麴毒素,,,合格,2025,5
19,8,T2毒素,,,合格,2025,5
20,0,玉米赤霉烯酮,,,合格,2025,5
20,1,伏馬毒素,,,合格,2025,5
20,2,脫氧雪腐鐮刀菌烯醇(嘔吐毒素),,,合格,2025,5
20,3,黃麴毒素,,,合格,2025,5
20,4,赭麴毒素,,,合格,2025,5
20,5,T2毒素,,,合格,2025,5
20,6,汞,,,合格,2025,5
20,7,砷(換算水分12%之砷含量),,,合格,2025,5
20,8,鉛,,,合格,2025,5
20,9,鎘,,,合格,2025,5
20,10,單核球增多性李斯特菌,,,合格,2025,5
21,0,丁基羥基甲氧苯(BHA),,,合格,2025,5
21,1,二丁基羥基甲苯(BHT),,,合格,2025,5
21,2,玉米赤霉烯酮,,,合格,2025,5
21,3,伏馬毒素,,,合格,2025,5
21,4,衣索金,,,合格,2025,5
21,5,脫氧雪腐鐮刀菌烯醇(嘔吐毒素),,,合格,2025,5
21,6,黃麴毒素,,,合格,2025,5
21,7,赭麴毒素,,,合格,2025,5
21,8,T2毒素,,,合格,2025,5
21,9,亞硝酸鹽(NO2-),,,合格,2025,5
22,0,玉米赤霉烯酮,,,合格,2025,5
22,1,伏馬毒素,,,合格,2025,5
22,2,脫氧雪腐鐮刀菌烯醇(嘔吐毒素),,,合格,2025,5
22,3,黃麴毒素,,,合格,2025,5
22,4,赭麴毒素,,,合格,2025,5
22,5,T2毒素,,,合格,2025,5
22,6,汞,,,合格,2025,5
22,7,砷(換算水分12%之砷含量),,,合格,2025,5
22,8,無機砷,,,合格,2025,5
22,9,鉛,,,合格,2025,5
22,10,鎘,,,合格,2025,5
22,11,亞硝酸鹽(NO2-),,,合格,2025,5
23,0,丙二醇,,,合格,2025,5
23,1,玉米赤霉烯酮,,,合格,2025,5
23,2,伏馬毒素,,,合格,2025,5
23,3,脫氧雪腐鐮刀菌烯醇(嘔吐毒素),,,合格,2025,5
23,4,黃麴毒素,,,合格,2025,5
23,5,赭麴毒素,,,合格,2025,5
23,6,T2毒素,,,合格,2025,5
23,7,汞,,,合格,2025,5
23,8,砷(換算水分12%之砷含量),,,合格,2025,5
23,9,無機砷,,,合格,2025,5
23,10,鉛,,,合格,2025,5
23,11,鎘,,,合格,2025,5
24,0,沙門氏桿菌,,,合格,2025,5
24,1,病原性大腸桿菌(致病性大腸桿菌),,,合格,2025,5
24,2,丁基羥基甲氧苯(BHA),,,合格,2025,5
24,3,二丁基羥基甲苯(BHT),,,合格,2025,5
24,4,衣索金,,,合格,2025,5
25,0,產氣莢膜桿菌,,,合格,2025,5
25,1,單核球增多性李斯特菌,,,合格,2025,5
25,2,三聚氰胺,,,合格,2025,5
26,0,丙二醇,,,合格,2025,5
26,1,病原性大腸桿菌(致病性大腸桿菌),,,合格,2025,5
26,2,單核球增多性李斯特菌,,,合格,2025,5
26,3,地特靈,,,合格,2025,5
26,4,安特靈,,,合格,2025,5
26,5,阿特靈,,,合格,2025,5
26,6,蟲必死,,,合格,2025,5
26,7,飛佈達,,,合格,2025,5
26,8,滴滴涕,,,合格,2025,5
27,0,沙門氏桿菌,,,合格,2025,5
27,1,產氣莢膜桿菌,,,合格,2025,5
27,2,三聚氰胺,,,合格,2025,5
28,0,亞硝酸鹽(NO2-),,,合格,2025,5
28,1,沙門氏桿菌,,,合格,2025,5
28,2,單核球增多性李斯特菌,,,合格,2025,5
28,3,地特靈,,,合格,2025,5
28,4,安特靈,,,合格,2025,5
28,5,阿特靈,,,合格,2025,5
28,6,蟲必死,,,合格,2025,5
28,7,飛佈達,,,合格,2025,5
28,8,滴滴涕,,,合格,2025,5
29,0,汞,,,合格,2025,5
29,1,砷,,,合格,2025,5
29,2,無機砷,,,合格,2025,5
29,3,鉛,,,合格,2025,5
29,4,鎘,,,合格,2025,5
30,0,汞,,,合格,2025,5
30,1,砷,,,合格,2025,5
30,2,無機砷,,,合格,2025,5
30,3,鉛,,,合格,2025,5
30,4,鎘,,,合格,2025,5
0,0,玉米赤霉烯酮,,,合格,2025,6
0,1,伏馬毒素,,,合格,2025,6
0,2,嘔吐毒素,,,合格,2025,6
0,3,黃麴毒素,,,合格,2025,6
0,4,赭麴毒素,,,合格,2025,6
0,5,T2毒素,,,合格,2025,6
0,6,病原性大腸桿菌(致病性大腸桿菌),,,合格,2025,6
0,7,產氣莢膜桿菌,,,合格,2025,6
1,0,丁基羥基甲氧苯(BHA),,,合格,2025,6
1,1,二丁基羥基甲苯(BHT),,,合格,2025,6
1,2,玉米赤霉烯酮,,,合格,2025,6
1,3,伏馬毒素,,,合格,2025,6
1,4,衣索金,,,合格,2025,6
1,5,嘔吐毒素,,,合格,2025,6
1,6,黃麴毒素,,,合格,2025,6
1,7,赭麴毒素,,,合格,2025,6
1,8,T2毒素,,,合格,2025,6
1,9,蟲必死,,,合格,2025,6
1,10,滴滴涕,,,合格,2025,6
1,11,飛佈達,,,合格,2025,6
1,12,阿特靈,,,合格,2025,6
1,13,地特靈,,,合格,2025,6
1,14,安特靈,,,合格,2025,6
2,0,丁基羥基甲氧苯(BHA),,,合格,2025,6
2,1,二丁基羥基甲苯(BHT),,,合格,2025,6
2,2,玉米赤霉烯酮,,,合格,2025,6
2,3,伏馬毒素,,,合格,2025,6
2,4,衣索金,,,合格,2025,6
2,5,嘔吐毒素,,,合格,2025,6
2,6,黃麴毒素,,,合格,2025,6
2,7,赭麴毒素,,,合格,2025,6
2,8,T2毒素,,,合格,2025,6
2,9,汞,,,合格,2025,6
2,10,砷(換算水分12%之砷含量),,,合格,2025,6
2,11,無機砷,,,合格,2025,6
2,12,鉛,,,合格,2025,6
2,13,鎘,,,合格,2025,6
3,0,玉米赤霉烯酮,,,合格,2025,6
3,1,伏馬毒素,,,合格,2025,6
3,2,嘔吐毒素,,,合格,2025,6
3,3,黃麴毒素,,,合格,2025,6
3,4,赭麴毒素,,,合格,2025,6
3,5,T2毒素,,,合格,2025,6
3,6,汞,,,合格,2025,6
3,7,砷,,,合格,2025,6
3,8,鉛,,,合格,2025,6
3,9,鎘,,,合格,2025,6
3,10,沙門氏桿菌,,,合格,2025,6
3,11,單核球增多性李斯特菌,,,合格,2025,6
4,0,丁基羥基甲氧苯(BHA),,,合格,2025,6
4,1,二丁基羥基甲苯(BHT),,,合格,2025,6
4,2,玉米赤霉烯酮,,,合格,2025,6
4,3,伏馬毒素,,,合格,2025,6
4,4,衣索金,,,合格,2025,6
4,5,嘔吐毒素,,,合格,2025,6
4,6,黃麴毒素,,,合格,2025,6
4,7,赭麴毒素,,,合格,2025,6
4,8,T2毒素,,,合格,2025,6
4,9,汞,,,合格,2025,6
4,10,砷,,,合格,2025,6
4,11,鉛,,,合格,2025,6
4,12,鎘,,,合格,2025,6
4,13,亞硝酸鹽(NO2-),,,合格,2025,6
5,0,汞,,,合格,2025,6
5,1,砷,,,合格,2025,6
5,2,鉛,,,合格,2025,6
5,3,鎘,,,合格,2025,6
5,4,病原性大腸桿菌(致病性大腸桿菌),,,合格,2025,6
5,5,產氣莢膜桿菌,,,合格,2025,6
5,6,安特靈,,,合格,2025,6
5,7,飛佈達,,,合格,2025,6
5,8,地特靈,,,合格,2025,6
5,9,阿特靈,,,合格,2025,6
5,10,滴滴涕,,,合格,2025,6
5,11,蟲必死,,,合格,2025,6
5,12,三聚氰胺,,,合格,2025,6
6,0,玉米赤霉烯酮,,,合格,2025,6
6,1,伏馬毒素,,,合格,2025,6
6,2,嘔吐毒素,,,合格,2025,6
6,3,黃麴毒素,,,合格,2025,6
6,4,赭麴毒素,,,合格,2025,6
6,5,T2毒素,,,合格,2025,6
6,6,汞,,,合格,2025,6
6,7,砷(換算水分12%之砷含量),,,合格,2025,6
6,8,鉛,,,合格,2025,6
6,9,鎘,,,合格,2025,6
6,10,沙門氏桿菌,,,合格,2025,6
6,11,單核球增多性李斯特菌,,,合格,2025,6
7,0,丁基羥基甲氧苯(BHA),,,合格,2025,6
7,1,二丁基羥基甲苯(BHT),,,合格,2025,6
7,2,玉米赤霉烯酮,,,合格,2025,6
7,3,伏馬毒素,,,合格,2025,6
7,4,衣索金,,,合格,2025,6
7,5,嘔吐毒素,,,合格,2025,6
7,6,黃麴毒素,,,合格,2025,6
7,7,赭麴毒素,,,合格,2025,6
7,8,T2毒素,,,合格,2025,6
7,9,汞,,,合格,2025,6
7,10,砷,,,合格,2025,6
7,11,無機砷,,,合格,2025,6
7,12,鉛,,,合格,2025,6
7,13,鎘,,,合格,2025,6
8,0,玉米赤霉烯酮,,,合格,2025,6
8,1,伏馬毒素,,,合格,2025,6
8,2,嘔吐毒素,,,合格,2025,6
8,3,黃麴毒素,,,合格,2025,6
8,4,赭麴毒素,,,合格,2025,6
8,5,T2毒素,,,合格,2025,6
8,6,亞硝酸鹽(NO2-),,,合格,2025,6
8,7,病原性大腸桿菌(致病性大腸桿菌),,,合格,2025,6
8,8,產氣莢膜桿菌,,,合格,2025,6
8,9,三聚氰胺,,,合格,2025,6
9,0,丁基羥基甲氧苯(BHA),,,合格,2025,6
9,1,二丁基羥基甲苯(BHT),,,合格,2025,6
9,2,丙二醇,,,合格,2025,6
9,3,玉米赤霉烯酮,,,合格,2025,6
9,4,伏馬毒素,,,合格,2025,6
9,5,衣索金,,,合格,2025,6
9,6,嘔吐毒素,,,合格,2025,6
9,7,黃麴毒素,,,合格,2025,6
9,8,赭麴毒素,,,合格,2025,6
9,9,T2毒素,,,合格,2025,6
9,10,蟲必死,,,合格,2025,6
9,11,滴滴涕,,,合格,2025,6
9,12,阿特靈,,,合格,2025,6
9,13,安特靈,,,合格,2025,6
9,14,飛佈達,,,合格,2025,6
9,15,地特靈,,,合格,2025,6
10,0,丁基羥基甲氧苯(BHA),,,合格,2025,6
10,1,二丁基羥基甲苯(BHT),,,合格,2025,6
10,2,玉米赤霉烯酮,,,合格,2025,6
10,3,伏馬毒素,,,合格,2025,6
10,4,衣索金,,,合格,2025,6
10,5,嘔吐毒素,,,合格,2025,6
10,6,黃麴毒素,,,合格,2025,6
10,7,赭麴毒素,,,合格,2025,6
10,8,T2毒素,,,合格,2025,6
10,9,汞,,,合格,2025,6
10,10,砷,,,合格,2025,6
10,11,鉛,,,合格,2025,6
10,12,鎘,,,合格,2025,6
11,0,丁基羥基甲氧苯(BHA),,,合格,2025,6
11,1,二丁基羥基甲苯(BHT),,,合格,2025,6
11,2,玉米赤霉烯酮,,,合格,2025,6
11,3,伏馬毒素,,,合格,2025,6
11,4,衣索金,,,合格,2025,6
11,5,嘔吐毒素,,,合格,2025,6
11,6,黃麴毒素,,,合格,2025,6
11,7,赭麴毒素,,,合格,2025,6
11,8,T2毒素,,,合格,2025,6
11,9,亞硝酸鹽(NO2-),,,合格,2025,6
11,10,沙門氏桿菌,,,合格,2025,6
11,11,單核球增多性李斯特菌,,,合格,2025,6
12,0,玉米赤霉烯酮,,,合格,2025,6
12,1,伏馬毒素,,,合格,2025,6
12,2,嘔吐毒素,,,合格,2025,6
12,3,黃麴毒素,,,合格,2025,6
12,4,赭麴毒素,,,合格,2025,6
12,5,T2毒素,,,合格,2025,6
12,6,汞,,,合格,2025,6
12,7,砷(換算水分12%之砷含量),,,合格,2025,6
12,8,無機砷,,,合格,2025,6
12,9,鉛,,,合格,2025,6
12,10,鎘,,,合格,2025,6
12,11,病原性大腸桿菌(致病性大腸桿菌),,,合格,2025,6
12,12,產氣莢膜桿菌,,,合格,2025,6
13,0,玉米赤霉烯酮,,,合格,2025,6
13,1,伏馬毒素,,,合格,2025,6
13,2,嘔吐毒素,,,合格,2025,6
13,3,黃麴毒素,,,合格,2025,6
13,4,赭麴毒素,,,合格,2025,6
13,5,T2毒素,,,合格,2025,6
13,6,沙門氏桿菌,,,合格,2025,6
13,7,單核球增多性李斯特菌,,,合格,2025,6
13,8,三聚氰胺,,,合格,2025,6
14,0,丁基羥基甲氧苯(BHA),,,合格,2025,6
14,1,二丁基羥基甲苯(BHT),,,合格,2025,6
14,2,丙二醇,,,合格,2025,6
14,3,玉米赤霉烯酮,,,合格,2025,6
14,4,伏馬毒素,,,合格,2025,6
14,5,衣索金,,,合格,2025,6
14,6,嘔吐毒素,,,合格,2025,6
14,7,黃麴毒素,,,合格,2025,6
14,8,赭麴毒素,,,合格,2025,6
14,9,T2毒素,,,合格,2025,6
14,10,汞,,,合格,2025,6
14,11,砷,,,合格,2025,6
14,12,鉛,,,合格,2025,6
14,13,鎘,,,合格,2025,6
15,0,玉米赤霉烯酮,,,合格,2025,6
15,1,伏馬毒素,,,合格,2025,6
15,2,嘔吐毒素,,,合格,2025,6
15,3,黃麴毒素,,,合格,2025,6
15,4,赭麴毒素,,,合格,2025,6
15,5,T2毒素,,,合格,2025,6
15,6,亞硝酸鹽(NO2-),,,合格,2025,6
15,7,病原性大腸桿菌(致病性大腸桿菌),,,合格,2025,6
15,8,產氣莢膜桿菌,,,合格,2025,6
16,0,丁基羥基甲氧苯(BHA),,,合格,2025,6
16,1,二丁基羥基甲苯(BHT),,,合格,2025,6
16,2,玉米赤霉烯酮,,,合格,2025,6
16,3,伏馬毒素,,,合格,2025,6
16,4,衣索金,,,合格,2025,6
16,5,嘔吐毒素,,,合格,2025,6
16,6,黃麴毒素,,,合格,2025,6
16,7,赭麴毒素,,,合格,2025,6
16,8,T2毒素,,,合格,2025,6
16,9,汞,,,合格,2025,6
16,10,砷,,,合格,2025,6
16,11,無機砷,,,合格,2025,6
16,12,鉛,,,合格,2025,6
16,13,鎘,,,合格,2025,6
17,0,丁基羥基甲氧苯(BHA),,,合格,2025,6
17,1,二丁基羥基甲苯(BHT),,,合格,2025,6
17,2,玉米赤霉烯酮,,,合格,2025,6
17,3,伏馬毒素,,,合格,2025,6
17,4,衣索金,,,合格,2025,6
17,5,嘔吐毒素,,,合格,2025,6
17,6,黃麴毒素,,,合格,2025,6
17,7,赭麴毒素,,,合格,2025,6
17,8,T2毒素,,,合格,2025,6
17,9,滴滴涕,,,合格,2025,6
17,10,蟲必死,,,合格,2025,6
17,11,阿特靈,,,合格,2025,6
17,12,地特靈,,,合格,2025,6
17,13,安特靈,,,合格,2025,6
17,14,飛佈達,,,合格,2025,6
18,0,丁基羥基甲氧苯(BHA),,,合格,2025,6
18,1,二丁基羥基甲苯(BHT),,,合格,2025,6
18,2,玉米赤霉烯酮,,,合格,2025,6
18,3,伏馬毒素,,,合格,2025,6
18,4,衣索金,,,合格,2025,6
18,5,嘔吐毒素,,,合格,2025,6
18,6,黃麴毒素,,,合格,2025,6
18,7,赭麴毒素,,,合格,2025,6
18,8,T2毒素,,,合格,2025,6
18,9,汞,,,合格,2025,6
18,10,砷(換算水分12%之砷含量),,,合格,2025,6
18,11,無機砷,,,合格,2025,6
18,12,鉛,,,合格,2025,6
18,13,鎘,,,合格,2025,6
19,0,丙二醇,,,合格,2025,6
19,1,汞,,,合格,2025,6
19,2,砷(換算水分12%之砷含量),,,合格,2025,6
19,3,無機砷,,,合格,2025,6
19,4,鉛,,,合格,2025,6
19,5,鎘,,,合格,2025,6
19,6,亞硝酸鹽(NO2-),,,合格,2025,6
20,0,黃麴毒素,,,合格,2025,6
20,1,汞,,,合格,2025,6
20,2,砷(換算水分12%之砷含量),,,合格,2025,6
20,3,鉛,,,合格,2025,6
20,4,鎘,,,合格,2025,6
20,5,沙門氏桿菌,,,合格,2025,6
20,6,病原性大腸桿菌(致病性大腸桿菌),,,合格,2025,6
20,7,三聚氰胺,,,合格,2025,6
21,0,黃麴毒素,,,合格,2025,6
21,1,無機砷,,,合格,2025,6
21,2,產氣莢膜桿菌,,,合格,2025,6
21,3,單核球增多性李斯特菌,,,合格,2025,6
21,4,地特靈,,,合格,2025,6
21,5,安特靈,,,合格,2025,6
21,6,飛佈達,,,合格,2025,6
21,7,阿特靈,,,合格,2025,6
21,8,蟲必死,,,合格,2025,6
21,9,滴滴涕,,,合格,2025,6
21,10,三聚氰胺,,,合格,2025,6
22,0,丁基羥基甲氧苯(BHA),,,合格,2025,6
22,1,二丁基羥基甲苯(BHT),,,合格,2025,6
22,2,丙二醇,,,合格,2025,6
22,3,玉米赤霉烯酮,,,合格,2025,6
22,4,伏馬毒素,,,合格,2025,6
22,5,衣索金,,,合格,2025,6
22,6,嘔吐毒素,,,合格,2025,6
22,7,黃麴毒素,,,合格,2025,6
22,8,赭麴毒素,,,合格,2025,6
22,9,T2毒素,,,合格,2025,6
22,10,汞,,,合格,2025,6
22,11,砷,,,合格,2025,6
22,12,無機砷,,,合格,2025,6
22,13,鉛,,,合格,2025,6
22,14,鎘,,,合格,2025,6
22,15,亞硝酸鹽(NO2-),,,合格,2025,6
22,16,沙門氏桿菌,,,合格,2025,6
22,17,病原性大腸桿菌(致病性大腸桿菌),,,合格,2025,6
22,18,產氣莢膜桿菌,,,合格,2025,6
22,19,單核球增多性李斯特菌,,,合格,2025,6
22,20,地特靈,,,合格,2025,6
22,21,阿特靈,,,合格,2025,6
22,22,安特靈,,,合格,2025,6
22,23,飛佈達,,,合格,2025,6
22,24,蟲必死,,,合格,2025,6
22,25,滴滴涕,,,合格,2025,6
22,26,三聚氰胺,,,合格,2025,6
0,0,丁基羥基甲氧苯(BHA),,,合格,2025,7
0,1,二丁基羥基甲苯(BHT),,,合格,2025,7
0,2,衣索金,,,合格,2025,7
0,3,黃麴毒素,,,合格,2025,7
0,4,沙門氏桿菌,,,合格,2025,7
1,0,丙二醇,,,合格,2025,7
1,1,玉米赤霉烯酮,,,合格,2025,7
1,2,伏馬毒素,,,合格,2025,7
1,3,嘔吐毒素,,,合格,2025,7
1,4,黃麴毒素,,,合格,2025,7
1,5,赭麴毒素,,,合格,2025,7
1,6,T2毒素,,,合格,2025,7
1,7,汞,,,合格,2025,7
1,8,砷,,,合格,2025,7
1,9,鉛,,,合格,2025,7
1,10,鎘,,,合格,2025,7
1,11,單核球增多性李斯特菌,,,合格,2025,7
2,0,丁基羥基甲氧苯(BHA),,,合格,2025,7
2,1,二丁基羥基甲苯(BHT),,,合格,2025,7
2,2,衣索金,,,合格,2025,7
2,3,亞硝酸鹽(NO2-),,,合格,2025,7
2,4,病原性大腸桿菌(致病性大腸桿菌),,,合格,2025,7
3,0,丁基羥基甲氧苯(BHA),,,合格,2025,7
3,1,二丁基羥基甲苯(BHT),,,合格,2025,7
3,2,玉米赤霉烯酮,,,合格,2025,7
3,3,伏馬毒素,,,合格,2025,7
3,4,衣索金,,,合格,2025,7
3,5,嘔吐毒素,,,合格,2025,7
3,6,黃麴毒素,,,合格,2025,7
3,7,赭麴毒素,,,合格,2025,7
3,8,T2毒素,,,合格,2025,7
3,9,產氣莢膜桿菌,,,合格,2025,7
4,0,汞,,,合格,2025,7
4,1,砷,,,合格,2025,7
4,2,鉛,,,合格,2025,7
4,3,鎘,,,合格,2025,7
4,4,亞硝酸鹽(NO2-),,,合格,2025,7
4,5,沙門氏桿菌,,,合格,2025,7
4,6,產氣莢膜桿菌,,,合格,2025,7
5,0,玉米赤霉烯酮,,,合格,2025,7
5,1,伏馬毒素,,,合格,2025,7
5,2,嘔吐毒素,,,合格,2025,7
5,3,黃麴毒素,,,合格,2025,7
5,4,赭麴毒素,,,合格,2025,7
5,5,T2毒素,,,合格,2025,7
5,6,無機砷(換算水分12%之砷含量),,,合格,2025,7
5,7,單核球增多性李斯特菌,,,合格,2025,7
5,8,三聚氰胺,,,合格,2025,7
6,0,玉米赤霉烯酮,,,合格,2025,7
6,1,伏馬毒素,,,合格,2025,7
6,2,嘔吐毒素,,,合格,2025,7
6,3,黃麴毒素,,,合格,2025,7
6,4,赭麴毒素,,,合格,2025,7
6,5,T2毒素,,,合格,2025,7
6,6,汞,,,合格,2025,7
6,7,砷,,,合格,2025,7
6,8,無機砷,,,合格,2025,7
6,9,鉛,,,合格,2025,7
6,10,鎘,,,合格,2025,7
6,11,沙門氏桿菌,,,合格,2025,7
7,0,玉米赤霉烯酮,,,合格,2025,7
7,1,伏馬毒素,,,合格,2025,7
7,2,嘔吐毒素,,,合格,2025,7
7,3,黃麴毒素,,,合格,2025,7
7,4,赭麴毒素,,,合格,2025,7
7,5,T2毒素,,,合格,2025,7
7,6,亞硝酸鹽(NO2-),,,合格,2025,7
7,7,病原性大腸桿菌(致病性大腸桿菌),,,合格,2025,7
7,8,單核球增多性李斯特菌,,,合格,2025,7
8,0,丁基羥基甲氧苯(BHA),,,合格,2025,7
8,1,二丁基羥基甲苯(BHT),,,合格,2025,7
8,2,玉米赤霉烯酮,,,合格,2025,7
8,3,伏馬毒素,,,合格,2025,7
8,4,衣索金,,,合格,2025,7
8,5,嘔吐毒素,,,合格,2025,7
8,6,黃麴毒素,,,合格,2025,7
8,7,赭麴毒素,,,合格,2025,7
8,8,T2毒素,,,合格,2025,7
8,9,病原性大腸桿菌(致病性大腸桿菌),,,合格,2025,7
9,0,亞硝酸鹽(NO2-),,,合格,2025,7
9,1,沙門氏桿菌,,,合格,2025,7
9,2,產氣莢膜桿菌,,,合格,2025,7
9,3,安特靈 ,,,合格,2025,7
9,4,阿特靈,,,合格,2025,7
9,5,地特靈,,,合格,2025,7
9,6,飛佈達,,,合格,2025,7
9,7,滴滴涕,,,合格,2025,7
9,8,蟲必死,,,合格,2025,7
10,0,黃麴毒素,,,合格,2025,7
10,1,產氣莢膜桿菌,,,合格,2025,7
10,2,單核球增多性李斯特菌,,,合格,2025,7
10,3,三聚氰胺,,,合格,2025,7
11,0,丁基羥基甲氧苯(BHA),,,合格,2025,7
11,1,二丁基羥基甲苯(BHT),,,合格,2025,7
11,2,玉米赤霉烯酮,,,合格,2025,7
11,3,伏馬毒素,,,合格,2025,7
11,4,衣索金,,,合格,2025,7
11,5,嘔吐毒素,,,合格,2025,7
11,6,黃麴毒素,,,合格,2025,7
11,7,赭麴毒素,,,合格,2025,7
11,8,T2毒素,,,合格,2025,7
11,9,病原性大腸桿菌(致病性大腸桿菌),,,合格,2025,7
12,0,丁基羥基甲氧苯(BHA),,,合格,2025,7
12,1,二丁基羥基甲苯(BHT),,,合格,2025,7
12,2,玉米赤霉烯酮,,,合格,2025,7
12,3,伏馬毒素,,,合格,2025,7
12,4,衣索金,,,合格,2025,7
12,5,嘔吐毒素,,,合格,2025,7
12,6,黃麴毒素,,,合格,2025,7
12,7,赭麴毒素,,,合格,2025,7
12,8,T2毒素,,,合格,2025,7
12,9,產氣莢膜桿菌,,,合格,2025,7
13,0,黃麴毒素,,,合格,2025,7
13,1,汞,,,合格,2025,7
13,2,砷(換算水分12%之砷含量),,,合格,2025,7
13,3,無機砷,,,合格,2025,7
13,4,鉛,,,合格,2025,7
13,5,鎘,,,合格,2025,7
13,6,沙門氏桿菌,,,合格,2025,7
14,0,黃麴毒素,,,合格,2025,7
14,1,汞,,,合格,2025,7
14,2,砷(換算水分12%之砷含量),,,合格,2025,7
14,3,無機砷,,,合格,2025,7
14,4,鉛,,,合格,2025,7
14,5,鎘,,,合格,2025,7
14,6,單核球增多性李斯特菌,,,合格,2025,7
15,0,玉米赤霉烯酮,,,合格,2025,7
15,1,伏馬毒素,,,合格,2025,7
15,2,嘔吐毒素,,,合格,2025,7
15,3,黃麴毒素,,,合格,2025,7
15,4,赭麴毒素,,,合格,2025,7
15,5,T2毒素,,,合格,2025,7
15,6,沙門氏桿菌,,,合格,2025,7
15,7,產氣莢膜桿菌,,,合格,2025,7
15,8,三聚氰胺,,,合格,2025,7
16,0,黃麴毒素,,,合格,2025,7
16,1,汞,,,合格,2025,7
16,2,砷,,,合格,2025,7
16,3,鉛,,,合格,2025,7
16,4,鎘,,,合格,2025,7
16,5,單核球增多性李斯特菌,,,合格,2025,7
16,6,三聚氰胺,,,合格,2025,7
17,0,丁基羥基甲氧苯(BHA),,,合格,2025,7
17,1,二丁基羥基甲苯(BHT),,,合格,2025,7
17,2,衣索金,,,合格,2025,7
17,3,沙門氏桿菌,,,合格,2025,7
17,4,病原性大腸桿菌(致病性大腸桿菌),,,合格,2025,7
18,0,黃麴毒素,,,合格,2025,7
18,1,亞硝酸鹽(NO2-),,,合格,2025,7
18,2,病原性大腸桿菌(致病性大腸桿菌),,,合格,2025,7
18,3,單核球增多性李斯特菌,,,合格,2025,7
19,0,丁基羥基甲氧苯(BHA),,,合格,2025,7
19,1,二丁基羥基甲苯(BHT),,,合格,2025,7
19,2,衣索金,,,合格,2025,7
19,3,沙門氏桿菌,,,合格,2025,7
19,4,產氣莢膜桿菌,,,合格,2025,7
20,0,汞,,,合格,2025,7
20,1,砷(換算水分12%之砷含量),,,合格,2025,7
20,2,無機砷,,,合格,2025,7
20,3,鉛,,,合格,2025,7
20,4,鎘,,,合格,2025,7
20,5,病原性大腸桿菌(致病性大腸桿菌),,,合格,2025,7
21,0,玉米赤霉烯酮,,,合格,2025,7
21,1,伏馬毒素,,,合格,2025,7
21,2,嘔吐毒素,,,合格,2025,7
21,3,黃麴毒素,,,合格,2025,7
21,4,赭麴毒素,,,合格,2025,7
21,5,T2毒素,,,合格,2025,7
21,6,沙門氏桿菌,,,合格,2025,7
21,7,病原性大腸桿菌(致病性大腸桿菌),,,合格,2025,7
22,0,黃麴毒素,,,合格,2025,7
22,1,汞,,,合格,2025,7
22,2,砷(換算水分12%之砷含量),,,合格,2025,7
22,3,鉛,,,合格,2025,7
22,4,鎘,,,合格,2025,7
22,5,單核球增多性李斯特菌,,,合格,2025,7
23,0,丁基羥基甲氧苯(BHA),,,合格,2025,7
23,1,二丁基羥基甲苯(BHT),,,合格,2025,7
23,2,玉米赤霉烯酮,,,合格,2025,7
23,3,伏馬毒素,,,合格,2025,7
23,4,衣索金,,,合格,2025,7
23,5,嘔吐毒素,,,合格,2025,7
23,6,黃麴毒素,,,合格,2025,7
23,7,赭麴毒素,,,合格,2025,7
23,8,T2毒素,,,合格,2025,7
23,9,產氣莢膜桿菌,,,合格,2025,7
24,0,丁基羥基甲氧苯(BHA),,,合格,2025,7
24,1,二丁基羥基甲苯(BHT),,,合格,2025,7
24,2,玉米赤霉烯酮,,,合格,2025,7
24,3,伏馬毒素,,,合格,2025,7
24,4,衣索金,,,合格,2025,7
24,5,嘔吐毒素,,,合格,2025,7
24,6,黃麴毒素,,,合格,2025,7
24,7,赭麴毒素,,,合格,2025,7
24,8,T2毒素,,,合格,2025,7
24,9,亞硝酸鹽(NO2-),,,合格,2025,7
25,0,汞,,,合格,2025,7
25,1,砷,,,合格,2025,7
25,2,鉛,,,合格,2025,7
25,3,鎘,,,合格,2025,7
25,4,亞硝酸鹽(NO2-),,,合格,2025,7
25,5,三聚氰胺,,,合格,2025,7
26,0,丙二醇,,,合格,2025,7
26,1,玉米赤霉烯酮,,,合格,2025,7
26,2,伏馬毒素,,,合格,2025,7
26,3,嘔吐毒素,,,合格,2025,7
26,4,黃麴毒素,,,合格,2025,7
26,5,赭麴毒素,,,合格,2025,7
26,6,T2毒素,,,合格,2025,7
26,7,無機砷,,,合格,2025,7
27,0,丙二醇,,,合格,2025,7
27,1,玉米赤霉烯酮,,,合格,2025,7
27,2,伏馬毒素,,,合格,2025,7
27,3,嘔吐毒素,,,合格,2025,7
27,4,黃麴毒素,,,合格,2025,7
27,5,赭麴毒素,,,合格,2025,7
27,6,T2毒素,,,合格,2025,7
27,7,產氣莢膜桿菌,,,合格,2025,7
27,8,安特靈 ,,,合格,2025,7
27,9,阿特靈,,,合格,2025,7
27,10,地特靈,,,合格,2025,7
27,11,飛佈達,,,合格,2025,7
27,12,滴滴涕,,,合格,2025,7
27,13,蟲必死,,,合格,2025,7
28,0,黃麴毒素,,,合格,2025,7
28,1,汞,,,合格,2025,7
28,2,砷(換算水分12%之砷含量),,,合格,2025,7
28,3,鉛,,,合格,2025,7
28,4,鎘,,,合格,2025,7
28,5,沙門氏桿菌,,,合格,2025,7
28,6,病原性大腸桿菌(致病性大腸桿菌),,,合格,2025,7
29,0,玉米赤霉烯酮,,,合格,2025,7
29,1,伏馬毒素,,,合格,2025,7
29,2,嘔吐毒素,,,合格,2025,7
29,3,黃麴毒素,,,合格,2025,7
29,4,赭麴毒素,,,合格,2025,7
29,5,T2毒素,,,合格,2025,7
29,6,單核球增多性李斯特菌,,,合格,2025,7
29,7,安特靈 ,,,合格,2025,7
29,8,阿特靈,,,合格,2025,7
29,9,地特靈,,,合格,2025,7
29,10,飛佈達,,,合格,2025,7
29,11,滴滴涕,,,合格,2025,7
29,12,蟲必死,,,合格,2025,7
30,0,玉米赤霉烯酮,,,合格,2025,7
30,1,伏馬毒素,,,合格,2025,7
30,2,嘔吐毒素,,,合格,2025,7
30,3,黃麴毒素,,,合格,2025,7
30,4,赭麴毒素,,,合格,2025,7
30,5,T2毒素,,,合格,2025,7
30,6,汞,,,合格,2025,7
30,7,砷(換算水分12%之砷含量),,,合格,2025,7
30,8,無機砷,,,合格,2025,7
30,9,鉛,,,合格,2025,7
30,10,鎘,,,合格,2025,7
30,11,病原性大腸桿菌(致病性大腸桿菌),,,合格,2025,7
30,12,單核球增多性李斯特菌,,,合格,2025,7
31,0,黃麴毒素,,,合格,2025,7
31,1,沙門氏桿菌,,,合格,2025,7
31,2,產氣莢膜桿菌,,,合格,2025,7
31,3,安特靈 ,,,合格,2025,7
31,4,阿特靈,,,合格,2025,7
31,5,地特靈,,,合格,2025,7
31,6,飛佈達,,,合格,2025,7
31,7,滴滴涕,,,合格,2025,7
31,8,蟲必死,,,合格,2025,7
31,9,三聚氰胺,,,合格,2025,7
32,0,丁基羥基甲氧苯(BHA),,,合格,2025,7
32,1,二丁基羥基甲苯(BHT),,,合格,2025,7
32,2,玉米赤霉烯酮,,,合格,2025,7
32,3,伏馬毒素,,,合格,2025,7
32,4,衣索金,,,合格,2025,7
32,5,嘔吐毒素,,,合格,2025,7
32,6,黃麴毒素,,,合格,2025,7
32,7,赭麴毒素,,,合格,2025,7
32,8,T2毒素,,,合格,2025,7
32,9,沙門氏桿菌,,,合格,2025,7
32,10,單核球增多性李斯特菌,,,合格,2025,7
33,0,丁基羥基甲氧苯(BHA),,,合格,2025,7
33,1,二丁基羥基甲苯(BHT),,,合格,2025,7
33,2,玉米赤霉烯酮,,,合格,2025,7
33,3,伏馬毒素,,,合格,2025,7
33,4,衣索金,,,合格,2025,7
33,5,嘔吐毒素,,,合格,2025,7
33,6,黃麴毒素,,,合格,2025,7
33,7,赭麴毒素,,,合格,2025,7
33,8,T2毒素,,,合格,2025,7
33,9,病原性大腸桿菌(致病性大腸桿菌),,,合格,2025,7
33,10,單核球增多性李斯特菌,,,合格,2025,7
34,0,丁基羥基甲氧苯(BHA),,,合格,2025,7
34,1,二丁基羥基甲苯(BHT),,,合格,2025,7
34,2,玉米赤霉烯酮,,,合格,2025,7
34,3,伏馬毒素,,,合格,2025,7
34,4,衣索金,,,合格,2025,7
34,5,嘔吐毒素,,,合格,2025,7
34,6,黃麴毒素,,,合格,2025,7
34,7,赭麴毒素,,,合格,2025,7
34,8,T2毒素,,,合格,2025,7
34,9,病原性大腸桿菌(致病性大腸桿菌),,,合格,2025,7
34,10,產氣莢膜桿菌,,,合格,2025,7
35,0,銫-134+銫-137 ,,,合格,2025,7
36,0,銫-134+銫-137 ,,,合格,2025,7
37,0,銫-134+銫-137 ,,,合格,2025,7
38,0,銫-134+銫-137 ,,,合格,2025,7
39,0,銫-134+銫-137 ,,,合格,2025,7
40,0,銫-134+銫-137 ,,,合格,2025,7
41,0,銫-134+銫-137 ,,,合格,2025,7
42,0,銫-134+銫-137 ,,,合格,2025,7
43,0,銫-134+銫-137 ,,,合格,2025,7
44,0,銫-134+銫-137 ,,,合格,2025,7
45,0,銫-134+銫-137 ,,,合格,2025,7
46,0,銫-134+銫-137 ,,,合格,2025,7
47,0,銫-134+銫-137 ,,,合格,2025,7
48,0,銫-134+銫-137 ,,,合格,2025,7
49,0,銫-134+銫-137 ,,,合格,2025,7
0,0,玉米赤霉烯酮,,,合格,2025,8
0,1,伏馬毒素,,,合格,2025,8
0,2,嘔吐毒素,,,合格,2025,8
0,3,黃麴毒素 ,,,合格,2025,8
0,4,赭麴毒素,,,合格,2025,8
0,5,T2毒素,,,合格,2025,8
0,6,沙門氏桿菌,,,合格,2025,8
0,7,產氣莢膜桿菌,,,合格,2025,8
0,8,三聚氰胺,,,合格,2025,8
1,0,玉米赤霉烯酮,,,合格,2025,8
1,1,伏馬毒素,,,合格,2025,8
1,2,嘔吐毒素,,,合格,2025,8
1,3,黃麴毒素 ,,,合格,2025,8
1,4,赭麴毒素,,,合格,2025,8
1,5,T2毒素,,,合格,2025,8
1,6,病原性大腸桿菌(致病性大腸桿菌),,,合格,2025,8
1,7,單核球增多性李斯特菌,,,合格,2025,8
1,8,飛佈達,,,合格,2025,8
1,9,安特靈,,,合格,2025,8
1,10,地特靈,,,合格,2025,8
1,11,蟲必死,,,合格,2025,8
1,12,阿特靈,,,合格,2025,8
1,13,滴滴涕,,,合格,2025,8
2,0,黃麴毒素,,,合格,2025,8
2,1,汞,,,合格,2025,8
2,2,砷(換算水分12%之砷含量),,,合格,2025,8
2,3,無機砷,,,合格,2025,8
2,4,鉛,,,合格,2025,8
2,5,鎘,,,合格,2025,8
2,6,病原性大腸桿菌(致病性大腸桿菌),,,合格,2025,8
2,7,產氣莢膜桿菌,,,合格,2025,8
3,0,黃麴毒素,,,合格,2025,8
3,1,沙門氏桿菌,,,合格,2025,8
3,2,單核球增多性李斯特菌,,,合格,2025,8
3,3,飛佈達,,,合格,2025,8
3,4,蟲必死,,,合格,2025,8
3,5,阿特靈,,,合格,2025,8
3,6,地特靈,,,合格,2025,8
3,7,安特靈,,,合格,2025,8
3,8,滴滴涕,,,合格,2025,8
4,0,丙二醇,,,合格,2025,8
4,1,黃麴毒素,,,合格,2025,8
4,2,亞硝酸鹽(NO2-),,,合格,2025,8
4,3,病原性大腸桿菌(致病性大腸桿菌),,,合格,2025,8
4,4,產氣莢膜桿菌,,,合格,2025,8
5,0,丁基羥基甲氧苯(BHA),,,合格,2025,8
5,1,二丁基羥基甲苯(BHT),,,合格,2025,8
5,2,衣索金,,,合格,2025,8
5,3,黃麴毒素,,,合格,2025,8
5,4,沙門氏桿菌,,,合格,2025,8
5,5,病原性大腸桿菌(致病性大腸桿菌),,,合格,2025,8
6,0,玉米赤霉烯酮,,,合格,2025,8
6,1,伏馬毒素,,,合格,2025,8
6,2,嘔吐毒素,,,合格,2025,8
6,3,黃麴毒素 ,,,合格,2025,8
6,4,赭麴毒素,,,合格,2025,8
6,5,T2毒素,,,合格,2025,8
6,6,亞硝酸鹽(NO2-),,,合格,2025,8
6,7,產氣莢膜桿菌,,,合格,2025,8
6,8,單核球增多性李斯特菌,,,合格,2025,8
7,0,沙門氏桿菌,,,合格,2025,8
7,1,病原性大腸桿菌(致病性大腸桿菌),,,合格,2025,8
7,2,安特靈,,,合格,2025,8
7,3,滴滴涕,,,合格,2025,8
7,4,蟲必死,,,合格,2025,8
7,5,地特靈,,,合格,2025,8
7,6,飛佈達,,,合格,2025,8
7,7,阿特靈,,,合格,2025,8
7,8,三聚氰胺,,,合格,2025,8
8,0,丁基羥基甲氧苯(BHA),,,合格,2025,8
8,1,二丁基羥基甲苯(BHT),,,合格,2025,8
8,2,衣索金,,,合格,2025,8
8,3,汞,,,合格,2025,8
8,4,砷,,,合格,2025,8
8,5,鉛,,,合格,2025,8
8,6,鎘,,,合格,2025,8
8,7,產氣莢膜桿菌,,,合格,2025,8
8,8,單核球增多性李斯特菌,,,合格,2025,8
9,0,玉米赤霉烯酮,,,合格,2025,8
9,1,伏馬毒素,,,合格,2025,8
9,2,嘔吐毒素,,,合格,2025,8
9,3,黃麴毒素 ,,,合格,2025,8
9,4,赭麴毒素,,,合格,2025,8
9,5,T2毒素,,,合格,2025,8
9,6,沙門氏桿菌,,,合格,2025,8
9,7,病原性大腸桿菌(致病性大腸桿菌),,,合格,2025,8
9,8,三聚氰胺,,,合格,2025,8
10,0,亞硝酸鹽(NO2-),,,合格,2025,8
10,1,產氣莢膜桿菌,,,合格,2025,8
10,2,單核球增多性李斯特菌,,,合格,2025,8
10,3,蟲必死,,,合格,2025,8
10,4,滴滴涕,,,合格,2025,8
10,5,安特靈,,,合格,2025,8
10,6,飛佈達,,,合格,2025,8
10,7,地特靈,,,合格,2025,8
10,8,阿特靈,,,合格,2025,8
11,0,玉米赤霉烯酮,,,合格,2025,8
11,1,伏馬毒素,,,合格,2025,8
11,2,嘔吐毒素,,,合格,2025,8
11,3,黃麴毒素 ,,,合格,2025,8
11,4,赭麴毒素,,,合格,2025,8
11,5,T2毒素,,,合格,2025,8
11,6,汞,,,合格,2025,8
11,7,砷,,,合格,2025,8
11,8,鉛,,,合格,2025,8
11,9,鎘,,,合格,2025,8
11,10,沙門氏桿菌,,,合格,2025,8
11,11,病原性大腸桿菌(致病性大腸桿菌),,,合格,2025,8
12,0,玉米赤霉烯酮,,,合格,2025,8
12,1,伏馬毒素,,,合格,2025,8
12,2,嘔吐毒素,,,合格,2025,8
12,3,黃麴毒素 ,,,合格,2025,8
12,4,赭麴毒素,,,合格,2025,8
12,5,T2毒素,,,合格,2025,8
12,6,汞,,,合格,2025,8
12,7,砷,,,合格,2025,8
12,8,鉛,,,合格,2025,8
12,9,鎘,,,合格,2025,8
12,10,產氣莢膜桿菌,,,合格,2025,8
12,11,單核球增多性李斯特菌,,,合格,2025,8
13,0,玉米赤霉烯酮,,,合格,2025,8
13,1,伏馬毒素,,,合格,2025,8
13,2,嘔吐毒素,,,合格,2025,8
13,3,黃麴毒素 ,,,合格,2025,8
13,4,赭麴毒素,,,合格,2025,8
13,5,T2毒素,,,合格,2025,8
13,6,沙門氏桿菌,,,合格,2025,8
13,7,病原性大腸桿菌(致病性大腸桿菌),,,合格,2025,8
13,8,三聚氰胺,,,合格,2025,8
14,0,丁基羥基甲氧苯(BHA),,,合格,2025,8
14,1,二丁基羥基甲苯(BHT),,,合格,2025,8
14,2,衣索金,,,合格,2025,8
14,3,產氣莢膜桿菌,,,合格,2025,8
14,4,單核球增多性李斯特菌,,,合格,2025,8
15,0,丙二醇,,,合格,2025,8
15,1,玉米赤霉烯酮,,,合格,2025,8
15,2,伏馬毒素,,,合格,2025,8
15,3,嘔吐毒素,,,合格,2025,8
15,4,黃麴毒素 ,,,合格,2025,8
15,5,赭麴毒素,,,合格,2025,8
15,6,T2毒素,,,合格,2025,8
15,7,病原性大腸桿菌(致病性大腸桿菌),,,合格,2025,8
15,8,單核球增多性李斯特菌,,,合格,2025,8
16,0,丁基羥基甲氧苯(BHA),,,合格,2025,8
16,1,二丁基羥基甲苯(BHT),,,合格,2025,8
16,2,玉米赤霉烯酮,,,合格,2025,8
16,3,伏馬毒素,,,合格,2025,8
16,4,衣索金,,,合格,2025,8
16,5,嘔吐毒素,,,合格,2025,8
16,6,黃麴毒素 ,,,合格,2025,8
16,7,赭麴毒素,,,合格,2025,8
16,8,T2毒素,,,合格,2025,8
16,9,病原性大腸桿菌(致病性大腸桿菌),,,合格,2025,8
16,10,產氣莢膜桿菌,,,合格,2025,8
17,0,亞硝酸鹽(NO2-),,,合格,2025,8
17,1,沙門氏桿菌,,,合格,2025,8
17,2,產氣莢膜桿菌,,,合格,2025,8
17,3,滴滴涕,,,合格,2025,8
17,4,蟲必死,,,合格,2025,8
17,5,安特靈,,,合格,2025,8
17,6,地特靈,,,合格,2025,8
17,7,阿特靈,,,合格,2025,8
17,8,飛佈達,,,合格,2025,8
18,0,玉米赤霉烯酮,,,合格,2025,8
18,1,伏馬毒素,,,合格,2025,8
18,2,嘔吐毒素,,,合格,2025,8
18,3,黃麴毒素 ,,,合格,2025,8
18,4,赭麴毒素,,,合格,2025,8
18,5,T2毒素,,,合格,2025,8
18,6,亞硝酸鹽(NO2-),,,合格,2025,8
18,7,沙門氏桿菌,,,合格,2025,8
18,8,單核球增多性李斯特菌,,,合格,2025,8
19,0,丁基羥基甲氧苯(BHA),,,合格,2025,8
19,1,二丁基羥基甲苯(BHT),,,合格,2025,8
19,2,玉米赤霉烯酮,,,合格,2025,8
19,3,伏馬毒素,,,合格,2025,8
19,4,衣索金,,,合格,2025,8
19,5,嘔吐毒素,,,合格,2025,8
19,6,黃麴毒素 ,,,合格,2025,8
19,7,赭麴毒素,,,合格,2025,8
19,8,T2毒素,,,合格,2025,8
19,9,病原性大腸桿菌(致病性大腸桿菌),,,合格,2025,8
19,10,單核球增多性李斯特菌,,,合格,2025,8
20,0,丁基羥基甲氧苯(BHA),,,合格,2025,8
20,1,二丁基羥基甲苯(BHT),,,合格,2025,8
20,2,衣索金,,,合格,2025,8
20,3,黃麴毒素,,,合格,2025,8
20,4,沙門氏桿菌,,,合格,2025,8
20,5,產氣莢膜桿菌,,,合格,2025,8
21,0,玉米赤霉烯酮,,,合格,2025,8
21,1,伏馬毒素,,,合格,2025,8
21,2,嘔吐毒素,,,合格,2025,8
21,3,黃麴毒素 ,,,合格,2025,8
21,4,赭麴毒素,,,合格,2025,8
21,5,T2毒素,,,合格,2025,8
21,6,汞,,,合格,2025,8
21,7,砷,,,合格,2025,8
21,8,鉛,,,合格,2025,8
21,9,鎘,,,合格,2025,8
21,10,病原性大腸桿菌(致病性大腸桿菌),,,合格,2025,8
21,11,單核球增多性李斯特菌,,,合格,2025,8
21,12,三聚氰胺,,,合格,2025,8
22,0,玉米赤霉烯酮,,,合格,2025,8
22,1,伏馬毒素,,,合格,2025,8
22,2,嘔吐毒素,,,合格,2025,8
22,3,黃麴毒素 ,,,合格,2025,8
22,4,赭麴毒素,,,合格,2025,8
22,5,T2毒素,,,合格,2025,8
22,6,亞硝酸鹽(NO2-),,,合格,2025,8
22,7,病原性大腸桿菌(致病性大腸桿菌),,,合格,2025,8
22,8,產氣莢膜桿菌,,,合格,2025,8
22,9,單核球增多性李斯特菌,,,合格,2025,8
23,0,汞,,,合格,2025,8
23,1,砷,,,合格,2025,8
23,2,鉛,,,合格,2025,8
23,3,鎘,,,合格,2025,8
23,4,沙門氏桿菌,,,合格,2025,8
23,5,產氣莢膜桿菌,,,合格,2025,8
23,6,單核球增多性李斯特菌,,,合格,2025,8
23,7,蟲必死,,,合格,2025,8
23,8,滴滴涕,,,合格,2025,8
23,9,安特靈,,,合格,2025,8
23,10,飛佈達,,,合格,2025,8
23,11,阿特靈,,,合格,2025,8
23,12,地特靈,,,合格,2025,8
24,0,玉米赤霉烯酮,,,合格,2025,8
24,1,伏馬毒素,,,合格,2025,8
24,2,嘔吐毒素,,,合格,2025,8
24,3,黃麴毒素 ,,,合格,2025,8
24,4,赭麴毒素,,,合格,2025,8
24,5,T2毒素,,,合格,2025,8
24,6,汞,,,合格,2025,8
24,7,砷(換算水分12%之砷含量),,,合格,2025,8
24,8,鉛,,,合格,2025,8
24,9,鎘,,,合格,2025,8
24,10,沙門氏桿菌,,,合格,2025,8
24,11,單核球增多性李斯特菌,,,合格,2025,8
25,0,玉米赤霉烯酮,,,合格,2025,8
25,1,伏馬毒素,,,合格,2025,8
25,2,嘔吐毒素,,,合格,2025,8
25,3,黃麴毒素 ,,,合格,2025,8
25,4,赭麴毒素,,,合格,2025,8
25,5,T2毒素,,,合格,2025,8
25,6,沙門氏桿菌,,,合格,2025,8
25,7,產氣莢膜桿菌,,,合格,2025,8
25,8,三聚氰胺,,,合格,2025,8
26,0,玉米赤霉烯酮,,,合格,2025,8
26,1,伏馬毒素,,,合格,2025,8
26,2,嘔吐毒素,,,合格,2025,8
26,3,黃麴毒素 ,,,合格,2025,8
26,4,赭麴毒素,,,合格,2025,8
26,5,T2毒素,,,合格,2025,8
26,6,汞,,,合格,2025,8
26,7,砷(換算水分12%之砷含量),,,合格,2025,8
26,8,無機砷,,,合格,2025,8
26,9,鉛,,,合格,2025,8
26,10,鎘,,,合格,2025,8
26,11,產氣莢膜桿菌,,,合格,2025,8
26,12,單核球增多性李斯特菌,,,合格,2025,8
27,0,玉米赤霉烯酮,,,合格,2025,8
27,1,伏馬毒素,,,合格,2025,8
27,2,嘔吐毒素,,,合格,2025,8
27,3,黃麴毒素 ,,,合格,2025,8
27,4,赭麴毒素,,,合格,2025,8
27,5,T2毒素,,,合格,2025,8
27,6,沙門氏桿菌,,,合格,2025,8
27,7,病原性大腸桿菌(致病性大腸桿菌),,,合格,2025,8
27,8,三聚氰胺,,,合格,2025,8
28,0,丙二醇,,,合格,2025,8
28,1,黃麴毒素,,,合格,2025,8
28,2,產氣莢膜桿菌,,,合格,2025,8
28,3,單核球增多性李斯特菌,,,合格,2025,8
28,4,滴滴涕,,,合格,2025,8
28,5,安特靈,,,合格,2025,8
28,6,地特靈,,,合格,2025,8
28,7,阿特靈,,,合格,2025,8
28,8,飛佈達,,,合格,2025,8
28,9,蟲必死,,,合格,2025,8
29,0,黃麴毒素,,,合格,2025,8
29,1,汞,,,合格,2025,8
29,2,砷,,,合格,2025,8
29,3,鉛,,,合格,2025,8
29,4,鎘,,,合格,2025,8
29,5,沙門氏桿菌,,,合格,2025,8
29,6,病原性大腸桿菌(致病性大腸桿菌),,,合格,2025,8
30,0,丁基羥基甲氧苯(BHA),,,合格,2025,8
30,1,二丁基羥基甲苯(BHT),,,合格,2025,8
30,2,玉米赤霉烯酮,,,合格,2025,8
30,3,伏馬毒素,,,合格,2025,8
30,4,衣索金,,,合格,2025,8
30,5,嘔吐毒素,,,合格,2025,8
30,6,黃麴毒素 ,,,合格,2025,8
30,7,赭麴毒素,,,合格,2025,8
30,8,T2毒素,,,合格,2025,8
30,9,病原性大腸桿菌(致病性大腸桿菌),,,合格,2025,8
30,10,產氣莢膜桿菌,,,合格,2025,8
31,0,玉米赤霉烯酮,,,合格,2025,8
31,1,伏馬毒素,,,合格,2025,8
31,2,嘔吐毒素,,,合格,2025,8
31,3,黃麴毒素,,,合格,2025,8
31,4,赭麴毒素,,,合格,2025,8
31,5,T2毒素,,,合格,2025,8
31,6,汞,,,合格,2025,8
31,7,砷(換算水分12%之砷含量),,,合格,2025,8
31,8,無機砷,,,合格,2025,8
31,9,鉛,,,合格,2025,8
31,10,鎘,,,合格,2025,8
31,11,沙門氏桿菌,,,合格,2025,8
31,12,單核球增多性李斯特菌,,,合格,2025,8
32,0,丙二醇,,,合格,2025,8
32,1,汞,,,合格,2025,8
32,2,砷,,,合格,2025,8
32,3,無機砷,,,合格,2025,8
32,4,鉛,,,合格,2025,8
32,5,鎘,,,合格,2025,8
32,6,病原性大腸桿菌(致病性大腸桿菌),,,合格,2025,8
32,7,單核球增多性李斯特菌,,,合格,2025,8
33,0,黃麴毒素,,,合格,2025,8
33,1,汞,,,合格,2025,8
33,2,砷,,,合格,2025,8
33,3,無機砷,,,合格,2025,8
33,4,鉛,,,合格,2025,8
33,5,鎘,,,合格,2025,8
33,6,產氣莢膜桿菌,,,合格,2025,8
33,7,單核球增多性李斯特菌,,,合格,2025,8
34,0,丁基羥基甲氧苯(BHA),,,合格,2025,8
34,1,二丁基羥基甲苯(BHT),,,合格,2025,8
34,2,衣索金,,,合格,2025,8
34,3,黃麴毒素,,,合格,2025,8
34,4,病原性大腸桿菌(致病性大腸桿菌),,,合格,2025,8
34,5,產氣莢膜桿菌,,,合格,2025,8
35,0,黃麴毒素,,,合格,2025,8
35,1,汞,,,合格,2025,8
35,2,砷(換算水分12%之砷含量),,,合格,2025,8
35,3,鉛,,,合格,2025,8
35,4,鎘,,,合格,2025,8
35,5,沙門氏桿菌,,,合格,2025,8
36,0,玉米赤霉烯酮,,,合格,2025,8
36,1,伏馬毒素,,,合格,2025,8
36,2,嘔吐毒素,,,合格,2025,8
36,3,黃麴毒素,,,合格,2025,8
36,4,赭麴毒素,,,合格,2025,8
36,5,T2毒素,,,合格,2025,8
36,6,單核球增多性李斯特菌,,,合格,2025,8
36,7,三聚氰胺,,,合格,2025,8
37,0,無機砷,,,合格,2025,8
37,1,病原性大腸桿菌(致病性大腸桿菌),,,合格,2025,8
37,2,阿特靈,,,合格,2025,8
37,3,飛佈達,,,合格,2025,8
37,4,蟲必死,,,合格,2025,8
37,5,地特靈,,,合格,2025,8
37,6,安特靈,,,合格,2025,8
37,7,滴滴涕,,,合格,2025,8
38,0,玉米赤霉烯酮,,,合格,2025,8
38,1,伏馬毒素,,,合格,2025,8
38,2,嘔吐毒素,,,合格,2025,8
38,3,黃麴毒素,,,合格,2025,8
38,4,赭麴毒素,,,合格,2025,8
38,5,T2毒素,,,合格,2025,8
38,6,產氣莢膜桿菌,,,合格,2025,8
38,7,三聚氰胺,,,合格,2025,8
39,0,玉米赤霉烯酮,,,合格,2025,8
39,1,伏馬毒素,,,合格,2025,8
39,2,嘔吐毒素,,,合格,2025,8
39,3,黃麴毒素,,,合格,2025,8
39,4,赭麴毒素,,,合格,2025,8
39,5,T2毒素,,,合格,2025,8
39,6,亞硝酸鹽(NO2-),,,合格,2025,8
39,7,沙門氏桿菌,,,合格,2025,8
40,0,丁基羥基甲氧苯(BHA),,,合格,2025,8
40,1,二丁基羥基甲苯(BHT),,,合格,2025,8
40,2,衣索金,,,合格,2025,8
40,3,沙門氏桿菌,,,合格,2025,8
40,4,病原性大腸桿菌(致病性大腸桿菌),,,合格,2025,8
41,0,黃麴毒素,,,合格,2025,8
41,1,產氣莢膜桿菌,,,合格,2025,8
41,2,單核球增多性李斯特菌,,,合格,2025,8
41,3,阿特靈,,,合格,2025,8
41,4,滴滴涕,,,合格,2025,8
41,5,蟲必死,,,合格,2025,8
41,6,地特靈,,,合格,2025,8
41,7,安特靈,,,合格,2025,8
41,8,飛佈達,,,合格,2025,8
42,0,玉米赤霉烯酮,,,合格,2025,8
42,1,伏馬毒素,,,合格,2025,8
42,2,嘔吐毒素,,,合格,2025,8
42,3,黃麴毒素,,,合格,2025,8
42,4,赭麴毒素,,,合格,2025,8
42,5,T2毒素,,,合格,2025,8
42,6,汞,,,合格,2025,8
42,7,砷(換算水分12%之砷含量),,,合格,2025,8
42,8,無機砷,,,合格,2025,8
42,9,鉛,,,不合格,2025,8
42,10,鎘,,,合格,2025,8
42,11,沙門氏桿菌,,,合格,2025,8
42,12,病原性大腸桿菌(致病性大腸桿菌),,,合格,2025,8
43,0,黃麴毒素,,,合格,2025,8
43,1,產氣莢膜桿菌,,,合格,2025,8
43,2,單核球增多性李斯特菌,,,合格,2025,8
43,3,飛佈達,,,合格,2025,8
43,4,阿特靈,,,合格,2025,8
43,5,安特靈,,,合格,2025,8
43,6,地特靈,,,合格,2025,8
43,7,蟲必死,,,合格,2025,8
43,8,滴滴涕,,,合格,2025,8
44,0,丁基羥基甲氧苯(BHA),,,合格,2025,8
44,1,二丁基羥基甲苯(BHT),,,合格,2025,8
44,2,玉米赤霉烯酮,,,合格,2025,8
44,3,伏馬毒素,,,合格,2025,8
44,4,衣索金,,,合格,2025,8
44,5,嘔吐毒素,,,合格,2025,8
44,6,黃麴毒素,,,合格,2025,8
44,7,赭麴毒素,,,合格,2025,8
44,8,T2毒素,,,合格,2025,8
44,9,沙門氏桿菌,,,合格,2025,8
44,10,單核球增多性李斯特菌,,,合格,2025,8
45,0,丁基羥基甲氧苯(BHA),,,合格,2025,8
45,1,二丁基羥基甲苯(BHT),,,合格,2025,8
45,2,玉米赤霉烯酮,,,合格,2025,8
45,3,伏馬毒素,,,合格,2025,8
45,4,衣索金,,,合格,2025,8
45,5,嘔吐毒素,,,合格,2025,8
45,6,黃麴毒素,,,合格,2025,8
45,7,赭麴毒素,,,合格,2025,8
45,8,T2毒素,,,合格,2025,8
45,9,病原性大腸桿菌(致病性大腸桿菌),,,合格,2025,8
45,10,單核球增多性李斯特菌,,,合格,2025,8
46,0,玉米赤霉烯酮,,,合格,2025,8
46,1,伏馬毒素,,,合格,2025,8
46,2,嘔吐毒素,,,合格,2025,8
46,3,黃麴毒素,,,合格,2025,8
46,4,赭麴毒素,,,合格,2025,8
46,5,T2毒素,,,合格,2025,8
46,6,病原性大腸桿菌(致病性大腸桿菌),,,合格,2025,8
46,7,產氣莢膜桿菌,,,合格,2025,8
46,8,滴滴涕,,,合格,2025,8
46,9,地特靈,,,合格,2025,8
46,10,蟲必死,,,合格,2025,8
46,11,安特靈,,,合格,2025,8
46,12,飛佈達,,,合格,2025,8
46,13,阿特靈,,,合格,2025,8
47,0,沙門氏桿菌,,,合格,2025,8
47,1,產氣莢膜桿菌,,,合格,2025,8
48,0,玉米赤霉烯酮,,,合格,2025,8
48,1,伏馬毒素,,,合格,2025,8
48,2,嘔吐毒素,,,合格,2025,8
48,3,黃麴毒素,,,合格,2025,8
48,4,赭麴毒素,,,合格,2025,8
48,5,T2毒素,,,合格,2025,8
48,6,汞,,,合格,2025,8
48,7,砷,,,合格,2025,8
48,8,無機砷,,,合格,2025,8
48,9,鉛,,,合格,2025,8
48,10,鎘,,,合格,2025,8
48,11,沙門氏桿菌,,,合格,2025,8
48,12,病原性大腸桿菌(致病性大腸桿菌),,,合格,2025,8
49,0,沙門氏桿菌,,,合格,2025,8
49,1,產氣莢膜桿菌,,,合格,2025,8
49,2,單核球增多性李斯特菌,,,合格,2025,8
49,3,三聚氰胺,,,合格,2025,8
50,0,玉米赤霉烯酮,,,合格,2025,8
50,1,伏馬毒素,,,合格,2025,8
50,2,嘔吐毒素,,,合格,2025,8
50,3,黃麴毒素,,,合格,2025,8
50,4,赭麴毒素,,,合格,2025,8
50,5,T2毒素,,,合格,2025,8
50,6,沙門氏桿菌,,,合格,2025,8
50,7,病原性大腸桿菌(致病性大腸桿菌),,,合格,2025,8
50,8,產氣莢膜桿菌,,,合格,2025,8
51,0,玉米赤霉烯酮,,,合格,2025,8
51,1,伏馬毒素,,,合格,2025,8
51,2,嘔吐毒素,,,合格,2025,8
51,3,黃麴毒素,,,合格,2025,8
51,4,赭麴毒素,,,合格,2025,8
51,5,T2毒素,,,合格,2025,8
51,6,汞,,,合格,2025,8
51,7,砷(換算水分12%之砷含量),,,合格,2025,8
51,8,無機砷,,,合格,2025,8
51,9,鉛,,,合格,2025,8
51,10,鎘,,,合格,2025,8
51,11,產氣莢膜桿菌,,,合格,2025,8
51,12,單核球增多性李斯特菌,,,合格,2025,8
52,0,玉米赤霉烯酮,,,合格,2025,8
52,1,伏馬毒素,,,合格,2025,8
52,2,嘔吐毒素,,,合格,2025,8
52,3,黃麴毒素,,,合格,2025,8
52,4,赭麴毒素,,,合格,2025,8
52,5,T2毒素,,,合格,2025,8
52,6,汞,,,合格,2025,8
52,7,砷(換算水分12%之砷含量),,,合格,2025,8
52,8,無機砷,,,合格,2025,8
52,9,鉛,,,合格,2025,8
52,10,鎘,,,合格,2025,8
52,11,沙門氏桿菌,,,合格,2025,8
52,12,病原性大腸桿菌(致病性大腸桿菌),,,合格,2025,8
53,0,病原性大腸桿菌(致病性大腸桿菌),,,合格,2025,8
53,1,產氣莢膜桿菌,,,合格,2025,8
53,2,單核球增多性李斯特菌,,,合格,2025,8
54,0,丁基羥基甲氧苯(BHA),,,合格,2025,8
54,1,二丁基羥基甲苯(BHT),,,合格,2025,8
54,2,玉米赤霉烯酮,,,合格,2025,8
54,3,伏馬毒素,,,合格,2025,8
54,4,衣索金,,,合格,2025,8
54,5,嘔吐毒素,,,合格,2025,8
54,6,黃麴毒素,,,合格,2025,8
54,7,赭麴毒素,,,合格,2025,8
54,8,T2毒素,,,合格,2025,8
54,9,產氣莢膜桿菌,,,合格,2025,8
54,10,單核球增多性李斯特菌,,,合格,2025,8
55,0,玉米赤霉烯酮,,,合格,2025,8
55,1,伏馬毒素,,,合格,2025,8
55,2,嘔吐毒素,,,合格,2025,8
55,3,黃麴毒素,,,合格,2025,8
55,4,赭麴毒素,,,合格,2025,8
55,5,T2毒素,,,合格,2025,8
55,6,沙門氏桿菌,,,合格,2025,8
55,7,病原性大腸桿菌(致病性大腸桿菌),,,合格,2025,8
55,8,滴滴涕,,,合格,2025,8
55,9,安特靈,,,合格,2025,8
55,10,阿特靈,,,合格,2025,8
55,11,飛佈達,,,合格,2025,8
55,12,地特靈,,,合格,2025,8
55,13,蟲必死,,,合格,2025,8
55,14,三聚氰胺,,,合格,2025,8
56,0,黃麴毒素,,,合格,2025,8
56,1,產氣莢膜桿菌,,,合格,2025,8
56,2,單核球增多性李斯特菌,,,合格,2025,8
56,3,三聚氰胺,,,合格,2025,8
57,0,丙二醇,,,合格,2025,8
57,1,玉米赤霉烯酮,,,合格,2025,8
57,2,伏馬毒素,,,合格,2025,8
57,3,嘔吐毒素,,,合格,2025,8
57,4,黃麴毒素,,,合格,2025,8
57,5,赭麴毒素,,,合格,2025,8
57,6,T2毒素,,,合格,2025,8
57,7,汞,,,合格,2025,8
57,8,砷(換算水分12%之砷含量),,,合格,2025,8
57,9,無機砷,,,合格,2025,8
57,10,鉛,,,合格,2025,8
57,11,鎘,,,合格,2025,8
57,12,亞硝酸鹽(NO2-),,,合格,2025,8
58,0,丁基羥基甲氧苯(BHA),,,合格,2025,8
58,1,二丁基羥基甲苯(BHT),,,合格,2025,8
58,2,丙二醇,,,合格,2025,8
58,3,衣索金,,,合格,2025,8
58,4,黃麴毒素,,,合格,2025,8
58,5,汞,,,合格,2025,8
58,6,砷(換算水分12%之砷含量),,,合格,2025,8
58,7,無機砷,,,合格,2025,8
58,8,鉛,,,合格,2025,8
58,9,鎘,,,合格,2025,8
59,0,黃麴毒素,,,合格,2025,8
59,1,汞,,,合格,2025,8
59,2,砷,,,合格,2025,8
59,3,鉛,,,合格,2025,8
59,4,鎘,,,合格,2025,8
59,5,沙門氏桿菌,,,合格,2025,8
59,6,產氣莢膜桿菌,,,合格,2025,8
59,7,單核球增多性李斯特菌,,,合格,2025,8
59,8,滴滴涕,,,合格,2025,8
59,9,蟲必死,,,合格,2025,8
59,10,地特靈,,,合格,2025,8
59,11,安特靈,,,合格,2025,8
59,12,飛佈達,,,合格,2025,8
59,13,阿特靈,,,合格,2025,8
60,0,丙二醇,,,合格,2025,8
60,1,玉米赤霉烯酮,,,合格,2025,8
60,2,伏馬毒素,,,合格,2025,8
60,3,嘔吐毒素,,,合格,2025,8
60,4,黃麴毒素,,,合格,2025,8
60,5,赭麴毒素,,,合格,2025,8
60,6,T2毒素,,,合格,2025,8
60,7,亞硝酸鹽(NO2-),,,合格,2025,8
60,8,病原性大腸桿菌(致病性大腸桿菌),,,合格,2025,8
60,9,單核球增多性李斯特菌,,,合格,2025,8
60,10,滴滴涕,,,合格,2025,8
60,11,蟲必死,,,合格,2025,8
60,12,飛佈達,,,合格,2025,8
60,13,阿特靈,,,合格,2025,8
60,14,安特靈,,,合格,2025,8
60,15,地特靈,,,合格,2025,8
61,0,黃麴毒素,,,合格,2025,8
61,1,汞,,,合格,2025,8
61,2,砷(換算水分12%之砷含量),,,合格,2025,8
61,3,無機砷,,,合格,2025,8
61,4,鉛,,,合格,2025,8
61,5,鎘,,,合格,2025,8
61,6,沙門氏桿菌,,,合格,2025,8
61,7,產氣莢膜桿菌,,,合格,2025,8
62,0,丁基羥基甲氧苯(BHA),,,合格,2025,8
62,1,二丁基羥基甲苯(BHT),,,合格,2025,8
62,2,衣索金,,,合格,2025,8
62,3,黃麴毒素,,,合格,2025,8
62,4,沙門氏桿菌,,,合格,2025,8
62,5,病原性大腸桿菌(致病性大腸桿菌),,,合格,2025,8
62,6,單核球增多性李斯特菌,,,合格,2025,8
63,0,丁基羥基甲氧苯(BHA),,,合格,2025,8
63,1,二丁基羥基甲苯(BHT),,,合格,2025,8
63,2,玉米赤霉烯酮,,,合格,2025,8
63,3,伏馬毒素,,,合格,2025,8
63,4,衣索金,,,合格,2025,8
63,5,嘔吐毒素,,,合格,2025,8
63,6,黃麴毒素,,,合格,2025,8
63,7,赭麴毒素,,,合格,2025,8
63,8,T2毒素,,,合格,2025,8
63,9,病原性大腸桿菌(致病性大腸桿菌),,,合格,2025,8
63,10,產氣莢膜桿菌,,,合格,2025,8
63,11,單核球增多性李斯特菌,,,合格,2025,8
64,0,玉米赤霉烯酮,,,合格,2025,8
64,1,伏馬毒素,,,合格,2025,8
64,2,嘔吐毒素,,,合格,2025,8
64,3,黃麴毒素,,,合格,2025,8
64,4,赭麴毒素,,,合格,2025,8
64,5,T2毒素,,,合格,2025,8
64,6,滴滴涕,,,合格,2025,8
64,7,蟲必死,,,合格,2025,8
64,8,安特靈,,,合格,2025,8
64,9,地特靈,,,合格,2025,8
64,10,阿特靈,,,合格,2025,8
64,11,飛佈達,,,合格,2025,8
65,0,丁基羥基甲氧苯(BHA),,,合格,2025,8
65,1,二丁基羥基甲苯(BHT),,,合格,2025,8
65,2,衣索金,,,合格,2025,8
66,0,亞硝酸鹽(NO2-),,,合格,2025,8
66,1,單核球增多性李斯特菌,,,合格,2025,8
67,0,丙二醇,,,合格,2025,8
67,1,玉米赤霉烯酮,,,合格,2025,8
67,2,伏馬毒素,,,合格,2025,8
67,3,嘔吐毒素,,,合格,2025,8
67,4,黃麴毒素,,,合格,2025,8
67,5,赭麴毒素,,,合格,2025,8
67,6,T2毒素,,,合格,2025,8
67,7,病原性大腸桿菌(致病性大腸桿菌),,,合格,2025,8
68,0,丙二醇,,,合格,2025,8
68,1,無機砷,,,合格,2025,8
68,2,沙門氏桿菌,,,合格,2025,8
69,0,汞,,,合格,2025,8
69,1,砷,,,合格,2025,8
69,2,鉛,,,合格,2025,8
69,3,鎘,,,合格,2025,8
69,4,單核球增多性李斯特菌,,,合格,2025,8
70,0,丁基羥基甲氧苯(BHA),,,合格,2025,8
70,1,二丁基羥基甲苯(BHT),,,合格,2025,8
70,2,衣索金,,,合格,2025,8
70,3,沙門氏桿菌,,,不合格,2025,8
71,0,玉米赤霉烯酮,,,合格,2025,8
71,1,伏馬毒素,,,合格,2025,8
71,2,嘔吐毒素,,,合格,2025,8
71,3,黃麴毒素,,,合格,2025,8
71,4,赭麴毒素,,,合格,2025,8
71,5,T2毒素,,,合格,2025,8
71,6,亞硝酸鹽(NO2-),,,合格,2025,8
71,7,單核球增多性李斯特菌,,,合格,2025,8
72,0,汞,,,合格,2025,8
72,1,砷(換算水分12%之砷含量),,,合格,2025,8
72,2,無機砷,,,合格,2025,8
72,3,鉛,,,合格,2025,8
72,4,鎘,,,合格,2025,8
72,5,病原性大腸桿菌(致病性大腸桿菌),,,合格,2025,8
73,0,玉米赤霉烯酮,,,合格,2025,8
73,1,伏馬毒素,,,合格,2025,8
73,2,嘔吐毒素,,,合格,2025,8
73,3,黃麴毒素,,,合格,2025,8
73,4,赭麴毒素,,,合格,2025,8
73,5,T2毒素,,,合格,2025,8
73,6,單核球增多性李斯特菌,,,合格,2025,8
74,0,汞,,,合格,2025,8
74,1,砷(換算水分12%之砷含量),,,合格,2025,8
74,2,鉛,,,合格,2025,8
74,3,鎘,,,合格,2025,8
74,4,產氣莢膜桿菌,,,合格,2025,8
75,0,玉米赤霉烯酮,,,合格,2025,8
75,1,伏馬毒素,,,合格,2025,8
75,2,嘔吐毒素,,,合格,2025,8
75,3,黃麴毒素,,,合格,2025,8
75,4,赭麴毒素,,,合格,2025,8
75,5,T2毒素,,,合格,2025,8
75,6,單核球增多性李斯特菌,,,合格,2025,8
76,0,黃麴毒素,,,合格,2025,8
76,1,汞,,,不合格,2025,8
76,2,砷(換算水分12%之砷含量),,,合格,2025,8
76,3,無機砷,,,合格,2025,8
76,4,鉛,,,合格,2025,8
76,5,鎘,,,合格,2025,8
77,0,玉米赤霉烯酮,,,合格,2025,8
77,1,伏馬毒素,,,合格,2025,8
77,2,嘔吐毒素,,,合格,2025,8
77,3,黃麴毒素,,,合格,2025,8
77,4,赭麴毒素,,,合格,2025,8
77,5,T2毒素,,,合格,2025,8
77,6,單核球增多性李斯特菌,,,合格,2025,8
78,0,亞硝酸鹽(NO2-),,,合格,2025,8
78,1,沙門氏桿菌,,,合格,2025,8
78,2,滴滴涕,,,合格,2025,8
78,3,飛佈達,,,合格,2025,8
78,4,阿特靈,,,合格,2025,8
78,5,地特靈,,,合格,2025,8
78,6,蟲必死,,,合格,2025,8
78,7,安特靈,,,合格,2025,8
79,0,汞,,,合格,2025,8
79,1,砷(換算水分12%之砷含量),,,合格,2025,8
79,2,無機砷,,,合格,2025,8
79,3,鉛,,,合格,2025,8
79,4,鎘,,,合格,2025,8
79,5,滴滴涕,,,合格,2025,8
79,6,安特靈,,,合格,2025,8
79,7,地特靈,,,合格,2025,8
79,8,蟲必死,,,合格,2025,8
79,9,阿特靈,,,合格,2025,8
79,10,飛佈達,,,合格,2025,8
80,0,汞,,,合格,2025,8
80,1,砷,,,合格,2025,8
80,2,鉛,,,合格,2025,8
80,3,鎘,,,合格,2025,8
80,4,病原性大腸桿菌(致病性大腸桿菌),,,合格,2025,8
81,0,玉米赤霉烯酮,,,合格,2025,8
81,1,伏馬毒素,,,合格,2025,8
81,2,嘔吐毒素,,,合格,2025,8
81,3,黃麴毒素,,,合格,2025,8
81,4,赭麴毒素,,,合格,2025,8
81,5,T2毒素,,,合格,2025,8
81,6,單核球增多性李斯特菌,,,合格,2025,8
81,7,三聚氰胺,,,合格,2025,8
0,0,沙門氏桿菌,,,合格,2025,9
0,1,病原性大腸桿菌(致病性大腸桿菌),,,合格,2025,9
0,2,產氣莢膜桿菌,,,合格,2025,9
0,3,單核球增多性李斯特菌,,,合格,2025,9
1,0,沙門氏桿菌,,,合格,2025,9
1,1,病原性大腸桿菌(致病性大腸桿菌),,,合格,2025,9
1,2,產氣莢膜桿菌,,,合格,2025,9
1,3,單核球增多性李斯特菌,,,合格,2025,9
2,0,沙門氏桿菌,,,合格,2025,9
2,1,病原性大腸桿菌(致病性大腸桿菌),,,合格,2025,9
2,2,產氣莢膜桿菌,,,合格,2025,9
2,3,單核球增多性李斯特菌,,,合格,2025,9
3,0,沙門氏桿菌,,,合格,2025,9
3,1,病原性大腸桿菌(致病性大腸桿菌),,,合格,2025,9
3,2,產氣莢膜桿菌,,,合格,2025,9
3,3,單核球增多性李斯特菌,,,合格,2025,9
4,0,沙門氏桿菌,,,合格,2025,9
4,1,病原性大腸桿菌(致病性大腸桿菌),,,合格,2025,9
4,2,產氣莢膜桿菌,,,合格,2025,9
4,3,單核球增多性李斯特菌,,,合格,2025,9
5,0,沙門氏桿菌,,,合格,2025,9
5,1,病原性大腸桿菌(致病性大腸桿菌),,,合格,2025,9
5,2,產氣莢膜桿菌,,,合格,2025,9
5,3,單核球增多性李斯特菌,,,合格,2025,9
6,0,沙門氏桿菌,,,合格,2025,9
6,1,病原性大腸桿菌(致病性大腸桿菌),,,合格,2025,9
6,2,產氣莢膜桿菌,,,合格,2025,9
6,3,單核球增多性李斯特菌,,,合格,2025,9
7,0,沙門氏桿菌,,,合格,2025,9
7,1,病原性大腸桿菌(致病性大腸桿菌),,,合格,2025,9
7,2,產氣莢膜桿菌,,,合格,2025,9
7,3,單核球增多性李斯特菌,,,合格,2025,9
8,0,沙門氏桿菌,,,合格,2025,9
8,1,病原性大腸桿菌(致病性大腸桿菌),,,合格,2025,9
8,2,產氣莢膜桿菌,,,合格,2025,9
8,3,單核球增多性李斯特菌,,,合格,2025,9
9,0,沙門氏桿菌,,,合格,2025,9
9,1,病原性大腸桿菌(致病性大腸桿菌),,,合格,2025,9
9,2,產氣莢膜桿菌,,,合格,2025,9
9,3,單核球增多性李斯特菌,,,合格,2025,9
10,0,沙門氏桿菌,,,合格,2025,9
10,1,病原性大腸桿菌(致病性大腸桿菌),,,合格,2025,9
10,2,產氣莢膜桿菌,,,合格,2025,9
10,3,單核球增多性李斯特菌,,,合格,2025,9
11,0,沙門氏桿菌,,,合格,2025,9
11,1,病原性大腸桿菌(致病性大腸桿菌),,,合格,2025,9
11,2,產氣莢膜桿菌,,,合格,2025,9
11,3,單核球增多性李斯特菌,,,合格,2025,9
12,0,沙門氏桿菌,,,合格,2025,9
12,1,病原性大腸桿菌(致病性大腸桿菌),,,合格,2025,9
12,2,產氣莢膜桿菌,,,合格,2025,9
12,3,單核球增多性李斯特菌,,,合格,2025,9
13,0,沙門氏桿菌,,,合格,2025,9
13,1,病原性大腸桿菌(致病性大腸桿菌),,,合格,2025,9
13,2,產氣莢膜桿菌,,,合格,2025,9
13,3,單核球增多性李斯特菌,,,合格,2025,9
14,0,沙門氏桿菌,,,合格,2025,9
14,1,病原性大腸桿菌(致病性大腸桿菌),,,合格,2025,9
14,2,產氣莢膜桿菌,,,合格,2025,9
14,3,單核球增多性李斯特菌,,,合格,2025,9
15,0,沙門氏桿菌,,,合格,2025,9
15,1,病原性大腸桿菌(致病性大腸桿菌),,,合格,2025,9
15,2,產氣莢膜桿菌,,,合格,2025,9
15,3,單核球增多性李斯特菌,,,合格,2025,9
16,0,沙門氏桿菌,,,合格,2025,9
16,1,病原性大腸桿菌(致病性大腸桿菌),,,合格,2025,9
16,2,產氣莢膜桿菌,,,合格,2025,9
16,3,單核球增多性李斯特菌,,,合格,2025,9
17,0,沙門氏桿菌,,,合格,2025,9
17,1,病原性大腸桿菌(致病性大腸桿菌),,,合格,2025,9
17,2,產氣莢膜桿菌,,,合格,2025,9
17,3,單核球增多性李斯特菌,,,合格,2025,9
18,0,沙門氏桿菌,,,合格,2025,9
18,1,病原性大腸桿菌(致病性大腸桿菌),,,合格,2025,9
18,2,產氣莢膜桿菌,,,合格,2025,9
18,3,單核球增多性李斯特菌,,,合格,2025,9
19,0,沙門氏桿菌,,,合格,2025,9
19,1,病原性大腸桿菌(致病性大腸桿菌),,,合格,2025,9
19,2,產氣莢膜桿菌,,,合格,2025,9
19,3,單核球增多性李斯特菌,,,合格,2025,9
20,0,沙門氏桿菌,,,合格,2025,9
20,1,病原性大腸桿菌(致病性大腸桿菌),,,合格,2025,9
20,2,產氣莢膜桿菌,,,合格,2025,9
20,3,單核球增多性李斯特菌,,,合格,2025,9
21,0,沙門氏桿菌,,,合格,2025,9
21,1,病原性大腸桿菌(致病性大腸桿菌),,,合格,2025,9
21,2,產氣莢膜桿菌,,,合格,2025,9
21,3,單核球增多性李斯特菌,,,合格,2025,9
22,0,沙門氏桿菌,,,合格,2025,9
22,1,病原性大腸桿菌(致病性大腸桿菌),,,合格,2025,9
22,2,產氣莢膜桿菌,,,合格,2025,9
22,3,單核球增多性李斯特菌,,,合格,2025,9
23,0,沙門氏桿菌,,,合格,2025,9
23,1,病原性大腸桿菌(致病性大腸桿菌),,,合格,2025,9
23,2,產氣莢膜桿菌,,,合格,2025,9
23,3,單核球增多性李斯特菌,,,合格,2025,9
24,0,沙門氏桿菌,,,合格,2025,9
24,1,病原性大腸桿菌(致病性大腸桿菌),,,合格,2025,9
24,2,產氣莢膜桿菌,,,合格,2025,9
24,3,單核球增多性李斯特菌,,,合格,2025,9
25,0,沙門氏桿菌,,,合格,2025,9
25,1,病原性大腸桿菌(致病性大腸桿菌),,,合格,2025,9
25,2,產氣莢膜桿菌,,,合格,2025,9
25,3,單核球增多性李斯特菌,,,合格,2025,9
26,0,沙門氏桿菌,,,合格,2025,9
26,1,病原性大腸桿菌(致病性大腸桿菌),,,合格,2025,9
26,2,產氣莢膜桿菌,,,合格,2025,9
26,3,單核球增多性李斯特菌,,,合格,2025,9
27,0,沙門氏桿菌,,,不合格,2025,9
27,1,病原性大腸桿菌(致病性大腸桿菌),,,合格,2025,9
27,2,產氣莢膜桿菌,,,合格,2025,9
27,3,單核球增多性李斯特菌,,,合格,2025,9
28,0,沙門氏桿菌,,,合格,2025,9
28,1,病原性大腸桿菌(致病性大腸桿菌),,,合格,2025,9
28,2,產氣莢膜桿菌,,,合格,2025,9
28,3,單核球增多性李斯特菌,,,合格,2025,9
29,0,沙門氏桿菌,,,合格,2025,9
29,1,病原性大腸桿菌(致病性大腸桿菌),,,合格,2025,9
29,2,產氣莢膜桿菌,,,合格,2025,9
29,3,單核球增多性李斯特菌,,,合格,2025,9
30,0,沙門氏桿菌,,,合格,2025,9
30,1,病原性大腸桿菌(致病性大腸桿菌),,,合格,2025,9
30,2,產氣莢膜桿菌,,,合格,2025,9
30,3,單核球增多性李斯特菌,,,合格,2025,9
31,0,沙門氏桿菌,,,合格,2025,9
31,1,病原性大腸桿菌(致病性大腸桿菌),,,合格,2025,9
31,2,產氣莢膜桿菌,,,合格,2025,9
31,3,單核球增多性李斯特菌,,,合格,2025,9
32,0,沙門氏桿菌,,,合格,2025,9
32,1,病原性大腸桿菌(致病性大腸桿菌),,,合格,2025,9
32,2,產氣莢膜桿菌,,,合格,2025,9
32,3,單核球增多性李斯特菌,,,合格,2025,9
33,0,沙門氏桿菌,,,合格,2025,9
33,1,病原性大腸桿菌(致病性大腸桿菌),,,合格,2025,9
33,2,產氣莢膜桿菌,,,合格,2025,9
33,3,單核球增多性李斯特菌,,,合格,2025,9
34,0,沙門氏桿菌,,,合格,2025,9
34,1,病原性大腸桿菌(致病性大腸桿菌),,,合格,2025,9
34,2,產氣莢膜桿菌,,,合格,2025,9
34,3,單核球增多性李斯特菌,,,合格,2025,9
35,0,沙門氏桿菌,,,合格,2025,9
35,1,病原性大腸桿菌(致病性大腸桿菌),,,合格,2025,9
35,2,產氣莢膜桿菌,,,合格,2025,9
35,3,單核球增多性李斯特菌,,,合格,2025,9
36,0,沙門氏桿菌,,,合格,2025,9
36,1,病原性大腸桿菌(致病性大腸桿菌),,,合格,2025,9
36,2,產氣莢膜桿菌,,,合格,2025,9
36,3,單核球增多性李斯特菌,,,合格,2025,9
37,0,沙門氏桿菌,,,合格,2025,9
37,1,病原性大腸桿菌(致病性大腸桿菌),,,合格,2025,9
37,2,產氣莢膜桿菌,,,合格,2025,9
37,3,單核球增多性李斯特菌,,,合格,2025,9
38,0,沙門氏桿菌,,,合格,2025,9
38,1,病原性大腸桿菌(致病性大腸桿菌),,,合格,2025,9
38,2,產氣莢膜桿菌,,,合格,2025,9
38,3,單核球增多性李斯特菌,,,合格,2025,9
39,0,玉米赤霉烯酮,,,合格,2025,9
39,1,伏馬毒素,,,合格,2025,9
39,2,嘔吐毒素,,,合格,2025,9
39,3,黃麴毒素,,,合格,2025,9
39,4,赭麴毒素,,,合格,2025,9
39,5,T2毒素,,,合格,2025,9
39,6,汞,,,合格,2025,9
39,7,砷,,,合格,2025,9
39,8,鉛,,,合格,2025,9
39,9,鎘,,,合格,2025,9
39,10,沙門氏桿菌,,,合格,2025,9
39,11,病原性大腸桿菌(致病性大腸桿菌),,,合格,2025,9
40,0,玉米赤霉烯酮,,,合格,2025,9
40,1,伏馬毒素,,,合格,2025,9
40,2,嘔吐毒素,,,合格,2025,9
40,3,黃麴毒素,,,合格,2025,9
40,4,赭麴毒素,,,合格,2025,9
40,5,T2毒素,,,合格,2025,9
40,6,無機砷,,,合格,2025,9
40,7,產氣莢膜桿菌,,,合格,2025,9
40,8,單核球增多性李斯特菌,,,合格,2025,9
41,0,丁基羥基甲氧苯(BHA),,,合格,2025,9
41,1,二丁基羥基甲苯(BHT),,,合格,2025,9
41,2,玉米赤霉烯酮,,,合格,2025,9
41,3,伏馬毒素,,,合格,2025,9
41,4,衣索金,,,合格,2025,9
41,5,嘔吐毒素,,,合格,2025,9
41,6,黃麴毒素,,,合格,2025,9
41,7,赭麴毒素,,,合格,2025,9
41,8,T2毒素,,,合格,2025,9
41,9,病原性大腸桿菌(致病性大腸桿菌),,,合格,2025,9
41,10,單核球增多性李斯特菌,,,合格,2025,9
42,0,玉米赤霉烯酮,,,合格,2025,9
42,1,伏馬毒素,,,合格,2025,9
42,2,嘔吐毒素,,,合格,2025,9
42,3,黃麴毒素,,,合格,2025,9
42,4,赭麴毒素,,,合格,2025,9
42,5,T2毒素,,,合格,2025,9
42,6,亞硝酸鹽(NO2-),,,合格,2025,9
42,7,沙門氏桿菌,,,合格,2025,9
42,8,產氣莢膜桿菌,,,合格,2025,9
43,0,丙二醇,,,合格,2025,9
43,1,玉米赤霉烯酮,,,合格,2025,9
43,2,伏馬毒素,,,合格,2025,9
43,3,嘔吐毒素,,,合格,2025,9
43,4,黃麴毒素,,,合格,2025,9
43,5,赭麴毒素,,,合格,2025,9
43,6,T2毒素,,,合格,2025,9
43,7,沙門氏桿菌,,,合格,2025,9
43,8,單核球增多性李斯特菌,,,合格,2025,9
44,0,玉米赤霉烯酮,,,合格,2025,9
44,1,伏馬毒素,,,合格,2025,9
44,2,嘔吐毒素,,,合格,2025,9
44,3,黃麴毒素,,,合格,2025,9
44,4,赭麴毒素,,,合格,2025,9
44,5,T2毒素,,,合格,2025,9
44,6,亞硝酸鹽(NO2-),,,合格,2025,9
44,7,沙門氏桿菌,,,合格,2025,9
44,8,單核球增多性李斯特菌,,,合格,2025,9
45,0,汞,,,合格,2025,9
45,1,砷(換算水分12%之砷含量),,,合格,2025,9
45,2,無機砷,,,合格,2025,9
45,3,鉛,,,合格,2025,9
45,4,鎘,,,合格,2025,9
45,5,產氣莢膜桿菌,,,合格,2025,9
45,6,單核球增多性李斯特菌,,,合格,2025,9
46,0,丙二醇,,,合格,2025,9
46,1,黃麴毒素,,,合格,2025,9
46,2,汞,,,合格,2025,9
46,3,砷,,,合格,2025,9
46,4,鉛,,,合格,2025,9
46,5,鎘,,,合格,2025,9
46,6,產氣莢膜桿菌,,,合格,2025,9
47,0,丁基羥基甲氧苯(BHA),,,合格,2025,9
47,1,二丁基羥基甲苯(BHT),,,合格,2025,9
47,2,玉米赤霉烯酮,,,合格,2025,9
47,3,伏馬毒素,,,合格,2025,9
47,4,衣索金,,,合格,2025,9
47,5,嘔吐毒素,,,合格,2025,9
47,6,黃麴毒素,,,合格,2025,9
47,7,赭麴毒素,,,合格,2025,9
47,8,T2毒素,,,合格,2025,9
47,9,沙門氏桿菌,,,合格,2025,9
48,0,丙二醇,,,合格,2025,9
48,1,汞,,,合格,2025,9
48,2,砷,,,合格,2025,9
48,3,鉛,,,合格,2025,9
48,4,鎘,,,合格,2025,9
48,5,亞硝酸鹽(NO2-),,,合格,2025,9
48,6,病原性大腸桿菌(致病性大腸桿菌),,,合格,2025,9
49,0,玉米赤霉烯酮,,,合格,2025,9
49,1,伏馬毒素,,,合格,2025,9
49,2,嘔吐毒素,,,合格,2025,9
49,3,黃麴毒素,,,合格,2025,9
49,4,赭麴毒素,,,合格,2025,9
49,5,T2毒素,,,合格,2025,9
49,6,單核球增多性李斯特菌,,,合格,2025,9
49,7,飛佈達 ,,,合格,2025,9
49,8,阿特靈 ,,,合格,2025,9
49,9,地特靈 ,,,合格,2025,9
49,10,安特靈,,,合格,2025,9
49,11,蟲必死 ,,,合格,2025,9
49,12,滴滴涕 ,,,合格,2025,9
49,13,三聚氰胺,,,合格,2025,9
50,0,汞,,,合格,2025,9
50,1,砷(換算水分12%之砷含量),,,合格,2025,9
50,2,鉛,,,合格,2025,9
50,3,鎘,,,合格,2025,9
50,4,沙門氏桿菌,,,不合格,2025,9
50,5,三聚氰胺,,,合格,2025,9
51,0,丙二醇,,,合格,2025,9
51,1,玉米赤霉烯酮,,,合格,2025,9
51,2,伏馬毒素,,,合格,2025,9
51,3,嘔吐毒素,,,合格,2025,9
51,4,黃麴毒素,,,合格,2025,9
51,5,赭麴毒素,,,合格,2025,9
51,6,T2毒素,,,合格,2025,9
51,7,病原性大腸桿菌(致病性大腸桿菌),,,合格,2025,9
51,8,產氣莢膜桿菌,,,合格,2025,9
0,0,玉米赤黴毒素,,,合格,2026,1
0,1,伏馬毒素,,,合格,2026,1
0,2,嘔吐毒素,,,合格,2026,1
0,3,黃麴毒素,,,合格,2026,1
0,4,赭麴毒素,,,合格,2026,1
0,5,T2毒素,,,合格,2026,1
0,6,沙門氏桿菌,,,合格,2026,1
0,7,致病性大腸桿菌,,,合格,2026,1
0,8,產氣莢膜桿菌,,,合格,2026,1
0,9,李斯特菌,,,合格,2026,1
1,0,丁羥甲苯,,,合格,2026,1
1,1,丁羥甲醚,,,合格,2026,1
1,2,玉米赤黴毒素,,,合格,2026,1
1,3,伏馬毒素,,,合格,2026,1
1,4,衣索金,,,合格,2026,1
1,5,嘔吐毒素,,,合格,2026,1
1,6,黃麴毒素,,,合格,2026,1
1,7,赭麴毒素,,,合格,2026,1
1,8,T2毒素,,,合格,2026,1
1,9,汞,,,合格,2026,1
1,10,砷(換算水分12%之砷含量),,,合格,2026,1
1,11,無機砷,,,合格,2026,1
1,12,鉛,,,合格,2026,1
1,13,鎘,,,合格,2026,1
1,14,亞硝酸鹽(NO2-),,,合格,2026,1
1,15,沙門氏桿菌,,,合格,2026,1
1,16,致病性大腸桿菌,,,合格,2026,1
1,17,產氣莢膜桿菌,,,合格,2026,1
1,18,李斯特菌,,,合格,2026,1
1,19,飛佈達,,,合格,2026,1
1,20,蟲必死,,,合格,2026,1
1,21,滴滴涕,,,合格,2026,1
1,22,安特靈,,,合格,2026,1
1,23,地特靈,,,合格,2026,1
1,24,阿特靈,,,合格,2026,1
1,25,三聚氰胺,,,合格,2026,1
2,0,汞,,,合格,2026,1
2,1,砷(換算水分12%之砷含量),,,合格,2026,1
2,2,無機砷,,,合格,2026,1
2,3,鉛,,,合格,2026,1
2,4,鎘,,,合格,2026,1
2,5,亞硝酸鹽(NO2-),,,合格,2026,1
2,6,沙門氏桿菌,,,合格,2026,1
3,0,產氣莢膜梭菌,,,合格,2026,1
3,1,李斯特菌,,,合格,2026,1
3,2,飛佈達,,,合格,2026,1
3,3,蟲必死,,,合格,2026,1
3,4,滴滴涕,,,合格,2026,1
3,5,安特靈,,,合格,2026,1
3,6,地特靈,,,合格,2026,1
3,7,阿特靈,,,合格,2026,1
3,8,三聚氰胺,,,合格,2026,1
4,0,玉米赤霉烯酮,,,合格,2026,1
4,1,伏馬毒素,,,合格,2026,1
4,2,嘔吐毒素,,,合格,2026,1
4,3,黃麴毒素,,,合格,2026,1
4,4,赭麴毒素,,,合格,2026,1
4,5,T-2毒素,,,合格,2026,1
4,6,汞,,,合格,2026,1
4,7,砷(換算水分12%之砷含量),,,合格,2026,1
4,8,鉛,,,合格,2026,1
4,9,鎘,,,合格,2026,1
4,10,沙門氏桿菌,,,合格,2026,1
5,0,丁羥甲苯,,,合格,2026,1
5,1,丁羥甲醚,,,合格,2026,1
5,2,衣索金,,,合格,2026,1
5,3,亞硝酸鹽(NO2-),,,合格,2026,1
5,4,沙門氏桿菌,,,合格,2026,1
6,0,丙二醇,,,合格,2026,1
6,1,玉米赤霉烯酮,,,合格,2026,1
6,2,伏馬毒素,,,合格,2026,1
6,3,嘔吐毒素,,,合格,2026,1
6,4,黃麴毒素,,,合格,2026,1
6,5,赭麴毒素,,,合格,2026,1
6,6,T2毒素,,,合格,2026,1
6,7,汞,,,合格,2026,1
6,8,砷(換算水分12%之砷含量),,,合格,2026,1
6,9,鉛,,,合格,2026,1
6,10,鎘,,,合格,2026,1
6,11,致病性大腸桿菌,,,合格,2026,1
7,0,沙門氏桿菌,,,合格,2026,1
7,1,致病性大腸桿菌,,,合格,2026,1
7,2,飛佈達,,,合格,2026,1
7,3,蟲必死,,,合格,2026,1
7,4,滴滴涕,,,合格,2026,1
7,5,安特靈,,,合格,2026,1
7,6,地特靈,,,合格,2026,1
7,7,阿特靈,,,合格,2026,1
8,0,玉米赤霉烯酮,,,合格,2026,1
8,1,伏馬毒素,,,合格,2026,1
8,2,嘔吐毒素,,,合格,2026,1
8,3,黃麴毒素,,,合格,2026,1
8,4,赭麴毒素,,,合格,2026,1
8,5,T2毒素,,,合格,2026,1
8,6,沙門氏桿菌,,,合格,2026,1
8,7,飛佈達,,,合格,2026,1
8,8,蟲必死,,,合格,2026,1
8,9,滴滴涕,,,合格,2026,1
8,10,安特靈,,,合格,2026,1
8,11,地特靈,,,合格,2026,1
8,12,阿特靈,,,合格,2026,1
8,13,三聚氰胺,,,合格,2026,1
9,0,汞,,,合格,2026,1
9,1,砷(換算水分12%之砷含量),,,合格,2026,1
9,2,無機砷,,,合格,2026,1
9,3,鉛,,,合格,2026,1
9,4,鎘,,,合格,2026,1
9,5,李斯特菌,,,合格,2026,1
10,0,丙二醇,,,合格,2026,1
10,1,汞,,,合格,2026,1
10,2,砷(換算水分12%之砷含量),,,合格,2026,1
10,3,鉛,,,合格,2026,1
10,4,鎘,,,合格,2026,1
10,5,沙門氏桿菌,,,合格,2026,1
10,6,致病性大腸桿菌,,,合格,2026,1
11,0,玉米赤霉烯酮,,,合格,2026,1
11,1,伏馬毒素,,,合格,2026,1
11,2,嘔吐毒素,,,合格,2026,1
11,3,黃麴毒素,,,合格,2026,1
11,4,赭麴毒素,,,合格,2026,1
11,5,T2毒素,,,合格,2026,1
11,6,亞硝酸鹽(NO2-),,,合格,2026,1
11,7,產氣莢膜梭菌,,,合格,2026,1
11,8,三聚氰胺,,,合格,2026,1
12,0,丁羥甲苯,,,合格,2026,1
12,1,丁羥甲醚,,,合格,2026,1
12,2,衣索金,,,合格,2026,1
12,3,沙門氏桿菌,,,合格,2026,1
12,4,飛佈達,,,合格,2026,1
12,5,蟲必死,,,合格,2026,1
12,6,滴滴涕,,,合格,2026,1
12,7,安特靈,,,合格,2026,1
12,8,地特靈,,,合格,2026,1
12,9,阿特靈,,,合格,2026,1
13,0,玉米赤霉烯酮,,,合格,2026,1
13,1,伏馬毒素,,,合格,2026,1
13,2,嘔吐毒素,,,合格,2026,1
13,3,黃麴毒素,,,合格,2026,1
13,4,赭麴毒素,,,合格,2026,1
13,5,T2毒素,,,合格,2026,1
13,6,汞,,,合格,2026,1
13,7,砷(換算水分12%之砷含量),,,合格,2026,1
13,8,鉛,,,合格,2026,1
13,9,鎘,,,合格,2026,1
13,10,亞硝酸鹽(NO2-),,,合格,2026,1
13,11,李斯特菌,,,合格,2026,1
14,0,汞,,,合格,2026,1
14,1,砷(換算水分12%之砷含量),,,合格,2026,1
14,2,無機砷,,,合格,2026,1
14,3,鉛,,,合格,2026,1
14,4,鎘,,,合格,2026,1
14,5,致病性大腸桿菌,,,合格,2026,1
15,0,丙二醇,,,合格,2026,1
15,1,玉米赤霉烯酮,,,合格,2026,1
15,2,伏馬毒素,,,合格,2026,1
15,3,嘔吐毒素,,,合格,2026,1
15,4,黃麴毒素,,,合格,2026,1
15,5,赭麴毒素,,,合格,2026,1
15,6,T2毒素,,,合格,2026,1
15,7,沙門氏桿菌,,,合格,2026,1
15,8,致病性大腸桿菌,,,合格,2026,1
16,0,玉米赤霉烯酮,,,合格,2026,1
16,1,伏馬毒素,,,合格,2026,1
16,2,嘔吐毒素,,,合格,2026,1
16,3,黃麴毒素,,,合格,2026,1
16,4,赭麴毒素,,,合格,2026,1
16,5,T2毒素,,,合格,2026,1
16,6,汞,,,合格,2026,1
16,7,砷(換算水分12%之砷含量),,,合格,2026,1
16,8,無機砷,,,合格,2026,1
16,9,鉛,,,合格,2026,1
16,10,鎘,,,合格,2026,1
16,11,產氣莢膜梭菌,,,合格,2026,1
17,0,丁羥甲苯,,,合格,2026,1
17,1,丁羥甲醚,,,合格,2026,1
17,2,衣索金,,,合格,2026,1
17,3,致病性大腸桿菌,,,合格,2026,1
17,4,李斯特菌,,,合格,2026,1
18,0,汞,,,合格,2026,1
18,1,砷(換算水分12%之砷含量),,,合格,2026,1
18,2,鉛,,,合格,2026,1
18,3,鎘,,,合格,2026,1
18,4,產氣莢膜梭菌,,,合格,2026,1
18,5,飛佈達,,,合格,2026,1
18,6,蟲必死,,,合格,2026,1
18,7,滴滴涕,,,合格,2026,1
18,8,安特靈,,,合格,2026,1
18,9,地特靈,,,合格,2026,1
18,10,阿特靈,,,合格,2026,1
19,0,玉米赤霉烯酮,,,合格,2026,1
19,1,伏馬毒素,,,合格,2026,1
19,2,嘔吐毒素,,,合格,2026,1
19,3,黃麴毒素,,,合格,2026,1
19,4,赭麴毒素,,,合格,2026,1
19,5,T2毒素,,,合格,2026,1
19,6,沙門氏桿菌,,,合格,2026,1
19,7,致病性大腸桿菌,,,合格,2026,1
19,8,三聚氰胺,,,合格,2026,1
20,0,玉米赤霉烯酮,,,合格,2026,1
20,1,伏馬毒素,,,合格,2026,1
20,2,嘔吐毒素,,,合格,2026,1
20,3,黃麴毒素,,,合格,2026,1
20,4,赭麴毒素,,,合格,2026,1
20,5,T2毒素,,,合格,2026,1
20,6,無機砷,,,合格,2026,1
20,7,李斯特菌,,,合格,2026,1
21,0,玉米赤霉烯酮,,,合格,2026,1
21,1,伏馬毒素,,,合格,2026,1
21,2,嘔吐毒素,,,合格,2026,1
21,3,黃麴毒素,,,合格,2026,1
21,4,赭麴毒素,,,合格,2026,1
21,5,T2毒素,,,合格,2026,1
21,6,沙門氏桿菌,,,合格,2026,1
21,7,致病性大腸桿菌,,,合格,2026,1
21,8,產氣莢膜梭菌,,,合格,2026,1
21,9,李斯特菌,,,合格,2026,1
22,0,丁羥甲苯,,,合格,2026,1
22,1,丁羥甲醚,,,合格,2026,1
22,2,衣索金,,,合格,2026,1
22,3,亞硝酸鹽(NO2-),,,合格,2026,1
22,4,沙門氏桿菌,,,合格,2026,1
23,0,丙二醇,,,合格,2026,1
23,1,玉米赤霉烯酮,,,合格,2026,1
23,2,伏馬毒素,,,合格,2026,1
23,3,嘔吐毒素,,,合格,2026,1
23,4,黃麴毒素,,,合格,2026,1
23,5,赭麴毒素,,,合格,2026,1
23,6,T2毒素,,,合格,2026,1
23,7,李斯特菌,,,合格,2026,1
23,8,三聚氰胺,,,合格,2026,1
24,0,丙二醇,,,合格,2026,1
24,1,亞硝酸鹽(NO2-),,,合格,2026,1
24,2,致病性大腸桿菌,,,合格,2026,1
25,0,玉米赤霉烯酮,,,合格,2026,1
25,1,伏馬毒素,,,合格,2026,1
25,2,嘔吐毒素,,,合格,2026,1
25,3,黃麴毒素,,,合格,2026,1
25,4,赭麴毒素,,,合格,2026,1
25,5,T2毒素,,,合格,2026,1
25,6,產氣莢膜梭菌,,,合格,2026,1
26,0,汞,,,合格,2026,1
26,1,砷(換算水分12%之砷含量),,,合格,2026,1
26,2,無機砷,,,合格,2026,1
26,3,鉛,,,合格,2026,1
26,4,鎘,,,合格,2026,1
26,5,沙門氏桿菌,,,合格,2026,1
27,0,玉米赤霉烯酮,,,合格,2026,1
27,1,伏馬毒素,,,合格,2026,1
27,2,嘔吐毒素,,,合格,2026,1
27,3,黃麴毒素,,,合格,2026,1
27,4,赭麴毒素,,,合格,2026,1
27,5,T2毒素,,,合格,2026,1
27,6,沙門氏桿菌,,,合格,2026,1
27,7,致病性大腸桿菌,,,合格,2026,1
27,8,產氣莢膜梭菌,,,合格,2026,1
27,9,李斯特菌,,,合格,2026,1
28,0,汞,,,合格,2026,1
28,1,砷(換算水分12%之砷含量),,,合格,2026,1
28,2,無機砷,,,合格,2026,1
28,3,鉛,,,合格,2026,1
28,4,鎘,,,合格,2026,1
29,0,汞,,,合格,2026,1
29,1,砷(換算水分12%之砷含量),,,合格,2026,1
29,2,無機砷,,,合格,2026,1
29,3,鉛,,,合格,2026,1
29,4,鎘,,,合格,2026,1
29,5,產氣莢膜梭菌,,,合格,2026,1
30,0,玉米赤霉烯酮,,,合格,2026,1
30,1,伏馬毒素,,,合格,2026,1
30,2,嘔吐毒素,,,合格,2026,1
30,3,黃麴毒素,,,合格,2026,1
30,4,赭麴毒素,,,合格,2026,1
30,5,T2毒素,,,合格,2026,1
30,6,產氣莢膜梭菌,,,合格,2026,1
30,7,三聚氰胺,,,合格,2026,1
31,0,玉米赤霉烯酮,,,合格,2026,1
31,1,伏馬毒素,,,合格,2026,1
31,2,嘔吐毒素,,,合格,2026,1
31,3,黃麴毒素,,,合格,2026,1
31,4,赭麴毒素,,,合格,2026,1
31,5,T2毒素,,,合格,2026,1
31,6,沙門氏桿菌,,,合格,2026,1
32,0,丁羥甲苯,,,合格,2026,1
32,1,丁羥甲醚,,,合格,2026,1
32,2,衣索金,,,合格,2026,1
32,3,李斯特菌,,,合格,2026,1
33,0,玉米赤霉烯酮,,,合格,2026,1
33,1,伏馬毒素,,,合格,2026,1
33,2,嘔吐毒素,,,合格,2026,1
33,3,黃麴毒素,,,合格,2026,1
33,4,赭麴毒素,,,合格,2026,1
33,5,T2毒素,,,合格,2026,1
33,6,致病性大腸桿菌,,,合格,2026,1
33,7,三聚氰胺,,,合格,2026,1
34,0,汞,,,合格,2026,1
34,1,砷(換算水分12%之砷含量),,,合格,2026,1
34,2,鉛,,,合格,2026,1
34,3,鎘,,,合格,2026,1
34,4,產氣莢膜梭菌,,,合格,2026,1
34,5,飛佈達,,,合格,2026,1
34,6,蟲必死,,,合格,2026,1
34,7,滴滴涕,,,合格,2026,1
34,8,安特靈,,,合格,2026,1
34,9,地特靈,,,合格,2026,1
34,10,阿特靈,,,合格,2026,1
0,0,丁羥甲苯(BHT),,,合格,2026,2
0,1,丁羥甲醚(BHA),,,合格,2026,2
0,2,玉米赤霉烯酮,,,合格,2026,2
0,3,伏馬毒素,,,合格,2026,2
0,4,衣索金,,,合格,2026,2
0,5,嘔吐毒素,,,合格,2026,2
0,6,黃麴毒素,,,合格,2026,2
0,7,赭麴毒素,,,合格,2026,2
0,8,T2毒素,,,合格,2026,2
0,9,汞,,,合格,2026,2
0,10,砷,,,合格,2026,2
0,11,鉛,,,合格,2026,2
0,12,鎘,,,合格,2026,2
0,13,亞硝酸鈉,,,合格,2026,2
0,14,沙門氏菌,,,合格,2026,2
0,15,致病性大腸桿菌,,,合格,2026,2
0,16,產氣莢膜梭菌,,,合格,2026,2
0,17,李斯特菌,,,合格,2026,2
0,18,飛佈達,,,合格,2026,2
0,19,蟲必死,,,合格,2026,2
0,20,滴滴涕,,,合格,2026,2
0,21,安特靈,,,合格,2026,2
0,22,地特靈,,,合格,2026,2
0,23,阿特靈,,,合格,2026,2
0,24,三聚氰胺,,,合格,2026,2
1,0,玉米赤霉烯酮,,,合格,2026,2
1,1,伏馬毒素,,,合格,2026,2
1,2,嘔吐毒素,,,合格,2026,2
1,3,黃麴毒素,,,合格,2026,2
1,4,赭麴毒素 ,,,合格,2026,2
1,5,T2毒素,,,合格,2026,2
1,6,沙門氏菌,,,合格,2026,2
1,7,致病性大腸桿菌,,,合格,2026,2
1,8,產氣莢膜梭菌,,,合格,2026,2
1,9,李斯特菌,,,合格,2026,2
2,0,玉米赤霉烯酮,,,合格,2026,2
2,1,伏馬毒素,,,合格,2026,2
2,2,嘔吐毒素,,,合格,2026,2
2,3,黃麴毒素,,,合格,2026,2
2,4,赭麴毒素 ,,,合格,2026,2
2,5,T2毒素,,,合格,2026,2
2,6,汞,,,合格,2026,2
2,7,砷,,,合格,2026,2
2,8,鉛,,,合格,2026,2
2,9,鎘,,,合格,2026,2
2,10,沙門氏菌,,,合格,2026,2
2,11,李斯特菌,,,合格,2026,2
3,0,汞,,,合格,2026,2
3,1,砷(換算水分12%之砷含量),,,合格,2026,2
3,2,無機砷,,,合格,2026,2
3,3,鉛,,,合格,2026,2
3,4,鎘,,,合格,2026,2
3,5,沙門氏菌,,,合格,2026,2
3,6,致病性大腸桿菌,,,合格,2026,2
4,0,玉米赤霉烯酮,,,合格,2026,2
4,1,伏馬毒素,,,合格,2026,2
4,2,嘔吐毒素,,,合格,2026,2
4,3,黃麴毒素 ,,,合格,2026,2
4,4,赭麴毒素 ,,,合格,2026,2
4,5,T2毒素,,,合格,2026,2
4,6,致病性大腸桿菌,,,合格,2026,2
4,7,產氣莢膜梭菌,,,合格,2026,2
4,8,飛佈達,,,合格,2026,2
4,9,安特靈,,,合格,2026,2
4,10,地特靈,,,合格,2026,2
4,11,阿特靈,,,合格,2026,2
4,12,蟲必死,,,合格,2026,2
4,13,滴滴涕,,,合格,2026,2
5,0,玉米赤霉烯酮,,,合格,2026,2
5,1,伏馬毒素,,,合格,2026,2
5,2,嘔吐毒素,,,合格,2026,2
5,3,黃麴毒素,,,合格,2026,2
5,4,赭麴毒素 ,,,合格,2026,2
5,5,T2毒素,,,合格,2026,2
5,6,致病性大腸桿菌,,,合格,2026,2
5,7,三聚氰胺,,,合格,2026,2
6,0,丙二醇,,,合格,2026,2
6,1,汞,,,合格,2026,2
6,2,砷(換算水分12%之砷含量),,,合格,2026,2
6,3,無機砷,,,合格,2026,2
6,4,鉛,,,合格,2026,2
6,5,鎘,,,合格,2026,2
6,6,沙門氏菌,,,合格,2026,2
7,0,丁羥甲苯(BHT),,,合格,2026,2
7,1,丁羥甲醚(BHA),,,合格,2026,2
7,2,玉米赤霉烯酮,,,合格,2026,2
7,3,伏馬毒素,,,合格,2026,2
7,4,衣索金,,,合格,2026,2
7,5,嘔吐毒素,,,合格,2026,2
7,6,黃麴毒素 ,,,合格,2026,2
7,7,赭麴毒素 ,,,合格,2026,2
7,8,T2毒素,,,合格,2026,2
7,9,沙門氏菌,,,合格,2026,2
8,0,亞硝酸鈉,,,合格,2026,2
8,1,沙門氏菌,,,合格,2026,2
8,2,飛佈達,,,合格,2026,2
8,3,阿特靈,,,合格,2026,2
8,4,地特靈,,,合格,2026,2
8,5,安特靈,,,合格,2026,2
8,6,蟲必死,,,合格,2026,2
8,7,滴滴涕,,,合格,2026,2
9,0,玉米赤霉烯酮,,,合格,2026,2
9,1,伏馬毒素,,,合格,2026,2
9,2,嘔吐毒素,,,合格,2026,2
9,3,黃麴毒素 ,,,合格,2026,2
9,4,赭麴毒素 ,,,合格,2026,2
9,5,T2毒素,,,合格,2026,2
9,6,亞硝酸鈉,,,合格,2026,2
9,7,李斯特菌,,,合格,2026,2
9,8,三聚氰胺,,,合格,2026,2
10,0,丙二醇,,,合格,2026,2
10,1,汞,,,合格,2026,2
10,2,砷(換算水分12%之砷含量),,,合格,2026,2
10,3,無機砷,,,合格,2026,2
10,4,鉛,,,合格,2026,2
10,5,鎘,,,合格,2026,2
10,6,致病性大腸桿菌,,,合格,2026,2
11,0,丁羥甲苯(BHT),,,合格,2026,2
11,1,丁羥甲醚(BHA),,,合格,2026,2
11,2,玉米赤霉烯酮,,,合格,2026,2
11,3,伏馬毒素,,,合格,2026,2
11,4,衣索金,,,合格,2026,2
11,5,嘔吐毒素,,,合格,2026,2
11,6,黃麴毒素 ,,,合格,2026,2
11,7,赭麴毒素,,,合格,2026,2
11,8,T2毒素,,,合格,2026,2
11,9,產氣莢膜梭菌,,,合格,2026,2
12,0,玉米赤霉烯酮,,,合格,2026,2
12,1,伏馬毒素,,,合格,2026,2
12,2,嘔吐毒素,,,合格,2026,2
12,3,黃麴毒素 ,,,合格,2026,2
12,4,赭麴毒素,,,合格,2026,2
12,5,T2毒素,,,合格,2026,2
12,6,亞硝酸鈉,,,合格,2026,2
12,7,沙門氏菌,,,合格,2026,2
12,8,安特靈,,,合格,2026,2
12,9,阿特靈,,,合格,2026,2
12,10,地特靈,,,合格,2026,2
12,11,飛佈達,,,合格,2026,2
12,12,蟲必死,,,合格,2026,2
12,13,滴滴涕,,,合格,2026,2
13,0,丙二醇,,,合格,2026,2
13,1,汞,,,合格,2026,2
13,2,砷(換算水分12%之砷含量),,,合格,2026,2
13,3,無機砷,,,合格,2026,2
13,4,鉛,,,合格,2026,2
13,5,鎘,,,合格,2026,2
13,6,李斯特菌,,,合格,2026,2
14,0,丁羥甲苯(BHT),,,合格,2026,2
14,1,丁羥甲醚(BHA),,,合格,2026,2
14,2,玉米赤霉烯酮,,,合格,2026,2
14,3,伏馬毒素,,,合格,2026,2
14,4,衣索金,,,合格,2026,2
14,5,嘔吐毒素,,,合格,2026,2
14,6,黃麴毒素,,,合格,2026,2
14,7,赭麴毒素 ,,,合格,2026,2
14,8,T2毒素,,,合格,2026,2
14,9,致病性大腸桿菌,,,合格,2026,2
15,0,玉米赤霉烯酮,,,合格,2026,2
15,1,伏馬毒素,,,合格,2026,2
15,2,嘔吐毒素,,,合格,2026,2
15,3,黃麴毒素 ,,,合格,2026,2
15,4,赭麴毒素,,,合格,2026,2
15,5,T2毒素,,,合格,2026,2
15,6,沙門氏菌,,,合格,2026,2
15,7,三聚氰胺,,,合格,2026,2
16,0,汞,,,合格,2026,2
16,1,砷(換算水分12%之砷含量),,,合格,2026,2
16,2,無機砷,,,合格,2026,2
16,3,鉛,,,合格,2026,2
16,4,鎘,,,合格,2026,2
16,5,致病性大腸桿菌,,,合格,2026,2
16,6,阿特靈,,,合格,2026,2
16,7,飛佈達,,,合格,2026,2
16,8,安特靈,,,合格,2026,2
16,9,地特靈,,,合格,2026,2
16,10,滴滴涕,,,合格,2026,2
16,11,蟲必死,,,合格,2026,2
17,0,丁羥甲苯(BHT),,,合格,2026,2
17,1,丁羥甲醚(BHA),,,合格,2026,2
17,2,衣索金,,,合格,2026,2
17,3,產氣莢膜梭菌,,,合格,2026,2
17,4,三聚氰胺,,,合格,2026,2
18,0,玉米赤霉烯酮,,,合格,2026,2
18,1,伏馬毒素,,,合格,2026,2
18,2,嘔吐毒素,,,合格,2026,2
18,3,黃麴毒素,,,合格,2026,2
18,4,赭麴毒素 ,,,合格,2026,2
18,5,T2毒素,,,合格,2026,2
18,6,汞,,,合格,2026,2
18,7,砷(換算水分12%之砷含量),,,合格,2026,2
18,8,無機砷,,,合格,2026,2
18,9,鉛,,,合格,2026,2
18,10,鎘,,,合格,2026,2
18,11,沙門氏菌,,,合格,2026,2
19,0,汞,,,合格,2026,2
19,1,砷(換算水分12%之砷含量),,,合格,2026,2
19,2,鉛,,,合格,2026,2
19,3,鎘,,,合格,2026,2
19,4,李斯特菌,,,合格,2026,2
19,5,三聚氰胺,,,合格,2026,2
20,0,汞,,,合格,2026,2
20,1,砷,,,合格,2026,2
20,2,鉛,,,合格,2026,2
20,3,鎘,,,合格,2026,2
20,4,亞硝酸鈉,,,合格,2026,2
20,5,致病性大腸桿菌,,,合格,2026,2
20,6,飛佈達,,,合格,2026,2
20,7,安特靈,,,合格,2026,2
20,8,地特靈,,,合格,2026,2
20,9,阿特靈,,,合格,2026,2
20,10,蟲必死,,,合格,2026,2
20,11,滴滴涕,,,合格,2026,2
21,0,丁羥甲苯(BHT),,,合格,2026,2
21,1,丁羥甲醚(BHA),,,合格,2026,2
21,2,衣索金,,,合格,2026,2
21,3,沙門氏菌,,,合格,2026,2
21,4,飛佈達,,,合格,2026,2
21,5,安特靈,,,合格,2026,2
21,6,地特靈,,,合格,2026,2
21,7,阿特靈,,,合格,2026,2
21,8,蟲必死,,,合格,2026,2
21,9,滴滴涕,,,合格,2026,2
22,0,丙二醇,,,合格,2026,2
22,1,汞,,,合格,2026,2
22,2,砷(換算水分12%之砷含量),,,合格,2026,2
22,3,無機砷,,,合格,2026,2
22,4,鉛,,,合格,2026,2
22,5,鎘,,,合格,2026,2
22,6,李斯特菌,,,合格,2026,2
23,0,玉米赤霉烯酮,,,合格,2026,2
23,1,伏馬毒素,,,合格,2026,2
23,2,嘔吐毒素,,,合格,2026,2
23,3,黃麴毒素 ,,,合格,2026,2
23,4,赭麴毒素 ,,,合格,2026,2
23,5,T2毒素,,,合格,2026,2
23,6,汞,,,合格,2026,2
23,7,砷(換算水分12%之砷含量),,,合格,2026,2
23,8,鉛,,,合格,2026,2
23,9,鎘,,,合格,2026,2
23,10,產氣莢膜梭菌,,,合格,2026,2
24,0,玉米赤霉烯酮,,,合格,2026,2
24,1,伏馬毒素,,,合格,2026,2
24,2,嘔吐毒素,,,合格,2026,2
24,3,黃麴毒素 ,,,合格,2026,2
24,4,赭麴毒素,,,合格,2026,2
24,5,T2毒素,,,合格,2026,2
24,6,亞硝酸鈉,,,合格,2026,2
24,7,致病性大腸桿菌,,,合格,2026,2
24,8,三聚氰胺,,,合格,2026,2
25,0,玉米赤霉烯酮,,,合格,2026,2
25,1,伏馬毒素,,,合格,2026,2
25,2,嘔吐毒素,,,合格,2026,2
25,3,黃麴毒素,,,合格,2026,2
25,4,赭麴毒素 ,,,合格,2026,2
25,5,T2毒素,,,合格,2026,2
25,6,產氣莢膜梭菌,,,合格,2026,2
25,7,三聚氰胺,,,合格,2026,2
26,0,丁羥甲苯(BHT),,,合格,2026,2
26,1,丁羥甲醚(BHA),,,合格,2026,2
26,2,衣索金,,,合格,2026,2
26,3,李斯特菌,,,合格,2026,2
27,0,汞,,,合格,2026,2
27,1,砷(換算水分12%之砷含量),,,合格,2026,2
27,2,無機砷,,,合格,2026,2
27,3,鉛,,,合格,2026,2
27,4,鎘,,,合格,2026,2
27,5,沙門氏菌,,,合格,2026,2
28,0,丁羥甲苯(BHT),,,合格,2026,2
28,1,丁羥甲醚(BHA),,,合格,2026,2
28,2,衣索金,,,合格,2026,2
28,3,產氣莢膜梭菌,,,合格,2026,2
29,0,丙二醇,,,合格,2026,2
29,1,汞,,,合格,2026,2
29,2,砷(換算水分12%之砷含量),,,合格,2026,2
29,3,鉛,,,合格,2026,2
29,4,鎘,,,合格,2026,2
29,5,沙門氏菌,,,合格,2026,2
30,0,玉米赤霉烯酮,,,合格,2026,2
30,1,伏馬毒素,,,合格,2026,2
30,2,嘔吐毒素,,,合格,2026,2
30,3,黃麴毒素,,,合格,2026,2
30,4,赭麴毒素,,,合格,2026,2
30,5,T2毒素,,,合格,2026,2
30,6,李斯特菌,,,合格,2026,2
31,0,致病性大腸桿菌,,,合格,2026,2
31,1,滴滴涕,,,合格,2026,2
31,2,蟲必死,,,合格,2026,2
31,3,飛佈達,,,合格,2026,2
31,4,阿特靈,,,合格,2026,2
31,5,地特靈,,,合格,2026,2
31,6,安特靈,,,合格,2026,2
31,7,丁羥甲苯(BHT),,,合格,2026,2
31,8,丁羥甲醚(BHA),,,合格,2026,2
31,9,衣索金,,,合格,2026,2
31,10,亞硝酸鈉,,,合格,2026,2
31,11,沙門氏菌,,,合格,2026,2
32,0,玉米赤霉烯酮,,,合格,2026,2
32,1,伏馬毒素,,,合格,2026,2
32,2,嘔吐毒素,,,合格,2026,2
32,3,黃麴毒素 ,,,合格,2026,2
32,4,赭麴毒素,,,合格,2026,2
32,5,T2毒素,,,合格,2026,2
32,6,無機砷,,,合格,2026,2
32,7,致病性大腸桿菌,,,合格,2026,2
33,0,汞,,,合格,2026,2
33,1,砷(換算水分12%之砷含量),,,合格,2026,2
33,2,鉛,,,合格,2026,2
33,3,鎘,,,合格,2026,2
33,4,沙門氏菌,,,合格,2026,2
33,5,產氣莢膜梭菌,,,合格,2026,2
34,0,汞,,,合格,2026,2
34,1,砷(換算水分12%之砷含量),,,合格,2026,2
34,2,鉛,,,合格,2026,2
34,3,鎘,,,合格,2026,2
34,4,亞硝酸鈉,,,合格,2026,2
34,5,致病性大腸桿菌,,,合格,2026,2
35,0,玉米赤霉烯酮,,,合格,2026,2
35,1,伏馬毒素,,,合格,2026,2
35,2,嘔吐毒素,,,合格,2026,2
35,3,黃麴毒素,,,合格,2026,2
35,4,赭麴毒素,,,合格,2026,2
35,5,T2毒素,,,合格,2026,2
35,6,沙門氏菌,,,合格,2026,2
35,7,三聚氰胺,,,合格,2026,2
36,0,亞硝酸鈉,,,合格,2026,2
36,1,李斯特菌,,,合格,2026,2
36,2,滴滴涕,,,合格,2026,2
36,3,蟲必死,,,合格,2026,2
36,4,飛佈達,,,合格,2026,2
36,5,阿特靈,,,合格,2026,2
36,6,地特靈,,,合格,2026,2
36,7,安特靈,,,合格,2026,2
0,0,沙門氏桿菌,,,合格,2026,3
0,1,亞硝酸鹽(NO2-),,,合格,2026,3
0,2,丁羥甲苯,,,合格,2026,3
0,3,丁羥甲醚,,,合格,2026,3
0,4,衣索金,,,合格,2026,3
1,0,病原性大腸桿菌,,,合格,2026,3
1,1,鉛,,,合格,2026,3
1,2,汞,,,合格,2026,3
1,3,鎘,,,合格,2026,3
1,4,砷,,,合格,2026,3
1,5,黃麴毒素,,,合格,2026,3
1,6,赭麴毒素,,,合格,2026,3
1,7,伏馬毒素,,,合格,2026,3
1,8,T2毒素,,,合格,2026,3
1,9,玉米赤霉烯酮,,,合格,2026,3
1,10,嘔吐毒素,,,合格,2026,3
1,11,三聚氰胺,,,合格,2026,3
2,0,單核球增多性李斯特菌,,,合格,2026,3
2,1,黃麴毒素,,,合格,2026,3
2,2,赭麴毒素,,,合格,2026,3
2,3,伏馬毒素,,,合格,2026,3
2,4,T2毒素,,,合格,2026,3
2,5,玉米赤霉烯酮,,,合格,2026,3
2,6,嘔吐毒素,,,合格,2026,3
2,7,丙二醇,,,合格,2026,3
2,8,三聚氰胺,,,合格,2026,3
3,0,沙門氏桿菌,,,合格,2026,3
3,1,病原性大腸桿菌,,,合格,2026,3
3,2,亞硝酸鹽(NO2-),,,合格,2026,3
3,3,鉛,,,合格,2026,3
3,4,汞,,,合格,2026,3
3,5,鎘,,,合格,2026,3
3,6,砷,,,合格,2026,3
4,0,產氣莢膜桿(梭)菌,,,合格,2026,3
4,1,丁羥甲苯,,,合格,2026,3
4,2,丁羥甲醚,,,合格,2026,3
4,3,衣索金,,,合格,2026,3
4,4,阿特靈,,,合格,2026,3
4,5,蟲必死,,,合格,2026,3
4,6,滴滴涕,,,合格,2026,3
4,7,地特靈,,,合格,2026,3
4,8,安特靈,,,合格,2026,3
4,9,飛佈達,,,合格,2026,3
5,0,沙門氏桿菌,,,合格,2026,3
5,1,病原性大腸桿菌,,,合格,2026,3
5,2,黃麴毒素,,,合格,2026,3
5,3,赭麴毒素,,,合格,2026,3
5,4,伏馬毒素,,,合格,2026,3
5,5,T2毒素,,,合格,2026,3
5,6,玉米赤霉烯酮,,,合格,2026,3
5,7,嘔吐毒素,,,合格,2026,3
5,8,三聚氰胺,,,合格,2026,3
6,0,沙門氏桿菌,,,合格,2026,3
6,1,鉛,,,合格,2026,3
6,2,汞,,,合格,2026,3
6,3,鎘,,,合格,2026,3
6,4,砷,,,合格,2026,3
6,5,黃麴毒素,,,合格,2026,3
6,6,赭麴毒素,,,合格,2026,3
6,7,伏馬毒素,,,合格,2026,3
6,8,T2毒素,,,合格,2026,3
6,9,玉米赤霉烯酮,,,合格,2026,3
6,10,嘔吐毒素,,,合格,2026,3
6,11,阿特靈,,,合格,2026,3
6,12,蟲必死,,,合格,2026,3
6,13,滴滴涕,,,合格,2026,3
6,14,地特靈,,,合格,2026,3
6,15,安特靈,,,合格,2026,3
6,16,飛佈達,,,合格,2026,3
7,0,單核球增多性李斯特菌,,,合格,2026,3
7,1,黃麴毒素,,,合格,2026,3
7,2,赭麴毒素,,,合格,2026,3
7,3,伏馬毒素,,,合格,2026,3
7,4,T2毒素,,,合格,2026,3
7,5,玉米赤霉烯酮,,,合格,2026,3
7,6,嘔吐毒素,,,合格,2026,3
7,7,丁羥甲苯,,,合格,2026,3
7,8,丁羥甲醚,,,合格,2026,3
7,9,衣索金,,,合格,2026,3
8,0,病原性大腸桿菌,,,合格,2026,3
8,1,鉛,,,合格,2026,3
8,2,汞,,,合格,2026,3
8,3,鎘,,,合格,2026,3
8,4,砷,,,合格,2026,3
8,5,黃麴毒素,,,合格,2026,3
8,6,赭麴毒素,,,合格,2026,3
8,7,伏馬毒素,,,合格,2026,3
8,8,T2毒素,,,合格,2026,3
8,9,玉米赤霉烯酮,,,合格,2026,3
8,10,嘔吐毒素,,,合格,2026,3
8,11,阿特靈,,,合格,2026,3
8,12,蟲必死,,,合格,2026,3
8,13,滴滴涕,,,合格,2026,3
8,14,地特靈,,,合格,2026,3
8,15,安特靈,,,合格,2026,3
8,16,飛佈達,,,合格,2026,3
9,0,沙門氏桿菌,,,合格,2026,3
9,1,產氣莢膜桿(梭)菌,,,合格,2026,3
9,2,鉛,,,合格,2026,3
9,3,汞,,,合格,2026,3
9,4,鎘,,,合格,2026,3
9,5,砷,,,合格,2026,3
9,6,黃麴毒素,,,合格,2026,3
9,7,赭麴毒素,,,合格,2026,3
9,8,伏馬毒素,,,合格,2026,3
9,9,T2毒素,,,合格,2026,3
9,10,玉米赤霉烯酮,,,合格,2026,3
9,11,嘔吐毒素,,,合格,2026,3
10,0,沙門氏桿菌,,,合格,2026,3
10,1,病原性大腸桿菌,,,合格,2026,3
10,2,亞硝酸鹽(NO2-),,,合格,2026,3
10,3,黃麴毒素,,,合格,2026,3
10,4,赭麴毒素,,,合格,2026,3
10,5,伏馬毒素,,,合格,2026,3
10,6,T2毒素,,,合格,2026,3
10,7,玉米赤霉烯酮,,,合格,2026,3
10,8,嘔吐毒素,,,合格,2026,3
11,0,單核球增多性李斯特菌,,,合格,2026,3
11,1,鉛,,,合格,2026,3
11,2,汞,,,合格,2026,3
11,3,鎘,,,合格,2026,3
11,4,砷,,,合格,2026,3
11,5,無機砷,,,合格,2026,3
11,6,丙二醇,,,合格,2026,3
12,0,沙門氏桿菌,,,合格,2026,3
12,1,丁羥甲苯,,,合格,2026,3
12,2,丁羥甲醚,,,合格,2026,3
12,3,衣索金,,,合格,2026,3
12,4,阿特靈,,,合格,2026,3
12,5,蟲必死,,,合格,2026,3
12,6,滴滴涕,,,合格,2026,3
12,7,地特靈,,,合格,2026,3
12,8,安特靈,,,合格,2026,3
12,9,飛佈達,,,合格,2026,3
13,0,沙門氏桿菌,,,合格,2026,3
13,1,產氣莢膜桿(梭)菌,,,合格,2026,3
13,2,黃麴毒素,,,合格,2026,3
13,3,赭麴毒素,,,合格,2026,3
13,4,伏馬毒素,,,合格,2026,3
13,5,T2毒素,,,合格,2026,3
13,6,玉米赤霉烯酮,,,合格,2026,3
13,7,嘔吐毒素,,,合格,2026,3
13,8,三聚氰胺,,,合格,2026,3
14,0,單核球增多性李斯特菌,,,合格,2026,3
14,1,丁羥甲苯,,,合格,2026,3
14,2,丁羥甲醚,,,合格,2026,3
14,3,衣索金,,,合格,2026,3
14,4,阿特靈,,,合格,2026,3
14,5,蟲必死,,,合格,2026,3
14,6,滴滴涕,,,合格,2026,3
14,7,地特靈,,,合格,2026,3
14,8,安特靈,,,合格,2026,3
14,9,飛佈達,,,合格,2026,3
15,0,病原性大腸桿菌,,,合格,2026,3
15,1,亞硝酸鹽(NO2-),,,合格,2026,3
15,2,鉛,,,合格,2026,3
15,3,汞,,,合格,2026,3
15,4,鎘,,,合格,2026,3
15,5,砷,,,合格,2026,3
15,6,丙二醇,,,合格,2026,3
16,0,產氣莢膜桿(梭)菌,,,合格,2026,3
16,1,無機砷,,,合格,2026,3
16,2,黃麴毒素,,,合格,2026,3
16,3,赭麴毒素,,,合格,2026,3
16,4,伏馬毒素,,,合格,2026,3
16,5,T2毒素,,,合格,2026,3
16,6,玉米赤霉烯酮,,,合格,2026,3
16,7,嘔吐毒素,,,合格,2026,3
16,8,三聚氰胺,,,合格,2026,3
17,0,單核球增多性李斯特菌,,,合格,2026,3
17,1,亞硝酸鹽(NO2-),,,合格,2026,3
17,2,鉛,,,合格,2026,3
17,3,汞,,,合格,2026,3
17,4,鎘,,,合格,2026,3
17,5,砷,,,合格,2026,3
17,6,無機砷,,,合格,2026,3
18,0,沙門氏桿菌,,,合格,2026,3
18,1,黃麴毒素,,,合格,2026,3
18,2,赭麴毒素,,,合格,2026,3
18,3,伏馬毒素,,,合格,2026,3
18,4,T2毒素,,,合格,2026,3
18,5,玉米赤霉烯酮,,,合格,2026,3
18,6,嘔吐毒素,,,合格,2026,3
18,7,阿特靈,,,合格,2026,3
18,8,蟲必死,,,合格,2026,3
18,9,滴滴涕,,,合格,2026,3
18,10,地特靈,,,合格,2026,3
18,11,安特靈,,,合格,2026,3
18,12,飛佈達,,,合格,2026,3
18,13,三聚氰胺,,,合格,2026,3
19,0,病原性大腸桿菌,,,合格,2026,3
19,1,鉛,,,合格,2026,3
19,2,汞,,,合格,2026,3
19,3,鎘,,,合格,2026,3
19,4,砷(換算水分12%之砷含量),,,合格,2026,3
19,5,無機砷,,,合格,2026,3
19,6,阿特靈,,,合格,2026,3
19,7,蟲必死,,,合格,2026,3
19,8,滴滴涕,,,合格,2026,3
19,9,地特靈,,,合格,2026,3
19,10,安特靈,,,合格,2026,3
19,11,飛佈達,,,合格,2026,3
20,0,單核球增多性李斯特菌,,,合格,2026,3
20,1,沙門氏桿菌,,,合格,2026,3
20,2,鉛,,,合格,2026,3
20,3,汞,,,合格,2026,3
20,4,鎘,,,合格,2026,3
20,5,砷,,,合格,2026,3
20,6,三聚氰胺,,,合格,2026,3
21,0,產氣莢膜桿(梭)菌,,,合格,2026,3
21,1,黃麴毒素,,,合格,2026,3
21,2,赭麴毒素,,,合格,2026,3
21,3,伏馬毒素,,,合格,2026,3
21,4,T2毒素,,,合格,2026,3
21,5,玉米赤霉烯酮,,,合格,2026,3
21,6,嘔吐毒素,,,合格,2026,3
21,7,丁羥甲苯,,,合格,2026,3
21,8,丁羥甲醚,,,合格,2026,3
21,9,衣索金,,,合格,2026,3
22,0,沙門氏桿菌,,,合格,2026,3
22,1,黃麴毒素,,,合格,2026,3
22,2,赭麴毒素,,,合格,2026,3
22,3,伏馬毒素,,,合格,2026,3
22,4,T2毒素,,,合格,2026,3
22,5,玉米赤霉烯酮,,,合格,2026,3
22,6,嘔吐毒素,,,合格,2026,3
22,7,三聚氰胺,,,合格,2026,3
23,0,病原性大腸桿菌,,,合格,2026,3
23,1,鉛,,,合格,2026,3
23,2,汞,,,合格,2026,3
23,3,鎘,,,合格,2026,3
23,4,砷,,,合格,2026,3
23,5,無機砷,,,合格,2026,3
24,0,沙門氏桿菌,,,合格,2026,3
24,1,產氣莢膜桿(梭)菌,,,合格,2026,3
24,2,丁羥甲苯,,,合格,2026,3
24,3,丁羥甲醚,,,合格,2026,3
24,4,衣索金,,,合格,2026,3
25,0,病原性大腸桿菌,,,合格,2026,3
25,1,黃麴毒素,,,合格,2026,3
25,2,赭麴毒素,,,合格,2026,3
25,3,伏馬毒素,,,合格,2026,3
25,4,T2毒素,,,合格,2026,3
25,5,玉米赤霉烯酮,,,合格,2026,3
25,6,嘔吐毒素,,,合格,2026,3
25,7,丙二醇,,,合格,2026,3
26,0,病原性大腸桿菌,,,合格,2026,3
26,1,鉛,,,合格,2026,3
26,2,汞,,,合格,2026,3
26,3,鎘,,,合格,2026,3
26,4,砷,,,合格,2026,3
26,5,無機砷,,,合格,2026,3
27,0,單核球增多性李斯特菌,,,合格,2026,3
27,1,黃麴毒素,,,合格,2026,3
27,2,赭麴毒素,,,合格,2026,3
27,3,伏馬毒素,,,合格,2026,3
27,4,T2毒素,,,合格,2026,3
27,5,玉米赤霉烯酮,,,合格,2026,3
27,6,嘔吐毒素,,,合格,2026,3
28,0,產氣莢膜桿(梭)菌,,,合格,2026,3
28,1,鉛,,,合格,2026,3
28,2,汞,,,合格,2026,3
28,3,鎘,,,合格,2026,3
28,4,砷,,,合格,2026,3
28,5,無機砷,,,合格,2026,3
29,0,沙門氏桿菌,,,合格,2026,3
29,1,亞硝酸鹽(NO2-),,,合格,2026,3
29,2,丙二醇,,,合格,2026,3
30,0,單核球增多性李斯特菌,,,合格,2026,3
30,1,鉛,,,合格,2026,3
30,2,汞,,,合格,2026,3
30,3,鎘,,,合格,2026,3
30,4,砷,,,合格,2026,3
30,5,三聚氰胺,,,合格,2026,3
31,0,產氣莢膜桿(梭)菌,,,合格,2026,3
31,1,病原性大腸桿菌,,,合格,2026,3
31,2,黃麴毒素,,,合格,2026,3
31,3,赭麴毒素,,,合格,2026,3
31,4,伏馬毒素,,,合格,2026,3
31,5,T2毒素,,,合格,2026,3
31,6,玉米赤霉烯酮,,,合格,2026,3
31,7,嘔吐毒素,,,合格,2026,3
32,0,產氣莢膜桿(梭)菌,,,合格,2026,3
32,1,鉛,,,合格,2026,3
32,2,汞,,,合格,2026,3
32,3,鎘,,,合格,2026,3
32,4,砷,,,合格,2026,3
33,0,單核球增多性李斯特菌,,,合格,2026,3
33,1,丁羥甲苯,,,合格,2026,3
33,2,丁羥甲醚,,,合格,2026,3
33,3,衣索金,,,合格,2026,3
34,0,病原性大腸桿菌,,,合格,2026,3
34,1,黃麴毒素,,,合格,2026,3
34,2,赭麴毒素,,,合格,2026,3
34,3,伏馬毒素,,,合格,2026,3
34,4,T2毒素,,,合格,2026,3
34,5,玉米赤霉烯酮,,,合格,2026,3
34,6,嘔吐毒素,,,合格,2026,3
34,7,三聚氰胺,,,合格,2026,3
35,0,沙門氏桿菌,,,合格,2026,3
35,1,產氣莢膜桿(梭)菌,,,合格,2026,3
35,2,丁羥甲苯,,,合格,2026,3
35,3,丁羥甲醚,,,合格,2026,3
35,4,衣索金,,,合格,2026,3
36,0,單核球增多性李斯特菌,,,合格,2026,3
36,1,產氣莢膜桿(梭)菌,,,合格,2026,3
36,2,亞硝酸鹽(NO2-),,,合格,2026,3
36,3,鉛,,,合格,2026,3
36,4,汞,,,合格,2026,3
36,5,鎘,,,合格,2026,3
36,6,砷(換算水分12%之砷含量),,,合格,2026,3
37,0,單核球增多性李斯特菌,,,合格,2026,3
37,1,沙門氏桿菌,,,合格,2026,3
37,2,產氣莢膜桿(梭)菌,,,合格,2026,3
37,3,病原性大腸桿菌,,,合格,2026,3
37,4,亞硝酸鹽(NO2-),,,合格,2026,3
37,5,鉛,,,合格,2026,3
37,6,汞,,,合格,2026,3
37,7,鎘,,,合格,2026,3
37,8,砷,,,合格,2026,3
37,9,黃麴毒素,,,合格,2026,3
37,10,赭麴毒素,,,合格,2026,3
37,11,伏馬毒素,,,合格,2026,3
37,12,T2毒素,,,合格,2026,3
37,13,玉米赤霉烯酮,,,合格,2026,3
37,14,嘔吐毒素,,,合格,2026,3
37,15,丁羥甲苯,,,合格,2026,3
37,16,丁羥甲醚,,,合格,2026,3
37,17,丙二醇,,,合格,2026,3
37,18,衣索金,,,合格,2026,3
37,19,阿特靈,,,合格,2026,3
37,20,蟲必死,,,合格,2026,3
37,21,滴滴涕,,,合格,2026,3
37,22,地特靈,,,合格,2026,3
37,23,安特靈,,,合格,2026,3
37,24,飛佈達,,,合格,2026,3
37,25,三聚氰胺,,,合格,2026,3
38,0,單核球增多性李斯特菌,,,合格,2026,3
38,1,沙門氏桿菌,,,合格,2026,3
38,2,產氣莢膜桿(梭)菌,,,合格,2026,3
38,3,病原性大腸桿菌,,,合格,2026,3
38,4,亞硝酸鹽(NO2-),,,合格,2026,3
38,5,鉛,,,合格,2026,3
38,6,汞,,,合格,2026,3
38,7,鎘,,,合格,2026,3
38,8,砷(換算水分12%之砷含量),,,合格,2026,3
38,9,無機砷,,,合格,2026,3
38,10,黃麴毒素,,,合格,2026,3
38,11,赭麴毒素,,,合格,2026,3
38,12,伏馬毒素,,,合格,2026,3
38,13,T2毒素,,,合格,2026,3
38,14,玉米赤霉烯酮,,,合格,2026,3
38,15,嘔吐毒素,,,合格,2026,3
38,16,丁羥甲苯,,,合格,2026,3
38,17,丁羥甲醚,,,合格,2026,3
38,18,丙二醇,,,合格,2026,3
38,19,衣索金,,,合格,2026,3
38,20,阿特靈,,,合格,2026,3
38,21,蟲必死,,,合格,2026,3
38,22,滴滴涕,,,合格,2026,3
38,23,地特靈,,,合格,2026,3
38,24,安特靈,,,合格,2026,3
38,25,飛佈達,,,合格,2026,3
38,26,三聚氰胺,,,合格,2026,3
39,0,單核球增多性李斯特菌,,,合格,2026,3
39,1,沙門氏桿菌,,,合格,2026,3
39,2,產氣莢膜桿(梭)菌,,,合格,2026,3
39,3,病原性大腸桿菌,,,合格,2026,3
39,4,亞硝酸鹽(NO2-),,,合格,2026,3
39,5,鉛,,,合格,2026,3
39,6,汞,,,合格,2026,3
39,7,鎘,,,合格,2026,3
39,8,砷(換算水分12%之砷含量),,,合格,2026,3
39,9,無機砷,,,合格,2026,3
39,10,黃麴毒素,,,合格,2026,3
39,11,赭麴毒素,,,合格,2026,3
39,12,伏馬毒素,,,合格,2026,3
39,13,T2毒素,,,合格,2026,3
39,14,玉米赤霉烯酮,,,合格,2026,3
39,15,嘔吐毒素,,,合格,2026,3
39,16,丁羥甲苯,,,合格,2026,3
39,17,丁羥甲醚,,,合格,2026,3
39,18,丙二醇,,,合格,2026,3
39,19,衣索金,,,合格,2026,3
39,20,阿特靈,,,合格,2026,3
39,21,蟲必死,,,合格,2026,3
39,22,滴滴涕,,,合格,2026,3
39,23,地特靈,,,合格,2026,3
39,24,安特靈,,,合格,2026,3
39,25,飛佈達,,,合格,2026,3
39,26,三聚氰胺,,,合格,2026,3
40,0,沙門氏桿菌,,,合格,2026,3
40,1,病原性大腸桿菌,,,合格,2026,3
41,0,單核球增多性李斯特菌,,,合格,2026,3
42,0,單核球增多性李斯特菌,,,合格,2026,3
42,1,沙門氏桿菌,,,合格,2026,3
42,2,產氣莢膜桿(梭)菌,,,合格,2026,3
42,3,病原性大腸桿菌,,,合格,2026,3
42,4,黃麴毒素,,,合格,2026,3
42,5,黃麴毒素 B2,,,合格,2026,3
42,6,赭麴毒素,,,合格,2026,3
42,7,伏馬毒素,,,合格,2026,3
42,8,T2毒素,,,合格,2026,3
42,9,玉米赤霉烯酮,,,合格,2026,3
42,10,嘔吐毒素,,,合格,2026,3
0,0,玉米赤霉烯酮,,,合格,2026,4
0,1,伏馬毒素,,,合格,2026,4
0,2,嘔吐毒素,,,合格,2026,4
0,3,黃麴毒素,,,合格,2026,4
0,4,赭麴毒素,,,合格,2026,4
0,5,T2毒素,,,合格,2026,4
0,6,亞硝酸鈉,,,合格,2026,4
0,7,致病性大腸桿菌,,,合格,2026,4
1,0,汞,,,合格,2026,4
1,1,總砷(換算水分12%之砷含量),,,合格,2026,4
1,2,無機砷(換算水分12%之砷含量),,,合格,2026,4
1,3,鉛,,,合格,2026,4
1,4,鎘,,,合格,2026,4
2,0,汞,,,合格,2026,4
2,1,總砷(換算水分12%之砷含量),,,不合格,2026,4
2,2,無機砷(換算水分12%之砷含量),,,合格,2026,4
2,3,鉛,,,合格,2026,4
2,4,鎘,,,合格,2026,4
3,0,汞,,,合格,2026,4
3,1,總砷(換算水分12%之砷含量),,,合格,2026,4
3,2,無機砷(換算水分12%之砷含量),,,合格,2026,4
3,3,鉛,,,合格,2026,4
3,4,鎘,,,合格,2026,4
3,5,亞硝酸鈉,,,合格,2026,4
3,6,產氣莢膜梭菌,,,合格,2026,4
4,0,沙門氏菌,,,合格,2026,4
4,1,李斯特菌,,,合格,2026,4
4,2,蟲必死,,,合格,2026,4
4,3,滴滴涕,,,合格,2026,4
4,4,飛佈達,,,合格,2026,4
4,5,阿特靈,,,合格,2026,4
4,6,地特靈,,,合格,2026,4
4,7,安特靈,,,合格,2026,4
5,0,玉米赤霉烯酮,,,合格,2026,4
5,1,伏馬毒素,,,合格,2026,4
5,2,嘔吐毒素,,,合格,2026,4
5,3,黃麴毒素,,,合格,2026,4
5,4,赭麴毒素,,,合格,2026,4
5,5,T2毒素,,,合格,2026,4
5,6,無機砷(換算水分12%之砷含量),,,合格,2026,4
5,7,沙門氏菌,,,合格,2026,4
6,0,汞,,,合格,2026,4
6,1,總砷(換算水分12%之砷含量),,,合格,2026,4
6,2,無機砷(換算水分12%之砷含量),,,合格,2026,4
6,3,鉛,,,合格,2026,4
6,4,鎘,,,合格,2026,4
7,0,汞,,,合格,2026,4
7,1,總砷(換算水分12%之砷含量),,,合格,2026,4
7,2,無機砷(換算水分12%之砷含量),,,合格,2026,4
7,3,鉛,,,合格,2026,4
7,4,鎘,,,合格,2026,4
8,0,汞,,,合格,2026,4
8,1,總砷(換算水分12%之砷含量),,,合格,2026,4
8,2,無機砷(換算水分12%之砷含量),,,合格,2026,4
8,3,鉛,,,合格,2026,4
8,4,鎘,,,合格,2026,4
9,0,汞,,,合格,2026,4
9,1,總砷(換算水分12%之砷含量),,,合格,2026,4
9,2,無機砷(換算水分12%之砷含量),,,合格,2026,4
9,3,鉛,,,合格,2026,4
9,4,鎘,,,合格,2026,4
10,0,汞,,,合格,2026,4
10,1,總砷(換算水分12%之砷含量),,,合格,2026,4
10,2,無機砷(換算水分12%之砷含量),,,合格,2026,4
10,3,鉛,,,合格,2026,4
10,4,鎘,,,合格,2026,4
11,0,汞,,,合格,2026,4
11,1,總砷(換算水分12%之砷含量),,,合格,2026,4
11,2,無機砷(換算水分12%之砷含量),,,合格,2026,4
11,3,鉛,,,合格,2026,4
11,4,鎘,,,合格,2026,4
12,0,汞,,,合格,2026,4
12,1,總砷(換算水分12%之砷含量),,,合格,2026,4
12,2,無機砷(換算水分12%之砷含量),,,合格,2026,4
12,3,鉛,,,合格,2026,4
12,4,鎘,,,合格,2026,4
13,0,汞,,,合格,2026,4
13,1,總砷(換算水分12%之砷含量),,,合格,2026,4
13,2,無機砷(換算水分12%之砷含量),,,合格,2026,4
13,3,鉛,,,合格,2026,4
13,4,鎘,,,合格,2026,4
14,0,汞,,,合格,2026,4
14,1,總砷(換算水分12%之砷含量),,,不合格,2026,4
14,2,無機砷(換算水分12%之砷含量),,,合格,2026,4
14,3,鉛,,,合格,2026,4
14,4,鎘,,,合格,2026,4
15,0,汞,,,合格,2026,4
15,1,總砷(換算水分12%之砷含量),,,合格,2026,4
15,2,無機砷(換算水分12%之砷含量),,,合格,2026,4
15,3,鉛,,,合格,2026,4
15,4,鎘,,,合格,2026,4
16,0,汞,,,合格,2026,4
16,1,砷,,,合格,2026,4
16,2,無機砷(換算水分12%之砷含量),,,合格,2026,4
16,3,鉛,,,合格,2026,4
16,4,鎘,,,合格,2026,4
17,0,汞,,,合格,2026,4
17,1,總砷(換算水分12%之砷含量),,,合格,2026,4
17,2,無機砷(換算水分12%之砷含量),,,合格,2026,4
17,3,鉛,,,合格,2026,4
17,4,鎘,,,合格,2026,4
18,0,汞,,,合格,2026,4
18,1,總砷(換算水分12%之砷含量),,,合格,2026,4
18,2,無機砷(換算水分12%之砷含量),,,合格,2026,4
18,3,鉛,,,合格,2026,4
18,4,鎘,,,合格,2026,4
19,0,汞,,,合格,2026,4
19,1,總砷(換算水分12%之砷含量),,,合格,2026,4
19,2,無機砷(換算水分12%之砷含量),,,合格,2026,4
19,3,鉛,,,合格,2026,4
19,4,鎘,,,合格,2026,4
20,0,汞,,,合格,2026,4
20,1,總砷(換算水分12%之砷含量),,,合格,2026,4
20,2,無機砷(換算水分12%之砷含量),,,合格,2026,4
20,3,鉛,,,合格,2026,4
20,4,鎘,,,合格,2026,4
21,0,汞,,,合格,2026,4
21,1,總砷(換算水分12%之砷含量),,,合格,2026,4
21,2,無機砷(換算水分12%之砷含量),,,合格,2026,4
21,3,鉛,,,合格,2026,4
21,4,鎘,,,合格,2026,4
22,0,汞,,,合格,2026,4
22,1,總砷(換算水分12%之砷含量),,,合格,2026,4
22,2,無機砷(換算水分12%之砷含量),,,合格,2026,4
22,3,鉛,,,合格,2026,4
22,4,鎘,,,合格,2026,4
23,0,汞,,,合格,2026,4
23,1,總砷(換算水分12%之砷含量),,,合格,2026,4
23,2,無機砷(換算水分12%之砷含量),,,合格,2026,4
23,3,鉛,,,合格,2026,4
23,4,鎘,,,合格,2026,4
24,0,汞,,,合格,2026,4
24,1,總砷(換算水分12%之砷含量),,,合格,2026,4
24,2,無機砷(換算水分12%之砷含量),,,合格,2026,4
24,3,鉛,,,合格,2026,4
24,4,鎘,,,合格,2026,4
25,0,汞,,,合格,2026,4
25,1,總砷(換算水分12%之砷含量),,,合格,2026,4
25,2,無機砷(換算水分12%之砷含量),,,合格,2026,4
25,3,鉛,,,合格,2026,4
25,4,鎘,,,合格,2026,4
26,0,汞,,,合格,2026,4
26,1,總砷(換算水分12%之砷含量),,,合格,2026,4
26,2,無機砷(換算水分12%之砷含量),,,合格,2026,4
26,3,鉛,,,合格,2026,4
26,4,鎘,,,合格,2026,4
27,0,汞,,,合格,2026,4
27,1,總砷(換算水分12%之砷含量),,,合格,2026,4
27,2,無機砷(換算水分12%之砷含量),,,合格,2026,4
27,3,鉛,,,合格,2026,4
27,4,鎘,,,合格,2026,4
28,0,汞,,,合格,2026,4
28,1,總砷(換算水分12%之砷含量),,,合格,2026,4
28,2,無機砷(換算水分12%之砷含量),,,合格,2026,4
28,3,鉛,,,合格,2026,4
28,4,鎘,,,合格,2026,4
29,0,汞,,,合格,2026,4
29,1,總砷(換算水分12%之砷含量),,,合格,2026,4
29,2,無機砷(換算水分12%之砷含量),,,合格,2026,4
29,3,鉛,,,合格,2026,4
29,4,鎘,,,合格,2026,4
30,0,汞,,,合格,2026,4
30,1,總砷(換算水分12%之砷含量),,,合格,2026,4
30,2,無機砷(換算水分12%之砷含量),,,合格,2026,4
30,3,鉛,,,合格,2026,4
30,4,鎘,,,合格,2026,4
31,0,汞,,,合格,2026,4
31,1,總砷(換算水分12%之砷含量),,,不合格,2026,4
31,2,無機砷(換算水分12%之砷含量),,,合格,2026,4
31,3,鉛,,,合格,2026,4
31,4,鎘,,,合格,2026,4
32,0,汞,,,合格,2026,4
32,1,總砷(換算水分12%之砷含量),,,合格,2026,4
32,2,無機砷(換算水分12%之砷含量),,,合格,2026,4
32,3,鉛,,,合格,2026,4
32,4,鎘,,,合格,2026,4
33,0,汞,,,合格,2026,4
33,1,總砷(換算水分12%之砷含量),,,合格,2026,4
33,2,無機砷(換算水分12%之砷含量),,,合格,2026,4
33,3,鉛,,,合格,2026,4
33,4,鎘,,,合格,2026,4
34,0,汞,,,合格,2026,4
34,1,總砷(換算水分12%之砷含量),,,合格,2026,4
34,2,無機砷(換算水分12%之砷含量),,,合格,2026,4
34,3,鉛,,,合格,2026,4
34,4,鎘,,,合格,2026,4
35,0,汞,,,合格,2026,4
35,1,總砷(換算水分12%之砷含量),,,合格,2026,4
35,2,無機砷(換算水分12%之砷含量),,,合格,2026,4
35,3,鉛,,,合格,2026,4
35,4,鎘,,,合格,2026,4
36,0,汞,,,合格,2026,4
36,1,總砷(換算水分12%之砷含量),,,合格,2026,4
36,2,無機砷(換算水分12%之砷含量),,,合格,2026,4
36,3,鉛,,,合格,2026,4
36,4,鎘,,,合格,2026,4
37,0,汞,,,合格,2026,4
37,1,總砷(換算水分12%之砷含量),,,合格,2026,4
37,2,無機砷(換算水分12%之砷含量),,,合格,2026,4
37,3,鉛,,,合格,2026,4
37,4,鎘,,,合格,2026,4
38,0,汞,,,合格,2026,4
38,1,總砷(換算水分12%之砷含量),,,合格,2026,4
38,2,無機砷(換算水分12%之砷含量),,,合格,2026,4
38,3,鉛,,,合格,2026,4
38,4,鎘,,,合格,2026,4
39,0,汞,,,合格,2026,4
39,1,總砷(換算水分12%之砷含量),,,合格,2026,4
39,2,無機砷(換算水分12%之砷含量),,,合格,2026,4
39,3,鉛,,,合格,2026,4
39,4,鎘,,,合格,2026,4
40,0,汞,,,合格,2026,4
40,1,總砷(換算水分12%之砷含量),,,合格,2026,4
40,2,無機砷(換算水分12%之砷含量),,,合格,2026,4
40,3,鉛,,,合格,2026,4
40,4,鎘,,,合格,2026,4
41,0,汞,,,合格,2026,4
41,1,總砷(換算水分12%之砷含量),,,合格,2026,4
41,2,無機砷(換算水分12%之砷含量),,,合格,2026,4
41,3,鉛,,,合格,2026,4
41,4,鎘,,,合格,2026,4
42,0,汞,,,合格,2026,4
42,1,砷,,,合格,2026,4
42,2,無機砷(換算水分12%之砷含量),,,合格,2026,4
42,3,鉛,,,合格,2026,4
42,4,鎘,,,合格,2026,4
43,0,玉米赤霉烯酮,,,合格,2026,4
43,1,伏馬毒素,,,合格,2026,4
43,2,嘔吐毒素,,,合格,2026,4
43,3,黃麴毒素 B1,,,合格,2026,4
43,4,赭麴毒素,,,合格,2026,4
43,5,T2毒素,,,合格,2026,4
43,6,汞,,,合格,2026,4
43,7,總砷(換算水分12%之砷含量),,,合格,2026,4
43,8,無機砷(換算水分12%之砷含量),,,合格,2026,4
43,9,鉛,,,合格,2026,4
43,10,鎘,,,合格,2026,4
44,0,汞,,,合格,2026,4
44,1,總砷(換算水分12%之砷含量),,,合格,2026,4
44,2,無機砷(換算水分12%之砷含量),,,合格,2026,4
44,3,鉛,,,合格,2026,4
44,4,鎘,,,合格,2026,4
45,0,汞,,,合格,2026,4
45,1,總砷(換算水分12%之砷含量),,,合格,2026,4
45,2,無機砷(換算水分12%之砷含量),,,合格,2026,4
45,3,鉛,,,合格,2026,4
45,4,鎘,,,合格,2026,4
46,0,汞,,,合格,2026,4
46,1,總砷(換算水分12%之砷含量),,,合格,2026,4
46,2,無機砷(換算水分12%之砷含量),,,合格,2026,4
46,3,鉛,,,合格,2026,4
46,4,鎘,,,合格,2026,4
47,0,汞,,,合格,2026,4
47,1,砷,,,合格,2026,4
47,2,無機砷(換算水分12%之砷含量),,,合格,2026,4
47,3,鉛,,,合格,2026,4
47,4,鎘,,,合格,2026,4
48,0,汞,,,合格,2026,4
48,1,總砷(換算水分12%之砷含量),,,合格,2026,4
48,2,無機砷(換算水分12%之砷含量),,,合格,2026,4
48,3,鉛,,,合格,2026,4
48,4,鎘,,,合格,2026,4
49,0,汞,,,合格,2026,4
49,1,總砷(換算水分12%之砷含量),,,合格,2026,4
49,2,無機砷(換算水分12%之砷含量),,,合格,2026,4
49,3,鉛,,,合格,2026,4
49,4,鎘,,,合格,2026,4
50,0,沙門氏菌,,,合格,2026,4
50,1,致病性大腸桿菌,,,合格,2026,4
50,2,產氣莢膜梭菌,,,合格,2026,4
50,3,李斯特菌,,,合格,2026,4
