TotalCount,ESort,Year,Month,ExamDate,CountyName,ExamNo,ExamName,Suitable,ItemType,MFDate,EXPDate,CompanyName
1232,0,2024,1,2024.01.08,臺中市動物保護防疫處,113DU-AC-00001,葛莉絲CAT CARE 海洋口味[SP001]，產品類型：乾糧，產地：台灣,貓,乾糧,2023.10.30,2025.04.29,福壽實業股份有限公司
1232,1,2024,1,2024.01.08,臺中市動物保護防疫處,113DU-AC-00002,健康紀元貓食 泌尿道健康照護配方[SP004]，產品類型：乾糧，產地：台灣,貓,乾糧,2023.07.20,2025.01.19,福壽實業股份有限公司
1232,2,2024,1,2024.01.08,臺中市動物保護防疫處,113DU-AD-00001,博士巧思成犬專業配方[SP002]，產品類型：乾糧，產地：台灣,狗,乾糧,2023.07.21,2025.01.20,福壽實業股份有限公司
1232,3,2024,1,2024.01.08,臺中市動物保護防疫處,113DU-AD-00002,博士巧思幼犬專業配方[SP003]，產品類型：乾糧，產地：台灣,狗,乾糧,2023.06.14,2024.12.13,福壽實業股份有限公司
1232,4,2024,1,2024.01.08,臺中市動物保護防疫處,113DU-AD-00003,博士巧思低過敏專業配方[SP005]，產品類型：乾糧，產地：台灣,狗,乾糧,2023.10.13,2025.04.12,福壽實業股份有限公司
1232,5,2024,1,2024.01.11,高雄市動物保護處,113DU-ADC-00001,化骨雞腿-馬鈴薯雞腿[WP001]，產品類型：零食，產地：台灣,狗貓,零食,2023.11.02,2024.11.01,正成寵物有限公司
1232,6,2024,1,2024.01.11,高雄市動物保護處,113DU-ADC-00002,化骨雞腿-南瓜雞腿[WP002]，產品類型：零食，產地：台灣,狗貓,零食,2023.10.27,2024.10.26,正成寵物有限公司
1232,7,2024,1,2024.01.11,高雄市動物保護處,113DU-ADC-00003,化骨雞腿-紅蘿蔔雞腿[WP003]，產品類型：零食，產地：台灣,狗貓,零食,2023.12.20,2024.12.19,正成寵物有限公司
1232,8,2024,1,2024.01.11,高雄市動物保護處,113DU-ADC-00004,化骨雞腿-地瓜雞腿[WP004]，產品類型：零食，產地：台灣,狗貓,零食,2023.10.03,2024.10.02,正成寵物有限公司
1232,9,2024,1,2024.01.11,高雄市動物保護處,113DU-ADC-00005,化骨雞腿-鵪鶉蛋雞腿[WP005]，產品類型：零食，產地：台灣,狗貓,零食,2023.11.28,2024.11.27,正成寵物有限公司
1232,10,2024,1,2024.01.18,屏東縣政府農業處動保科,113DU-AD-00008,南方狗飼料[MP001]，產品貨號/批號：1121214，產品類型：乾糧，產地：台灣,狗,乾糧,1121214,3個月,德亨工業股份有限公司
1232,11,2024,1,2024.01.18,屏東縣政府農業處動保科,113DU-AD-00009,原野鮮雞凍晶寵糧[MP005]，產品貨號/批號：4710792620732/20231102，產品類型：乾糧，產地：台灣,狗,乾糧,2023.12.18,2025.06.17,食尚好國際企業有限公司
1232,12,2024,1,2024.01.18,屏東縣政府農業處動保科,113DU-ADC-00006,南南鹿香鬆[MP002]，產品貨號/批號：4710792620602/20231218，產品類型：零食，產地：台灣,狗貓,零食,2023.11.30,2025.05.29,食尚好國際企業有限公司
1232,13,2024,1,2024.01.18,屏東縣政府農業處動保科,113DU-ADC-00007,慢燉羊肉[MP003]，產品貨號/批號：4710792620831/20231130，產品類型：濕糧，產地：台灣,狗貓,濕糧,2023.12.28,2025.06.27,食尚好國際企業有限公司
1232,14,2024,1,2024.01.18,屏東縣政府農業處動保科,113DU-ADC-00008,爆毛鱉蛋雞肉條[MP004]，產品貨號/批號：4710792620527/20231228，產品類型：零食，產地：台灣,狗貓,零食,2023.11.02,2025.05.01,食尚好國際企業有限公司
1232,15,2024,1,2024.01.22,新北市動物保護處,113DU-AD-00010,赫緻低溫風乾健康糧《單一純肉.無骨羊肉》2lbs [AP001]，產品貨號/批號：EZD02#20231121-BS-Z，產品類型：乾糧，產地：台灣,狗,乾糧,-,2025.06.14,珍食堡實業股份有限公司
1232,16,2024,1,2024.01.22,新北市動物保護處,113DU-AD-00011,(火雞優多)艾富鮮-火雞筋條 (75g±5%*10包入) [AP002]，產品貨號/批號：LOT250.A，產品類型：零食，產地：越南,狗,零食,-,2025.09.08,珍食堡實業股份有限公司
1232,17,2024,1,2024.01.22,新北市動物保護處,113DU-AD-00012,TR1雞腿肉片(100g±5%) [AP003]，產品貨號/批號：#20220826-CH-H，產品類型：零食，產地：台灣,狗,零食,2023.01.17,2024.07.16,珍食堡實業股份有限公司
1232,18,2024,1,2024.01.22,新北市動物保護處,113DU-AD-00013,TR93 鵝肝六角小香腸(180g±5%) [AP004]，產品貨號/批號：#20230303-CH-U，產品類型：零食，產地：台灣,狗,零食,2024.01.05,2025.07.04,珍食堡實業股份有限公司
1232,19,2024,1,2024.01.22,新北市動物保護處,113DU-AD-00014,TR30 鴨肝夾心雞肉條(160g±5%) [AP005]，產品貨號/批號：#20230303-CH-U，產品類型：零食，產地：台灣,狗,零食,2023.10.31,2025.04.30,珍食堡實業股份有限公司
1232,20,2024,1,2024.01.23,臺南市動物防疫保護處,113DU-AC-00003,LV藍帶無穀濃縮天然貓糧[UP002]，產品貨號/批號：MFG 27.10.2023，產品類型：乾糧，產地：台灣,貓,乾糧,2023.10.27,2025.04.26,保生實業股份有限公司
1232,21,2024,1,2024.01.23,臺南市動物防疫保護處,113DU-AC-00004,威仕低過敏保健貓糧[UP003]，產品貨號/批號：2023.11.30，產品類型：乾糧，產地：台灣,貓,乾糧,2023.11.30,2024.11.29,遠達國際有限公司
1232,22,2024,1,2024.01.23,臺南市動物防疫保護處,113DU-AD-00004,斑尼菲LID無穀狗糧(原野羊肉+有機藍莓) [UP001]，產品貨號/批號：MFG 27.12.2023，產品類型：乾糧，產地：台灣,狗,乾糧,2023.12.27,2025.06.26,保生實業股份有限公司
1232,23,2024,1,2024.01.23,臺南市動物防疫保護處,113DU-AD-00005,威仕安心糧-牛肉風味(成犬齡適用) [UP004]，產品貨號/批號：2023.11.20，產品類型：乾糧，產地：台灣,狗,乾糧,2023.11.20,2024.11.19,遠達國際有限公司
1232,24,2024,1,2024.01.23,臺南市動物防疫保護處,113DU-AD-00006,寶多福-健康機能系列 無憂好心情配方(全齡犬) [UP005]，產品貨號/批號：2023.12.06，產品類型：乾糧，產地：台灣,狗,乾糧,2023.12.06,2024.12.04,統一企業股份有限公司
1232,25,2024,1,2024.01.26,桃園市動物保護處,113DU-AC-00005,陪心寵糧貓用海魚野莓口味[CP001]，產品貨號/批號：20230615，產品類型：乾糧，產地：台灣,貓,乾糧,2023.06.15,2024.12.14,唯寵股份有限公司
1232,26,2024,1,2024.01.26,桃園市動物保護處,113DU-AC-00006,陪心無穀低碳貓糧-鮮雞野莓口味[CP003]，產品貨號/批號：20231120，產品類型：乾糧，產地：台灣,貓,乾糧,2023.11.20,2025.05.19,唯寵股份有限公司
1232,27,2024,1,2024.01.26,桃園市動物保護處,113DU-AD-00007,陪心無穀低碳犬糧-雞肉鮮蔬口味[CP002]，產品貨號/批號：20230608，產品類型：乾糧，產地：台灣,狗,乾糧,2023.06.08,2024.12.07,唯寵股份有限公司
1232,28,2024,1,2024.01.26,桃園市動物保護處,113DU-AD-00015,陪心無穀低敏犬糧-魚肉鮮蔬口味[CP004]，產品貨號/批號：20230704，產品類型：乾糧，產地：台灣,狗,乾糧,2023.07.04,2025.01.03,唯寵股份有限公司
1232,29,2024,1,2024.01.26,桃園市動物保護處,113DU-AD-00016,陪心寵糧犬用羊肉鮮蔬口味[CP005]，產品貨號/批號：20230818，產品類型：乾糧，產地：台灣,狗,乾糧,2023.06.18,2025.02.17,唯寵股份有限公司
1232,30,2024,1,2024.01.30,彰化縣動物防疫所,113DU-AC-00007,優格®鮮肉佐餐凍乾-雞肉+鮭魚[GP001]，產品類型：零食，產地：台灣,貓,零食,-,2025.06.26,達欣生物科技股份有限公司
1232,31,2024,1,2024.01.30,彰化縣動物防疫所,113DU-AC-00008,Zimple呼嚕凍乾#1嫩雞柳[GP002]，產品類型：零食，產地：台灣,貓,零食,-,2025.01.19,達欣生物科技股份有限公司
1232,32,2024,1,2024.01.30,彰化縣動物防疫所,113DU-AC-00009,Chillpet敲派®佐餐開胃粉鮭魚(貓用)[GP003]，產品類型：乾糧，產地：台灣,貓,乾糧,-,2024.07.08,達欣生物科技股份有限公司
1232,33,2024,1,2024.01.30,彰化縣動物防疫所,113DU-AC-00010,Zimple呼嚕凍乾#2骰子牛[GP005]，產品類型：零食，產地：台灣,貓,零食,-,2024.08.15,達欣生物科技股份有限公司
1232,34,2024,1,2024.01.30,彰化縣動物防疫所,113DU-AD-00017,in+plus[GP004]，產品類型：營養補充品，產地：台灣,貓,營養補充品,-,2024.09.30,達欣生物科技股份有限公司
1232,0,2024,10,2024.10.09,屏東縣政府,113DU-DB-00014,卡尼生肉餐 牛肉生肉餐-犬貓生食[MP020]，產品貨號/批號：EXP2025.08.13，產品類型：濕糧，產地：台灣,狗貓,濕糧,-,2025.08.13,圓寵有限公司
1232,1,2024,10,2024.10.09,屏東縣政府,113DU-DB-00015,驕傲貓 貓犬共享鮭魚羊奶生肉凍乾主食餐[MP018]，產品貨號/批號：EXP2026.3.3，MFG2024.9.4，產品類型：乾糧，產地：泰國,狗貓,乾糧,2024.9.4,2026.3.3,輸入商:台灣愛邦仕實業有限公司
1232,2,2024,10,2024.10.09,屏東縣政府,113DU-DC-00004,B博士冰鮮生食-火雞食譜(貓用)[MP019]，產品貨號/批號：EXP2025.05.25，產品類型：濕糧，產地：澳洲,貓,濕糧,-,2025.05.25,進口商：嵩颺有限公司
1232,3,2024,10,2024.10.09,高雄市動物保護處,113DU-DB-00016,渴望新鮮鮪魚凍乾[WP034]，產品類型：零食，產地：台灣,狗貓,零食,2023.12.20,2025.12.19,加拿大渴望寵物食品股份有限公司
1232,4,2024,10,2024.10.09,高雄市動物保護處,113DU-DB-00017,渴望新鮮鮪魚佐白蝦凍乾[WP035]，產品類型：零食，產地：台灣,狗貓,零食,2023.06.07,2025.06.06,加拿大渴望寵物食品股份有限公司
1232,5,2024,10,2024.10.11,新北市政府動物保護防疫處,113DU-DD-00006,自然食寵鮮包-鴨肉配方 140g[AP052]，產品貨號/批號：2025.11.08，產品類型：濕糧，產地：台灣,狗,濕糧,-,2025.11.08,原合股份有限公司
1232,6,2024,10,2024.10.11,新北市政府動物保護防疫處,113DU-DD-00007,閃亮羊腿佐丁香魚鱉蛋 [AP053]，產品貨號/批號：2026.03.11，產品類型：濕糧，產地：台灣,狗,濕糧,-,2026.03.11,自力耕生股份有限公司
1232,7,2024,10,2024.10.15,臺中市動物保護防疫處,113DU-DC-00005,寵膳鮮味主食包(養腎保健配方)清燉鰹魚溏羊雞 [SP038]，產品貨號/批號：2025.11.2，產品類型：濕糧，產地：台灣,貓,濕糧,-,2025.11.02,樂健生活有限公司(委製商)
1232,8,2024,10,2024.10.15,臺中市動物保護防疫處,113DU-DD-00008,寵膳鮮味主食包(養腎護肝配方)鮪魚鱉蛋燉香鴨 [SP037]，產品貨號/批號：2025.11.5，產品類型：濕糧，產地：台灣,狗,濕糧,-,2025.11.05,樂健生活有限公司(委製商)
1232,9,2024,10,2024.10.15,新竹縣動物保護防疫所,113DU-DB-00018,卡尼生肉餐 牛肉生肉餐-犬貓生食[DP007]，產品貨號/批號：4710562770087，產品類型：濕糧，產地：台灣,狗貓,濕糧,-,2025.08.13,圓寵有限公司
1232,10,2024,10,2024.10.15,新竹縣動物保護防疫所,113DU-DB-00019,生鮮食肉骨餅(彩色均衡機能)[DP008]，產品類型：濕糧，產地：台灣,狗貓,濕糧,-,2025.04.25,法娃國際股份有限公司
1232,11,2024,10,2024.10.15,新竹縣動物保護防疫所,113DU-DC-00006,汪喵星球 貓用冷凍生食餐-無骨安心雞[DP006]，產品貨號/批號：4710345540388，產品類型：濕糧，產地：台灣,貓,濕糧,-,2024.10.24,自力耕生股份有限公司
1232,12,2024,10,2024.10.17,花蓮縣動植物防疫所,113DU-DB-00020,炙燒嫩雞腿[OP007]，產品貨號/批號：2024.02.21，產品類型：零食，產地：台灣,狗貓,零食,2024.02.21,2025.02.20,貓狗甜心數位科技有限公司
1232,13,2024,10,2024.10.17,花蓮縣動植物防疫所,113DU-DB-00021,牛肉丸串串[OP008]，產品貨號/批號：2024.01.09，產品類型：零食，產地：台灣,狗貓,零食,2024.01.09,2025.07.08,東森寵物雲股份有限公司
1232,14,2024,10,2024.10.17,花蓮縣動植物防疫所,113DU-DD-00009,奧力棒 嗑肉一番犬用鮮餐包 田園雞牛肉燉蔬食[OP006]，產品貨號/批號：2024.06.06，產品類型：濕糧，產地：台灣,狗,濕糧,2024.06.06,2025.12.05,東森寵物雲股份有限公司
1232,15,2024,10,2024.10.17,苗栗縣動物保護防疫所,113DU-DB-00022,卡尼生肉餐 羊肉生肉餐-犬貓生食[EP011]，產品貨號/批號：4710562770315，產品類型：濕糧，產地：台灣,狗貓,濕糧,-,2025.07.11,圓寵有限公司
1232,16,2024,10,2024.10.22,苗栗縣動物保護防疫所,113DU-DB-00023,卡尼生肉餐 鹿肉生肉餐-犬貓生食[EP012]，產品貨號/批號：4710562770094，產品類型：濕糧，產地：台灣,狗貓,濕糧,-,2025.07.17,圓寵有限公司
1232,17,2024,10,2024.10.22,苗栗縣動物保護防疫所,113DU-DD-00010,純粹吃肉肉 黃金雞[EP010]，產品貨號/批號：4710577540545，產品類型：濕糧，產地：台灣,狗,濕糧,2024.08,2025.08,寵愛有家股份有限公司
1232,18,2024,10,2024.10.22,苗栗縣動物保護防疫所,113DU-DD-00011,雞肉捲捲 鈣多多芝麻[EP013]，產品貨號/批號：4710577540170，產品類型：乾糧，產地：台灣,狗,乾糧,2024.09.02,2025.09.01,寵愛有家股份有限公司
1232,19,2024,10,2024.10.22,苗栗縣動物保護防疫所,113DU-DD-00012,田園哞哞牛[EP014]，產品貨號/批號：4710577540033，產品類型：乾糧，產地：台灣,狗,乾糧,2024.09.06,2025.09.05,寵愛有家股份有限公司
1232,20,2024,10,2024.10.22,苗栗縣動物保護防疫所,113DU-DD-00013,純粹吃肉肉 櫻桃鴨[EP015]，產品貨號/批號：4710577540569，產品類型：濕糧，產地：台灣,狗,濕糧,2024.08.22,2025.08.21,寵愛有家股份有限公司
1232,21,2024,10,2024.10.23,新竹市動物保護及防疫所,113DU-DB-00024,超越汪喵 蕃茄燒雞主食餐包[RP010]，產品貨號/批號：718005730308/PD314B06，產品類型：濕糧，產地：台灣,狗貓,濕糧,2023.05.31,2025.05.31,雅士魚有限公司
1232,22,2024,10,2024.10.23,新竹市動物保護及防疫所,113DU-DB-00025,奇啃保健雞腿-靈芝仙草舒晶亮[RP011]，產品貨號/批號：713361298011，產品類型：零食，產地：台灣,狗貓,零食,-,2025.08.01,勤翔國際股份有限公司
1232,23,2024,10,2024.10.23,新竹市動物保護及防疫所,113DU-DC-00007,汪喵星球-元氣牛佐鵪鶉蛋枸杞 [RP012]，產品貨號/批號：4710345541736，產品類型：濕糧，產地：台灣,貓,濕糧,-,2026.03.26,自力耕生股份有限公司
1232,24,2024,10,2024.10.29,南投縣家畜疾病防治所,113DU-DB-00026, BUTCH BLACK LABEL黑標[HP007]，產品貨號/批號：DOM 09/APR/2024 1026 3，產品類型：濕糧，產地：紐西蘭,狗,濕糧,2024.04.09,2025.01.08,進口商：新武國際有限公司
1232,25,2024,10,2024.10.29,南投縣家畜疾病防治所,113DU-DB-00027,汪享化骨雞腿[HP008]，產品貨號/批號：2023/12/25，產品類型：零食，產地：台灣,狗貓,零食,2023.12.25,2025.06.24,洽富實業股份有限公司
1232,26,2024,10,2024.10.29,南投縣家畜疾病防治所,113DU-DB-00028,鮮嫩牛肉堡佐歐風紅醬[HP009]，產品貨號/批號：2024.01.24，產品類型：濕糧，產地：台灣,狗貓,濕糧,2024.01.24,2025.07.24,鉅旺國際股份有限公司
1232,27,2024,10,2024.10.21,臺中市動物保護防疫處,241021DU001-01,生鮮食肉骨餅(彩色均衡機能)，產品類型：濕糧，產品貨號/批號：20250704，產地：台灣,狗貓,濕糧,-,2025.07.04,法娃國際股份有限公司
1232,28,2024,10,2024.10.21,臺中市動物保護防疫處,241021DU001-02,生鮮食肉骨餅(貓味專屬海陸餐)，產品類型：濕糧，產品貨號/批號：20250508，產地：台灣,貓,濕糧,-,2025.05.08,法娃國際股份有限公司
1232,29,2024,10,2024.10.21,臺中市動物保護防疫處,241021DU001-03,生鮮食肉骨棒(低敏新奇蛋白質機能)，產品類型：濕糧，產品貨號/批號：20250617，產地：台灣,狗貓,濕糧,-,2025.06.17,法娃國際股份有限公司
1232,30,2024,10,2024.10.21,臺中市動物保護防疫處,241021DU001-04,生鮮食肉骨棒(彩色均衡機能)，產品類型：濕糧，產品貨號/批號：20250925，產地：台灣,狗貓,濕糧,-,2025.09.25,法娃國際股份有限公司
1232,31,2024,10,2024.10.24,臺北市動物保護處,241024DU001-01,西莎時蘿焗烤菲力牛口味，產品貨號/批號：210224/210226，產品類型：濕糧，產地： 澳洲,狗,濕糧,2024.02.21,2026.02.21,台灣瑪氏股份有限公司
1232,0,2024,11,2024.11.22,嘉義縣家畜疾病防治所,113DU-BC-00048,喵愛餡-火烤嫩雞口味[JP016]，產品類型：零食，產地：泰國,貓,零食,,201025,進口商：台灣瑪氏股份有限公司
1232,1,2024,11,2024.11.22,嘉義縣家畜疾病防治所,113DU-BC-00049,生活良好貓用鱈魚蟹肉絲[JP018]，產品類型：零食，產地：日本,貓,零食,,25.07.16,進口商：台灣生活良好國際股份有限公司
1232,2,2024,11,2024.11.22,嘉義縣家畜疾病防治所,113DU-BD-00048,西莎蒸鮮包-成犬低脂雞肉口味[JP015]，產品類型：濕糧，產地：泰國,狗,濕糧,,20260615,進口商：台灣瑪氏股份有限公司
1232,3,2024,11,2024.11.22,嘉義縣家畜疾病防治所,113DU-BD-00049,葛莉思犬罐-牛肉口味[JP017]，產品類型：濕糧，產地：泰國,狗,濕糧,24.07.09,27.07.08,進口商：福壽實業股份有限公司
1232,4,2024,11,2024.11.22,嘉義縣家畜疾病防治所,113DU-BD-00050,生活良好犬用乳香牛肉球[JP019]，產品類型：零食，產地：日本,狗,零食,,2025.07,進口商：台灣生活良好國際股份有限公司
1232,5,2024,11,2024.11.26,新竹市動物保護防疫所,241126DU004-01,莫比自然食 雞肉＆米 幼貓/懷孕授乳貓配方[RP015]，產品類型：乾糧，產品貨號/批號：UT0601W32，產地：美國,貓,乾糧,2024.07.30,2026.01.29,進口商：博東客企業有限公司
1232,6,2024,11,2024.11.26,新竹市動物保護防疫所,241126DU004-02,芮格爾天然寵糧-體控/高齡貓-雞肉＆魚肉[RP016]，產品類型：乾糧，產地：美國,貓,乾糧,45800,45283,進口商：聯誠寵物有限公司
1232,7,2024,11,2024.11.26,新竹市動物保護防疫所,241126DU004-03,Canine Caviar卡維爾高機能犬糧-雞肉糙米[RP017]，產品類型：乾糧，產地：美國,狗,乾糧,20231201,20250601,進口商：竣百有限公司
1232,8,2024,11,2024.11.26,新竹市動物保護防疫所,241126DU004-04,小型離乳犬與母犬專用乾糧(ROYAL CANIN)[RP018]，產品類型：乾糧，產品貨號/批號：511715，產地：韓國,狗,乾糧,,12.06.25,進口商：台灣皇家寵物食品有限公司
1232,9,2024,11,2024.11.26,新竹市動物保護防疫所,241126DU004-05,柏萊富 功能性全齡 護膚亮毛配方(羊肉+糙米)[RP019]，產品類型：乾糧，產品貨號/批號：#OH-PFO-0002，產地：美國,狗,乾糧,,17-一月-2025,進口商：柏希菲克股份有限公司
1232,10,2024,11,2024.11.26,雲林縣動植物防疫所,241126DU005-01,博朗氏 幼母犬寵物乾糧 牛肉+海魚+蘋果[IP016]，產品類型：乾糧，產地：台灣,狗,乾糧,20240420,20251019,寶榮開發企業股份有限公司
1232,11,2024,11,2024.11.26,雲林縣動植物防疫所,241126DU005-02,博朗氏 挑嘴犬寵物乾糧 雞肉+牛肉+起司[IP017]，產品類型：乾糧，產地：台灣,狗,乾糧,20240919,20260318,寶榮開發企業股份有限公司
1232,12,2024,11,2024.11.26,雲林縣動植物防疫所,241126DU005-03,福壽喵喵貓食鮪魚口味[IP018]，產品類型：乾糧，產地：台灣,貓,乾糧,2024.11.05,2026.05.04,福壽實業股份有限公司
1232,13,2024,11,2024.11.26,雲林縣動植物防疫所,241126DU005-04,寶多福美食犬餐 成犬專用 雞肉口味[IP019]，產品類型：乾糧，產地：台灣,狗,乾糧,2024.08.21,2025.08.20,統一企業股份有限公司
1232,14,2024,11,2024.11.26,雲林縣動植物防疫所,241126DU005-05,多納結紮貓貓糧 海鮮牛肉口味[IP020]，產品類型：乾糧，產地：台灣,貓,乾糧,20240822,20260221,寶榮開發企業股份有限公司
1232,15,2024,11,2026.11.26,花蓮縣動植物防疫所,241126DU006-01,倍力斯愛犬狗糧410g 牛肉+蔬菜風味[OP009]，產品類型：濕糧，產品貨號/批號：2024.4.16，產地：台灣,狗,濕糧,2024.04.16,2027.04.15,昇鼎企業有限公司
1232,16,2024,11,2024.11.26,花蓮縣動植物防疫所,241126DU006-02,寵心出發-泥好 鮭山島[OP010]，產品類型：零食，產品貨號/批號：2026.10.14，產地：台灣,狗貓,零食,,2026.10.14,慶宇生技股份有限公司
1232,17,2024,11,2024.11.26,花蓮縣動植物防疫所,241126DU006-03,陪心搖搖奶昔貓主食罐 芝麻雞肉鮪紅藜[OP011]，產品類型：濕糧，產品貨號/批號：2024.8.9，產地：台灣,貓,濕糧,20240809,20270808,唯寵股份有限公司
1232,18,2024,11,2024.11.26,花蓮縣動植物防疫所,241126DU006-04,五行貓膳 紅罐[OP012]，產品類型：濕糧，產品貨號/批號：2024.1.16，產地：台灣,貓,濕糧,2024.01.16,2027.01.15,寶昕股份有限公司
1232,19,2024,11,2024.11.26,花蓮縣動植物防疫所,241126DU006-05,鮮味低脂牛肉厚片[OP013]，產品類型：零食，產品貨號/批號：2023.11.17，產地：台灣,狗,零食,2023.11.17,2025.11.16,We＆Them Enterprise Co.
1232,20,2024,11,2024.11.27,嘉義市政府,241127DU004-01,原點雞肉無穀全犬主食罐[TP010]，產品類型：濕糧，產地：美國,狗,濕糧,,2027.02.18,代理商:四季全球貿易股份有限公司
1232,21,2024,11,2024.11.27,嘉義市政府,241127DU004-02,Feline Natural嚴選羊肉鮮燉貓無穀主食罐 [TP011]，產品類型：濕糧，產地：紐西蘭,貓,濕糧,2024.05.02,2027.05.02,代理商:四季全球貿易股份有限公司
1232,22,2024,11,2024.11.27,嘉義市政府,241127DU004-03,Feline Natural羊+紐西蘭帝王鮭鮮燉貓無穀主食罐 [TP012]，產品類型：濕糧，產地：紐西蘭,貓,濕糧,2024.05.02,2027.05.02,代理商:四季全球貿易股份有限公司
1232,23,2024,11,2024.11.27,嘉義市政府,241127DU004-04,自然牧場鱈魚皮捲[TP013]，產品類型：零食，產地：紐西蘭,狗貓,零食,,2026.09.10,代理商:奧新美有限公司
1232,24,2024,11,2024.11.27,嘉義市政府,241127DU004-05,纖嚼無穀健齒棒S號(柑橘)[TP014]，產品類型：零食，產地：新加玻,狗,零食,,2026.08.04,代理商:澳新美有限公司
1232,25,2024,11,2024.11.29,新竹縣動物保護防疫所,241129DU001-01,咪歐乾貓糧-幼貓海洋魚1.1公斤[DP010]，產品貨號/批號：8850477001664，產品類型：乾糧，產地：泰國,貓,乾糧,2024.06.29,2025.12.29,進口商:好侶股份有限公司
1232,26,2024,11,2024.11.29,新竹縣動物保護防疫所,241129DU001-02,優格成幼犬 鮭魚+馬鈴薯[DP011]，產品貨號/批號：79830442365，產品類型：乾糧，產地：美國,狗,乾糧,JAN-30-2024,JUL-30-2025,進口商:艾澌克企業股份有限公司
1232,27,2024,11,2024.11.29,新竹縣動物保護防疫所,241129DU001-03,極光全齡犬無穀鮭魚&雪蟹[DP012]，產品貨號/批號：628719189054，產品類型：乾糧，產地：加拿大,狗,乾糧,,JAN-21-2026,進口商:邁迪飛貿易有限公司
1232,28,2024,11,2024.11.29,新竹縣動物保護防疫所,241129DU001-04,莫比S26鮭魚馬鈴薯全齡犬無穀食譜[DP013]，產品貨號/批號：4711366740054，產品類型：乾糧，產地：美國,狗,乾糧,2024.05.19,2025.11.18,進口商:博東客企業有限公司
1232,29,2024,11,2024.11.29,新竹縣動物保護防疫所,241129DU001-05,杜莎天然無穀寵糧-成貓亮毛配方-深海鮮魚[DP014]，產品貨號/批號：8002754100953，產品類型：乾糧，產地：義大利,貓,乾糧,2024.02.15,2025.08.15,進口商:裕昌寵物有限公司
1232,30,2024,11,2024.11.29,宜蘭縣動植物防疫所,241129DU002-01,原燒貓凍乾30g-鮪魚[BP017]，產品貨號/批號：2026.09.22，產品類型：零食，產地：台灣,貓,零食,2024.09.23,2026.09.22,王品寵物用品有限公司
1232,31,2024,11,2024.11.29,宜蘭縣動植物防疫所,241129DU002-02,歐A黑酵母貓用主食罐(鮪魚+鰹魚)[BP018]，產品貨號/批號：2026.11.15，產品類型：濕糧，產地：台灣,貓,濕糧,2023.11.16,2026.11.15,松桀企業社
1232,32,2024,11,2024.11.29,宜蘭縣動植物防疫所,241129DU002-03,舒芙狗鮭魚起司雞肉條[BP019]，產品貨號/批號：20260508，產品類型：零食，產地：台灣,狗,零食,2024.11.09,2026.05.08,台灣愛邦仕實業有限公司
1232,33,2024,11,2024.11.29,宜蘭縣動植物防疫所,241129DU002-04,健康對策減鹽鮮魚乾-正丁香魚[BP020]，產品貨號/批號：2026.10.15，產品類型：零食，產地：台灣,狗貓,零食,,2026.10.15,經思確有限公司
1232,34,2024,11,2024.11.29,宜蘭縣動植物防疫所,241129DU002-05,佳倍讚犬用鮮肉凍乾鯛魚片[BP021]，產品貨號/批號：2026.11.10，產品類型：零食，產地：台灣,狗,零食,2024.11.11,2026.11.10,王品寵物用品有限公司
1232,35,2024,11,2024.12.02,苗栗縣動物保護防疫所,241202DU002-01,LCB藍帶廚坊健康挑嘴貓糧-海洋魚配方1.2kg[EP018]，產品貨號/批號：4712013804976，產品類型：乾糧，產地：台灣,貓,乾糧,11.09.2024,10.03.2026,保生實業股份有限公司
1232,36,2024,11,2024.12.02,苗栗縣動物保護防疫所,241202DU002-02,什錦MIX貓食-特鮮銀魚口味[EP019]，產品貨號/批號：4710200703910，產品類型：乾糧，產地：台灣,貓,乾糧,2024.08.02,2025.08.01,福壽實業股份有限公司
1232,37,2024,11,2024.12.02,苗栗縣動物保護防疫所,241202DU002-03,皮特先生-成犬低敏皮毛照護配方[EP020]，產品貨號/批號：4710200707185，產品類型：乾糧，產地：台灣,狗,乾糧,2023.12.06,2025.06.05,沅豐企業有限公司
1232,38,2024,11,2024.12.02,苗栗縣動物保護防疫所,241202DU002-04,EXPERT艾思柏無穀犬食毛皮維護配方1.5kg[EP021]，產品貨號/批號：4710200706515，產品類型：乾糧，產地：台灣,狗,乾糧,2024.08.17,2026.02.16,福壽實業股份有限公司
1232,39,2024,11,2024.12.02,苗栗縣動物保護防疫所,241202DU002-05,吉妮斯成貓專用海鮮配方[EP022]，產品貨號/批號：4715635314106，產品類型：乾糧，產地：台灣,貓,乾糧,2024.11.04,2026.05.03,惟多有限公司
1232,40,2024,11,2024.11.11,彰化縣動物防疫所,113DU-BC-00040,Main Course每客思全營養主食罐-白身鮪魚+吻仔魚[GP019]，產品類型：濕糧，產地：泰國,貓,濕糧,2024.03.16,2027.03.15,進口商：台灣惜時有限公司
1232,41,2024,11,2024.11.12,雲林縣動植物防疫所,113DU-BC-00041,加好寶貓罐 精選沙丁魚大餐[IP014]，產品類型：濕糧，產地：泰國,貓,濕糧,23.06.21,26.06.21,進口商：好侶股份有限公司
1232,42,2024,11,2024.11.12,雲林縣動植物防疫所,113DU-BC-00042,咪歐超級主食罐 雞肉+鮭鮪鯖魚口味[IP015]，產品類型：濕糧，產地：泰國,貓,濕糧,23.09.11,26.09.11,進口商：好侶股份有限公司
1232,43,2024,11,2024.11.13,高雄市動物保護處,113DU-BB-00006,挪威藍躍鮭魚油(犬貓保健用)[WP038]，產品類型：營養補充品，產地：挪威,狗貓,營養補充品,,2027.10.11,進口商：亞寵國際商業管理顧問有限公司
1232,44,2024,11,2024.11.13,高雄市動物保護處,113DU-BC-00043,德國凱琳主食貓罐 雞肉+鮭魚+蔓越莓[WP037]，產品類型：濕糧，產地：德國,貓,濕糧,,2027.03.11,進口商：王品寵物用品有限公司
1232,45,2024,11,2024.11.13,高雄市動物保護處,113DU-BD-00041,Petio美味雞肉條 250g(短)[WP036]，產品類型：零食，產地：日本,狗,零食,,2025.07.31,進口商：韋民企業股份有限公司
1232,46,2024,11,2024.11.14,新北市政府動物保護防疫處,113DU-BB-00007,Litö Mon怪獸部落 無膠鮮肉煲 鰹魚塊[AP056]，產品貨號/批號：EXP 2026/09/17，產品類型：濕糧，產地：泰國,狗貓,濕糧,,2026.09.14,進口商：怪獸製造有限公司
1232,47,2024,11,2024.11.14,新北市政府動物保護防疫處,113DU-BD-00042,獸醫天然處方主食罐 犬用腎臟配方 FD-9033[AP054]，產品貨號/批號：Mar 2026，產品類型：濕糧，產地：塞爾維亞,狗,濕糧,,01-三月-2026,進口商：聯信寵物有限公司
1232,48,2024,11,2024.11.14,新北市政府動物保護防疫處,113DU-BD-00043,HALO嘿囉TM 成犬主食罐 無穀雞肉燉鮭魚丁[AP055]，產品貨號/批號：AUG 30 25，產品類型：濕糧，產地：美國,狗,濕糧,,AUG 30 25,進口商：盛貿寵物股份有限公司
1232,49,2024,11,2024.11.14,桃園市政府動物保護處,113DU-BB-00008,活膚益毛滴液[CP026]，產品貨號/批號：EXP2025.10.15，產品類型：營養補充品，產地：波蘭,狗貓,營養補充品,,2025.10.15,進口商：朝鴻國際有限公司
1232,50,2024,11,2024.11.14,桃園市政府動物保護處,113DU-BC-00044,凱迪歐幼貓代奶粉[CP025]，產品貨號/批號：C0704，產品類型：營養補充品，產地：義大利,貓,營養補充品,,01-二月-2027,進口商：朝鴻國際有限公司
1232,51,2024,11,2024.11.14,桃園市政府動物保護處,113DU-BC-00045,希爾思處方食品 貓用c/d全效[CP027]，產品貨號/批號：M0911613 MG 130，產品類型：處方食品，產地：美國,貓,處方食品,,12.2025,進口商：台灣希爾思寵物營養品有限公司
1232,52,2024,11,2024.11.14,屏東縣政府,113DU-BD-00044,聖萊西COCO Plus愛犬機能餐罐(鮮嫩雞肉+南瓜+番茄)[MP021]，產品貨號/批號：U3CKFJ961E PRO:2024.05.18/EXP:2027.05.17，產品類型：濕糧，產地：泰國,狗,濕糧,2024.05.18,2027.05.17,進口商：台灣惜時有限公司
1232,53,2024,11,2024.11.14,屏東縣政府,113DU-BD-00045,經典維齊(雞肉+火腿)[MP022]，產品貨號/批號：PRO:2023.01.19/EXP:2026.01.18，產品類型：濕糧，產地：泰國,狗,濕糧,2023.01.19,2026.01.18,進口商：竣百有限公司
1232,54,2024,11,2024.11.18,金門縣動植物防疫所,113DU-BC-00046,魔力寵糧-鮭魚雞肉佐南瓜[YP002]，產品貨號/批號：4711378029543，產品類型：乾糧，產地：美國,貓,乾糧,,25.03.12,進口商：寵愛國際行銷有限公司
1232,55,2024,11,2024.11.18,金門縣動植物防疫所,113DU-BD-00046,GOOTOE活力零食-雞胸軟肉條[YP001]，產品貨號/批號：4713077068847，產品類型：零食，產地：越南,狗,零食,2023.06.29,2024.12.28,進口商：珍食堡實業股份有限公司
1232,56,2024,11,2024.11.19,新竹市動物保護防疫所,113DU-BC-00047,妙喵14號片狀-鮪.雞肉[RP014]，產品貨號/批號：A01/カ，產品類型：濕糧，產地：日本,貓,濕糧,,2027.4.1,進口商：東盈實業(股)份有限公司
1232,57,2024,11,2024.11.19,新竹市動物保護防疫所,113DU-BD-00047,FORCANS護眼保健嚼片[RP013]，產品貨號/批號：EXP2026.JAN.28，產品類型：營養補充品，產地：韓國,狗,營養補充品,,2026.JAN.28,進口商：四季全球貿易股份有限公司
1232,58,2024,11,2024.11.26,臺南市動物防疫保護處,113DU-BC-00050,迷幻5號 美味馬肉+蒸南瓜200g[UP035]，產品貨號/批號：05.06.2027，產品類型：濕糧，產地：德國,貓,濕糧,,05.06.2027,進口商：壹士達寵物有限公司
1232,59,2024,11,2024.11.26,臺南市動物防疫保護處,113DU-BD-00051,SP PKLES 精緻羊肉80g[UP036]，產品貨號/批號：EXP28052027，產品類型：濕糧，產地：泰國,狗,濕糧,,28052027,進口商：壹士達寵物有限公司
1232,60,2024,11,2024.11.26,臺北市動物保護處,113DU-BC-00051,卡咪哇全齡貓-雞.鮪.米配方[VP011]，產品貨號/批號：12072025，產品類型：乾糧，產地：泰國,貓,乾糧,2024.01.12,2025.07.12,進口商：東盈實業股份有限公司
1232,61,2024,11,2024.11.26,臺北市動物保護處,113DU-BC-00052,食尚汪汪狗罐頭-鮮嫩雞肉[VP013]，產品貨號/批號：20270318，產品類型：濕糧，產地：泰國,狗,濕糧,,2027.03.18,進口商：八犬國際行銷有限公司
1232,62,2024,11,2024.11.26,臺北市動物保護處,113DU-BD-00052,Main Course每客思全營養主食罐(雞肉+牛肉)[VP012]，產品貨號/批號：20260724，產品類型：濕糧，產地：泰國,貓,濕糧,2023.07.25,2026.07.24,進口商：台灣惜時有限公司
1232,63,2024,11,2024.11.26,臺北市動物保護處,113DU-BD-00053,杜莎天然無穀寵糧-幼犬成長配方-鮮雞佐鴨-小顆粒[VP014]，產品貨號/批號：20250815，產品類型：乾糧，產地：義大利,狗,乾糧,2024.02.15,2025.08.15,進口商：裕昌寵物有限公司
1232,64,2024,11,2024.11.26,新竹縣動物保護防疫所,113DU-BD-00054,A Star亮白螺旋5星棒大包[DP009]，產品貨號/批號：885005312554，產品類型：零食，產地：新加玻,狗,零食,2024.09.03,2026.09.02,經銷商：台灣愛邦仕實業有限公司
1232,65,2024,11,2024.11.27,台東縣動物防疫所,113DU-BD-00055,猋牌高齡犬主食罐-牛肉[NP005]，產品貨號/批號：4717347000186，產品類型：濕糧，產地：紐西蘭,狗,濕糧,,20260227,進口商：雍立貿易股份有限公司
1232,66,2024,11,2024.11.27,台東縣動物防疫所,113DU-BD-00056,Vi Chi經典維齊(雞肉+起司)[NP006]，產品貨號/批號：4711942135212，產品類型：濕糧，產地：泰國,狗,濕糧,24.03.20,27.03.19,進口商：竣百有限公司
1232,67,2024,11,2024.11.27,嘉義市政府,113DU-BC-00053,貓倍麗成貓海洋魚高纖化毛[TP005]，產品類型：乾糧，產地：澳洲,貓,乾糧,,2025.10.08,進口商：雀巢股份有限公司
1232,68,2024,11,2024.11.27,嘉義市政府,113DU-BC-00054,貓倍麗成貓海鮮拼盤泌尿保健[TP006]，產品類型：乾糧，產地：澳洲,貓,乾糧,,2026.02.28,進口商：雀巢股份有限公司
1232,69,2024,11,2024.11.27,嘉義市政府,113DU-BC-00055,go!全方位天然糧-高肉量四種肉無穀全貓糧[TP007]，產品類型：乾糧，產地：加拿大,貓,乾糧,,2025.08.15,代理商：極寵有限公司
1232,70,2024,11,2024.11.27,嘉義市政府,113DU-BD-00057,無穀滋養火雞肉食譜[TP008]，產品類型：乾糧，產地：荷蘭,狗,乾糧,,2026.01.10,代理商：昱碩國際事業股份有限公司
1232,71,2024,11,2024.11.27,嘉義市政府,113DU-BD-00058,克瑞斯天然寵物食品無穀雞肉犬糧[TP009]，產品類型：乾糧，產地：加拿大,狗,乾糧,,2026.06.20,代理商：昱碩國際事業股份有限公司
1232,72,2024,11,2024.11.14,新北市政府動物保護防疫處,241114DU001-01,Karoko 羊肉成犬天然食品低過敏[AP057]，產品貨號/批號：MFG 2024.07.10 M 50/ EXP 2026.01.10 S 13，產品類型：乾糧，產地： 台灣,狗,乾糧,2024.07.10 M 50,2026.01.10 S 13,冠宸國際有限公司
1232,73,2024,11,2024.11.27,基隆市動物保護防疫處,241127DU002-01,起司潔牙嚼嚼棒[QP018]，產品貨號/批號：AM-111-50400MNR/製造20241003/有效20261002，產品類型：零食，產地：新加玻,狗,零食,2024.10.03,2026.10.02,台灣愛邦仕實業有限公司
1232,74,2024,11,2024.11.27,基隆市動物保護防疫處,241127DU002-02,A Star貓專用鱈魚膠原塊[QP019]，產品貨號/批號：20240304/20260303，產品類型：零食，產地：新加玻,貓,零食,2024.03.04,2026.03.03,台灣愛邦仕實業有限公司
1232,75,2024,11,2024.11.27,基隆市動物保護防疫處,241127DU002-03,雙效螺旋潔牙小棒棒腿[QP020]，產品貨號/批號：AM-124-200C07/製造20241002/有效20260401，產品類型：零食，產地：台灣,狗,零食,2024.10.02,2026.04.01,台灣愛邦仕實業有限公司
1232,76,2024,11,2024.09.04,台東縣動物防疫所,113DU-BC-00038,鮮一番-鮪魚+鮮蝦[NP004]，產品貨號/批號：4711481494030，產品類型：濕糧，產地：泰國,貓,濕糧,2023.12.15,2026.12.15,進口商：帝寶興業有限公司
1232,77,2024,11,2024.09.04,台東縣動物防疫所,113DU-BD-00039,強品-雞肉+牛肉風味[NP003]，產品貨號/批號：4711942130163，產品類型：濕糧，產地：泰國,狗,濕糧,2024.02.14,2027.02.13,進口商：竣百有限公司
1232,78,2024,11,2024.11.04,新北市,VP001,CIAO肉泥膏-鮪魚(包裝80g*2),貓,零食,-,2026.02.27,萬德福精品店
1232,79,2024,11,2024.11.04,新北市,VP002,CMG-D022無IN-牛肉塊(包裝800g）,犬,零食,-,2025.09.30,八犬國際行銷有限公司
1232,80,2024,11,2024.11.04,新北市,VP003,Hulucat卡茲化毛潔牙餅-雞肉(包裝60g*4),貓,零食,-,2025.06.02,王品寵物用品有限公司
1232,81,2024,11,2024.11.04,新北市,VP004,ICU犬腸胃道高能量配方(包裝200ml*3),犬,補充品,-,2025.03.06,台灣皇家寵物食品有限公司
1232,82,2024,11,2024.11.04,新北市,VP005,吶一口貓咪凍乾新鮮鮭魚(包裝95g*2),貓,零食,-,2026.02.22,豪翼行銷有限公司
1232,83,2024,11,2024.11.04,南投縣,M1131101,人道飼育雞 全齡貓無穀糧,貓,乾糧,-,2025.08.12,奧也股份有限公司
1232,84,2024,11,2024.11.04,南投縣,M1131102,日本柴犬專用_黑帶幼.成犬(2kg),犬,乾糧,-,2025.10.25,東盈實業股份有限公司
1232,85,2024,11,2024.11.04,南投縣,M1131103,柏萊富 特調全齡犬配方(羊肉+雞肉+糙米),犬,乾糧,-,2026.01.26,柏希菲克股份有限公司
1232,86,2024,11,2024.11.04,南投縣,M1131104,"O,Bli! 噢，比利！頂級機能軟飼料-關節保養配方(犬用)",犬,乾糧,-,2025.11.19,原野國際行銷有限公司
1232,87,2024,11,2024.11.04,南投縣,M1131105,囍碗無穀天然-全齡貓雞肉&雪蟹LBC-2010,貓,乾糧,-,2025.05.30,聯誠寵物有限公司
1232,88,2024,11,2024.11.14,臺南市,11311-CO-013,愛喜雅 金罐9號高湯 雞肉70g,貓,罐頭,-,2027.03.01,東盈實業股份有限公司
1232,89,2024,11,2024.11.14,臺南市,11311-CO-014,INABA汪啾嚕調和罐(雞肉+軟骨)80g,犬,罐頭,-,2026.06.12,萬德福精品店
1232,90,2024,11,2024.11.14,臺南市,11311-CO-015,小玉貓罐低磷配方(低鈉-低蛋白質70g),貓,罐頭,-,2026.12.14,四季全球貿易股份有限公司
1232,91,2024,11,2024.11.14,臺南市,11311-CO-016,小玉貓罐(純雞肉)70g,貓,罐頭,-,2027.03.15,寵兒商貿有限公司
1232,92,2024,11,2024.11.14,臺南市,11311-CO-017,愛喜雅妙喵16號片狀 鮪.干貝70g,貓,罐頭,-,2027.02.01,東盈實業股份有限公司
1232,0,2024,12,2024.12.09,新北市政府動物保護防疫處,113DU-AB-00053,香烤雞柳條[AP057]，產品類型：零食，產品貨號/批號：2024/10/23 ，產地：台灣,狗貓,零食,2024.10.23,保存期限:18個月,朋生國際有限公司
1232,1,2024,12,2024.12.09,新北市政府動物保護防疫處,113DU-AB-00054,牛肉迷你骨[AP058]，產品類型：零食，產品貨號/批號：2024/11/13 ，產地：台灣,狗貓,零食,2024.11.13,保存期限:18個月,朋生國際有限公司
1232,2,2024,12,2024.12.09,新北市政府動物保護防疫處,113DU-AD-00058,低溫慢烘健康糧 牛肉山藥佐鮮蔬[AP059]，產品類型：乾糧，產品貨號/批號：2024/10/28 3109-1 ，產地：台灣,狗,乾糧,2024.10.28,保存期限:18個月,朋生國際有限公司
1232,3,2024,12,2024.12.09,新北市政府動物保護防疫處,113DU-AD-00059,低溫慢烘健康糧 羊肉小米佐鮮蔬[AP060]，產品類型：乾糧，產品貨號/批號：2024/09/27 3082-2，產地：台灣,狗,乾糧,2024.09.27,保存期限:18個月,朋生國際有限公司
1232,4,2024,12,2024.12.09,新北市政府動物保護防疫處,113DU-AD-00060,低溫慢烘健康糧 雞肉薏仁佐鮮蔬[AP061]，產品類型：乾糧，產品貨號/批號：2024/10/15 3095-2 ，產地：台灣,狗,乾糧,2024.10.15,保存期限:18個月,朋生國際有限公司
1232,5,2024,12,2024.12.11,臺南市動物防疫保護處,113DU-AC-00028,樂境凍乾全齡貓鮮糧-野鮭雞肉凍乾干貝300g，產品貨號/批號：MFG29102024，產品類型：乾糧，產地：台灣,貓,乾糧,29102024,28042026,大成集團毛能寵物營養生技股份有限公司
1232,6,2024,12,2024.12.11,臺南市動物防疫保護處,113DU-AC-00029,瑞威貓糧5號-湖畔水鱉2kg，產品貨號/批號：MFG2024.04.15D，產品類型：乾糧，產地：台灣,貓,乾糧,2024.04.15,2025.10.14,瑞威動物科技股份有限公司
1232,7,2024,12,2024.12.11,臺南市動物防疫保護處,113DU-AC-00030,毛孩站起來軟罐頭全齡貓主食包-雞肉口味100g，產品貨號/批號：MFG2024.10.21，產品類型：濕糧，產地：台灣,貓,濕糧,2024.10.21,2026.10.20,飛起來股份有限公司
1232,8,2024,12,2024.12.11,臺南市動物防疫保護處,113DU-AC-00031,毛孩站起來軟罐頭全齡貓主食包-鵪鶉口味100g，產品貨號/批號：MFG2024.10.21，產品類型：濕糧，產地：台灣,貓,濕糧,2024.10.21,2026.10.20,飛起來股份有限公司
1232,9,2024,12,2024.12.11,臺南市動物防疫保護處,113DU-AC-00032,毛孩站起來軟罐頭全齡貓主食包-牛肉口味100g，產品貨號/批號：MFG2024.10.21，產品類型：濕糧，產地：台灣,貓,濕糧,2024.10.21,2026.10.20,飛起來股份有限公司
1232,0,2024,2,2024/02/21,臺南市動物防疫保護處,113DU-AC-00011,GOMO PET FOOD 幼貓無穀土雞干貝-土雞/鮭魚/鱈魚/干貝 4.2LB [UP007]，產品貨號/批號：MFG20230816，產品類型：乾糧，產地：台灣,貓,乾糧,2023.05.16,2025.02.15,大成集團毛能寵物營養生技股份有限公司
1232,1,2024,2,2024/02/23,臺中市動物保護防疫處,113DU-AC-00012,CP3整腸配方(貓用)200g [SP009]，產品貨號/批號：182WJAC，產品類型：營養補充品，產地：台灣,貓,營養補充品,2023.09.26,2026.09.25,信元製藥股份有限公司
1232,2,2024,2,2024/02/23,臺中市動物保護防疫處,113DU-AC-00013,CP5鈣胃能(貓用)250g [SP010]，產品貨號/批號：184WKAB，產品類型：營養補充品，產地：台灣,貓,營養補充品,2023.08.28,2026.08.27,信元製藥股份有限公司
1232,3,2024,2,2024/02/21,高雄市動物保護處,113DU-AD-00018,大滿足里肌脆片[WP006]，產品類型：零食，產地：台灣,狗,零食,2024.01.26,2025.07.25,盛世有限公司
1232,4,2024,2,2024/02/21,高雄市動物保護處,113DU-AD-00019,它福里肌脆棒[WP009]，產品類型：零食，產地：台灣,狗,零食,2024.01.26,2025.07.25,盛世有限公司
1232,5,2024,2,2024/02/21,苗栗縣動物保護防疫所,113DU-AD-00020,軟骨雞圓片[EP005]，產品貨號/批號：4710577540385，產品類型：零食，產地：台灣,狗,零食,2024.02.01,2025.01.31,寵愛有家股份有限公司
1232,6,2024,2,2024/02/21,臺南市動物防疫保護處,113DU-AD-00021,Petlife晶饌纖蔬肉糧-鮮緻嫩雞(全齡犬) [UP006]，產品貨號/批號：2023.10.25，產品類型：乾糧，產地：台灣,狗,乾糧,2023.10.25,2024.10.23,統一企業股份有限公司
1232,7,2024,2,2024/02/21,臺南市動物防疫保護處,113DU-AD-00022,GOMO PET FOOD 成犬無穀牛肉根島蝦-牛肉/鮭魚/根島蝦[UP008]，產品貨號/批號：MFG20230811，產品類型：乾糧，產地：台灣,狗,乾糧,2023.08.11,2025.02.10,大成集團毛能寵物營養生技股份有限公司
1232,8,2024,2,2024/02/21,臺南市動物防疫保護處,113DU-AD-00023,多納熟齡犬狗乾糧牛肉雞肉口味 2kg [UP009]，產品貨號/批號：2024.02.01，產品類型：乾糧，產地：台灣,狗,乾糧,2024.02.01,2025.07.31,寶榮開發企業股份有限公司
1232,9,2024,2,2024/02/21,臺南市動物防疫保護處,113DU-AD-00024,Product 樂倍黑酵母挑嘴犬保健糧 1.5kg [UP010]，產品貨號/批號：2023.12.21 11:12A，產品類型：乾糧，產地：台灣,狗,乾糧,2023.12.21,2025.06.20,寶榮開發企業股份有限公司
1232,10,2024,2,2024/02/21,高雄市動物保護處,113DU-AD-00025,它它厚片里肌肉[WP010]，產品類型：零食，產地：台灣,狗,零食,2024.01.26,2025.07.25,盛世有限公司
1232,11,2024,2,2024/02/23,臺中市動物保護防疫處,113DU-AD-00026,VC5鈣胃能-散 補充鈣磷 小/中型犬用 [SP006]，產品貨號/批號：527ULAI，產品類型：營養補充品，產地：台灣,狗,營養補充品,2021.11.22,2024.11.21,信元製藥股份有限公司
1232,12,2024,2,2024/02/23,臺中市動物保護防疫處,113DU-AD-00027,CP16關節水合糧(犬用) 多機能膳食 [SP007]，產品貨號/批號：162WFAC，產品類型：營養補充品，產地：台灣,狗,營養補充品,2023.05.24,2024.11.23,信元製藥股份有限公司
1232,13,2024,2,2024/02/23,臺中市動物保護防疫處,113DU-AD-00028,CP8犬用羊奶粉200g [SP008]，產品貨號/批號：199WKAB，產品類型：營養補充品，產地：台灣,狗,營養補充品,2023.11.08,2025.11.07,信元製藥股份有限公司
1232,14,2024,2,2024/02/26,宜蘭縣動植物防疫所,113DU-AD-00029,喜樂寵宴小叼饞狗御用凍乾小丁-草飼牛(桶) [BP001]，產品貨號/批號：2023.12.04，產品類型：零食，產地：台灣,狗,零食,2023.12.04,2025.12.03,螢火蟲原創有限公司
1232,15,2024,2,2024/02/21,高雄市動物保護處,113DU-ADC-00009,派福薄嫩里肌肉[WP007]，產品類型：零食，產地：台灣,狗貓,零食,2024.01.26,2025.07.25,盛世有限公司
1232,16,2024,2,2024/02/21,高雄市動物保護處,113DU-ADC-00010,派福薄嫩里肌肉絲[WP008]，產品類型：零食，產地：台灣,狗貓,零食,2024.01.26,2025.07.25,盛世有限公司
1232,17,2024,2,2024/02/21,苗栗縣動物保護防疫所,113DU-ADC-00011,胖雞腿[EP001]，產品類型：濕糧，產地：台灣,狗貓,濕糧,2024.01.28,2025.01.27,元義企業社
1232,18,2024,2,2024/02/21,苗栗縣動物保護防疫所,113DU-ADC-00012,黃金雞筋片[EP002]，產品貨號/批號：4710577540330，產品類型：零食，產地：台灣,狗貓,零食,2024.01.23,2025.01.22,寵愛有家股份有限公司
1232,19,2024,2,2024/02/21,苗栗縣動物保護防疫所,113DU-ADC-00013,黑水虻全脂蟲粉[EP003]，產品類型：營養補充品，產地：台灣,狗貓,營養補充品,2024.02.07,保存期限：6個月,循創生物科技股份有限公司
1232,20,2024,2,2024/02/21,苗栗縣動物保護防疫所,113DU-ADC-00014,黑水虻脫脂蟲粉[EP004]，產品類型：營養補充品，產地：台灣,狗貓,營養補充品,-,-,循創生物科技股份有限公司
1232,21,2024,2,2024/02/23,新北市動保處,113DU-ADC-00015,Hi-Q Pets肉多多手工漢堡排-原野羊肉[AP006]，產品貨號/批號:2025.05.17，產品類型：濕糧，產地：台灣,狗貓,濕糧,-,2025.05.17,中華海洋生技股份有限公司
1232,22,2024,2,2024/02/23,新北市動保處,113DU-ADC-00016,Hi-Q Pets肉多多手工漢堡排-鮮嫩鴨胸佐牛肝[AP007]，產品貨號/批號:2025.05.09，產品類型：濕糧，產地：台灣,狗貓,濕糧,-,2025.05.09,中華海洋生技股份有限公司
1232,23,2024,2,2024/02/23,新北市動保處,113DU-ADC-00017,Hi-Q Pets肉多多手工漢堡排-鮮味蝦米牛腿肉[AP008]，產品貨號/批號：2025.07.29，產品類型：濕糧，產地：台灣,狗貓,濕糧,-,2025.07.29,中華海洋生技股份有限公司
1232,24,2024,2,2024/02/23,新北市動保處,113DU-ADC-00018,Hi-Q Pets彩蔬鮮肉醬-亞麻仁雞胸牛腿干貝[AP009]，產品貨號/批號：2025.07.29，產品類型：濕糧，產地：台灣,狗貓,濕糧,-,2025.07.29,中華海洋生技股份有限公司
1232,25,2024,2,2024/02/23,新北市動保處,113DU-ADC-00019,Hi-Q Pets豪華海陸鮮肉捲-甜美紅椒金瓜[AP010]，產品貨號/批號：2024.09.12，產品類型：濕糧，產地：台灣,狗貓,濕糧,-,2024.09.12,中華海洋生技股份有限公司
1232,26,2024,2,2024/03/05,高雄市動物保護處,113DU-ADC-00020,小小一匙PF1001益生菌[WP011]，產品類型：營養補充品，產地：台灣,狗貓,營養補充品,2024.01.10,2027.01.09,佳瑞生物科技有限公司
1232,27,2024,2,2024/03/05,高雄市動物保護處,113DU-ADC-00021,小小一匙100%酵母蛋白[WP012]，產品類型：營養補充品，產地：台灣,狗貓,營養補充品,2024.01.10,2027.01.09,佳瑞生物科技有限公司
1232,28,2024,2,2024/03/05,高雄市動物保護處,113DU-ADC-00022,小小一匙100%半磺酸[WP013]，產品類型：營養補充品，產地：台灣,狗貓,營養補充品,2024.01.10,2027.01.09,佳瑞生物科技有限公司
1232,29,2024,2,2024/03/05,高雄市動物保護處,113DU-ADC-00023,小小一匙100%碳酸鈣[WP014]，產品類型：營養補充品，產地：台灣,狗貓,營養補充品,2024.01.10,2027.01.09,佳瑞生物科技有限公司
1232,30,2024,2,2024/03/05,高雄市動物保護處,113DU-ADC-00024,小小一匙100%褐藻素[WP015]，產品類型：營養補充品，產地：台灣,狗貓,營養補充品,2024.01.10,2027.01.09,佳瑞生物科技有限公司
1232,0,2024,3,2024.03.06,基隆市動物保護防疫處,113DU-BC-00001,純境無穀全齡貓糧-澳洲鮭魚+凍乾[QP001]，產品貨號/批號：EXP 26 05 2025，產品類型：乾糧，產地：澳洲,貓,乾糧,-,2025.05.26,進口商：原野國際行銷有限公司
1232,1,2024,3,2024.03.06,基隆市動物保護防疫處,113DU-BD-00002,樂點-晶健低脂軟雞肉條[QP002]，產品貨號/批號：製造2023.08.15至2025.02.14有效，產品類型：零食，產地：泰國,狗,零食,2023.08.15,2025.02.14,進口商：竣百有限公司
1232,2,2024,3,2024.03.06,新竹市動物保護防疫所,113DU-BC-00002,德國馬克無穀主食貓罐 鮭魚+雞肉 MA-0160[RP002]，產品貨號/批號：23076 DE NW 145047，產品類型：濕糧，產地：德國,貓,濕糧,-,2026.03.16,進口商：品果國際行銷有限公司
1232,3,2024,3,2024.03.06,新竹市動物保護防疫所,113DU-BD-00003,澳洲犬用牛奶 幼犬用[RP001]，產品貨號/批號：N153，產品類型：營養補充品，產地：澳洲,狗,營養補充品,-,2024.06,進口商：台灣多格曼商貿股份有限公司
1232,4,2024,3,2024.03.12,桃園市動物保護處,113DU-BC-00003,純境無榖全齡貓糧-澳洲鮭魚+凍乾[CP006]，產品貨號/批號：20250526，產品類型：乾糧，產地：澳洲,貓,乾糧,-,2025.05.26,進口商：原野國際行銷有限公司
1232,5,2024,3,2024.03.12,桃園市動物保護處,113DU-BD-00004,NB低敏無榖地瓜鮭魚成犬配方[CP007]，產品貨號/批號：20250617，產品類型：乾糧，產地：美國,狗,乾糧,-,2025.06.17,進口商：黃金巴頓寵支貿易有限公司
1232,6,2024,3,2024.03.14,南投縣家畜疾病防治所,113DU-BD-00005,ALPS阿爾卑斯肉醬犬罐-鮭魚口味[HP001]，產品貨號/批號：ALP-W202，產品類型：濕糧，產地：義大利,狗,濕糧,-,2027.06.13,進口商：寵兒商貿有限公司
1232,7,2024,3,2024.03.14,南投縣家畜疾病防治所,113DU-BD-00006,HPS狗還要優格QQ條(花生)[HP002]，產品貨號/批號：L12416，產品類型：零食，產地：美國,狗,零食,-,2024.11.02,進口商：博東客企業有限公司
1232,8,2024,3,2024.03.14,嘉義縣家畜疾病防治所,113DU-BD-00007,IN-Plus超濃縮卵磷脂[JP001]，產品類型：營養補充品，產地：美國,狗,營養補充品,-,2024.08.31,進口商：艾澌克企業股份有限公司
1232,9,2024,3,2024.03.15,新北市動保處,113DU-BC-00004,喵樂 小小肉泥 雞肉綜合口味[AP013]，產品貨號/批號：2025.10.25 KXCA 1335，產品類型：零食，產地：日本,貓,零食,-,2025.10.25,進口商：艾澌克企業股份有限公司
1232,10,2024,3,2024.03.15,新北市動保處,113DU-BD-00008,Petio褐鐵礦便不臭寵物軟食-室內成犬專用配方[AP011]，產品貨號/批號：202507XM，產品類型：乾糧，產地：日本,狗,乾糧,-,2025.07,進口商：韋民企業股份有限公司
1232,11,2024,3,2024.03.15,新北市動保處,113DU-BD-00009,WILD CALLING犬罐-火雞肉[AP012]，產品貨號/批號：PH67185 AT1005，產品類型：濕糧，產地：奧地利,狗,濕糧,-,2024.09.15,進口商：八犬國際行銷有限公司
1232,12,2024,3,2024.03.18,宜蘭縣動植物防疫所,113DU-BC-00005,吶一口無穀貓咪湯罐－鮪魚+鮮甜鰹魚[BP003]，產品貨號/批號：EXP.2026.09.15，CHPAOF93ZE2R，產品類型：濕糧，產地：泰國,貓,濕糧,2023.09.15,2026.09.15,進口商：豪翼行銷有限公司
1232,13,2024,3,2024.03.18,宜蘭縣動植物防疫所,113DU-BD-00010,耐嚼型潔牙棒－雞肝風昧 [BP004]，產品貨號/批號：EXP.20250228，G033363，產品類型：零食，產地：泰國,狗,零食,2023.03.01,2025.02.28,進口商：竣百有限公司
1232,14,2024,3,2024.03.18,宜蘭縣動植物防疫所,113DU-BD-00011,天然密碼低敏鮭魚[BP005]，產品貨號/批號：EXP.23.9.2024，S-1/A 09:11 000000，產品類型：乾糧，產地：美國,狗,乾糧,-,2024.09.23,進口商：廣湛有限公司
1232,15,2024,3,2024.03.18,宜蘭縣動植物防疫所,113DU-BDC-00001,藤沢築地減鹽沙丁魚[BP002]，產品貨號/批號：25.1.17(保存期限)，JP-PE-04，產品類型：零食，產地：日本,狗貓,零食,-,2025.01.17,進口商：奧也股份有限公司
1232,16,2024,3,2024.03.18,花蓮縣動植物防疫所,113DU-BC-00006,皇冠大海貓罐[OP002]，產品貨號/批號：4715109621280，產品類型：濕糧，產地：泰國,貓,濕糧,2023.02.02,2026.02.02,進口商：皇冠國際企業有限公司
1232,17,2024,3,2024.03.18,花蓮縣動植物防疫所,113DU-BD-00012,LOVE'EM 天然雞肉-犬用[OP001]，產品貨號/批號：9 325242 000757，產品類型：零食，產地：澳洲,狗,零食,-,2025.01.11,進口商：聯享寵物貿易有限公司
1232,18,2024,3,2024.03.19,臺南市動物防疫保護處,113DU-BC-00007,Acana愛肯拿 豐盛魚獲貓-鮭魚、鱈魚+虹鱒魚[UP011]，產品貨號/批號：ACH2017425L4B 16/06/2023 23:25BB 17/03/2025，產品類型：乾糧，產地：加拿大,貓,乾糧,2023.6.16,2025.03.17,進口商:豪翼行銷有限公司
1232,19,2024,3,2024.03.19,臺南市動物防疫保護處,113DU-BD-00013,西莎-經典火雞與蔬菜口味犬糧[UP012]，產品貨號/批號：EXP 101124，產品類型：乾糧，產地：澳洲,狗,乾糧,2023.05.10,2024.11.10,輸入商:台灣瑪氏股份有限公司
1232,20,2024,3,2024.03.19,彰化縣動物防疫所,113DU-BC-00008,Hulucat卡滋化毛潔牙餅-羊肉[GP006]，產品貨號/批號：4710007845219，產品類型：零食，產地：泰國,貓,零食,2023.12.01,2025.12.01,進口商：王品寵物用品有限公司
1232,21,2024,3,2024.03.19,彰化縣動物防疫所,113DU-BC-00009,天然優吉 化毛貓營養餐-雞肉+鮮魚[GP007]，產品貨號/批號：9338362002631，產品類型：乾糧，產地：澳洲,貓,乾糧,-,2025.02.26,進口商：三明寶寵物用品有限公司
1232,22,2024,3,2024.03.19,苗栗縣動物保護防疫所,113DU-BC-00010,Bistro Cat 特級銀貓健康大罐(鮮嫩雞肉)[EP008]，產品類型：濕糧，產品貨號/批號：4719865826835，產地：泰國,貓,濕糧,2023.11.08,2026.11.07,進口商：台灣惜時有限公司
1232,23,2024,3,2024.03.19,屏東縣政府農業處動保科,113DU-BC-00011,野性魅力(羊肉鮭魚配方貓)[MP006]，產品貨號/批號：201123 LOT C34I415MOM，產品類型：乾糧，產地：加拿大,貓,乾糧,-,2025.03.19,代理商:加拿大野性魅力有限公司
1232,24,2024,3,2024.03.19,屏東縣政府農業處動保科,113DU-BC-00012,歐娜特-全齡貓無穀天然鮮肉糧(放牧雞肉與火雞-腸胃保健)[MP007]，產品貨號/批號：8429037030033/2025.04.09，產品類型：乾糧，產地：西班牙,貓,乾糧,-,2025.04.09,進口商：瀚揚國際企業有限公司
1232,25,2024,3,2024.03.21,臺北市動物保護處,113DU-BC-00013,CIAO貓用餐包-鮪魚＆雞胸[VP002]，產品貨號/批號：2025.9.14，產品類型：濕糧，產地：日本,貓,濕糧,-,2025.09.14,進口商：臺灣生活良好國際股份有限公司
1232,26,2024,3,2024.03.21,臺北市動物保護處,113DU-BD-00014,斯博康小型成犬雞肉活力亮毛配方[VP001]，產品貨號/批號：31330315A1，產品類型：乾糧，產地：澳洲,狗,乾糧,-,2024.11.30,進口商：台灣雀巢股份有限公司
1232,27,2024,3,2024.03.21,臺北市動物保護處,113DU-BD-00015,西莎精緻乾糧 澳洲牛肉與鮮嫩鮭魚(三文魚)口味[VP003]，產品貨號/批號：EXP180525 17:19 P1，產品類型：乾糧，產地：澳洲,狗,乾糧,2023.11.18,2025.05.18,輸入商:台灣瑪氏股份有限公司
1232,28,2024,3,2024.03.25,臺中市動物保護防疫處,113DU-BC-00014,荒野饗宴之與狼共舞 珍味牛肉[SP011]，產品貨號/批號：LOT223AG07，產品類型：乾糧，產地：澳洲,貓,乾糧,-,2025.01.13,進口商：沛緹雅股份有限公司
1232,29,2024,3,2024.03.25,臺中市動物保護防疫處,113DU-BC-00015,野性魅力 模擬犬貓野外多元化獵食 海陸龍蝦 盛宴貓[SP012]，產品貨號/批號：LOTC18H366D9S，產品類型：乾糧，產地：加拿大,貓,乾糧,-,2024.09.22,代理商:加拿大野性魅力有限公司
1232,30,2024,3,2024.03.25,臺中市動物保護防疫處,113DU-BD-00016,野宴 全齡犬草飼無穀配方 草飼牛及野牧山羊[SP013]，產品貨號/批號：4D51000923，產品類型：乾糧，產地：紐西蘭,狗,乾糧,2023.03.05,2024.09.05,代理/進口商:悠遊國際實業股份有限公司
1232,31,2024,3,2024.03.27,嘉義市政府建設處農林畜牧科,113DU-BDC-00002,真致ZEAL天然風乾零食牛肉塊[TP001]，產品類型：零食，產地：紐西蘭,狗貓,零食,-,2026.03.23,進口商：嵩颺有限公司
1232,0,2024,4,2024.04.23,臺北市動物保護處,240423DU007-01,倍力ANIMATE室內貓 海魚鮮雞低磷配方貓糧1.5kg，產品類型：乾糧，產品貨號/批號：2023.09.01M174A，產地：台灣,貓,乾糧,2023.09.01M174A,2025.02.28S08,盈寶寵物股份有限公司
1232,1,2024,4,2024.04.23,臺北市動物保護處,240423DU007-02,倍力ANIMATE 敏感貓 莓果雙雞配方貓糧400g，產品類型：乾糧，產品貨號/批號：2023.12.15M504A，產地：台灣,貓,乾糧,2023.12.15M504A,2025.06.14S11,盈寶寵物股份有限公司
1232,2,2024,4,2024.04.23,臺北市動物保護處,240423DU007-03,倍力ANIMATE成幼貓 原野雞鴨配方貓糧400g，產品類型：乾糧，產品貨號/批號：2023.12.05M394A，產地：台灣,貓,乾糧,2023.12.05M394A,2025.06.04S16,盈寶寵物股份有限公司
1232,3,2024,4,2024.04.23,臺北市動物保護處,240423DU007-04,倍力Sense全護低敏貓糧 爆毛美膚配方1.5kg，產品類型：乾糧，產品貨號/批號：2023.10.26M134A，產地：台灣,貓,乾糧,2023.10.26M134A,2025.04.25S14,盈寶寵物股份有限公司
1232,4,2024,4,2024.04.23,臺北市動物保護處,240423DU007-05,倍力Sense化毛高纖配方-鮭魚＆雞肉+貓麥草貓糧1.5kg，產品類型：乾糧，產品貨號/批號：2023.10.28M074A，產地：台灣,貓,乾糧,2023.10.28M074A,2025.04.27S16,盈寶寵物股份有限公司
1232,5,2024,4,2024.04.23,臺北市動物保護處,240423DU007-06,倍力心血管保健低敏配方 雞肉+燕麥犬糧 1.5kg，產品類型：乾糧，產品貨號/批號:2023.12.06M024A，產地：台灣,狗,乾糧,2023.12.06M024A,2025.06.05S18,盈寶寵物股份有限公司
1232,6,2024,4,2024.04.23,臺北市動物保護處,240424DU001-01,倍力EASY幼母貓 亮毛美膚配方貓糧1.5kg，產品類型：乾糧，產品貨號/批號：2023.01.07M264B，產地：台灣,貓,乾糧,2023.01.07M264B,2024.07.06S08,盈寶寵物股份有限公司
1232,7,2024,4,2024.04.24,臺北市動物保護處,240424DU001-02,倍力EASY成幼貓 化毛配方貓糧1.5kg，產品類型：乾糧，產品貨號/批號：2023.01.06M004B，產地：台灣,貓,乾糧,2023.01.06M004B,2024.07.05S10,盈寶寵物股份有限公司
1232,8,2024,4,2024.04.24,新北市動保處,240424DU002-01,黑貓侍 天然無穀貓糧(雞肉+羊肉+靈芝+鱉蛋粉+離胺酸)[AP014]，產品類型：乾糧，產品貨號/批號：2024.04.15Ml3 4A ，產地：台灣,貓,乾糧,2024.04.15Ml3 4A,2025.10.14S11,貓侍股份有限公司(委製商:樂宙股份有限公司)
1232,9,2024,4,2024.04.25,新北市動保處,240425DU001-01,白貓侍 天然無穀貓糧-黑色奇蹟(雞肉+鴨肉+靈芝+墨魚汁+離胺酸)[AP015]，產品類型：乾糧，產品貨號/批號：2024.04. 15M03 4A，產地：台灣,貓,乾糧,2024.04.15M03 4A,2025.10.14S17,貓侍股份有限公司(委製商:樂宙股份有限公司)
1232,10,2024,4,2024.04.25,新北市動保處,240425DU001-02,藍貓侍 天然無穀貓糧-六種魚(六種魚+褐藻醣膠)[AP016]，產品類型：乾糧，產品貨號/批號：2024.03.16M50 4A ，產地：台灣,貓,乾糧,2024.03.16M50 4A,2025.09.15S09,貓侍股份有限公司(委製商:樂宙股份有限公司)
1232,11,2024,4,2024.04.25,新北市動保處,240425DU001-03,金貓侍 低蛋白無穀貓糧[AP017]，產品類型：乾糧，產品貨號/批號：2024.04. 16M25 4A ，產地：台灣,貓,乾糧,2024.04.16M25 4A,2025.10.15S18,貓侍股份有限公司(委製商:樂宙股份有限公司)
1232,12,2024,4,2024.04.26,臺北市動物保護處,240426DU001-01,倍力ANIMATE 莓果雙雞配方貓糧4.5kg，產品類型：乾糧，產品貨號/批號：2023.12.15M324A，產地：台灣,貓,乾糧,2023.12.15M324A,2025.06.14S09,盈寶寵物股份有限公司
1232,13,2024,4,2024.04.29,臺中市動物保護防疫處,240429DU003-02,黑貓侍 天然無穀貓糧(雞肉+羊肉+靈芝+鱉蛋粉+離胺酸)1.5kg(抽樣編號：B1130013108)，產品類型：乾糧，產品貨號/批號：2024.01.04M27 4A，產地：台灣,貓,乾糧,2024.01.04M27 4A,2025.07.03S15,貓侍股份有限公司(委製商:樂宙股份有限公司)
1232,14,2024,4,2024.04.29,臺中市動物保護防疫處,240429DU003-01,Bravo貓食 膠原蛋配方-鮭魚7Kg(抽樣編號：B1130013107)，產品貨號/批號：2024.01.20，產品類型：乾糧，產地：台灣,貓,乾糧,2024.01.20,2025.07.19,福壽實業股份有限公司
1232,15,2024,4,2024.04.29,臺南市動物防疫保護處,240429DU001-01,倍力ANIMATE室內貓 海魚鮮雞配方貓糧1.5kg，產品類型：乾糧，產品貨號/批號：2024.03.27M074A，產地：台灣,貓,乾糧,2024.03.27M074A,2025.09.26S14,盈寶寵物股份有限公司
1232,16,2024,4,2024.04.29,臺南市動物防疫保護處,240429DU001-03,倍力ANIMATE成幼貓 原野雞鴨配方貓糧1.5kg，產品類型：乾糧，產品貨號/批號：2024.04.02M224A，產地：台灣,貓,乾糧,2024.04.02M224A,2025.10.01S19,盈寶寵物股份有限公司
1232,17,2024,4,2024.04.29,臺南市動物防疫保護處,240429DU001-02,倍力ANIMATE敏感貓 莓果雙雞配方貓糧1.5kg，產品類型：乾糧，產品貨號/批號：2024.04.05M414A，產地：台灣,貓,乾糧,2024.04.05M414A,2025.10.04S20,盈寶寵物股份有限公司
1232,18,2024,4,2024.05.03,新北市動保處,240503DU002-01,黑貓侍天然無穀貓糧(雞肉+羊肉+靈芝+鱉蛋粉+離胺酸)(2023.12.23)[AP024]，產品類型：乾糧，產品貨號/批號：2023.12.23M154A ，產地：台灣,貓,乾糧,2023.12.23M154A,2025.06.22S11,貓侍股份有限公司(委製商:樂宙股份有限公司)
1232,19,2024,4,2024.05.03,新北市動保處,240503DU002-02,金貓侍低蛋白無穀貓糧(蜂蜜+雞肉)(2023.12.11) [AP025]，產品類型：乾糧，產品貨號/批號：2023.12.11M344A ，產地：台灣,貓,乾糧,2023.12.11M344A,2025.06.10S18,貓侍股份有限公司(委製商:樂宙股份有限公司)
1232,20,2024,4,2024.05.03,臺北市動物保護處,240503DU001-01,UCAT莓好生活(雞肉+蔓越莓)，產品類型：乾糧，產品貨號/批號:4BF2403231438 ，產地：台灣,貓,乾糧,2024.03.23,2025.09.22,瑞琪寵物精品股份有限公司
1232,21,2024,4,2024.05.06,臺北市動物保護處,240506DU001-01,倍力ANIMATE挑嘴貓 極上海鮮配方貓糧1.5kg，產品類型：乾糧，產品貨號/批號：2023.08.31.01M244A，產地：台灣,貓,乾糧,2023.08.31M244A,2025.02.28S10,盈寶寵物股份有限公司
1232,22,2024,4,2024.05.06,臺北市動物保護處,240506DU001-02,倍力ANIMATE挑嘴貓 極上海鮮配方貓糧400g，產品類型：乾糧，產品貨號/批號：2023.11.20M054B，產地：台灣,貓,乾糧,2023.11.20M054B,2025.05.19S10,盈寶寵物股份有限公司
1232,23,2024,4,2024.05.06,臺北市動物保護處,240506DU001-03,莫比自然食 雞肉＆米 成貓化毛配方1.5kg，產品類型：乾糧，產品貨號/批號：2023.11.20SH1001W01，產地：美國,貓,乾糧,2023.11.20SH1001W01,2025.05.10,進口商:博東客企業有限公司
1232,24,2024,4,2024.05.09,高雄市動物保護處,240509DU001-01,黑貓侍天然無穀貓糧(雞肉+羊肉+靈芝+鱉蛋粉+離胺酸)1.5kg，產品類型：乾糧，產品貨號/批號：2023.12.25M084A ，產地：台灣,貓,乾糧,2023.12.25M084A,2025.06.24S09,貓侍股份有限公司(委製商:樂宙股份有限公司)
1232,25,2024,4,2024.05.14,新北市動保處,240514DU001-01,黑貓侍 天然無穀貓糧(雞肉+羊肉+靈芝+鱉蛋粉+離胺酸)[AP026]，產品類型：乾糧，產品貨號/批號：2023.12.16M26 1A ，產地：台灣,貓,乾糧,2023.12.16M26 1A,2025.06.15S09,貓侍股份有限公司(委製商:樂宙股份有限公司)
1232,26,2024,4,2024.05.14,新北市動保處,240514DU001-02,白貓侍 天然無穀貓糧-黑色奇蹟(雞肉+鴨肉+靈芝+墨魚汁+離胺酸)[AP027]，產品類型：乾糧，產品貨號/批號：2023.07.28M54 1A，產地：台灣,貓,乾糧,2023.07.28M54 1A,2025.01.27S13,貓侍股份有限公司(委製商:樂宙股份有限公司)
1232,27,2024,4,2024.03.05,高雄市動物保護處,113DU-CC-00001,(分裝)希爾思 幼貓 雞肉[WP016]，受查商家：卡特寵物用品有限公司，產品類型：乾糧，產地：美國,貓,乾糧,2023.12.16,2024.12.16,受查商家：卡特寵物用品有限公司
1232,28,2024,4,2024.03.05,高雄市動物保護處,113DU-CD-00001,(分裝)法國皇家小型犬 MNPP[WP017]，受查商家：卡特寵物用品有限公司，產品類型：乾糧，產地：韓國,狗,乾糧,2023.12.16,2024.12.16,受查商家：卡特寵物用品有限公司
1232,29,2024,4,2024.04.17,桃園市政府動物保護處,113DU-CC-00002,(分裝)寵愛物語貓飼料-化毛保健[CP008]，產品貨號/批號：20240314，受查商家:大明狗食世界商行，產品類型：乾糧，產地：台灣,貓,乾糧,"2024.03.14
(分裝日期)",2025.09.04,受查商家:大明狗食世界商行
1232,30,2024,4,2024.04.17,桃園市政府動物保護處,113DU-CD-00002,(分裝)親旺雞肉成犬乾狗糧[CP009]，產品貨號/批號：20240321，受查商家:大明狗食世界商行，產品類型：乾糧，產地：台灣,狗,乾糧,"2024.03.21
(分裝日期)",2024.11.14,受查商家:大明狗食世界商行
1232,31,2024,4,2024.04.23,臺北市動物保護處,113DU-CD-00003,(分裝)柏萊富腸胃保健犬糧 鮭魚+糙米[VP004]，產品貨號/批號：2025/02，受查商家:貓職人有限公司，產品類型：乾糧，產地：美國,狗,乾糧,-,2025/02,受查商家:貓職人有限公司
1232,32,2024,4,2024.04.23,臺北市動物保護處,113DU-CC-00003,(分裝)法米納低穀貓糧羊肉藍莓挑嘴成貓[VP005]，產品貨號/批號：2025/05，受查商家:貓職人有限公司，產品類型：乾糧，產地：義大利,貓,乾糧,-,2025/05,受查商家:貓職人有限公司
1232,33,2024,4,2024.04.23,基隆市動物保護防疫處,113DU-CD-00004,(分裝)皇家小型幼犬專用飼料(1kg分裝包)[QP003]，產品貨號/批號：339A3RGY03 511121 2425150011，受查商家:小寶貝寵物水族百貨店，產品類型：乾糧，產地：韓國,狗,乾糧,2023.09.24,2024.09.23,受查商家:小寶貝寵物水族百貨店
1232,34,2024,4,2024.04.23,基隆市動物保護防疫處,113DU-CD-00005,(分裝)優而沛成犬活力配方牛肉口味小顆粒飼料(1kg分裝包)[QP004]，產品貨號/批號：製造日期2024/01/26，有效期限2025/01/25，受查商家:小寶貝寵物水族百貨店，產品類型：乾糧，產地：台灣,狗,乾糧,2024.01.26,2025.01.25,受查商家:小寶貝寵物水族百貨店
1232,35,2024,4,2024.04.23,基隆市動物保護防疫處,113DU-CC-00004,(分裝)皇家理想體態成貓專用F32飼料(1kg分裝包)[QP005]，產品貨號/批號：341B3RGY03 511212 2520150011，受查商家:小寶貝寵物水族百貨店，產品類型：乾糧，產地：韓國,貓,乾糧,2023.10.09,2024.10.08,受查商家:小寶貝寵物水族百貨店
1232,36,2024,4,2024.04.23,新竹縣動物保護防疫所,113DU-CD-00006,(分裝)葛林菲成犬小顆粒[DP001]，產品貨號/批號：5315533200171，受查商家：狗老板福興店(吉浦興業有限公司)，產品類型：乾糧，產地：義大利,狗,乾糧,分裝日期：2023.07.04,2024.10,受查商家：狗老板福興店(吉浦興業有限公司)
1232,37,2024,4,2024.04.23,新竹縣動物保護防疫所,113DU-CC-00005,(分裝)菲尼斯愛貓-雞肉[DP002]，產品貨號/批號：5315533200178，受查商家：貓樂福竹北店(虹口企業有限公司)，產品類型：乾糧，產地：台灣,貓,乾糧,分裝日期：2024.03.05,2025.07.05,受查商家：貓樂福竹北店(虹口企業有限公司)
1232,38,2024,4,2024.04.23,新竹縣動物保護防疫所,113DU-CD-00007,(分裝)愛多奇皮膚保健配方(澳洲羊肉+米)[DP003]，產品貨號/批號：82006072027，受查商家：寵物New生活(珍德寵商行)，產品類型：乾糧，產地：台灣,狗,乾糧,分裝日期：2024.03.02,2025.09.04,受查商家：寵物New生活(珍德寵商行)
1232,39,2024,4,2024.04.23,嘉義縣家畜疾病防治所,113DU-CD-00008,(分裝)中型幼犬專業用乾糧MPP[JP002]，產品貨號/批號：2424RGYSTD001，受查商家：保生動物醫院，產品類型：乾糧，產地：韓國,狗,乾糧,分裝日期：113.4.14,-,受查商家：保生動物醫院
1232,40,2024,4,2024.04.23,嘉義縣家畜疾病防治所,113DU-CD-00009,(分裝)博士巧思犬食-幼犬專用配方[JP003]，產品貨號/批號：-，受查商家：佰吉利愛犬美容屋，產品類型：乾糧，產地：台灣,狗,乾糧,-,-,受查商家：佰吉利愛犬美容屋
1232,41,2024,4,2024.04.23,嘉義縣家畜疾病防治所,113DU-CD-00010,(分裝)alleva均衡照護犬(低敏鮮羊深海魚)[JP004]，產品貨號/批號：-，受查商家：素西小姐，產品類型：乾糧，產地：義大利,狗,乾糧,-,250204,受查商家：素西小姐
1232,42,2024,4,2024.04.23,臺南市動物防疫保護處,113DU-CD-00011,(分裝)希爾思成犬小顆粒(雞肉)[UP013]，產品貨號/批號：1130620，受查商家：犬貴族寵物用品有限公司，產品類型：乾糧，產地：美國,狗,乾糧,-,113.06.20,受查商家：犬貴族寵物用品有限公司
1232,43,2024,4,2024.04.23,臺南市動物防疫保護處,113DU-CC-00006,(分裝)法國皇家寵物食品-挑嘴腸胃敏感貓S33[UP014]，產品貨號/批號：1130630，受查商家：犬貴族寵物用品有限公司，產品類型：乾糧，產地：法國,貓,乾糧,-,113.06.30,受查商家：犬貴族寵物用品有限公司
1232,44,2024,4,2024.04.23,臺東縣動物防疫所,113DU-CD-00012,(分裝)冠能雞肉成犬[NP001]，產品貨號/批號：9300605149670，受查商家：阿甘寵物王國館，產品類型：乾糧，產地：澳洲,狗,乾糧,20230714,20250131,受查商家：阿甘寵物王國館
1232,45,2024,4,2024.04.23,臺東縣動物防疫所,113DU-CC-00007,(分裝)皇家K36幼母貓[NP002]，產品貨號/批號：3182550702447，受查商家：阿甘寵物王國館，產品類型：乾糧，產地：韓國,貓,乾糧,-,2025.03.26,受查商家：阿甘寵物王國館
1232,46,2024,4,2024.04.26,雲林縣動植物防疫所,113DU-CD-00013,(分裝)小型犬成犬專用飼料 MNA(分裝包)[IP001]，產品貨號/批號：無標示，受查商家：蝦拚寵物團購，產品類型：乾糧，產地：無標示,狗,乾糧,-,-,受查商家：蝦拚寵物團購
1232,47,2024,4,2024.04.26,雲林縣動植物防疫所,113DU-CD-00014,(分裝)犬飼料(包裝上未標示)[IP002]，產品貨號/批號：無標示，受查商家：佑晟動物醫院，產品類型：乾糧，產地：無標示,狗,乾糧,-,-,受查商家：佑晟動物醫院
1232,48,2024,4,2024.04.26,雲林縣動植物防疫所,113DU-CC-00008,(分裝)幼母貓 法國皇家[IP003]，產品貨號/批號：無標示，受查商家：信安犬貓動物醫院，產品類型：乾糧，產地：無標示,貓,乾糧,-,-,受查商家：信安犬貓動物醫院
1232,0,2024,5,2024.04.29,臺南市動物防疫保護處,240429DU002-01,亞培特風味貓乾糧 化毛配方-鮪魚+雞肉3.5kg，產品貨號/批號：2025.07.21，產品類型：乾糧，產地：台灣,貓,乾糧,-,2025.07.21,(代工廠:保生實業股份有限公司)
1232,1,2024,5,2024.04.29,臺南市動物防疫保護處,240429DU002-02,阿培育貓(雞肉+海鮮)全效保健貓食2kg，產品貨號/批號：2024.02.17M05，產品類型：乾糧，產地：台灣,貓,乾糧,2024.02.17M05,2025.08.16S09,"阿培育犬育喵社
(代工廠:保生實業股份有限公司)"
1232,2,2024,5,2024.04.29,臺南市動物防疫保護處,240429DU002-03,阿培育貓(田園去骨雞)無穀貓食2kg，產品貨號/批號：2024.03.22M40，產品類型：乾糧，產地：台灣,貓,乾糧,2024.03.22M40,2025.09.21S08,"阿培育犬育喵社
(代工廠:保生實業股份有限公司)"
1232,3,2024,5,2024.05.02,新北市動保處,240502DU001-01,藤沢綜合海鮮 200g[AP018]，產品類型：零食，產品貨號/批號：JP-PE-07，產地：日本,貓,零食,-,24.11.5,進口商:奧也股份有限公司
1232,4,2024,5,2024.05.02,新北市動保處,240502DU001-02,優格親親食譜 益菌成長配方 幼貓專用1.13kg[AP019]，產品類型：乾糧，產品貨號/批號：DEC 142023，產地：加拿大,貓,乾糧,DEC.14.2023,APR.13.2025,進口商:艾澌克企業股份有限公司
1232,5,2024,5,2024.05.02,新北市動保處,240502DU001-03,迷幻喵 鮮肉主食罐 迷幻1號 多汁雞肉+胡蘿蔔+貓草 200g[AP020]，產品類型：濕糧，產品貨號/批號：01.09.2027 23244，產地：德國,貓,濕糧,-,01.09.2027,進口商:壹士達寵物有限公司
1232,6,2024,5,2024.05.02,新北市動保處,240502DU001-04,野性魅力 模擬犬貓野外多元化獵食 幼貓配方 1Kg[AP021]，產品類型：乾糧，產品貨號/批號：BB 24 SEP 2024，產地：加拿大,貓,乾糧,-,24 SEP 2024,進口商:加拿大野性魅力有限公司
1232,7,2024,5,2024.05.02,新北市動保處,240502DU001-05,Canelis 凱力女神 有機好火雞 單一蛋白質主食罐 200g[AP022]，產品類型：濕糧，產品貨號/批號：MHP/02:11:2026，產地：德國,貓,濕糧,-,2026.11.02,進口商:達飛國際有限公司
1232,8,2024,5,2024.05.02,新北市動保處,240502DU001-06,Miki特級機能愛貓餐杯 (軟嫩軟雞絲+雞丁+牛肉in牛肉湯凍)[AP023]，產品類型：濕糧，產品貨號/批號：NP2624 2023/11/18，產地：泰國,貓,濕糧,2023.11.18,2025.11.17,進口商:台灣惜時有限公司
1232,9,2024,5,2024.05.02,臺北市動物保護處,240502DU002-01,Chogong朝貢迷你小凍乾-比目魚195g(犬貓用)，產品類型：零食，產品貨號/批號：2024.12.15，產地：韓國,犬、貓,零食,-,2024.12.15,進口商:豐奕達實業有限公司
1232,10,2024,5,2024.05.02,臺北市動物保護處,240502DU002-02,Halo嘿囉成貓無穀野性鮭魚燉白魚，產品類型：乾糧，產品貨號/批號：17423HHRICSW，產地：美國,貓,乾糧,-,2024.12.21,進口商:盛貿寵物股份有限公司
1232,11,2024,5,2024.05.02,臺北市動物保護處,240502DU002-03,愛普士全天然鮮食罐(鯖魚沙丁魚-成貓配方)，產品類型：濕糧，產品貨號/批號:EV2060/BBD.2026/11/20/VCN.45，產地:泰國,貓,濕糧,2023.11.20,2023.11.20,進口商:堃旗實業有限公司
1232,12,2024,5,2024.05.02,臺北市動物保護處,240502DU002-04,ADD放牧鹿 無穀全齡貓，產品類型：乾糧，產品貨號/批號:273323 AF01 C，產地:紐西蘭,貓,乾糧,2023.8.18,2025.4.18,進口商:聯享寵物貿易有限公司
1232,13,2024,5,2024.05.02,臺北市動物保護處,240502DU002-05,韓國Onnal金黃布丁-鮭.鮪30g，產品類型：濕糧，產品貨號/批號:2025.05.14，產地:韓國,貓,濕糧,-,2025.05.14,進口商:東盈實業股份有限公司
1232,14,2024,5,2024.05.02,臺北市動物保護處,240502DU002-06,元氣王沙丁魚，產品類型：零食，產品貨號/批號:2024.12.11，產地:日本,貓,零食,-,2024.12.11,進口商:弘友股份有限公司
1232,15,2024,5,2024.05.03,臺中市動物保護防疫處,240503DU003-01,ParkCat無敵貓糧霸王野雞(抽樣編號：B1130013106) ，產品類型:乾糧，產品貨號/批號:製造日期2023.10.07/有效日期2025.04.06，產地:台灣,貓,乾糧,2023.10.07,2025.04.06,唯寵股份有限公司
1232,16,2024,5,2024.05.03,臺中市動物保護防疫處,240503DU003-02,純境 無穀全齡貓糧-澳洲雞肉+凍乾(抽樣編號：B1130013101)，產品類型:乾糧，產品貨號/批號:有效日期2025.02.26，產地:澳洲,貓,乾糧,-,2025.02.26,原野國際行銷有限公司
1232,17,2024,5,2024.05.03,臺中市動物保護防疫處,240503DU003-03,愛喜雅 燒津濃厚8號-鮪.雞.刎(抽樣編號：B1130013109)，產品類型:濕糧，產品貨號/批號:A01/R 2025.11.1，產地:日本,貓,濕糧,-,2025.11.1,東盈實業股份有限公司
1232,18,2024,5,2024.05.03,臺中市動物保護防疫處,240503DU003-04,台品源創量販包-軟雞肉絲(抽樣編號：B1130013110)，產品類型：零食，產品貨號/批號:製造日期2024.04.11/有效日期2025.04.10，產地:台灣,犬、貓,零食,2024.04.11,2025.04.10,和風寵物有限公司
1232,19,2024,5,2024.05.03,臺中市動物保護防疫處,240503DU003-05,雞肉鬆(抽樣編號：B1130013111)，產品類型：零食，產品貨號/批號:製造日期2024.03.07/有效日期2025.03.07，產地:台灣,犬、貓,零食,2024.03.07,2025.03.07,和風寵物有限公司
1232,20,2024,5,2024.05.03,臺中市動物保護防疫處,240503DU003-06,寵鮮灶腳 低脂雞胸肉(抽樣編號：B1130013112)，產品類型：零食，產品貨號/批號:製造日期2024.01.12/有效日期2025.07.11，產地:台灣,犬、貓,零食,2024.01.12,2025.07.11,寵鮮灶腳有限公司
1232,21,2024,5,2024.05.03,高雄市動物保護處,240503DU004-01,一口嫩雞條(04-0311)[WP019]，產品類型：零食，產地：台灣,貓,零食,2024.04.26,2025.10.25,豪翼行銷有限公司
1232,22,2024,5,2024.05.03,高雄市動物保護處,240503DU004-02,控健寶貝 雞肉口味 控禦健康免疫片-雞肉口味[WP020]，產品類型：零食，產地：台灣,犬、貓,零食,2024.03.29,2025.09.28,"辰豪有限公司
(代工廠:日滕實業有限公司)"
1232,23,2024,5,2024.05.03,高雄市動物保護處,240503DU004-03,雞肉條凍乾[WP021]，產品類型：零食，產地：台灣,犬、貓,零食,2022.12.06,2024.12.05,"沃宜有限公司
(代工廠:欣利杰國際股份有限公司)"
1232,24,2024,5,2024.05.03,高雄市動物保護處,240503DU004-04,長靴貓純肉凍乾-雞肉丁40g[WP022]，產品類型：零食，產地：台灣,貓,零食,2024.03.04,2026.03.03,"瀚翔寵物有限公司
(代工廠:穩澂企業有限公司)"
1232,25,2024,5,2024.05.03,高雄市動物保護處,240503DU004-05,獸研所腎臟保養頂級海陸主食罐[WP023]，產品類型：濕糧，產地：台灣,貓,濕糧,2023.09.23,2026.09.23,"寵物百分百股份有限公司
(代工廠:興濠有限公司)"
1232,26,2024,5,2024.05.03,高雄市動物保護處,240503DU004-06,Rico芮可-海鮮總匯主食貓罐(腸道保健專利配方)[WP024]，產品類型：濕糧，產地：台灣,貓,濕糧,2024.04.02,2027.04.01,環亞寵物用品有限公司(代工廠:喬泰寵物用品企業有限公司)
1232,27,2024,5,2024.05.07,臺南市動物防疫保護處,240507DU001-01,榮師傅-原肉益生菌凍乾 50g，產品類型：零食，產品貨號/批號：LOT:10072072，產地：台灣,犬、貓,零食,-,2025.10.17,榮師傅有限公司
1232,28,2024,5,2024.05.07,臺南市動物防疫保護處,240507DU001-02,心僕嚴選寵食凍乾(雞肉)，產品類型：零食，產品貨號/批號：2024.04.15，產地：台灣,犬、貓,零食,2024.04.15,保存期限:1年,弘澤有限公司
1232,29,2024,5,2024.05.07,臺南市動物防疫保護處,240507DU001-03,雞肉泥，產品類型：濕糧，產品貨號/批號：2024.04.10，產地：台灣,犬、貓,零食,2024.04.10,冷藏保存：2天，冷凍保存：6個月,弘澤有限公司
1232,30,2024,5,2024.06.05,新北市動保處,240605DU001-01,黑貓侍 天然無穀貓糧(雞肉+羊肉+靈芝+鱉蛋粉+離胺酸)[AP030]，產品類型：乾糧，產品貨號/批號：2023.10.30M 284A，產地：台灣,貓,乾糧,2023.10.30M 284A,2025.04.29S08,貓侍股份有限公司(委製商:樂宙股份有限公司)
1232,31,2024,5,2024.06.05,新北市動保處,240605DU001-02,藍貓侍 天然無穀貓糧-六種魚(六種魚+褐藻醣膠)[AP031]，產品類型：乾糧，產品貨號/批號：2023.07.19 M46 4A ，產地：台灣,貓,乾糧,2023.07.19 M46 4A,2025.01.18S10,貓侍股份有限公司(委製商:樂宙股份有限公司)
1232,32,2024,5,2024.05.08,新竹市動物保護及防疫所,113DU-CC-00009,(分裝)PURE34(猋)挑嘴幼母貓低敏化毛配方[RP008]，產品貨號/批號：-，受查商家：狗老板寵物-中華店(品言有限公司)，產品類型：乾糧，產地：加拿大,貓,乾糧,分裝日期:2024.03.18,原包裝效期:2025.06,狗老板寵物-中華店(品言有限公司)
1232,33,2024,5,2024.05.08,新竹市動物保護及防疫所,113DU-CC-00010,(分裝)自然邏輯 天然貓糧(雞肉)[RP009]，產品貨號/批號：-，受查商家：狗老板寵物-中華店(品言有限公司)，產品類型：乾糧，產地：美國,貓,乾糧,分裝日期:2024.01.21,原包裝效期:2025.04,狗老板寵物-中華店(品言有限公司)
1232,34,2024,5,2024.05.08,新竹市動物保護及防疫所,113DU-CD-00015,(分裝)在地經典 牛肉配方[RP010]，產品貨號/批號：-，受查商家：狗老板寵物-中華店(品言有限公司)，產品類型：乾糧，產地：台灣,狗,乾糧,分裝日期:2024.02.04,原包裝效期:2025.08,狗老板寵物-中華店(品言有限公司)
1232,35,2024,5,2024.05.08,屏東縣政府,113DU-CC-00011,(分裝)丹DAN 成齡貓(口腔+化毛球配方)-海鮮雞肉藍莓[MP008]，產品貨號/批號：1130424，受查商家:犬屏東寵物百貨名店屏東警犬訓練中心 ，產品類型：乾糧，產地：台灣,貓,乾糧,-,114.9.18,犬屏東寵物百貨名店屏東警犬訓練中心 
1232,36,2024,5,2024.05.08,屏東縣政府,113DU-CC-00012,(分裝)尊爵化毛貓機能天然糧[MP009]，產品貨號/批號：1130404，受查商家:犬屏東寵物百貨名店屏東警犬訓練中心 ，產品類型：乾糧，產地：巴西,貓,乾糧,-,114.03.26,犬屏東寵物百貨名店屏東警犬訓練中心 
1232,37,2024,5,2024.05.08,屏東縣政府,113DU-CC-00013,(分裝)綜合貓飼料[MP010]，產品貨號/批號：000021/1130430，受查商家:新大發寵物用品有限公司 ，產品類型：乾糧，產地：台灣,貓,乾糧,2024.05.02,2個月,新大發寵物用品有限公司
1232,38,2024,5,2024.05.20,臺中市動物保護防疫處,113DU-CC-00014,(分裝)美式優選 體態管理嚴選火雞+羊肉900G分裝包[SP014]，受查商家：健康便國際行銷有限公司，產品貨號/批號：保存期限2025.10.01，產品類型：乾糧，產地：台灣,貓,乾糧,-,01-十月-2025,健康便國際行銷有限公司
1232,39,2024,5,2024.05.20,臺中市動物保護防疫處,113DU-CC-00015,(分裝)莫比Mobby 幼母貓配方(鮮雞+米)900G分裝包[SP015]，產品貨號/批號：保存期限2025.05.17，受查商家：健康便國際行銷有限公司，產品類型：乾糧，產地：美國,貓,乾糧,-,17-五月-2025,健康便國際行銷有限公司
1232,40,2024,5,2024.05.20,南投縣家畜疾病防治所,113DU-CC-00016,(分裝)皇家理想體態貓分裝飼料F32[HP003]，產品貨號/批號：保存期限2025.7.30，受查商家：漂亮寶貝寵物家族生活館，產品類型：乾糧，產地：法國,貓,乾糧,-,2025.07.30,漂亮寶貝寵物家族生活館
1232,41,2024,5,2024.05.20,南投縣家畜疾病防治所,113DU-CC-00017,(分裝)福壽喵喵貓食分裝包[HP005]，產品貨號/批號：2025.08，受查商家：伯特利寵物水族用品館，產品類型：乾糧，產地：台灣,貓,乾糧,-,2025.08,伯特利寵物水族用品館
1232,42,2024,5,2024.05.20,南投縣家畜疾病防治所,113DU-CD-00016,(分裝)Bravo犬食膠原蛋白配方.羊肉[HP004]，產品貨號/批號：113.10.16，受查商家：永佳家畜診所，產品類型：乾糧，產地：台灣,狗,乾糧,-,113.10.16,永佳家畜診所
1232,43,2024,5,2024.05.20,花蓮縣動植物防疫所,113DU-CC-00018,(分裝)法國皇家F32理想體態成貓專用飼料720g[OP003]，分裝商：吉利寵物美容，產品類型：乾糧，產地：韓國,貓,乾糧,-,2024.12,吉利寵物美容
1232,44,2024,5,2024.05.20,花蓮縣動植物防疫所,113DU-CD-00017,(分裝)尊爵小型幼犬機能天然糧0.7kg[OP004]，分裝商：吉利寵物美容，產品類型：乾糧，產地：巴西,狗,乾糧,-,2025.06,吉利寵物美容
1232,45,2024,5,2024.05.20,花蓮縣動植物防疫所,113DU-CD-00018,(分裝)法國皇家寵物食品小型成犬[OP005]，受查商家：千里寵物店，產品類型：乾糧，產地：法國,狗,乾糧,-,2024.12.15,千里寵物店
1232,46,2024,5,2024.05.22,新北市政府動物保護防疫處,113DU-CC-00019,(分裝)紐頓 挑嘴無穀貓(火雞肉+雞肉)[AP029]，產品貨號/批號：240924(240304)，受查商家：金吉利寵物用品店-板橋文化店，產品類型：乾糧，產地：加拿大,貓,乾糧,24.03.04(分裝日期),24.09.24,金吉利寵物用品店-板橋文化店
1232,47,2024,5,2024.05.22,新北市政府動物保護防疫處,113DU-CD-00019,(分裝)荒野饗宴 農場雞肉蘋果全齡犬[AP028]，產品貨號/批號：250519(250516)，受查商家：金吉利寵物用品店-板橋文化店，產品類型：乾糧，產地：澳洲,狗,乾糧,24.05.16(分裝日期),25.05.19,金吉利寵物用品店-板橋文化店
1232,0,2024,6,2024.06.06,高雄市動物保護處,113DU-AC-00014,爆毛鱉蛋丁[WP029]，產品類型：零食，產地：台灣,貓,零食,2024.05.24,2025.11.23,拍平方貿易有限公司
1232,1,2024,6,2024.06.06,臺中市動物保護防疫處,113DU-AC-00015,派庫廚房 機能饗宴貓主食罐(鰻魚雞肉配方)[SP016]，產品貨號/批號：2023.05.05，產品類型：濕糧，產地：台灣,貓,濕糧,05-五月-2023,04-五月-2026,委製商：金派庫國際有限公司
1232,2,2024,6,2024.06.07,桃園市政府動物保護處,113DU-AC-00016,汪喵星球貓用98%無膠鮮肉主食餐(草飼牛肉餐)[CP012]，產品貨號/批號：20231110，產品類型：濕糧，產地：台灣,貓,濕糧,2023.11.10,2026.11.09,自力耕生股份有限公司
1232,3,2024,6,2024.06.07,桃園市政府動物保護處,113DU-AC-00017,汪喵星球挑嘴貓無膠主食罐(98%含肉量) 秋刀魚雞肉餐[CP013]，產品貨號/批號：20240603，產品類型：濕糧，產地：台灣,貓,濕糧,2024.06.03,2027.06.02,自力耕生股份有限公司
1232,4,2024,6,2024.06.07,桃園市政府動物保護處,113DU-AC-00018,汪喵星球貓用98%無膠鮮肉主食罐(田園火雞餐)[CP014]，產品貨號/批號：20240603，產品類型：濕糧，產地：台灣,貓,濕糧,2024.06.03,2027.06.02,自力耕生股份有限公司
1232,5,2024,6,2024.06.17,臺南市動物防疫保護處,113DU-AC-00019,膠原嫩汁鹿野雞 80g[UP017]，產品貨號/批號：2023.05.23/7B，產品類型：濕糧，產地：台灣,貓,濕糧,2023.05.23,2026.05.22,大成集團毛能寵物營養生技股份有限公司
1232,6,2024,6,2024.06.17,臺南市動物防疫保護處,113DU-AC-00020,寵貓專用營養肉泥條(雞肉+蝦)[UP019]，產品貨號/批號：2024.05.23，產品類型：零食，產地：台灣,貓,零食,2024.05.23,2026.05.22,大成集團毛能寵物營養生技股份有限公司
1232,7,2024,6,2024.06.06,高雄市動物保護處,113DU-AD-00032,犬方位咔咔雞腿肉絲[WP028]，產品類型：零食，產地：台灣,犬,零食,2024.05.07,2025.11.06,雲鏈實業有限公司
1232,8,2024,6,2024.06.06,臺中市動物保護防疫處,113DU-AD-00033,派庫廚房 低溫手工烘焙系列 蔓越莓牛酥[SP018]，產品貨號/批號：2024.03.23/2025.03.22，產品類型：零食，產地：台灣,犬貓,零食,23-三月-2024,22-三月-2025,委製商：金派庫國際有限公司
1232,9,2024,6,2024.06.07,桃園市政府動物保護處,113DU-AD-00034,汪喵星球天然低敏凍乾主食餐(犬用安心雞肉餐)[CP010]，產品貨號/批號：20240330，產品類型：乾糧，產地：台灣,犬,乾糧,,2026.03.30,自力耕生股份有限公司
1232,10,2024,6,2024.06.07,桃園市政府動物保護處,113DU-AD-00035,汪喵星球95%犬用無膠主食罐(鱉蛋雞肉餐)[CP011]，產品貨號/批號：20240603，產品類型：濕糧，產地：台灣,犬,濕糧,2024.06.03,2027.06.02,自力耕生股份有限公司
1232,11,2024,6,2024.06.17,臺南市動物防疫保護處,113DU-AD-00036,秘製茄紅牛蛋鮮 165g[UP018]，產品貨號/批號：2023.08.14/12A，產品類型：濕糧，產地：台灣,犬,濕糧,2023.08.14,2026.08.13,大成集團毛能寵物營養生技股份有限公司
1232,12,2024,6,2024.06.18,新北市政府動物保護防疫處,113DU-AD-00037,香烤豬耳朵條[AP033]，產品類型：零食，產品貨號/批號：2024.06.13 ，產地：台灣,犬,零食,2024.06.13,2025.09.12,心食集實業有限公司(代工廠)
1232,13,2024,6,2024.06.18,新北市政府動物保護防疫處,113DU-AD-00038,香酥鯊魚骨[AP034]，產品類型：零食，產品貨號/批號：2024.06.14 ，產地：台灣,犬,零食,2024.06.14,2025.06.13,毛小三手作坊(代工廠:心食集實業有限公司)
1232,14,2024,6,2024.06.06,高雄市動物保護處,113DU-ADC-00025,鮮烘雞胸薄片[WP025]，產品類型：零食，產地：台灣,犬貓,零食,2024.05.10,2025.05.09,旺宏寵物用品有限公司
1232,15,2024,6,2024.06.06,高雄市動物保護處,113DU-ADC-00026,Hyperr超躍手作雞肉脆片[WP026]，產品類型：零食，產地：台灣,犬貓,零食,2024.05.19,2025.05.18,聯合夥伴有限公司
1232,16,2024,6,2024.06.06,高雄市動物保護處,113DU-ADC-00027,台灣鮮切雞里肌[WP027]，產品類型：零食，產地：台灣,犬貓,零食,2024.05.30,2025.11.29,悠遊國際實業股份有限公司
1232,17,2024,6,2024.06.06,臺中市動物保護防疫處,113DU-ADC-00028,派庫廚房 酥卵地瓜球凍乾[SP017]，產品貨號/批號：保存期限2025.03.08，產品類型：零食，產地：台灣,犬貓,零食,,08-三月-2025,委製商：金派庫國際有限公司
1232,18,2024,6,2024.06.06,臺中市動物保護防疫處,113DU-ADC-00029,派庫廚房 北歐交響鮭凍乾[SP019]，產品貨號/批號：保存期限2025.02.05，產品類型：零食，產地：台灣,犬貓,零食,,05-二月-2025,委製商：金派庫國際有限公司
1232,19,2024,6,2024.06.06,臺中市動物保護防疫處,113DU-ADC-00030,派庫廚房 香檳鳥(鵪鶉)下水凍乾[SP020]，產品貨號/批號：保存期限2025.01.01，產品類型：零食，產地：台灣,犬貓,零食,,01-一月-2025,委製商：金派庫國際有限公司
1232,20,2024,6,2024.06.17,臺南市動物防疫保護處,113DU-ADC-00031,GOMO PET FOOD鮮食餐包-白醬松露燉羊肉 150g[UP020]，產品貨號/批號：MFG2023/07/26 PE264C16，產品類型：濕糧，產地：台灣,犬貓,濕糧,2023.07.26,24個月,大成集團毛能寵物營養生技股份有限公司
1232,21,2024,6,2024.06.17,臺南市動物防疫保護處,113DU-ADC-00032,GOMO PET FOOD鮮食餐包-根島蝦佐鹿野雞 150g[UP021]，產品貨號/批號：MFG2023/07/17 PE173C16，產品類型：濕糧，產地：台灣,犬貓,濕糧,2023.07.17,24個月,大成集團毛能寵物營養生技股份有限公司
1232,22,2024,6,2024.06.17,臺南市動物防疫保護處,113DU-ADC-00033,GOMO PET FOOD貓犬專用情緒美麗好心情[UP022]，產品貨號/批號：2023.02.22，產品類型：營養補充品，產地：台灣,犬貓,營養補充品,2023.02.22,2025.02.21,大成集團毛能寵物營養生技股份有限公司
1232,23,2024,6,2024.06.17,臺南市動物防疫保護處,113DU-ADC-00034,GOMO PET FOOD貓犬專用關節健康好活力[UP023]，產品貨號/批號：2023.02.22，產品類型：營養補充品，產地：台灣,犬貓,營養補充品,2023.02.22,2025.02.21,大成集團毛能寵物營養生技股份有限公司
1232,24,2024,6,2024.06.18,新北市政府動物保護防疫處,113DU-ADC-00035,香酥脆管[AP032]，產品類型：零食，產品貨號/批號：2024.06.14 ，產地：台灣,犬貓,零食,2024.06.14,2025.12.13,寵多福寵物用品有限公司(代工廠:心食集實業有限公司)
1232,25,2024,6,2024.06.18,新北市政府動物保護防疫處,113DU-ADC-00036,香烤雞里肌[AP035]，產品類型：零食，產品貨號/批號：2024.06.13 ，產地：台灣,犬貓,零食,2024.06.13,2025.09.12,心食集實業有限公司(代工廠)
1232,26,2024,6,2024.06.18,新北市政府動物保護防疫處,113DU-ADC-00037,嫩Q雞里肌[AP036]，產品類型：零食，產品貨號/批號：2024.06.13 ，產地：台灣,犬貓,零食,2024.06.13,2025.09.12,寵多福寵物用品有限公司(代工廠:心食集實業有限公司)
1232,27,2024,6,2024.06.26,新北市政府動物保護防疫處,113DU-ADC-00038,卵護罩-腸道養護[AP037]，產品類型：營養補充品，產品貨號/批號：2024.05.31 ，產地：台灣,犬貓,營養補充品,2024.05.31,2027.05.30,亞太動物生技有限公司
1232,28,2024,6,2024.06.26,新北市政府動物保護防疫處,113DU-ADC-00039,EFAZOL利美膚散劑[AP038]，產品類型：營養補充品，產品貨號/批號：2023.08.31 ，產地：台灣,犬貓,營養補充品,2023.08.31,2026.08.30,亞太動物生技有限公司
1232,29,2024,6,2024.06.26,新北市政府動物保護防疫處,113DU-ADC-00040,卵護罩-皮膚養護[AP039]，產品類型：營養補充品，產品貨號/批號：2023.06.16 ，產地：台灣,犬貓,營養補充品,2023.06.16,2026.06.15,亞太動物生技有限公司
1232,30,2024,6,2024.06.26,新北市政府動物保護防疫處,113DU-ADC-00041,香犬寶[AP040]，產品類型：營養補充品，產品貨號/批號：2024.05.27 ，產地：台灣,犬貓,營養補充品,2024.05.27,2027.05.26,亞太動物生技有限公司
1232,31,2024,6,2024.06.26,新北市政府動物保護防疫處,113DU-ADC-00042,福星高鈣磷粉[AP041]，產品類型：營養補充品，產品貨號/批號：2024.04.19 ，產地：台灣,犬貓,營養補充品,2024.04.19,2027.04.18,亞太動物生技有限公司
1232,32,2024,6,2024.06.27,雲林縣動植物防疫所,113DU-ADC-00043,筷子肉乾(鴨肉)[IP004]，產品類型：零食，產地：台灣,犬貓,零食,2024.05.07,2025.11.06,台野畜產有限公司
1232,33,2024,6,2024.06.27,雲林縣動植物防疫所,113DU-ADC-00044,鴨里肌[IP005]，產品類型：零食，產地：台灣,犬貓,零食,2024.05.15,2025.11.14,台野畜產有限公司
1232,34,2024,6,2024.06.27,雲林縣動植物防疫所,113DU-ADC-00045,鴨肉脆脆一口酥[IP006]，產品類型：零食，產地：台灣,犬貓,零食,2024.04.15,2025.10.14,台野畜產有限公司
1232,35,2024,6,2024.06.27,雲林縣動植物防疫所,113DU-ADC-00046,雞肉脆脆一口酥[IP007]，產品類型：零食，產地：台灣,犬貓,零食,2024.04.30,2025.10.29,台野畜產有限公司
1232,36,2024,6,2024.06.27,雲林縣動植物防疫所,113DU-ADC-00047,雞肉造型Q餅[IP008]，產品類型：零食，產地：台灣,犬貓,零食,2024.05.02,2025.11.01,台野畜產有限公司
1232,37,2024,6,2024.05.08,臺南市動物防疫保護處,113DU-AD-00030,雞老大-雞肉丁[UP015]，產品貨號/批號：2024.05.03，產品類型：零食，產地：台灣,犬,零食,2024.05.03,2026.05.02,壹士達寵物有限公司
1232,38,2024,6,2024.05.08,臺南市動物防疫保護處,113DU-AD-00031,雞老大-燻烤美味雞胗[UP016]，產品貨號/批號：2024.05.03，產品類型：零食，產地：台灣,犬,零食,2024.05.03,2026.05.02,壹士達寵物有限公司
1232,39,2024,6,2024.06.11,臺北市動物保護處,240611DU001-01,倍力舒敏護膚配方(鮭魚+甜薯)犬糧，產品類型：乾糧，產品貨號/批號：2023.12.09M264B/2025.06.08S14，產地：台灣,犬,乾糧,2023.12.09M264B,2025.06.08S14,盈寶寵物股份有限公司
1232,40,2024,6,2024.06.11,臺北市動物保護處,240611DU001-02,倍力關節保健低敏配方(羊肉+南瓜)犬糧，產品類型：乾糧，產品貨號/批號：2024.02.24M214A/2025.08.23S13，產地：台灣,犬,乾糧,2024.02.24M214A,2025.08.23S13,盈寶寵物股份有限公司
1232,41,2024,6,2024.06.11,臺北市動物保護處,240611DU001-03,倍力褐藻防護配方 火雞＆鴨+台灣紅藜 犬糧，產品類型：乾糧，產品貨號/批號：2023.07.08M034A/2025.01.07S11，產地：台灣,犬,乾糧,2023.07.08M034A,2025.01.07S11,盈寶寵物股份有限公司
1232,42,2024,6,2024.06.11,臺北市動物保護處,240611DU001-04,莫比自然食 雞肉＆米 幼貓/懷孕授乳貓配方，產品類型：乾糧，產品貨號/批號：2024.02.18/2025.08.17，產地：美國,貓,乾糧,2024.02.18,2025.08.17,進口商：博東客企業有限公司
1232,43,2024,6,2024.06.11,臺北市動物保護處,240611DU001-05,生乳優格凍乾-蟲蟲起司，產品類型：零食，產品貨號/批號：2023.12.24/2024.12.23，產地：台灣,犬貓,零食,2023.12.24,2024.12.23,盈寶寵物股份有限公司
1232,44,2024,6,2024.06.11,臺北市動物保護處,240611DU001-06,倍力凍乾鮮糧3次方-鬼頭刀牧牛，產品類型：乾糧，產品貨號/批號：2024.02.01/2025.01.31，產地：台灣,犬,乾糧,2024.02.01,2025.01.31,盈寶寵物股份有限公司
1232,45,2024,6,2024.06.11,臺北市動物保護處,240611DU001-07,海陸饗宴峽谷河鱒魚煙燻鮭配方，產品類型：乾糧，產品貨號/批號：2025.06.29，產地：美國,貓,乾糧,,2025.06.29,進口商：博東客企業有限公司
1232,46,2024,6,2024.06.11,臺北市動物保護處,240611DU001-08,倍力海島貓咪主食罐-櫻桃鴨胸，產品類型：濕糧，產品貨號/批號：2023.06.16/2026.06.16，產地：台灣,貓,濕糧,2023.06.16,2026.06.16,盈寶寵物股份有限公司
1232,47,2024,6,2024.06.11,臺北市動物保護處,240611DU001-09,倍力海島貓咪主食罐-三鮮海瓜子，產品類型：濕糧，產品貨號/批號：2023.06.17/2026.06.17，產地：台灣,貓,濕糧,2023.06.17,2026.06.17,盈寶寵物股份有限公司
1232,48,2024,6,2024.06.17,臺南市動物防疫保護處,240617DU001-01,雞肉凍乾誘食粉60g，產品類型：營養補充品，產品貨號/批號：2024.05.02，產地：台灣,犬貓,營養補充品,2024.05.02,12個月,弘澤有限公司
1232,49,2024,6,2024.06.17,臺南市動物防疫保護處,240617DU001-02,牛肉寵食凍乾，產品類型：零食，產品貨號/批號：2024.05.20，產地：台灣,犬貓,零食,2024.05.20,1年,弘澤有限公司
1232,50,2024,6,2024.06.17,臺南市動物防疫保護處,240617DU001-03,GOMO PET FOOD鮮食餐包-四季紅藜煨牛雞，產品貨號/批號：2023/07/24 PE243C16，產品類型：濕糧，產地：台灣,犬貓,濕糧,2023.07.24,24個月,大成集團毛能寵物營養生技股份有限公司
1232,51,2024,6,2024.06.17,臺南市動物防疫保護處,240617DU001-04,GOMO PET FOOD鮮食餐包-番茄鮮牛燉纖薯，產品貨號/批號：2023/07/25 PE253C16，產品類型：濕糧，產地：台灣,犬貓,濕糧,2023.07.25,24個月,大成集團毛能寵物營養生技股份有限公司
1232,52,2024,6,2024.06.25,基隆市動物保護防疫所,240625DU001-01,貓侍冷凍乾燥零食-爆蛋柳葉魚[QP006]，產品類型：零食，產品貨號/批號：製造2024.02.20/有效2025.08.19，產地：台灣,犬貓,零食,2024.02.20,2025.08.19,貓侍股份有限公司
1232,53,2024,6,2024.06.25,基隆市動物保護防疫所,240625DU001-02,貓侍冷凍乾燥零食-鮪魚丁[QP007]，產品類型：零食，產品貨號/批號：製造2024.03.13/有效2025.09.12，產地：台灣,犬貓,零食,2024.03.13,2025.09.12,貓侍股份有限公司
1232,54,2024,6,2024.06.25,基隆市動物保護防疫所,240625DU001-03,貓侍冷凍乾燥零食-鮭鯊丁[QP008]，產品類型：零食，產品貨號/批號：製造2023.12.06/有效2025.06.05，產地：台灣,犬貓,零食,2023.12.06,2025.06.05,貓侍股份有限公司
1232,55,2024,6,2024.06.25,基隆市動物保護防疫所,240625DU001-04,貓侍冷凍乾燥零食-雞肉丁[QP009]，產品類型：零食，產品貨號/批號：製造2024.05.06/有效2025.11.05，產地：台灣,犬貓,零食,2024.05.06,2025.11.05,貓侍股份有限公司
1232,56,2024,6,2024.06.25,基隆市動物保護防疫所,240625DU001-05,低敏食材天然主食罐頭-雞肉鮪魚干貝(升級版)[QP010]，產品類型：濕糧，產品貨號/批號：CT041805，產地：台灣,貓,濕糧,2024.04.09,2027.04.08,貓侍股份有限公司
1232,57,2024,6,2024.06.25,基隆市動物保護防疫所,240625DU001-06,低敏食材天然主食罐頭-雞肉旗魚藍莓(升級版)[QP011]，產品類型：濕糧，產品貨號/批號：CS041502，產地：台灣,貓,濕糧,2024.04.01,2027.03.31,貓侍股份有限公司
1232,58,2024,6,2024.06.25,基隆市動物保護防疫所,240625DU001-07,Catpool貓侍罐頭-雙魚親子煲[QP012]，產品類型：濕糧，產品貨號/批號：84G6BN TCTH ND08 2，產地：泰國,貓,濕糧,45150,46246,貓侍股份有限公司
1232,59,2024,6,2024.06.19,桃園市,CP035,頂級軟性皮膚毛髮保健主食,犬,乾糧,-,2025.3.AE,台灣多格漫商貿股份有限公司
1232,60,2024,6,2024.06.19,桃園市,CP036,PETIO褐鐵礦便不臭寵物軟食－貴賓犬專用配方,犬,乾糧,-,2025.08.XD.PK,韋民企業股份有限公司
1232,61,2024,6,2024.06.19,桃園市,CP037,PETLINE懷石燒津鮪魚口味綜合貓糧,貓,乾糧,-,-,凱璜實業有限公司
1232,62,2024,6,2024.06.19,彰化縣,GP008,樂妙喵8號15歲-鮪雞(60g),貓,罐頭,-,2025.07.01,東盈實業股份有限公司
1232,63,2024,6,2024.06.19,彰化縣,GP009,樂妙喵6號-雞.刎(60g),貓,罐頭,-,2026.04.01,東盈實業股份有限公司
1232,64,2024,6,2024.06.19,彰化縣,GP010,CIAO 旨定罐12號(鰹魚+吻仔魚+干貝) 85g -4901133061257,貓,罐頭,-,2026.10.03,季軒有限公司
1232,65,2024,6,2024/06/18,屏東縣,MP011,口福-三合一肉角(300g),犬,零食,2023.08.04,-,進口商：東翔實業股份有限公司
1232,66,2024,6,2024/06/18,屏東縣,MP012,Petio美味牛肉條(成犬用 250g),犬,零食,-,2025.07.YC,進口商：韋民企業股份有限公司
1232,67,2024,6,2024/06/18,屏東縣,MP013,Staminol貓專用毛球護理DHA強效化毛膏(50g),貓,"補充品
(化毛膏)",-,2025.09.BD,進口商：台灣愛邦仕實業有限公司
1232,0,2024,7,2024.07.09,臺中市動物保護防疫處,113DU-AC-00021,超越汪喵 鮮肉主食罐 紐西藺放牧鹿肉餐[SP024]，產品貨號/批號：2024.03.16 5A，產品類型：濕糧，產地：台灣,貓,濕糧,16-三月-2024,15-三月-2027,雅士魚有限公司
1232,1,2024,7,2024.07.09,臺中市動物保護防疫處,113DU-AC-00022,超越汪喵 野生鱸魚餐(貓用)[SP025]，產品貨號/批號：2024.04.26 8C，產品類型：濕糧，產地：台灣,貓,濕糧,26-四月-2024,25-四月-2027,雅士魚有限公司
1232,2,2024,7,2024.07.09,臺中市動物保護防疫處,113DU-AC-00023,好味小姐 1+1貓奶粉 幼母貓主食罐 厚奶虱目魚[SP028]，產品貨號/批號：2023.09.12 1-2，產品類型：濕糧，產地：台灣,貓,濕糧,12-九月-2023,11-九月-2026,短捲麻股份有限公司
1232,3,2024,7,2024.07.09,臺中市動物保護防疫處,113DU-AC-00024,好味小姐 1+1益生菌 半濕食主食罐 四種魚+紅肉[SP029]，產品貨號/批號：2023.11.20_1，產品類型：濕糧，產地：台灣,貓,濕糧,20-十一月-2023,19-十一月-2026,短捲麻股份有限公司
1232,4,2024,7,2024.07.09,臺中市動物保護防疫處,113DU-AC-00025,毛爪村貓用紓壓主食罐 貓薄荷南瓜雞(肉泥)[SP031]，產品貨號/批號：2023.10.24/1A，產品類型：濕糧，產地：台灣,貓,濕糧,24-十月-2023,24-十月-2026,萊諾亞國際有限公司
1232,5,2024,7,2024.07.09,臺中市動物保護防疫處,113DU-AD-00039,艾樂斯牛肉味脆片50入[SP021]，產品貨號/批號：2026.03.04，產品類型：零食，產地：台灣,狗,零食,,04-三月-2026,代理：承竑有限公司／製造：弘元皮革股份有限公司
1232,6,2024,7,2024.07.09,臺中市動物保護防疫處,113DU-AD-00040,單身狗寵物 雙效機能潔牙骨 蛋白質心血管配方 雞肉超司+紅麴(長)[SP022]，產品貨號/批號：2023.04.29，產品類型：零食，產地：台灣,狗,零食,29-四月-2023,28-十月-2024,優合行銷股份有限公司
1232,7,2024,7,2024.07.09,臺中市動物保護防疫處,113DU-AD-00041,單身狗寵物 高鈣起司雞肉條[SP023]，產品貨號/批號：2024.03.09，產品類型：零食，產地：台灣,狗,零食,09-三月-2024,08-九月-2025,優合行銷股份有限公司/宏晨食品有限公司(廠商)
1232,8,2024,7,2024.07.09,臺中市動物保護防疫處,113DU-AD-00042,毛孩舟舟 8月雞肉鬆 亮8毛髮[SP026]，產品貨號/批號：2024.01.11，產品類型：零食，產地：台灣,狗,零食,11-一月-2024,10-七月-2025,巴斯企業社(委託商)
1232,9,2024,7,2024.07.09,臺中市動物保護防疫處,113DU-AD-00043,毛孩舟舟 夠嫩8水滴肉乾[SP027]，產品貨號/批號：2024.01.27，產品類型：零食，產地：台灣,狗,零食,27-一月-2024,26-七月-2025,巴斯企業社
1232,10,2024,7,2024.07.15,新北市政府動物保護防疫處,113DU-AB-00048,Doggy Willie的小犬威利 COOK 純粹煮食系列 雞鴨美胸 15g[AP044]，產品類型：零食，產品貨號/批號：20240304 ，產地：台灣,狗貓,零食,2024.03.04,2025.02.03,威饌股份有限公司
1232,11,2024,7,2024.07.15,新北市政府動物保護防疫處,113DU-AB-00049,Doggy Willie的小犬威利 PURE COOKING SERIES｜ORIGINAL熟食凍乾點心 干貝 20g[AP045]，產品類型：零食，產品貨號/批號：20240624 ，產地：台灣,狗貓,零食,2024.06.24,2025.12.23,威饌股份有限公司
1232,12,2024,7,2024.07.15,新北市政府動物保護防疫處,113DU-AB-00050,CHEESE CHICKEN 起司雞肉｜丁狀系列 熟食凍乾 30g[AP046]，產品類型：零食，產品貨號/批號：20240624 ，產地：台灣,狗貓,零食,2024.06.24,2025.12.23,威饌股份有限公司
1232,13,2024,7,2024.07.15,新北市政府動物保護防疫處,113DU-AD-00044,Doggy Willie的小犬威利 Meal 蘋果甜菜牛肉 200g[AP047]，產品類型：乾糧(半濕性)，產品貨號/批號：20240522 ，產地：台灣,狗,乾糧(半濕性),2024.05.22,2025.11.21,威饌股份有限公司
1232,14,2024,7,2024.07.15,新北市政府動物保護防疫處,113DU-AD-00045,Doggy Willie的小犬威利 Meal 青豆蕈菇羊肉 200g[AP048]，產品類型：乾糧(半濕性)，產品貨號/批號：20240522 ，產地：台灣,狗,乾糧(半濕性),2024.05.22,2025.11.21,威饌股份有限公司
1232,15,2024,7,2024.07.22,嘉義縣家畜疾病防治所,113DU-AB-00051,膚保康[JP006]，產品類型：營養補充品，產地：台灣,狗貓,營養補充品,,2026.06.26,銓華寵物科技有限公司
1232,16,2024,7,2024.07.22,嘉義縣家畜疾病防治所,113DU-AB-00052,寵物元氣泌尿道保健粉[JP007]，產品類型：營養補充品，產地：台灣,狗貓,營養補充品,,2026.05.29,銓華寵物科技有限公司
1232,17,2024,7,2024.07.22,嘉義縣家畜疾病防治所,113DU-AD-00046,比活力綜合營養狗餅乾[JP005]，產品類型：零食，產地：台灣,狗,零食,2024.06.19,2025.12.18,銓華寵物科技有限公司
1232,18,2024,7,2024.07.22,嘉義縣家畜疾病防治所,113DU-AD-00047,古德狗耐咬2.5吋雞肉潔牙骨[JP008]，產品類型：零食，產地：台灣,狗,零食,2024.03.05,2025.09.04,弘元皮革股份有限公司
1232,19,2024,7,2024.07.22,嘉義縣家畜疾病防治所,113DU-AD-00048,古德狗手作原肉雞肉片[JP009]，產品類型：零食，產地：台灣,狗,零食,2024.06.19,2025.12.18,弘元皮革股份有限公司
1232,20,2024,7,2024.08.08,桃園市政府動物保護處,113DU-AC-00026,貓族1種肉無膠主食罐-純雞肉餐165g[CP020]，產品貨號/批號：2024.04.03，產品類型：濕糧，產地：台灣,貓,濕糧,2024.04.03,2027.04.02,怪獸製造有限公司
1232,21,2024,7,2024.08.08,桃園市政府動物保護處,113DU-AD-00049,雙效健鈣[CP018]，產品貨號/批號：458701，產品類型：營養補充品，產地：台灣,狗,營養補充品,2024.05.30,3年,啟基生技股份有限公司
1232,22,2024,7,2024.08.08,桃園市政府動物保護處,113DU-AD-00050,綜合腸益菌多元平衡配方(犬用)[CP019]，產品貨號/批號：EXP20260703，產品類型：營養補充品，產地：台灣,狗,營養補充品,-,2026.07.03,艾澌克企業股份有限公司
1232,23,2024,7,2024.08.08,桃園市政府動物保護處,113DU-AD-00051,犬用保健機能主食罐165g 薑黃燉牛肉[CP021]，產品貨號/批號：2024.05.23，產品類型：濕糧，產地：台灣,狗,濕糧,2024.05.23,2027.05.22,怪獸製造有限公司
1232,24,2024,7,2024.08.08,桃園市政府動物保護處,113DU-AD-00052,犬族寶寶無膠主食罐165g-草飼牛[CP022]，產品貨號/批號：2024.01.17，產品類型：濕糧，產地：台灣,狗,濕糧,2024.01.17,2027.01.16,怪獸製造有限公司
1232,25,2024,7,2024.08.09,臺南市動物防疫保護處,113DU-AC-00027,搶鮮貓(鮪魚+蟹肉)85g[UP026]，產品貨號/批號：2024.04.08，產品類型：濕糧，產地：台灣,貓,濕糧,2024.04.08,2027.04.07,松桀企業社
1232,26,2024,7,2024.08.09,臺南市動物防疫保護處,113DU-AD-00053,CHEW BAR啾啾棒 蔓越莓優格潔牙棒65g[UP024]，產品貨號/批號：2024.7.17，產品類型：零食，產地：台灣,狗,零食,2024.07.17,2026.01.16,皇吉寵物食品有限公司
1232,27,2024,7,2024.08.09,臺南市動物防疫保護處,113DU-AD-00054,肉肉傳說-黑酵母小鮮柳[UP025]，產品貨號/批號：2024.7.17，產品類型：零食，產地：台灣,狗貓,零食,2024.07.17,2026.01.16,皇吉寵物食品有限公司
1232,28,2024,7,2024.08.09,臺南市動物防疫保護處,113DU-AD-00055,搶鮮狗(純雞肉)85g[UP027]，產品貨號/批號：2023.10.18/3C，產品類型：濕糧，產地：台灣,狗,濕糧,2023.10.18,2026.10.17,松桀企業社
1232,29,2024,7,2024.08.09,臺南市動物防疫保護處,113DU-AD-00056,寵介讚 寵物原肉零食-骰子牛100g[UP028]，產品貨號/批號：2024.03.18，產品類型：零食，產地：台灣,狗,零食,2024.03.18,2026.03.17,海慶企業社
1232,30,2024,7,2024.08.09,臺南市動物防疫保護處,113DU-AD-00057,寵介讚 寵物原肉零食-蜜汁雞肉鱈魚條100g[UP029]，產品貨號/批號：2024.03.21，產品類型：零食，產地：台灣,狗,零食,2024.03.21,2026.03.20,海慶企業社
1232,31,2024,7,2024.07.09,臺中市動物保護防疫處,113DU-BD-00017,雞妖 串燒雞肉潔牙棒(短)[SP030]，產品貨號/批號：2025.07.11，產品類型：零食，產地：泰國,狗,零食,-,11-七月-2025,進口商：鴻娟貿易有限公司
1232,32,2024,7,2024.07.08,新北市動保處,240708DU001-01,黑貓侍 天然無穀貓糧 (雞肉+羊肉+靈芝+鱉蛋粉+離胺酸)[AP042]，產品類型：乾糧，產品貨號/批號：2023.12.22M 394A ，產地：台灣,貓,乾糧,2023.12.22 M39 4A,2025.06.21 S18,貓侍股份有限公司(委製商:樂宙股份有限公司)
1232,33,2024,7,2024.07.08,新北市動保處,240708DU001-02,白貓侍 天然無穀貓糧-黑色奇蹟 (雞肉+鴨肉+靈芝+墨魚汁+離胺酸)[AP043]，產品類型：乾糧，產品貨號/批號：2023.11.04 M22 1A ，產地：台灣,貓,乾糧,2023.11.04 M22 1A,2025.05.03S13,貓侍股份有限公司(委製商:樂宙股份有限公司)
1232,0,2024,8,2024.08.06,臺中市動物保護防疫處,113DU-BB-00003,北海道蝦夷鹿肉罐[SP032]，產品貨號/批號：2026.09.14 KNM，產品類型：濕糧，產地：日本,狗貓,濕糧,,2026.09.14 ,進口:鎧帛實業有限公司
1232,1,2024,8,2024.08.06,臺中市動物保護防疫處,113DU-BD-00018,Plaiaden南瓜雞肉 SIEBEN美食7-犬主食罐[SP033]，產品貨號/批號：2025/10/12 DE-BY-1-00172，產品類型：濕糧，產地：德國,狗,濕糧,,2025.10.12,進口:鎧帛實業有限公司
1232,2,2024,8,2024.08.06,臺中市動物保護防疫處,113DU-BD-00019,韓國 NATURAL CORE 自然核心 乳酸菌餅乾棒-起司SP034]，產品貨號/批號：2025/01/01 2024/01/02，產品類型：零食，產地：韓國,狗,零食,2024.01.02,2025.01.01,進口商:新寵兒寵物股份有限公司
1232,3,2024,8,2024.08.06,臺中市動物保護防疫處,113DU-BD-00020,韓國NATURAL CORE自然核心 狗狗營養湯雙袋-菠菜&雞肉 40gx2入[SP035]，產品貨號/批號：2025/10/10 2023/10/11 MB，產品類型：濕糧，產地：泰國,狗,濕糧,2023.10.11,2025.10.10,進口商:新寵兒寵物股份有限公司
1232,4,2024,8,2024.08.06,臺中市動物保護防疫處,113DU-BD-00021,韓國 NATURAL CORE 自然核心 美味營養粥-鴨肉鱈魚粥 120g[SP036]，產品貨號/批號：2025/9/27 2024/3/28，產品類型：濕糧，產地：韓國,狗,濕糧,2024.03.28,2025.09.27,進口商:新寵兒寵物股份有限公司
1232,5,2024,8,2024.08.06,桃園市政府動物保護處,113DU-BC-00016,CIAO 全魚宴餐包(鮪魚+鰹魚+雞肉)[CP015]，產品貨號/批號：TCR-173 IX 2025.11 BJ，產品類型：濕糧，產地：泰國,貓,濕糧,,2025.11,進口商:強普股份有限公司
1232,6,2024,8,2024.08.06,桃園市政府動物保護處,113DU-BD-00022,德國柏肯特主食鮮肉包(雞肉 犬用)[CP016]，產品貨號/批號：09.01.2027.DE 05554104313 4 19:02:08，產品類型：濕糧，產地：德國,狗,濕糧,,2027.01.09,進口商:麥可貿易有限公司
1232,7,2024,8,2024.08.06,桃園市政府動物保護處,113DU-BD-00023,犬用絹紗雞胸肉塊-原味[CP017]，產品貨號/批號：2025.03 CQ，產品類型：零食，產地：日本,狗,零食,,2025.03,進口商:臺灣多格漫商貿股份有限公司
1232,8,2024,8,2024.08.08,彰化縣動物防疫所,113DU-BC-00017,妙喵濃厚主食軟包1號-鮪魚[GP011]，產品貨號/批號：NGR-1，產品類型：濕糧，產地：泰國,貓,濕糧,-,2025..01.01,進口商：東盈實業股份有限公司
1232,9,2024,8,2024.08.08,彰化縣動物防疫所,113DU-BC-00018,SHEBA鮮饌包 鮪魚(吞拿魚)及蟹肉口味[GP012]，產品貨號/批號：9.334214.024998，產品類型：濕糧，產地：泰國,貓,濕糧,2023.09.03,2025.09.02,進口商：台灣瑪氏股份有限公司
1232,10,2024,8,2024.08.08,彰化縣動物防疫所,113DU-BC-00019,希爾思寵物食品 成貓 香煎鮪魚燴胡蘿蔔 健康美饌主食罐[GP013]，產品貨號/批號：0.52742.00709，產品類型：濕糧，產地：美國,貓,濕糧,-,2025.06,進口商：台灣希爾思寵物營養品有限公司
1232,11,2024,8,2024.08.08,彰化縣動物防疫所,113DU-BC-00020,Health in機能湯 貓餐罐 白身鮪＆雞肉＆澆汁[GP014]，產品貨號/批號：4.719865.822028，產品類型：濕糧，產地：泰國,貓,濕糧,2023.12.23,2026.12.22,進口商：台灣惜時有限公司
1232,12,2024,8,2024.08.08,彰化縣動物防疫所,113DU-BD-00024,野宴全齡犬草飼無穀配方 放養鴨＆草飼鹿[GP015]，產品貨號/批號：4.716609 691629，產品類型：乾糧，產地：紐西蘭,狗,乾糧,2024.02.08,2025.08.08,進口商：悠然國際實業股份有限公司
1232,13,2024,8,2024.08.08,高雄市動物保護處,113DU-BC-00021,森鮮天然無穀物低敏乾糧 全貓配方450g[WP030]，產品類型：乾糧，產地：紐西蘭,貓,乾糧,-,2025.02.28,進口商：紐西蘭森鮮有限公司
1232,14,2024,8,2024.08.08,高雄市動物保護處,113DU-BC-00022,Us Cat 愛貓餐罐(鮪魚+蟹肉)[WP031]，產品類型：濕糧，產地：泰國,貓,濕糧,2024.02.24,2027.02.23,進口商：台灣惜時有限公司
1232,15,2024,8,2024.08.08,高雄市動物保護處,113DU-BD-00025,LOVE'EM 幼犬訓練零食+鈣(牛豬口味)200g[WP032]，產品類型：零食，產地：澳洲,狗,零食,,2025.07.25,進口商：聯享寵物貿易有限公司
1232,16,2024,8,2024.08.08,高雄市動物保護處,113DU-BD-00026,處方皇家LP18C犬泌尿道配方罐[WP033]，產品類型：濕糧/處方食品，產地：奧地利,狗,濕糧/處方食品,,2025.07.21,進口商：台灣皇家寵物食品有限公司
1232,17,2024,8,2024.08.09,南投縣家畜疾病防治所,113DU-BD-00027,生活良好犬用雞柳條[HP006]，產品類型：零食，產地：日本,狗,零食,,2025.01,進口商：台灣生活良好國際股份有限公司
1232,18,2024,8,2024.08.15,屏東縣政府動保科,113DU-BB-00004,傑羅愛香腸-鱈魚[MP015]，產品貨號/批號：8809800864001，產品類型：零食，產地：韓國,狗貓,零食,,2024.12.25,進口商：沃森國際行銷管理顧問有限公司
1232,19,2024,8,2024.08.19,新北市政府動物保護防疫處,113DU-BC-00023,IAMS 愛慕思 健康優活 成貓營養配方 鮪魚及鮭魚口味[AP049]，產品貨號/批號：MFG030424J4/EXP250925，產品類型：乾糧，產地：泰國,貓,乾糧,24.04.03,25.09.25,進口商：台灣瑪氏股份有限公司
1232,20,2024,8,2024.08.19,新北市政府動物保護防疫處,113DU-BC-00024,Cat Mind愛貓餐罐 鮪魚+一夜干[AP050]，產品貨號/批號：PRO2023.11.13/EXP2026.11.12，產品類型：濕糧，產地：泰國,貓,濕糧,2023.11.13,2026.11.12,進口商：彼得有限公司
1232,21,2024,8,2024.08.19,新北市政府動物保護防疫處,113DU-BD-00028,比活力 脆皮軟酥條[AP051]，產品貨號/批號：20231208/20251207，產品類型：零食，產地：埃及,狗,零食,2023.12.08,2025.12.07,進口商：固才有限公司
1232,22,2024,8,2024.08.19,雲林縣動植物防疫所,113DU-BD-00029,西莎蒸鮮包成犬用低脂雞肉口味[IP009]，產品類型：濕糧，產地：泰國,狗,濕糧,,2026.05.17,進口商：台灣瑪氏股份有限公司
1232,23,2024,8,2024.08.19,雲林縣動植物防疫所,113DU-BD-00030,嘿囉小型犬成犬無穀雞肉配方[IP010]，產品貨號/批號：HA57603，產品類型：乾糧，產地：美國,狗,乾糧,,2025.06.04,進口商：盛貿寵物股份有限公司
1232,24,2024,8,2024.08.21,基隆市動物保護防疫處,113DU-BC-00025,2520FHN皇家理想體態成貓專用飼料F32 2kg[QP013]，產品貨號/批號：419G1RGY05，產品類型：乾糧，產地：韓國,貓,乾糧,,25.11.02,進口商：台灣皇家寵物食品有限公司
1232,25,2024,8,2024.08.21,基隆市動物保護防疫處,113DU-BD-00031,莫比L25羊肉米成犬食譜[QP014]，產品貨號/批號：IL0201W17，產品類型：乾糧，產地：美國,狗,乾糧,2024.02.15,2025.08.14,進口商：博東客企業有限公司
1232,26,2024,8,2024.08.21,宜蘭縣動植物防疫所,113DU-BB-00005,Salmon Oil-純鮭魚油[BP013]，產品貨號/批號：02-2025(BATCH.23598)，產品類型：營養補充品，產地：挪威,狗貓,營養補充品,08-2023,02-2025,代理商：緯豪實業股份有限公司
1232,27,2024,8,2024.08.22,宜蘭縣動植物防疫所,113DU-BC-00026,GREENS葛莉思貓食鮪魚嫩雞口味[BP006]，產品貨號/批號：有效日期2025.08.21，產品類型：乾糧，產地：台灣,貓,乾糧,2024.02.22,2025.08.21,福壽實業股份有限公司
1232,28,2024,8,2024.08.22,宜蘭縣動植物防疫所,113DU-BC-00027,爵士貓吧 肉泥罐 雞肉肉泥[BP011]，產品貨號/批號：2025.02.18，產品類型：濕糧，產地：泰國,貓,濕糧,,2025.02.18,進口商：達飛國際有限公司
1232,29,2024,8,2024.08.22,宜蘭縣動植物防疫所,113DU-BD-00032,倍力斯愛犬狗糧410g 羊肉風味[BP007]，產品貨號/批號：有效日期2027.02.15，產品類型：濕糧，產地：台灣,狗,濕糧,2024.02.16,2027.02.15,昇鼎企業有限公司
1232,30,2024,8,2024.08.22,宜蘭縣動植物防疫所,113DU-BD-00033,頂級犬用營養膏[BP009]，產品貨號/批號：01/2027，產品類型：營養補充品，產地：美國,狗,營養補充品,,01/2027,總代理：裕寶國際股份有限公司
1232,31,2024,8,2024.08.22,宜蘭縣動植物防疫所,113DU-BD-00034,1031澳洲犬用牛奶 老犬用[BP010]，產品貨號/批號：2025/03/SA，產品類型：營養補充品，產地：澳洲,狗,營養補充品,,2025/03,進口商：台灣多格曼商貿股份有限公司
1232,32,2024,8,2024.08.22,宜蘭縣動植物防疫所,113DU-BD-00035,寶多福-健康機能系列 無憂好心情配方(全齡犬)[BP012]，產品貨號/批號：2025.4.21，產品類型：乾糧，產地：台灣,狗,乾糧,2024.04.22,2025.04.21,統一企業股份有限公司
1232,33,2024,8,2024.08.22,嘉義縣家畜疾病防治所,113DU-BC-00028,吶一口貓肉泥－鮪魚+雞肉[JP011]，產品類型：零食，產地：泰國,貓,零食,2024.02.08,2026.02.08,進口商：豪翼行銷有限公司
1232,34,2024,8,2024.08.22,嘉義縣家畜疾病防治所,113DU-BD-00036,西莎主廚嚴選香軟牛肉切塊口味[JP010]，產品類型：零食，產地：日本,狗,零食,,2025.03.29,輸入商:台灣瑪氏股份有限公司
1232,35,2024,8,2024.08.22,臺北市動物保護處,113DU-BC-00029,吶一口貓肉泥-鮪魚+蟹肉[VP006]，產品貨號/批號：12.05.2025，產品類型：濕糧，產地：泰國,貓,濕糧,2023.05.12,2025.05.12,進口商：豪翼行銷有限公司
1232,36,2024,8,2024.08.22,臺北市動物保護處,113DU-BC-00030,銀湯匙貓餐包 鮪魚 鰹魚 柴魚片[VP007]，產品貨號/批號：20240219 16D /20260219，產品類型：濕糧，產地：泰國,貓,濕糧,20240219,20260219,進口商：嬌聯股份有限公司
1232,37,2024,8,2024.08.22,臺北市動物保護處,113DU-BC-00031,天然密碼-永恆無穀主食罐(貓薄荷)[VP008]，產品貨號/批號：26.03.2027，產品類型：濕糧，產地：泰國,貓,濕糧,-,2027.03.26,進口商：廣湛有限公司
1232,38,2024,8,2024.08.26,嘉義市政府建設處農林畜牧科,113DU-BC-00032,瑪恩吉 天然全能 室內成貓配方(雞肉)[TP004]，產品貨號/批號：2025/11/10，產品類型：乾糧，產地：義大利,貓,乾糧,2024.05.10,2025.11.10,進口商：柏希菲克股份有限公司
1232,39,2024,8,2024.08.26,嘉義市政府建設處農林畜牧科,113DU-BD-00037,卡咪哇 全齡犬-鮭.鮪.米配方[TP002]，產品貨號/批號：2025/05/19，產品類型：乾糧，產地：泰國,狗,乾糧,2023.11.19,2025.05.19,進口商：東盈實業
1232,40,2024,8,2024.08.26,嘉義市政府建設處農林畜牧科,113DU-BD-00038,野宴3.0 全齡犬草飼無穀配方 草飼牛&野牧山羊[TP003]，產品貨號/批號：2025/08/08，產品類型：乾糧，產地：紐西蘭,狗,乾糧,2024.02.08,2025.08.08,代理/進口商:悠遊國際實業股份有限公司
1232,41,2024,8,2024.08.26,澎湖縣家畜疾病防治所,113DU-BC-00033,C.C.P寵物奶粉隨身包10g[PP001]，產品貨號/批號：2022.11.10/2025.11.09，產品類型：營養補充品，產地：紐西蘭,貓,營養補充品,2022.11.10,2025.11.09,進口商：全慶寵物用品有限公司
1232,42,2024,8,2024.08.26,澎湖縣家畜疾病防治所,113DU-BC-00034,貓主子御用鮮湯包-鮮美鰹魚+雞肉[PP002]，產品貨號/批號：2024.03.02/2026.03.01，產品類型：濕糧，產地：台灣,貓,濕糧,2024.03.02,2026.03.01,螢火蟲原創有限公司
1232,43,2024,8,2024.08.28,臺南市動物防疫保護處,113DU-BC-00035,astkatta 放養嫩雞肉80g[UP030]，產品貨號/批號：2025.05.03，產品類型：濕糧，產地：泰國,貓,濕糧,,2025.05.23,代理商：碩達豐易有限公司
1232,44,2024,8,2024.08.28,臺南市動物防疫保護處,113DU-BC-00036,Hulucat 卡滋化毛配方潔牙餅-鮪魚150g[UP031]，產品貨號/批號：MFG02/06/23，產品類型：零食，產地：泰國,貓,零食,23.06.02,25.06.02,進口商：王品寵物用品有限公司
1232,45,2024,8,2024.08.28,臺南市動物防疫保護處,113DU-BC-00037,義大利啟蒙主食貓罐-鮭魚+蝦 415g[UP032]，產品貨號/批號：FRCD04122023 L656642，產品類型：濕糧，產地：義大利,貓,濕糧,,2027.12.04,進口商：品果國際行銷有限公司
1232,46,2024,8,2024.09.04,新竹縣動物保護防疫所,113DU-BC-00039,西莎精緻乾糧 澳洲牛肉與鮮嫩鮭魚(三文魚)口味[DP004]，產品貨號/批號：9334214017686，產品類型：乾糧，產地：澳洲,貓,乾糧,181123,180525,輸入商:台灣瑪氏股份有限公司
1232,47,2024,8,2024.09.04,新竹縣動物保護防疫所,113DU-BD-00040,歐力無穀天然寵糧[DP005]，產品貨號/批號：4711126721873，產品類型：乾糧，產地：美國,狗,乾糧,2024.02.21,2025.08.20,進口商：珍荃有限公司
1232,48,2024,8,2024.03.05,高雄市動物保護處,113DU-BD-00001,(分裝)新優格 成犬 羊肉 小顆粒[WP018]，產品類型：乾糧，產地：美國,狗,乾糧,2023.12.16,2024.12.16,進口商：艾澌克企業股份有限公司
1232,49,2024,8,2024.08.15,臺南市動物防疫保護處,240815DU001-01,保羅高級-海鮮燕麥(成貓/全貓)18kg，產品類型：乾糧，產品貨號/批號：MFG2024.05.09 M15 1A，產地：台灣,貓,乾糧,2024.05.09 M15 1A,2025.11.08 S14,大地營養有限公司(代工廠:保生實業股份有限公司)
1232,50,2024,8,2024.08.15,臺南市動物防疫保護處,240815DU001-02,保羅高級-雞肉糙米(成貓/全貓)2kg，產品類型：乾糧，產品貨號/批號：MFG2024.06.25 M39 4A，產地：台灣,貓,乾糧,2024.06.25 M39 4A,2025.12.24 S09,大地營養有限公司(代工廠:保生實業股份有限公司)
1232,0,2024,9,2024.09.04,彰化縣動物防疫所,113DU-DB-00001,BUTCH BLUE LABEL藍標 [GP016]，產品貨號/批號：1321-1，產品類型：濕糧，產地：紐西蘭,狗貓,濕糧,2024.04.12,2025.01.11,進口商：新武國際有限公司
1232,1,2024,9,2024.09.04,彰化縣動物防疫所,113DU-DB-00002,BUTCH TASTI DINNER ONIGINAL(嗜口大餐-白標)[GP017]，產品貨號/批號：0849-0，產品類型：濕糧，產地：紐西蘭,狗貓,濕糧,2024.04.16,2025.01.15,進口商：新武國際有限公司
1232,2,2024,9,2024.09.04,桃園市政府動物保護處,113DU-DB-00003,純粹吃肉櫻桃鴨[CP023]，產品貨號/批號：202405，產品類型：濕糧，產地：台灣,狗貓,濕糧,2024.05,2025.05,寵愛有家股份有限公司
1232,3,2024,9,2024.09.11,基隆市動物保護防疫處,113DU-DB-00004,BUTCH TASTI DINNER ONIGINAL(嗜口大餐-白標)[QP015]，產品貨號/批號：08370，產品類型：濕糧，產地：紐西蘭,狗貓,濕糧,2024.04.16,2025.01.15,進口商：新武國際有限公司
1232,4,2024,9,2024.09.11,基隆市動物保護防疫處,113DU-DB-00005,BUTCH TASTI DINNER CHICKEN＆RICE(嗜口大餐-黃標)[QP016]，產品貨號/批號：07370，產品類型：濕糧，產地：紐西蘭,狗貓,濕糧,2024.04.18,2025.01.17,進口商：新武國際有限公司
1232,5,2024,9,2024.09.11,基隆市動物保護防疫處,113DU-DB-00006,BUTCH TASTI DINNER SELECT MEATS(嗜口大餐-藍標)[QP017]，產品貨號/批號：11530，產品類型：濕糧，產地：紐西蘭,狗貓,濕糧,2024.04.12,2025.01.11,進口商：新武國際有限公司
1232,6,2024,9,2024.09.18,雲林縣動植物防疫所,113DU-DB-00007,BUTCH TASTI DINNER CHICKEN＆RICE(嗜口大餐-黃標)[IP011]，產品類型：濕糧，產地：紐西蘭,狗貓,濕糧,2024.04.18,2025.01.17,進口商：新武國際有限公司
1232,7,2024,9,240918DU001,雲林縣動植物防疫所,113DU-DB-00008,BUTCH TASTI DINNER SELECT MEATS(嗜口大餐-藍標)[IP012]，產品類型：濕糧，產地：紐西蘭,狗貓,濕糧,2024.04.12,2025.01.11,進口商：新武國際有限公司
1232,8,2024,9,2024.09.20,宜蘭縣動植物防疫所,113DU-DB-00009,翻滾吧！蛋炒飯 補鈣蛋炒飯[BP015]，產品貨號/批號：2025/6，產品類型：非營養性補充品，產地：台灣,狗貓,非營養性補充品,2024.06.14,2025.06.13,寵愛有家股份有限公司
1232,9,2024,9,2024.09.20,宜蘭縣動植物防疫所,113DU-DB-00010,卡尼生肉餐 鴨肉生肉餐-犬貓生食[BP016]，產品貨號/批號：2025.04.16，產品類型：濕糧，產地：台灣,狗貓,濕糧,-,2025.04.16,圓寵有限公司
1232,10,2024,9,2024.09.24,嘉義縣家畜疾病防治所,113DU-DB-00011,BUTCH TASTI DINNER CHICKEN＆RICE(嗜口大餐-黃標)[JP012]，產品類型：濕糧，產地：紐西蘭,狗貓,濕糧,2024.04.18,2025.01.17,進口商：新武國際有限公司
1232,11,2024,9,2024.09.24,嘉義縣家畜疾病防治所,113DU-DB-00012,BUTCH TASTI DINNER ONIGINAL(嗜口大餐-白標)[JP013]，產品類型：濕糧，產地：紐西蘭,狗貓,濕糧,2024.04.16,2025.01.15,進口商：新武國際有限公司
1232,12,2024,9,2024.09.24,嘉義縣家畜疾病防治所,113DU-DB-00013,生鮮食肉骨餅(彩色均衡機能)[JP014]，產品類型：零食，產地：台灣,狗貓,零食,-,2024.10.24,法娃國際股份有限公司
1232,13,2024,9,2024.09.04,彰化縣動物防疫所,113DU-DC-00001,汪喵星球 貓用冷凍生食餐 放牧鹿[GP018]，產品貨號/批號：1334，產品類型：濕糧，產地：台灣,貓,濕糧,-,2025.02.21,自力耕生股份有限公司
1232,14,2024,9,2024.09.04,桃園市政府動物保護處,113DU-DC-00002,BUTCH GINGER TOM FRESH LAMB(金嬌貓-綠標)[CP024]，產品貨號/批號：090CT2023，產品類型：濕糧，產地：紐西蘭,狗貓,濕糧,2023.10.09,2024.07.09,進口商：新武國際有限公司
1232,15,2024,9,2024.09.27,臺北市動物保護處,113DU-DC-00003,汪喵星球-貓用冷凍生食餐櫻桃鴨[VP009]，產品貨號/批號：2025.02.21DKC，產品類型：濕糧，產地：台灣,貓,濕糧,-,2025.02.21,自力耕生股份有限公司
1232,16,2024,9,2024.09.18,雲林縣動植物防疫所,113DU-DD-00001,強壯雞腿佐花椰菜小魚[IP013]，產品類型：零食，產地：台灣,狗,零食,-,2026.06.28,自力耕生股份有限公司
1232,17,2024,9,2024.09.20,宜蘭縣動植物防疫所,113DU-DD-00002,B博士冰鮮生食-輕食食譜(犬用) BF-D06[BP014]，產品貨號/批號：2025.01.20，產品類型：濕糧，產地：澳洲,狗,濕糧,-,2025.01.20,進口商：嵩颺有限公司
1232,18,2024,9,2024.09.25,臺南市動物防疫保護處,113DU-DD-00003,汪事如意- 無榖主餐丼 親子丼100g*2包[UP033]，產品貨號/批號：MFD2024.07，產品類型：濕糧，產地：台灣,狗,濕糧,2024.07,2025.07,寵愛有家股份有限公司
1232,19,2024,9,2024.09.25,臺南市動物防疫保護處,113DU-DD-00004,汪事如意- 副餐忍者丸太郎系列(美膚術-雞肉牛肉丸)100g*2包[UP034]，產品貨號/批號：MFD2024.08，產品類型：濕糧，產地：台灣,狗,濕糧,2024.08,2025.08,寵愛有家股份有限公司
1232,20,2024,9,2024.09.27,臺北市動物保護處,113DU-DD-00005,melodog 鮮燉飯(鴨肉)[VP010]，產品貨號/批號：2025.07.04，產品類型：濕糧，產地：台灣,狗,濕糧,-,2025.07.04,優異識股份有限公司
1232,21,2024,9,2024.09.04,臺南市動物防疫保護處,240904DU001-01,喵洽普-貓咪凍乾低脂鮪魚75g，產品貨號/批號：MFD2024.04.12，產品類型：零食，產地： 韓國,貓,零食,2024.04.12,2026.04.10,壹士達寵物有限公司
1232,22,2024,9,2024.09.04,臺南市動物防疫保護處,240904DU001-02,喵洽普-貓咪凍乾新鮮鱈魚60g，產品貨號/批號：MFD2024.06.11，產品類型：零食，產地： 韓國,貓,零食,2024.06.11,2026.06.10,壹士達寵物有限公司
1232,23,2024,9,2024.09.04,臺南市動物防疫保護處,240904DU001-03,喵洽普-貓咪凍乾新鮮鮭魚70g，產品貨號/批號：MFD2024.06.15，產品類型：零食，產地： 韓國,貓,零食,2024.06.15,2026.06.14,壹士達寵物有限公司
1232,24,2024,9,2024.09.10,屏東縣政府動保科,240910DU001-01,飼糧倉-原味雞肉乾[MP016]，產品貨號/批號：製造日期2024.07.31/有效日期2026.01.30，產品類型：零食，產地： 台灣,狗貓,零食,2024.07.31,2026.01.30,食尚好國際企業有限公司
1232,25,2024,9,2024.09.10,屏東縣政府動保科,240910DU001-02,飼時候-海陸套餐凍晶寵糧[MP017]，產品貨號/批號：製造日期2024.05.24/有效日期2025.11.23，產品類型：乾糧，產地： 台灣,狗貓,乾糧,2024.05.24,2025.11.23,食尚好國際企業有限公司
1232,26,2024,9,2024.09.23,臺南市動物防疫保護處,240923DU001-01,喵洽普-貓咪凍乾低脂鮪魚75g，產品貨號/批號：MFD2023.11.02，產品類型：零食，產地： 韓國,貓,零食,2023.11.02,2025.10.31,進口商：壹士達寵物有限公司
1232,0,2025,1,2025.01.09,高雄市動物保護處,250109DU001-01,瑪恩吉Grill炙燒肉塊無穀主食犬餐包 成犬(牛肉)[WP001]，產品貨號/批號：2024.04.05，產品類型：濕糧/罐頭(含滅菌軟袋)，產地：義大利,狗,濕糧/罐頭(含滅菌軟袋),05042024,05042028,進口商：柏希菲克股份有限公司
1232,1,2025,1,2025.01.09,高雄市動物保護處,250109DU001-02,Brit咘莉/酥脆黑水虻狗餅乾系列/薄荷+鮪魚[WP002]，產品貨號/批號：2025.04.29，產品類型：零食(含潔牙骨)，產地：捷克,狗,零食(含潔牙骨),-,2025.04.29,進口商：展飛股份有限公司
1232,2,2025,1,2025.01.09,高雄市動物保護處,250109DU001-03,A Star多效雙頭潔牙骨大包-SS[WP003]，產品貨號/批號：2026.09.03，產品類型：零食(含潔牙骨)，產地：新加玻,狗,零食(含潔牙骨),2024.09.04,2026.09.03,進口商：台灣愛邦仕實業股份有限公司
1232,3,2025,1,2025.01.09,高雄市動物保護處,250109DU001-04,貓專用 深海鮮魚棒[WP004]，產品貨號/批號：2026.06.03，產品類型：零食(含潔牙骨)，產地：泰國,貓,零食(含潔牙骨),2024.12.04,2026.06.03,進口商：台灣愛邦仕實業股份有限公司
1232,4,2025,1,2025.01.15,臺中市動物保護防疫處,250115DU001-01,奇境 澳洲鮭魚+紐西蘭羊肺凍乾 無穀全貓糧[SP001]，產品貨號/批號：20240327/20250927，產品類型：乾糧(含半濕性糧)，產地：澳洲,貓,乾糧(含半濕性糧),2024.03.27,2025.09.27,進口商：維逸有限公司
1232,5,2025,1,2025.01.15,臺中市動物保護防疫處,250115DU001-02,ADD 放牧鹿 無穀全齡貓[SP002]，產品貨號/批號：20240508/20260708，產品類型：乾糧(含半濕性糧)，產地：紐西蘭,貓,乾糧(含半濕性糧),2024.05.08,2026.07.08,進口商:聯享寵物貿易有限公司
1232,6,2025,1,2025.01.15,臺中市動物保護防疫處,250115DU001-03,安柏希雅 無穀鮮肉犬糧 全齡犬 火雞肉＆鴨肉[SP003]，產品貨號/批號：13.11.2025，產品類型：乾糧(含半濕性糧)，產地：荷蘭,狗,乾糧(含半濕性糧),-,13.11.2025,進口商：王品寵物用品有限公司
1232,7,2025,1,2025.01.15,苗栗縣動物保護防疫所,250115DU002-01,瑪恩吉 倍愛滿滿 鱈魚主食犬餐盒[EP001]，產品貨號/批號：2023.10.10，產品類型：濕糧/罐頭(含滅菌軟袋)，產地：義大利,狗,濕糧/罐頭(含滅菌軟袋),10.10.2023,10.10.2027,進口商：柏希菲克股份有限公司
1232,8,2025,1,2025.01.15,苗栗縣動物保護防疫所,250115DU002-02,Kittles-貓愛呷 鮪魚+蔓越莓[EP002]，產品貨號/批號：26.09.2025，產品類型：乾糧(含半濕性糧)，產地：美國,貓,乾糧(含半濕性糧),-,26.09.2025,進口商：逸寶國際股份有限公司
1232,9,2025,1,2025.01.15,苗栗縣動物保護防疫所,250115DU002-03,美味小牛肉[EP003]，產品貨號/批號：29052024/29052027，產品類型：濕糧/罐頭(含滅菌軟袋)，產地：義大利,狗,濕糧/罐頭(含滅菌軟袋),29052024,29052027,進口商：沛特國際股份有限公司
1232,10,2025,1,2025.01.15,屏東縣政府,250115DU003-01,自然牧場單支系列-牛蹄[MP001]，產品貨號/批號：2026.09.10，產品類型：零食(含潔牙骨)，產地：紐西蘭,狗,零食(含潔牙骨),-,2026.09.10,進口商：澳新美有限公司
1232,11,2025,1,2025.01.16,宜蘭縣動植物防疫所,250116DU001-01,Hyperr超躍主食 低敏無穀田園雞肉貓糧[BP001]，產品貨號/批號：20250928，產品類型：乾糧(含半濕性糧)，產地：加拿大,貓,乾糧(含半濕性糧),-,20250928,進口商：聯合夥伴有限公司
1232,12,2025,1,2025.01.16,宜蘭縣動植物防疫所,250116DU001-02,沛滋露 貓用魚肉亭(鮪魚+鰹魚)30顆[BP002]，產品貨號/批號：2026.02.20，產品類型：零食(含潔牙骨)，產地：日本,貓,零食(含潔牙骨),-,2026.02.20,進口商：宸瑋興業有限公司
1232,13,2025,1,2025.01.16,南投縣家畜疾病防治所,250116DU002-01,藍摯 成貓原野精靈 鮭魚無穀配方[HP001]，產品貨號/批號：2025.12.13，產品類型：乾糧(含半濕性糧)，產地：美國,貓,乾糧(含半濕性糧),2024.06.14,2025.12.13,進口商：盛貿寵物股份有限公司
1232,14,2025,1,2025.01.16,南投縣家畜疾病防治所,250116DU002-02,CIAO啾嚕肉泥(奢華鮪魚)14g*4入[HP002]，產品貨號/批號：2026.8 S2，產品類型：零食(含潔牙骨)，產地：日本,貓,零食(含潔牙骨),-,2026.8 S2,進口商：強普股份有限公司
1232,15,2025,1,2025.01.20,新竹市動物保護及防疫所,250120DU001-01,芮格爾天然寵糧-全齡犬-無穀雞肉＆鴨肉[RP001]，產品貨號/批號：7-MAY-2025，產品類型：乾糧(含半濕性糧)，產地：美國,狗,乾糧(含半濕性糧),7-DEC-2023,7-MAY-2025,進口商：聯誠寵物有限公司
1232,16,2025,1,2025.01.20,新竹市動物保護及防疫所,250120DU001-02,犬用低脂短切軟牛肉條420g[RP002]，產品貨號/批號：2026.04 AS，產品類型：零食(含潔牙骨)，產地：日本,狗,零食(含潔牙骨),-,2026.04 AS,進口商：台灣多格漫商貿股份有限公司
1232,17,2025,1,2025.01.20,新竹市動物保護及防疫所,250120DU001-03,美味雞肉+蔬菜[RP003]，產品貨號/批號：2026.11.17，產品類型：濕糧/罐頭(含滅菌軟袋)，產地：義大利,狗,濕糧/罐頭(含滅菌軟袋),-,2026.11.17,進口商：沛特國際股份有限公司
1232,18,2025,1,2025.01.20,花蓮縣動植物防疫所,250120DU002-01,喵Bar+全能貓餐罐 鮪魚+鮭魚[OP001]，產品貨號/批號：2024.11.01，產品類型：濕糧/罐頭(含滅菌軟袋)，產地：泰國,貓,濕糧/罐頭(含滅菌軟袋),2024.11.01,2027.11.01,進口商：寶聯商行
1232,19,2025,1,2025.01.20,花蓮縣動植物防疫所,250120DU002-02,"O,Bli!噢,比利!潔牙點心-初戀莓果+蕃烤甜薯(犬用)[OP002]，產品貨號/批號：2025.11.19，產品類型：零食(含潔牙骨)，產地：韓國",狗,零食(含潔牙骨),-,19.11.2025,進口商：原野國際行銷有限公司
1232,20,2025,1,2025.01.20,花蓮縣動植物防疫所,250120DU002-03,Friskies喜躍成貓乾糧-鮮魚四重奏[OP003]，產品貨號/批號：2024.08.09，產品類型：乾糧(含半濕性糧)，產地：泰國,貓,乾糧(含半濕性糧),09.08.2024,09.02.2026,進口商：台灣雀巢股份有限公司
1232,21,2025,1,2025.01.22,桃園市政府動物保護處,250122DU001-01,海洋盛宴貓無穀配方多種魚+玫瑰果[CP001]，產品貨號/批號：27.06.2025，產品類型：乾糧(含半濕性糧)，產地：加拿大,貓,乾糧(含半濕性糧),26.09.2023,27.06.2025,進口商：豪翼行銷有限公司
1232,22,2025,1,2025.01.22,桃園市政府動物保護處,250122DU001-02,鮮雞愛貓無穀配方[CP002]，產品貨號/批號：BB 05/02/2026，產品類型：乾糧(含半濕性糧)，產地：加拿大,貓,乾糧(含半濕性糧),06.05.2024,05.02.2026,進口商：豪翼行銷有限公司
1232,23,2025,1,2025.01.22,桃園市政府動物保護處,250122DU001-03,維爾滋天然無穀寵物糧化毛貓食譜[CP003]，產品貨號/批號：2025.08.06，產品類型：乾糧(含半濕性糧)，產地：韓國,貓,乾糧(含半濕性糧),2024.02.07,2025.08.06,進口商：韋民企業股份有限公司
1232,24,2025,1,2025.01.23,臺北市動物保護處,250123DU001-01,紐西蘭狂饗 海洋多種魚 無穀全齡犬[VP001]，產品貨號/批號：14.SEP.2024/14.JUL.2026，產品類型：乾糧(含半濕性糧)，產地：紐西蘭,狗,乾糧(含半濕性糧),14.SEP.2024,14.JUL.2026,進口商：嵩颺有限公司
1232,25,2025,1,2025.01.23,臺北市動物保護處,250123DU001-02,Kit Cat主食餐包-經典鮪魚[VP002]，產品貨號/批號：16.04.24/16.04.26，產品類型：濕糧/罐頭(含滅菌軟袋)，產地：泰國,貓,濕糧/罐頭(含滅菌軟袋),16.04.24,16.04.26,進口商:四季全球貿易股份有限公司
1232,26,2025,1,2025.01.23,臺北市動物保護處,250123DU001-03,犬用絹紗雞胸肉塊-原味100g[VP003]，產品貨號/批號：2026.04.AS，產品類型：零食(含潔牙骨)，產地：日本,貓,零食(含潔牙骨),-,2026.04 AS,進口商：台灣多格漫商貿股份有限公司
1232,27,2025,1,2025.01.22,新竹縣動物保護防疫所,250122DU002-01,99d01共用半成品(雞肉泥+鴨肝)[DP001]，產品貨號/批號：2023.08.09，產品類型：乾糧(含半濕性糧),狗,乾糧(含半濕性糧),2023.08.09,2025.02.08,珍食堡實業股份有限公司
1232,28,2025,1,2025.01.22,新竹縣動物保護防疫所,250122DU002-02,99d01共用半成品(雞肉泥+鴨肝)[DP002]，產品貨號/批號：2023.08.10，產品類型：乾糧(含半濕性糧),狗,乾糧(含半濕性糧),2023.08.10,2025.02.09,珍食堡實業股份有限公司
1232,29,2025,1,2025.01.22,新竹縣動物保護防疫所,250122DU002-03,艾富鮮win穩贏無穀鮮肉糧-雞肉&鮭魚[DP003]，產品貨號/批號：2023.08.04，產品類型：乾糧(含半濕性糧),狗,乾糧(含半濕性糧),2023.08.04,2025.02.03,珍食堡實業股份有限公司
1232,30,2025,1,2025.01.23,桃園市政府動物保護處,250123DU002-01,GOOTOE每朝活力無穀鮮肉糧-雞肉[CP004]，產品貨號/批號：2025.02.13，產品類型：乾糧(含半濕性糧)，產地：越南,狗,乾糧(含半濕性糧),2023.08.14,2025.02.13,進口商：珍食堡實業股份有限公司
1232,31,2025,1,2025.01.23,桃園市政府動物保護處,250123DU002-02,艾富鮮WIN穩贏無穀鮮肉糧-雞肉&鮭魚(護心肝＋益生菌添加)[CP005]，產品貨號/批號：2025.02.10，產品類型：乾糧(含半濕性糧)，產地：台灣,狗,乾糧(含半濕性糧),2023.08.11,2025.02.10,珍食堡實業股份有限公司
1232,0,2025,10,2025.10.07,彰化縣動物防疫所,251007DU001-01,Rrannk機能主食罐-白身鮪魚 雞肉口味[GP023]，產品貨號/批號：06092027，產品類型：濕糧/罐頭(含滅菌軟袋)，產地：泰國,貓,濕糧/罐頭(含滅菌軟袋),,06092027,統冠生活事業股份有限公司
1232,1,2025,10,2025.10.07,彰化縣動物防疫所,251007DU001-02,口福-牛肉起士肉角[GP024]，產品貨號/批號：2025.03.18，產品類型：零食(含潔牙骨)，產地：日本,狗,零食(含潔牙骨),2025.03.18,2026.09.18,東翔實業(股)有限公司
1232,2,2025,10,2025.10.09,金門縣動植物防疫所,251009DU001-01,元氣犬機能主食罐(牛肉+羊肉口味)[YP001]，產品貨號/批號：2027.08.26，產品類型：濕糧/罐頭(含滅菌軟袋)，產地：澳洲,狗,濕糧/罐頭(含滅菌軟袋),,2027.08.26,茂捷有限公司
1232,3,2025,10,2025.10.09,金門縣動植物防疫所,251009DU001-02,Us Cat愛貓餐罐(鮪魚+起司)[YP002]，產品貨號/批號：2025.05.15，產品類型：濕糧/罐頭(含滅菌軟袋)，產地：泰國,貓,濕糧/罐頭(含滅菌軟袋),2025.05.15,2028.05.14,台灣惜時有限公司
1232,4,2025,10,2025.10.14,高雄市動物保護處,251014DU001-01,猋罐頭-羊肉(AU)[WP031]，產品貨號/批號：2028.02.24，產品類型：濕糧/罐頭(含滅菌軟袋)，產地：澳洲,狗,濕糧/罐頭(含滅菌軟袋),,2028.02.24,雍利貿易股份有限公司
1232,5,2025,10,2025.10.14,高雄市動物保護處,251014DU001-02,美味火雞角燒大餐[WP032]，產品貨號/批號：13.11.24/13.11/27，產品類型：濕糧/罐頭(含滅菌軟袋)，產地：泰國,狗,濕糧/罐頭(含滅菌軟袋),13.11.24,13.11.27,沛特國際股份有限公司
1232,6,2025,10,2025.10.14,高雄市動物保護處,251014DU001-03,國產雞-炙燒雞柳條100g[WP033]，產品貨號/批號：2025.01.14/2026.07.14，產品類型：零食(含潔牙骨)，產地：日本,狗,零食(含潔牙骨),2025.01.14,2026.07.14,東翔實業股份有限公司
1232,7,2025,10,2025.10.14,高雄市動物保護處,251014DU001-04,馳走-國產牛肉長條160g[WP034]，產品貨號/批號：2025.04.14/2026.10.13，產品類型：零食(含潔牙骨)，產地：日本,狗,零食(含潔牙骨),2025.04.14,2026.10.13,東翔實業股份有限公司
1232,8,2025,10,2025.10.15,屏東縣政府,251015DU001-01,BISCAL必吃客消臭餅乾300g[MP025]，產品貨號/批號：2026.03 GJ220，產品類型：零食(含潔牙骨)，產地：日本,狗,零食(含潔牙骨),,2026.03,韋民企業股份有限公司
1232,9,2025,10,2025.10.20,新北市政府動物保護防疫處,251020DU001-01,阿特拉斯 鮮湯包〔鮪魚&鰹魚〕[AP049]，產品貨號/批號：2026.08.20，產品類型：濕糧/罐頭(含滅菌軟袋)，產地：泰國,貓,濕糧/罐頭(含滅菌軟袋),2024.08.20,2026.08.20,貓狗甜心數位科技有限公司
1232,10,2025,10,2025.10.20,新北市政府動物保護防疫處,251020DU001-02,爵士貓吧 機能化毛餐 鰹魚白肉+小白魚[AP050]，產品貨號/批號：2028.05.07，產品類型：濕糧/罐頭(含滅菌軟袋)，產地：泰國,貓,濕糧/罐頭(含滅菌軟袋),,2028.05.07,黑逗國際有限公司
1232,11,2025,10,2025.10.20,新北市政府動物保護防疫處,251020DU001-03,Canidae 良善 全齡犬糧-四種肉[AP051]，產品貨號/批號：2026.4.10，產品類型：乾糧(含半濕性糧)，產地：美國,狗,乾糧(含半濕性糧),OCT.08.2024,APR.10.2026,嵩颺有限公司
1232,12,2025,10,2025.10.20,苗栗縣動物保護防疫所,251020DU002-01,西莎點心主廚嚴選香軟牛肉切塊口味100g[EP010]，產品貨號/批號：4902397846451，產品類型：零食(含潔牙骨)，產地：日本,狗,零食(含潔牙骨),2025.03.17,2026.09.17,台灣瑪氏股份有限公司
1232,13,2025,10,2025.10.20,苗栗縣動物保護防疫所,251020DU002-02,Kent肯特犬罐-羊肉[EP011]，產品貨號/批號：9120041364761，產品類型：濕糧/罐頭(含滅菌軟袋)，產地：奧地利,狗,濕糧/罐頭(含滅菌軟袋),2024.09.23,2026.09.23,王品寵物用品有限公司
1232,14,2025,10,2025.10.20,臺北市動物保護處,251020DU004-01,犬貓用嚴選小魚乾4種Mix 100g[VP023]，產品貨號/批號：2026.08，產品類型：零食(含潔牙骨)，產地：日本,狗貓,零食(含潔牙骨),,2026.08,台灣多格漫商貿股份有限公司
1232,15,2025,10,2025.10.20,臺北市動物保護處,251020DU004-02,原點雞肉無穀全犬主食罐[VP024]，產品貨號/批號：NOVEMBER.06.2026，產品類型：濕糧/罐頭(含滅菌軟袋)，產地：美國,狗,濕糧/罐頭(含滅菌軟袋),,NOVEMBER.06.2026,四季全球貿易股份有限公司
1232,16,2025,10,2025.10.20,臺北市動物保護處,251020DU004-03,小玉貓罐(純雞肉)[VP025]，產品貨號/批號：28.0402，產品類型：濕糧/罐頭(含滅菌軟袋)，產地：日本,貓,濕糧/罐頭(含滅菌軟袋),,28.0402,四季全球貿易股份有限公司
1232,17,2025,10,2025.10.21,宜蘭縣動植物防疫所,251021DU001-01,優格零穀全齡犬 五種魚配方2.5lb[BP016]，產品貨號/批號：2026.5.14，產品類型：乾糧(含半濕性糧)，產地：加拿大,狗,乾糧(含半濕性糧),2024.11.13,2026.5.14,艾澌克企業股份有限公司
1232,18,2025,10,2025.10.21,宜蘭縣動植物防疫所,251021DU001-02,PETTY MAN 烘焙點心-水果夾心餅(500g)[BP017]，產品貨號/批號：2026.9.24，產品類型：零食(含潔牙骨)，產地：荷蘭,狗,零食(含潔牙骨),,2026.9.24,王品寵物用品有限公司
1232,19,2025,10,2025.10.23,臺中市動物保護防疫處,251023DU001-01,口福-高齡犬魚骨雞肉角[SP041]，產品貨號/批號：2025.1.10/2026.7.10，產品類型：零食(含潔牙骨)，產地：日本,狗,零食(含潔牙骨),2025.01.10,2026.07.10,東翔實業(股)有限公司
1232,20,2025,10,2025.10.23,臺中市動物保護防疫處,251023DU001-02,威隆獸醫配方 全補營養膏(貓用)[SP042]，產品貨號/批號：2026.9，產品類型：補助食品，產地：加拿大,貓,補助食品,,2026.09,國歡企業有限公司
1232,21,2025,10,2025.10.23,臺中市動物保護防疫處,251023DU001-03,鮮時高蛋白無穀主食罐-雞菲力+牛肉(肉絲)[SP043]，產品貨號/批號：2026.12.27，產品類型：濕糧/罐頭(含滅菌軟袋)，產地：泰國,狗,濕糧/罐頭(含滅菌軟袋),,2026.12.27,兆宣企業貿易有限公司
1232,22,2025,10,2025.10.23,臺中市動物保護防疫處,251023DU001-04,挪威鮭魚凍乾粒 皮毛健康全齡貓配方[SP044]，產品貨號/批號：2025.8.3/2026.8.2，產品類型：乾糧(含半濕性糧)，產地：韓國,狗,乾糧(含半濕性糧),2025.08.03,2026.08.02,珍荃有限公司
1232,23,2025,10,2025.10.29,雲林縣動植物防疫所,251029DU001-01,My Tail愛貓餐罐(鮪魚+南瓜)[IP015]，產品貨號/批號：2025.6.10，產品類型：濕糧/罐頭(含滅菌軟袋)，產地：泰國,貓,濕糧/罐頭(含滅菌軟袋),2025.06.10,2028.06.09,台灣惜時有限公司
1232,24,2025,10,2025.10.29,雲林縣動植物防疫所,251029DU001-02,寶路狗食罐頭[IP016]，產品貨號/批號：080125，產品類型：濕糧/罐頭(含滅菌軟袋)，產地：澳洲,狗,濕糧/罐頭(含滅菌軟袋),080125,080127,台灣瑪氏股份有限公司
1232,25,2025,10,2025.10.29,雲林縣動植物防疫所,251029DU001-03,Kent肯特犬罐-羊肉口味[IP017]，產品貨號/批號：2025.12.27，產品類型：濕糧/罐頭(含滅菌軟袋)，產地：奧地利,狗,濕糧/罐頭(含滅菌軟袋),,27.DEC.2025,王品寵物用品有限公司
1232,26,2025,10,2025.10.01,花蓮縣動植物防疫所,251001DU001-01,Mr.凍乾犬用天然原肉凍乾(柳葉魚)[OP007]，產品貨號/批號：2025.9.1，產品類型：零食(含潔牙骨)，產地：台灣,狗,零食(含潔牙骨),2025.9.1,2027.8.31,八犬國際行銷有限公司
1232,27,2025,10,2025.10.01,花蓮縣動植物防疫所,251001DU001-02,5吋長棒裹肉(鱈魚)[OP008]，產品貨號/批號：2025.7.18，產品類型：零食(含潔牙骨)，產地：台灣,狗,零食(含潔牙骨),2025.7.18,2027.1.17,沅慶企業有限公司
1232,28,2025,10,2025.10.01,花蓮縣動植物防疫所,251001DU001-03,3504起司雞肉圓片[OP009]，產品貨號/批號：2025.7.15，產品類型：零食(含潔牙骨)，產地：台灣,狗,零食(含潔牙骨),2025.7.15,2027.1.14,宏寶國際企業有限公司
1232,29,2025,10,2025.10.02,新竹市動物保護及防疫所,251002DU001-01,汪喵星球 慢烘鮮食蔬肉糧(犬用)[RP010]，產品貨號/批號：2026.05.27，產品類型：乾糧(含半濕性糧)，產地：台灣,狗,乾糧(含半濕性糧),,2026.05.27,自力耕生股份有限公司
1232,30,2025,10,2025.10.02,新竹市動物保護及防疫所,251002DU001-02,HEROMAMA貓用益生菌晶球夾心糧-深海鱈魚[RP011]，產品貨號/批號：2026.09.10，產品類型：乾糧(含半濕性糧)，產地：台灣,貓,乾糧(含半濕性糧),,2026.09.10,飛輪寵物有限公司
1232,31,2025,10,2025.10.02,新竹市動物保護及防疫所,251002DU001-03,和風雞肉米花(甜甜圈)[RP012]，產品貨號/批號：2025.08.28/2026.08.27，產品類型：零食(含潔牙骨)，產地：台灣,狗,零食(含潔牙骨),2025.08.28,2026.08.27,和風寵物有限公司
1232,32,2025,10,2025.10.13,新竹縣動物保護防疫所,251013DU001-01,JC-020雞胸原片[DP012]，產品貨號/批號：2025.05.29/2026.11.28，產品類型：零食(含潔牙骨)，產地：台灣,狗,零食(含潔牙骨),2025.05.29,2026.11.28,珍荃有限公司
1232,33,2025,10,2025.10.13,新竹縣動物保護防疫所,251013DU001-02,JC-001炭烤雞肉切條[DP013]，產品貨號/批號：2025.01.21/2026.07.20，產品類型：零食(含潔牙骨)，產地：台灣,狗,零食(含潔牙骨),2025.01.21,2026.07.20,珍荃有限公司
1232,34,2025,10,2025.10.13,新竹縣動物保護防疫所,251013DU001-03,JC-033牛筋條[DP014]，產品貨號/批號：2025.09.25/2027.03.24，產品類型：零食(含潔牙骨)，產地：台灣,狗,零食(含潔牙骨),2025.09.25,2027.03.24,珍荃有限公司
1232,35,2025,10,2025.10.20,臺南市動物防疫保護處,251020DU003-01,汪事如意 雞肉捲捲系列-鈣多多芝麻100g*2[UP024]，產品貨號/批號：2025.11，產品類型：生鮮、冷凍，產地：台灣,狗貓,生鮮、冷凍,2024.11,2025.11,寵愛有家股份有限公司
1232,36,2025,10,2025.10.20,臺南市動物防疫保護處,251020DU003-02,汪事如意 純粹吃肉肉系列-草飼牛100g*2[UP025]，產品貨號/批號：2026.04，產品類型：生鮮、冷凍，產地：台灣,狗貓,生鮮、冷凍,2025.04,2026.04,寵愛有家股份有限公司
1232,37,2025,10,2025.10.15,臺中市動物保護防疫處,B1130014349,至福一刻 馬肉凍乾・顆粒狀 (犬貓用),狗貓,零食,,2027.03.20,馥瀛國際有限公司
1232,38,2025,10,2025.10.15,臺中市動物保護防疫處,B1130014350,至福一刻 馬肉凍乾・切片 (犬貓用),狗貓,零食,,2027.03.20,馥瀛國際有限公司
1232,39,2025,10,2025.10.15,臺中市動物保護防疫處,B1130014351,至福一刻 馬肉凍乾・棒狀 (犬貓用),狗貓,零食,,2027.03.20,馥瀛國際有限公司
1232,40,2025,10,2025.10.15,臺中市動物保護防疫處,B1130014352,至福一刻 馬肉凍乾・心臟 (犬貓用),狗貓,零食,,2027.03.20,馥瀛國際有限公司
1232,41,2025,10,2025.10.15,臺中市動物保護防疫處,B1130014353,至福一刻 馬肉凍乾・肺臟 (犬貓用),狗貓,零食,,2027.03.20,馥瀛國際有限公司
1232,42,2025,10,2025.10.15,臺中市動物保護防疫處,B1130014354,至福一刻 馬肉肉乾 赤身切片 (犬用副食),狗,零食,,2027.03.20,馥瀛國際有限公司
1232,43,2025,10,2025.10.15,臺中市動物保護防疫處,B1130014355,至福一刻 馬肉肉乾 肝臟切片 (犬用副食),狗,零食,,2027.03.20,馥瀛國際有限公司
1232,44,2025,10,2025.10.15,臺中市動物保護防疫處,B1130014356,至福一刻 馬肉肉乾 肺臟切片 (犬用副食),狗,零食,,2027.03.20,馥瀛國際有限公司
1232,45,2025,10,2025.10.15,臺中市動物保護防疫處,B1130014357,至福一刻 馬肉肉乾 馬背筋 (犬用副食),狗,零食,,2027.03.20,馥瀛國際有限公司
1232,46,2025,10,2025.10.15,臺中市動物保護防疫處,B1130014358,至福一刻 馬肉肉乾 馬阿基里斯腱 (犬用副食),狗,零食,,2027.03.20,馥瀛國際有限公司
1232,0,2025,11,2025/11/13,高雄市動物保護處,251113DU001-01,頂級鱈魚串燒4吋6008[WP035]，產品貨號/批號：2025.10.05/2027.04.04，產品類型：零食(含潔牙骨)，產地：台灣,狗,零食(含潔牙骨),2025.10.05,2027.04.04,宏寶國際企業有限公司
1232,1,2025,11,2025/11/13,高雄市動物保護處,251113DU001-02,初光光/烘烘烤鮮雞胸GL02[WP036]，產品貨號/批號：2025.09.24/2027.03.23，產品類型：零食(含潔牙骨)，產地：台灣,狗貓,零食(含潔牙骨),2025.09.24,2027.03.23,八方國際寵物有限公司
1232,2,2025,11,2025/11/13,高雄市動物保護處,251113DU001-03,東森寵物毛暢快(30入)[WP037]，產品貨號/批號：2028.08.13，產品類型：補助食品，產地：台灣,狗貓,補助食品,,2028.08.13,好適陪寵物食品有限公司
1232,3,2025,11,2025/11/13,高雄市動物保護處,251113DU001-04,東森寵物毛魚油[WP038]，產品貨號/批號：2028.05.20，產品類型：補助食品，產地：台灣,狗貓,補助食品,,2028.05.20,好適陪寵物食品有限公司
1232,4,2025,11,2025/11/13,高雄市動物保護處,251113DU001-05,東森寵物毛胺基酸(寵物專用營養粉)(30入)[WP039]，產品貨號/批號：2028.08.04，產品類型：補助食品，產地：台灣,狗貓,補助食品,,2028.08.04,好適陪寵物食品有限公司
1232,5,2025,11,2025/11/20,臺中市動物保護防疫處,251120DU003-01,軟奶酪細條(量販包)[SP045]，產品貨號/批號：2025.03.31/2026.03.30，產品類型：零食(含潔牙骨)，產地：台灣,狗,零食(含潔牙骨),2025.03.31,2026.03.30,億大寵物食品股份有限公司
1232,6,2025,11,2025/11/20,臺中市動物保護防疫處,251120DU003-02,雞小胸肉捲牛皮[SP046]，產品貨號/批號：2025.08.20/2026.08.19，產品類型：零食(含潔牙骨)，產地：台灣,狗,零食(含潔牙骨),2025.08.20,2026.08.19,億大寵物食品股份有限公司
1232,7,2025,11,2025/11/20,臺中市動物保護防疫處,251120DU003-03,易特廚GABA舒壓罐-絕品鮪魚泥[SP047]，產品貨號/批號：2024.08.14/2027.08.13，產品類型：濕糧/罐頭(含滅菌軟袋)，產地：台灣,貓,濕糧/罐頭(含滅菌軟袋),2024.08.14,2027.08.13,新寵兒寵物股份有限公司
1232,8,2025,11,2025/11/20,臺中市動物保護防疫處,251120DU003-04,毛孩舟舟 開罐罐罐肉泥主食罐 雞肉+芭樂+海藻[SP048]，產品貨號/批號：2025.01.07/2028.01.06，產品類型：濕糧/罐頭(含滅菌軟袋)，產地：台灣,貓,濕糧/罐頭(含滅菌軟袋),2025.01.07,2028.01.06,巴斯企業社
1232,9,2025,11,2025/11/20,臺中市動物保護防疫處,251120DU003-05,毛孩舟舟 開罐罐罐肉泥主食罐 雞肉+旗魚+燕麥+薑黃粉[SP049]，產品貨號/批號：2025.1.07/2028.01.06，產品類型：濕糧/罐頭(含滅菌軟袋)，產地：台灣,貓,濕糧/罐頭(含滅菌軟袋),2025.01.07,2028.01.06,巴斯企業社
1232,10,2025,11,2025/11/24,新北市政府動物保護防疫處,251124DU001-01,COOK 純粹煮食系列 活力蘋果 10g[AP052]，產品貨號/批號：2027.04.01，產品類型：零食(含潔牙骨)，產地：台灣,狗貓,零食(含潔牙骨),20251002,20270407,威饌股份有限公司
1232,11,2025,11,2025/11/24,新北市政府動物保護防疫處,251124DU001-02,小犬威利 鮭魚粉 40g[AP053]，產品貨號/批號：2026.10.06，產品類型：零食(含潔牙骨)，產地：台灣,狗貓,零食(含潔牙骨),20250407,20261006,威饌股份有限公司
1232,12,2025,11,2025/11/24,新北市政府動物保護防疫處,251124DU001-03,小犬威利 起司雞肉 30g[AP054]，產品貨號/批號：2027.04.01，產品類型：零食(含潔牙骨)，產地：台灣,狗貓,零食(含潔牙骨),20251002,20270401,威饌股份有限公司
1232,13,2025,11,2025/11/24,新北市政府動物保護防疫處,251124DU001-04,小犬威利 纖蔬百匯 25g[AP055]，產品貨號/批號：2027.04.01，產品類型：零食(含潔牙骨)，產地：台灣,狗貓,零食(含潔牙骨),20251002,20270401,威饌股份有限公司
1232,14,2025,11,2025/11/24,新北市政府動物保護防疫處,251124DU001-05,牠喵的 成齡喵食系列 洋鮭鮮蛤 15g[AP056]，產品貨號/批號：2026.08.24，產品類型：乾糧(含半濕性糧)，產地：台灣,貓,乾糧(含半濕性糧),2025.02.25,2026.08.24,威饌股份有限公司
1232,15,2025,11,2025/11/28,臺南市動物防疫保護處,251128DU004-01,Product樂倍黑酵母挑嘴貓保健糧[UP030]，產品貨號/批號：2025.07.25，產品類型:乾糧(含半濕性糧)，產地：台灣,貓,乾糧(含半濕性糧),2025.07.25,2027.01.24,寶榮寵物企業股份有限公司
1232,16,2025,11,2025/11/28,臺南市動物防疫保護處,251128DU004-02,維吉機能性狗糧 HVP+起司+薑黃[UP031]，產品貨號/批號：01.01.2027，產品類型:乾糧(含半濕性糧)，產地：台灣,狗,乾糧(含半濕性糧),02.07.2025,01.01.2027,寶榮寵物企業股份有限公司
1232,17,2025,11,2025/11/28,臺南市動物防疫保護處,251128DU004-03,維吉機能性狗糧 HVP+褐藻+葡聚醣[UP032]，產品貨號/批號：17.12.2026，產品類型:乾糧(含半濕性糧)，產地：台灣,狗,乾糧(含半濕性糧),18.06.2025,17.12.2026,寶榮寵物企業股份有限公司
1232,18,2025,11,2025/11/28,臺南市動物防疫保護處,251128DU004-04,Petlife機能優穀糧-關節保健配方(全齡犬)[UP033]，產品貨號/批號：20260903，產品類型:乾糧(含半濕性糧)，產地：台灣,狗,乾糧(含半濕性糧),20250904,20260903,統一企業股份有限公司
1232,19,2025,11,2025/11/28,臺南市動物防疫保護處,251128DU004-05,沛比兒鮮味零食系列-美味雞腿(1入)[UP034]，產品貨號/批號：2027.03.17，產品類型:零食(含潔牙骨)，產地：台灣,狗貓,零食(含潔牙骨),2025.09.23,2027.03.17,優豪寵物用品有限公司
1232,20,2025,11,2025/11/28,臺南市動物防疫保護處,251128DU005-01,凍物鮮友會-原肉無膠主食湯罐-純雞肉[UP035]，產品貨號/批號：2025.03.10，產品類型:濕糧/罐頭(含滅菌軟袋)，產地：台灣,貓,濕糧/罐頭(含滅菌軟袋),2025.03.10,2028.03.09,志飛企業有限公司
1232,21,2025,11,2025/11/28,臺南市動物防疫保護處,251128DU005-02,CHU CHU啾啾貓水[UP036]，產品貨號/批號：260806A，產品類型:零食(含潔牙骨)，產地：台灣,貓,零食(含潔牙骨),,260806A,啾啾良品實業有限公司
1232,22,2025,11,2025/11/28,臺南市動物防疫保護處,251128DU005-03,乖乖吃飯 嚴選超肉感主食餐包-御品大蝦[UP037]，產品貨號/批號：2026.11.14，產品類型:濕糧/罐頭(含滅菌軟袋)，產地：台灣,貓,濕糧/罐頭(含滅菌軟袋),2025.05.15,2026.11.14,友伴生活有限公司
1232,23,2025,11,2025/11/28,臺南市動物防疫保護處,251128DU005-04,飼糧倉 呼嚕泥飽主食餐包-干貝燉雞70g[UP038]，產品貨號/批號：2027.01.20，產品類型:濕糧/罐頭(含滅菌軟袋)，產地：台灣,貓,濕糧/罐頭(含滅菌軟袋),2025.07.21,2027.01.20,食寵町國際企業有限公司
1232,24,2025,11,2025/11/28,臺南市動物防疫保護處,251128DU005-05,奧力偉-嗑肉一番犬用鮮餐包-田園雞嫩羊燉蔬食110g*2[UP039]，產品貨號/批號：2025.12.05，產品類型:濕糧/罐頭(含滅菌軟袋)，產地：台灣,狗,濕糧/罐頭(含滅菌軟袋),2024.06.06,2025.12.05,東森寵物雲股份有限公司
1232,25,2025,11,2025/11/28,臺南市動物防疫保護處,251128DU005-06,好味小姐1+1滴雞精貓肉泥主食罐 白蝦干貝81g[UP040]，產品貨號/批號：2028.06.25，產品類型:濕糧/罐頭(含滅菌軟袋)，產地：台灣,貓,濕糧/罐頭(含滅菌軟袋),2025.07.02,2028.06.25,短捲麻股份有有限公司
1232,26,2025,11,2025/11/28,臺南市動物防疫保護處,251128DU005-07,奧力偉-嗑肉一番犬用鮮餐包-田園雞鮪魚燉蔬食110g*2[UP041]，產品貨號/批號：2025.12.05，產品類型:濕糧/罐頭(含滅菌軟袋)，產地：台灣,狗,濕糧/罐頭(含滅菌軟袋),2024.06.06,2025.12.05,東森寵物雲股份有限公司
1232,27,2025,11,2025/11/28,臺南市動物防疫保護處,251128DU005-08,The Black黑酵母葡聚醣液+膠原蛋白 補水保健配方[UP042]，產品貨號/批號：2026.09.18，產品類型:補助食品，產地：台灣,狗貓,補助食品,,2026.09.18,寶榮寵物企業股份有限公司
1232,28,2025,11,2025/11/07,嘉義市政府,251107DU001-01,瑪恩吉無穀優護腸胃處方貓餐盒[TP015]，產品貨號/批號：28122024/28122026，產品類型：濕糧/罐頭(含滅菌軟袋)，產地：義大利,貓,濕糧/罐頭(含滅菌軟袋),28122024,28122026,柏希菲克股份有限公司
1232,29,2025,11,2025/11/07,嘉義市政府,251107DU001-02,瑪恩吉MONO無穀主食肉醬餐包-火雞肉[TP016]，產品貨號/批號：10032025/10032029，產品類型：濕糧/罐頭(含滅菌軟袋)，產地：義大利,貓,濕糧/罐頭(含滅菌軟袋),10032025,10032029,柏希菲克股份有限公司
1232,30,2025,11,2025/11/28,臺南市動物防疫保護處,251128DU003-01,無IN肉泥(雞肉+蔓越莓口味)[UP026]，產品貨號/批號：2026.06.24，產品類型：零食(含潔牙骨)，產地：韓國,貓,零食(含潔牙骨),,2026.06.24,八犬國際行銷有限公司
1232,31,2025,11,2025/11/28,臺南市動物防疫保護處,251128DU003-02,汪喵星球無膠點心罐 鮮雞絲與小蚌貝(元氣補給+)[UP027]，產品貨號/批號：2025.08.22，產品類型：濕糧/罐頭(含滅菌軟袋)，產地：泰國,貓,濕糧/罐頭(含滅菌軟袋),2025.08.22,2028.08.21,自力耕生股份有限公司
1232,32,2025,11,2025/11/28,臺南市動物防疫保護處,251128DU003-03,比利夫成貓飼料-泌尿道保健配方[UP028]，產品貨號/批號：2025.03，產品類型:乾糧(含半濕性糧)，產地：立陶宛,貓,乾糧(含半濕性糧),2025.03,2026.09,壹士達寵物有限公司
1232,33,2025,11,2025/11/28,臺南市動物防疫保護處,251128DU003-04,比利夫成犬羊肉飼料-腸胃敏感配方[UP029]，產品貨號/批號：2025.01，產品類型:乾糧(含半濕性糧)，產地：立陶宛,狗,乾糧(含半濕性糧),2025.01,2026.07,壹士達寵物有限公司
1232,34,2025,11,2025/11/11,基隆市動物保護防疫所,251111DU001-01,丹DAN寵物食品全齡貓配方鮪魚牛肉蔓越莓(1.5kg)[QP016]，產品貨號/批號：2025.08.12/2027.02.11，產品類型：乾糧(含半濕性糧)，產地：台灣,貓,乾糧(含半濕性糧),2025.08.12,2027.02.11,寶榮開發企業股份有限公司
1232,35,2025,11,2025/11/11,基隆市動物保護防疫所,251111DU001-02,優格吃貨拼盤多拼糧-全齡貓鮭魚佐嫩雞拼盤[QP017]，產品貨號/批號：2026.06.05，產品類型：乾糧(含半濕性糧)，產地：台灣,貓,乾糧(含半濕性糧),,2026.06.05,艾澌克企業股份有限公司
1232,36,2025,11,2025/11/11,基隆市動物保護防疫所,251111DU001-03,2544FHN皇家離乳貓與母貓BC34 400G[QP018]，產品貨號/批號：2026.07.09，產品類型：乾糧(含半濕性糧)，產地：韓國,貓,乾糧(含半濕性糧),,2026.07.09,台灣皇家寵物食品有限公司
1232,37,2025,11,2025/11/11,基隆市動物保護防疫所,251111DU001-04,PURELUXE美國純華鮮雞無穀成貓糧3.3LB[QP019]，產品貨號/批號：2024.11.21/2026.07.21，產品類型：乾糧(含半濕性糧)，產地：美國,貓,乾糧(含半濕性糧),2024.11.21,2026.07.21,勤翔國際股份有限公司
1232,38,2025,11,2025/11/11,基隆市動物保護防疫所,251111DU001-05,莫比C27雞肉米成犬食譜1.5kg[QP020]，產品貨號/批號：2025.06.23/2026.12.22，產品類型：乾糧(含半濕性糧)，產地：美國,狗,乾糧(含半濕性糧),2025.06.23,2026.12.22,博東客企業有限公司
1232,39,2025,11,2025/11/11,基隆市動物保護防疫所,251111DU001-06,倍力關節保健低敏配方 羊肉+南瓜1.5kg[QP021]，產品貨號/批號：2025.04.17/2026.10.16，產品類型：乾糧(含半濕性糧)，產地：台灣,狗,乾糧(含半濕性糧),2025.04.17,2026.10.16,盈寶寵物股份有限公司
1232,40,2025,11,2025/11/11,基隆市動物保護防疫所,251111DU001-07,O.Bli!噢.比利!頂級機能軟飼料-關節配方(犬用)[QP022]，產品貨號/批號：2026.10.13，產品類型：乾糧(含半濕性糧)，產地：韓國,狗,乾糧(含半濕性糧),,2026.10.13,品果國際行銷有限公司
1232,41,2025,11,2025/11/11,基隆市動物保護防疫所,251111DU001-08,丹DAN寵物食品成老犬配方牛肉蕃茄口味(1.8kg)[QP023]，產品貨號/批號：2025.08.07/2027.02.06，產品類型：乾糧(含半濕性糧)，產地：台灣,狗,乾糧(含半濕性糧),2025.08.07,2027.02.06,寶榮開發企業股份有限公司
1232,42,2025,11,2025/11/14,彰化縣動物防疫所,251114DU001-01,貓族98%鮮肉主食糧(竹筴魚)250g[GP025]，產品貨號/批號：2026.09.15，產品類型：乾糧(含半濕性糧)，產地：台灣,貓,乾糧(含半濕性糧),,2026.09.15,怪獸製造有限公司
1232,43,2025,11,2025/11/14,彰化縣動物防疫所,251114DU001-02,EPD041赫緻美饌犬糧-嫩牛佐頂級鴨肝[GP026]，產品貨號/批號：20261106，產品類型：乾糧(含半濕性糧)，產地：台灣,狗,乾糧(含半濕性糧),,20261106,珍食堡實業股份有限公司
1232,44,2025,11,2025/11/14,彰化縣動物防疫所,251114DU001-03,FUSO Pets貓食-鮭魚+牛肉[GP027]，產品貨號/批號：2025.09.10，產品類型：乾糧(含半濕性糧)，產地：台灣,貓,乾糧(含半濕性糧),2025.09.10,2027.03.09,福壽實業股份有限公司
1232,45,2025,11,2025/11/14,彰化縣動物防疫所,251114DU001-04,貓族｜寶寶鮮肉主食糧250g（牛肉鱈魚）[GP028]，產品貨號/批號：2027.03.02，產品類型：乾糧(含半濕性糧)，產地：台灣,貓,乾糧(含半濕性糧),,2027.03.02,怪獸製造有限公司
1232,46,2025,11,2025/11/14,彰化縣動物防疫所,251114DU001-05,貓｜Crazy嗨派無穀乾糧｜干貝雞肉(1kg)[GP029]，產品貨號/批號：20260721，產品類型：乾糧(含半濕性糧)，產地：台灣,貓,乾糧(含半濕性糧),20250122,20260721,碰億馬鈴吉有限公司
1232,47,2025,11,2025/11/14,彰化縣動物防疫所,251114DU001-06,全犬種無穀低碳犬糧-雞肉鮮蔬(1kg)[GP030]，產品貨號/批號：2027.01.30，產品類型：乾糧(含半濕性糧)，產地：台灣,狗,乾糧(含半濕性糧),20250731,20270130,唯寵股份有限公司
1232,48,2025,11,2025/11/14,彰化縣動物防疫所,251114DU001-07,Q棒貓食-海鮮+蔬果(成貓)(1.5KG)[GP031]，產品貨號/批號：2027.01.29，產品類型：乾糧(含半濕性糧)，產地：台灣,貓,乾糧(含半濕性糧),2025.07.30,2027.01.29,伸達事業有限公司
1232,49,2025,11,2025/11/14,彰化縣動物防疫所,251114DU001-08,LAZY純黑水虻口味[GP032]，產品貨號/批號：20261111，產品類型：乾糧(含半濕性糧)，產地：台灣,狗,乾糧(含半濕性糧),20250512,20261111,碰億馬鈴吉有限公司
1232,50,2025,11,2025/11/19,新竹市動物保護及防疫所,251119DU002-01,皇家皮膚保健犬主食濕糧[RP013]，產品貨號/批號：11042026，產品類型：濕糧/罐頭(含滅菌軟袋)，產地：奧地利,狗,濕糧/罐頭(含滅菌軟袋),,11042026,台灣皇家寵物食品有限公司
1232,51,2025,11,2025/11/19,新竹市動物保護及防疫所,251119DU002-02,鮮開凍woof狗狗冷凍乾燥生食餐-羊肉[RP014]，產品貨號/批號：13JAN27，產品類型：乾糧(含半濕性糧)，產地：紐西蘭,狗,乾糧(含半濕性糧),,13-一月-2027,咆陪喵有限公司
1232,52,2025,11,2025/11/19,新竹市動物保護及防疫所,251119DU002-03,VetLife獸醫天然處方主食罐(犬用腎臟配方)[RP015]，產品貨號/批號：MAR2027，產品類型：濕糧/罐頭(含滅菌軟袋)，產地：塞爾維亞,狗,濕糧/罐頭(含滅菌軟袋),,01-三月-2027,聯信寵物有限公司
1232,53,2025,11,2025/11/19,新竹市動物保護及防疫所,251119DU002-04,歐睿健六種魚犬無穀配方[RP016]，產品貨號/批號：04.11.2024，產品類型：乾糧(含半濕性糧)，產地：加拿大,狗,乾糧(含半濕性糧),11-四月-2024,08-六月-2026,豪翼行銷有限公司
1232,54,2025,11,2025/11/19,新竹市動物保護及防疫所,251119DU002-05,奇境 澳洲鮭魚+紐西蘭羊肺凍乾 無穀全貓糧[RP017]，產品貨號/批號：27.03.2025，產品類型：乾糧(含半濕性糧)，產地：澳洲,貓,乾糧(含半濕性糧),27/03/2025,27/09/2026,維逸有限公司
1232,55,2025,11,2025/11/19,新竹市動物保護及防疫所,251119DU002-06,巔峰鮮肉貓罐頭-鮪魚羊肉[RP018]，產品貨號/批號：2024.09.24，產品類型：濕糧/罐頭(含滅菌軟袋)，產地：紐西蘭,貓,濕糧/罐頭(含滅菌軟袋),2024.09.24,2027.09.24,極寵有限公司
1232,56,2025,11,2025/11/19,新竹市動物保護及防疫所,251119DU002-07,蔚特尼思 無穀天然貓糧-幼母貓(海洋魚/雞肉/火雞肉)[RP019]，產品貨號/批號：16.04.2025，產品類型：乾糧(含半濕性糧)，產地：美國,貓,乾糧(含半濕性糧),16.04.2025,15.10.2026,大地營養有限公司
1232,57,2025,11,2025/11/19,新竹市動物保護及防疫所,251119DU002-08,極光 加拿大無穀天然糧-全齡貓-無穀雞肉[RP020]，產品貨號/批號：JUL-25-2026，產品類型：乾糧(含半濕性糧)，產地：加拿大,貓,乾糧(含半濕性糧),,JUL-25-2026,邁迪飛貿易有限公司
1232,58,2025,11,2025/11/20,苗栗縣動物保護防疫所,251120DU001-01,ST-002【等等手作零食】關節大師（綠貽貝+葡萄糖胺）[EP012]，產品貨號/批號：20270309，產品類型：零食(含潔牙骨)，產地：台灣,狗貓,零食(含潔牙骨),20250910,20270309,廣湛有限公司
1232,59,2025,11,2025/11/20,苗栗縣動物保護防疫所,251120DU001-02,沃野肉出來了-芝麻燕麥雞120g 22199[EP013]，產品貨號/批號：2026.10.17，產品類型：零食(含潔牙骨)，產地：台灣,狗貓,零食(含潔牙骨),,2026.10.17,全宏食品行
1232,60,2025,11,2025/11/20,苗栗縣動物保護防疫所,251120DU001-03,EZD011-赫緻低溫風乾健康糧-單一純肉•美國火雞肉[EP014]，產品貨號/批號：2026.10.13，產品類型：乾糧(含半濕性糧)，產地：台灣,狗,乾糧(含半濕性糧),,2026.10.13,珍食堡實業股份有限公司
1232,61,2025,11,2025/11/20,苗栗縣動物保護防疫所,251120DU001-04,香饌-雞肉圓圈 170g[EP015]，產品貨號/批號：2027.03.18，產品類型：零食(含潔牙骨)，產地：台灣,狗貓,零食(含潔牙骨),,2027.03.18,萬宏食品有限公司
1232,62,2025,11,2025/11/20,苗栗縣動物保護防疫所,251120DU001-05,ST-001【等等手作零食】抵抗力大師 (薑黃+褐藻)[EP016]，產品貨號/批號：2026.12.25，產品類型：零食(含潔牙骨)，產地：台灣,狗貓,零食(含潔牙骨),20250626,20261225,廣湛有限公司
1232,63,2025,11,2025/11/20,苗栗縣動物保護防疫所,251120DU001-06,OCE-591 歐斯恩 紐西蘭草飼鹿全齡犬糧[EP017]，產品貨號/批號：20251209，產品類型：乾糧(含半濕性糧)，產地：紐西蘭,狗,乾糧(含半濕性糧),09-四月-2024,09-十二月-2025,聯享寵物貿易有限公司
1232,64,2025,11,2025/11/20,苗栗縣動物保護防疫所,251120DU001-07,派庫廚房 低溫手工烘焙系列 牛肉吉士餅[EP018]，產品貨號/批號：2025.04.22，產品類型：零食(含潔牙骨)，產地：台灣,狗貓,零食(含潔牙骨),2025.04.22,2026.04.21,金派庫國際有限公司
1232,65,2025,11,2025/11/20,苗栗縣動物保護防疫所,251120DU001-08,派庫廚房-急凍骰子牛凍乾[EP019]，產品貨號/批號：2026.08.14，產品類型：零食(含潔牙骨)，產地：台灣,狗貓,零食(含潔牙骨),,2026.08.14,金派庫國際有限公司
1232,66,2025,11,2025/11/20,南投縣家畜疾病防治所,251120DU002-01,新鮮鮪魚佐鱉蛋凍乾[HP011]，產品貨號/批號：2024.05.20，產品類型：零食(含潔牙骨)，產地：台灣,狗貓,零食(含潔牙骨),20-五月-2024,19-五月-2026,加拿大渴望寵物食品股份有限公司
1232,67,2025,11,2025/11/20,南投縣家畜疾病防治所,251120DU002-02,Woofit凍乾貓食 -情緒舒緩(雞鮭+綠花椰)[HP012]，產品貨號/批號：2025.08.02，產品類型：乾糧(含半濕性糧)，產地：台灣,貓,乾糧(含半濕性糧),02-八月-2025,01-二月-2027,渥夫特實業有限公司
1232,68,2025,11,2025/11/20,南投縣家畜疾病防治所,251120DU002-03,貓客凍乾-鮪魚丁[HP013]，產品貨號/批號：2025.04.14，產品類型：零食(含潔牙骨)，產地：台灣,貓,零食(含潔牙骨),2025.04.14,2027.04.13,辛巴國際行銷有限公司
1232,69,2025,11,2025/11/20,南投縣家畜疾病防治所,251120DU002-04,風味燒-小魚乾[HP014]，產品貨號/批號：20251015，產品類型：零食(含潔牙骨)，產地：台灣,狗貓,零食(含潔牙骨),20251015,20261014,竣百有限公司
1232,70,2025,11,2025/11/20,南投縣家畜疾病防治所,251120DU002-05,佳倍讚 貓用鮮肉凍乾(柳葉魚)[HP015]，產品貨號/批號：2025.10.13，產品類型：零食(含潔牙骨)，產地：台灣,貓,零食(含潔牙骨),2025.10.13,2027.10.12,王品寵物用品有限公司
1232,71,2025,11,2025/11/20,南投縣家畜疾病防治所,251120DU002-06,御天犬 急凍雞胗UD04[HP016]，產品貨號/批號：2025.05.16，產品類型：零食(含潔牙骨)，產地：台灣,狗,零食(含潔牙骨),2025.05.16,2026.11.15,冠閎實業有限公司
1232,72,2025,11,2025/11/20,南投縣家畜疾病防治所,251120DU002-07,貓族凍乾主食開胃山海鮮肉餅150g鱈魚魷魚[HP017]，產品貨號/批號：2027.08.07，產品類型：乾糧(含半濕性糧)，產地：台灣,貓,乾糧(含半濕性糧),,2027.08.07,怪獸製造有限公司
1232,73,2025,11,2025/11/20,南投縣家畜疾病防治所,251120DU002-08,肉鮮生貓凍乾主食-鮭魚+鮪魚[HP018]，產品貨號/批號：15.06.2027，產品類型：乾糧(含半濕性糧)，產地：台灣,貓,乾糧(含半濕性糧),,15.06.2027,品果國際行銷有限公司
1232,74,2025,11,2025/11/21,屏東縣政府,251121DU001-01,原肉零食 奶焗花椰卡滋雞[MP026]，產品貨號/批號：20250513/20260512，產品類型：零食(含潔牙骨)，產地：台灣,狗貓,零食(含潔牙骨),20250513,20260512,寵愛有家股份有限公司
1232,75,2025,11,2025/11/21,屏東縣政府,251121DU001-02,初光光 QQ雞胗GL03[MP027]，產品貨號/批號：20250617/20261216，產品類型：零食(含潔牙骨)，產地：台灣,狗貓,零食(含潔牙骨),20250617,20261216,八方國際寵物有限公司
1232,76,2025,11,2025/11/21,屏東縣政府,251121DU001-03,初光光 熱烘亞麻雞GL07[MP028]，產品貨號/批號：20250521/20261120，產品類型：零食(含潔牙骨)，產地：台灣,狗貓,零食(含潔牙骨),20250521,20261120,八方國際寵物有限公司
1232,77,2025,11,2025/11/21,屏東縣政府,251121DU001-04,〔T.N.A悠遊〕 鮮點-鮮烘骰子羊 [MP029]，產品貨號/批號：20250902/20270301，產品類型：零食(含潔牙骨)，產地：台灣,狗貓,零食(含潔牙骨),20250902,20270301,悠遊國際實業股份有限公司
1232,78,2025,11,2025/11/21,屏東縣政府,251121DU001-05,御天犬 潔牙雞肉捲U3[MP030]，產品貨號/批號：20250820/20270219，產品類型：零食(含潔牙骨)，產地：台灣,狗,零食(含潔牙骨),20250820,20270219,冠閎實業有限公司
1232,79,2025,11,2025/11/21,屏東縣政府,251121DU001-06,雞肉薄長片[MP031]，產品貨號/批號：2027.03.30，產品類型：零食(含潔牙骨)，產地：台灣,狗貓,零食(含潔牙骨),,2027.03.30,茂捷有限公司
1232,80,2025,11,2025/11/21,屏東縣政府,251121DU001-07,香饌-雞肉牛奶骨[MP032]，產品貨號/批號：2027.03.18，產品類型：零食(含潔牙骨)，產地：台灣,狗,零食(含潔牙骨),,2027.03.18,茂捷有限公司
1232,81,2025,11,2025/11/21,屏東縣政府,251121DU001-08,卡默-潔牙骨捲肉(8入)[MP033]，產品貨號/批號：2025.03.20/2026.09.19，產品類型：零食(含潔牙骨)，產地：台灣,狗,零食(含潔牙骨),2025.03.20,2026.09.19,耐維滋寵物食品有限公司
1232,82,2025,11,2025/11/25,臺東縣動物防疫所,251125DU001-01,野性魅力 超能精華鮮雞犬糧 340G[NP007]，產品貨號/批號：2026.11.18，產品類型：乾糧(含半濕性糧)，產地：加拿大,狗,乾糧(含半濕性糧),,18.NOV.2026,加拿大野性魅力有限公司
1232,83,2025,11,2025/11/25,臺東縣動物防疫所,251125DU001-02,嘿囉 無穀成貓糧 雞肉 300G[NP008]，產品貨號/批號：2027.04.11，產品類型：乾糧(含半濕性糧)，產地：美國,貓,乾糧(含半濕性糧),,04112027,盛貿寵物股份有限公司
1232,84,2025,11,2025/11/25,臺東縣動物防疫所,251125DU001-03,健綠 潔牙骨 85G[NP009]，產品貨號/批號：2026.07.13，產品類型：零食(含潔牙骨)，產地：美國,狗,零食(含潔牙骨),,13-七月-2026,台灣瑪氏股份有限公司
1232,85,2025,11,2025/11/25,臺東縣動物防疫所,251125DU001-04,奇境 澳洲鮭魚+紐西蘭羊肺凍乾 無穀全貓糧 300G[NP010]，產品貨號/批號：2026.09.27，產品類型：乾糧(含半濕性糧)，產地：澳洲,貓,乾糧(含半濕性糧),,27.09.2027,維逸有限公司
1232,86,2025,11,2025/11/25,臺東縣動物防疫所,251125DU001-05,曙光 無穀雞肉貓餐食 300G[NP011]，產品貨號/批號：2027.02.05，產品類型：乾糧(含半濕性糧)，產地：美國,貓,乾糧(含半濕性糧),,FEB 05 2027,昱碩國際事業股份有限公司
1232,87,2025,11,2025/11/25,臺東縣動物防疫所,251125DU001-06,歐力 挪威鮭魚凍乾粒 皮毛健康(鮭魚)-全齡犬適用  300G[NP012]，產品貨號/批號：2026.08.02，產品類型：乾糧(含半濕性糧)，產地：韓國,狗,乾糧(含半濕性糧),2025.02.03,2026.08.02,婕暉國際有限公司
1232,88,2025,11,2025/11/25,臺東縣動物防疫所,251125DU001-07,渴望海陸龍蝦貓貓餐食  300G[NP013]，產品貨號/批號：2026.08.03，產品類型：乾糧(含半濕性糧)，產地：加拿大,貓,乾糧(含半濕性糧),,03-八月-2026,加拿大渴望寵物食品股份有限公司
1232,89,2025,11,2025/11/25,臺東縣動物防疫所,251125DU001-08,冠能幼犬鮮雞成長糧  750G(分裝包)[NP014]，產品貨號/批號：20260515，產品類型：乾糧(含半濕性糧)，產地：澳洲,狗,乾糧(含半濕性糧),,20260515,台灣雀巢股份有限公司
1232,90,2025,11,2025/11/28,高雄市動物保護處,251128DU001-01,香酥雞肉片[WP040]，產品貨號/批號：20260430，產品類型：零食(含潔牙骨)，產地：台灣,狗貓,零食(含潔牙骨),,20260430,繃派寵物廚房
1232,91,2025,11,2025/11/28,高雄市動物保護處,251128DU001-02,超耐咬雞胗[WP041]，產品貨號/批號：20260501，產品類型：零食(含潔牙骨)，產地：台灣,狗貓,零食(含潔牙骨),,20260501,繃派寵物廚房
1232,92,2025,11,2025/11/28,臺北市動物保護處,251128DU002-01,希爾思寵物食品 成貓11歲以上雞肉特調食譜[VP026]，產品貨號/批號：082026，產品類型：乾糧(含半濕性糧)，產地：美國,貓,乾糧(含半濕性糧),,082026,台灣希爾思寵物營養品有限公司
1232,0,2025,12,2025/12/01,雲林縣動植物防疫所,251201DU001-01,東方精選優質全貓-雞肉鮭魚(滋補挑嘴)-113年[IP018]，產品貨號/批號：2025.01.09，產品類型：乾糧(含半濕性糧)，產地：台灣,貓,乾糧(含半濕性糧),01.09.2025,28.02.2027,斑尼菲國際股份有限公司
1232,1,2025,12,2025/12/01,雲林縣動植物防疫所,251201DU001-02,Pet Bese動物造型餅/牛奶+鈣[IP019]，產品貨號/批號：2027.07.15，產品類型：零食(含潔牙骨)，產地：台灣,狗,零食(含潔牙骨),,2027.07.15,寵物百事達
1232,2,2025,12,2025/12/01,雲林縣動植物防疫所,251201DU001-03,席瑞思愛犬罐頭-牛肉口味[IP020]，產品貨號/批號：2025.08.16，產品類型：濕糧/罐頭(含滅菌軟袋)，產地：台灣,狗,濕糧/罐頭(含滅菌軟袋),2025.08.16,2028.08.15,福壽實業股份有限公司
1232,3,2025,12,2025/12/01,雲林縣動植物防疫所,251201DU001-04,PetBest動物造型餅-起司+養樂多[IP021]，產品貨號/批號：2027.06.01，產品類型：零食(含潔牙骨)，產地：台灣,狗,零食(含潔牙骨),,2027.06.01,寵物百事達
1232,4,2025,12,2025/12/01,雲林縣動植物防疫所,251201DU001-05,富基-IO愛犬罐頭 牛肉口味[IP022]，產品貨號/批號：2025.06.02，產品類型:濕糧/罐頭(含滅菌軟袋)，產地：台灣,狗,濕糧/罐頭(含滅菌軟袋),2025.06.02,2028.06.01,洽發興農業科技股份有限公司
1232,5,2025,12,2025/12/02,桃園市政府動物保護處,251202DU001-01,Mr.MEAT肉鮮生-凍乾主食-犬-火雞肉[CP034]，產品貨號/批號：20.07.2027，產品類型：零食(含潔牙骨)，產地：台灣,狗,零食(含潔牙骨),,20.07.2027,品果國際行銷有限公司
1232,6,2025,12,2025/12/02,桃園市政府動物保護處,251202DU001-02,Mr.MEAT肉鮮生-凍乾主食-貓-牛肉[CP035]，產品貨號/批號：20.07.2027，產品類型：零食(含潔牙骨)，產地：台灣,貓,零食(含潔牙骨),,20.07.2027,品果國際行銷有限公司
1232,7,2025,12,2025/12/02,桃園市政府動物保護處,251202DU001-03,Ab.喵關節呼嚕嚕軟Q錠[CP036]，產品貨號/批號：2025.06.17，產品類型：補助食品，產地：台灣,貓,補助食品,2025.06.17,保存期限：2年,聚隆纖維股份有限公司
1232,8,2025,12,2025/12/02,桃園市政府動物保護處,251202DU001-04,Push敏感腸胃救星[CP037]，產品貨號/批號：2027.03.25，產品類型：濕糧/罐頭(含滅菌軟袋)，產地：台灣,貓,濕糧/罐頭(含滅菌軟袋),2025.03.26,2027.03.25,日時好食股份有限公司
1232,9,2025,12,2025/12/02,桃園市政府動物保護處,251202DU001-05,Push機能噗滋包(維持肌肉)[CP038]，產品貨號/批號：2027.02.17，產品類型：濕糧/罐頭(含滅菌軟袋)，產地：台灣,貓,濕糧/罐頭(含滅菌軟袋),2025.02.18,2027.02.17,日時好食股份有限公司
1232,10,2025,12,2025/12/02,新北市政府動物保護防疫處,251202DU002-01,【T.N.A.悠遊】狗狗說Tasty犬用主食罐-鮮雞燉羊×山藥[AP057]，產品貨號/批號：2028.04.17，產品類型：濕糧/罐頭(含滅菌軟袋)，產地：台灣,狗,濕糧/罐頭(含滅菌軟袋),2025.04.18,2028.04.17,悠遊國際實業股份有限公司
1232,11,2025,12,2025/12/02,新北市政府動物保護防疫處,251202DU002-02,龍王鱘雞肉泥主食罐（雞肉＋鱘龍魚）[AP058]，產品貨號/批號：2027.12.29，產品類型：濕糧/罐頭(含滅菌軟袋)，產地台灣,貓,濕糧/罐頭(含滅菌軟袋),2024.12.30,2027.12.29,寵愛毛毛股份有限公司
1232,12,2025,12,2025/12/02,新北市政府動物保護防疫處,251202DU002-03,奧藍多全齡貓營養主食罐-全雞饗宴[AP059]，產品貨號/批號：2028.06.12，產品類型：濕糧/罐頭(含滅菌軟袋)，產地:台灣,貓,濕糧/罐頭(含滅菌軟袋),2025.06.13,2028.06.12,萌光小鎮股份有限公司
1232,13,2025,12,2025/12/02,新北市政府動物保護防疫處,251202DU002-04,南極磷蝦大肉包 雞鮪X UC2[AP060]，產品貨號/批號：2027.02.27，產品類型：濕糧/罐頭(含滅菌軟袋)，產地：台灣,貓,濕糧/罐頭(含滅菌軟袋),2025.08.30,2027.02.27,金富錸國際寵物有限公司
1232,14,2025,12,2025/12/02,新北市政府動物保護防疫處,251202DU002-05,炙燒雞肉薄片[AP061]，產品貨號/批號：2027.01.31，產品類型：零食(含潔牙骨)，產地：台灣,狗,零食(含潔牙骨),2025.08.01,2027.01.31,津欣寵物食品有限公司
1232,15,2025,12,2025/12/01,新竹縣動物保護防疫所,251201DU002-01,特百滋凍乾雙重奏饗宴 成幼貓 低敏鮭魚配方 [DP015]，產品貨號/批號：SEP.20.2026，產品類型：乾糧(含半濕性糧)，產地：加拿大,貓,乾糧(含半濕性糧),,SEP.20.2026,艾澌克企業股份有限公司
1232,16,2025,12,2025/12/01,新竹縣動物保護防疫所,251201DU002-02,奇境澳洲鮭魚+紐西蘭羊肺凍乾 無穀全貓糧[DP016]，產品貨號/批號：15.11.2026，產品類型：乾糧(含半濕性糧)，產地：澳洲,貓,乾糧(含半濕性糧),15.05.2025,15.11.2026,維逸有限公司
1232,17,2025,12,2025/12/01,新竹縣動物保護防疫所,251201DU002-03,奇境澳洲尖吻鱸+鮪魚+紐西蘭羊肺凍乾 無穀全貓糧[DP017]，產品貨號/批號：15.10.2026，產品類型：乾糧(含半濕性糧)，產地：澳洲,貓,乾糧(含半濕性糧),15.04.2025,15.10.2026,維逸有限公司
1232,18,2025,12,2025/12/01,新竹縣動物保護防疫所,251201DU002-04,純境無穀全齡犬糧-澳洲鮭魚+凍乾[DP018]，產品貨號/批號：26.12.2026，產品類型：乾糧(含半濕性糧)，產地：澳洲,狗,乾糧(含半濕性糧),,26.12.2026,品果國際行銷有限公司
1232,19,2025,12,2025/12/01,新竹縣動物保護防疫所,251201DU002-05,特百滋凍乾三重奏 成幼犬 低敏海魚配方[DP019]，產品貨號/批號：OCT.29.2026，產品類型：乾糧(含半濕性糧)，產地：加拿大,狗,乾糧(含半濕性糧),,OCT.29.2026,艾澌克企業股份有限公司
1232,20,2025,12,2025/12/01,新竹縣動物保護防疫所,251201DU002-06,自然小貓低碳無穀凍乾糧 鮮魚佐鮭魚 全貓配方[DP020]，產品貨號/批號：25.01.2027，產品類型：乾糧(含半濕性糧)，產地：加拿大,貓,乾糧(含半濕性糧),26.07.2025,25.01.2027,派脆客有限公司
1232,21,2025,12,2025/12/01,新竹縣動物保護防疫所,251201DU002-07,紐崔斯無穀貓糧+凍乾(多種魚)[DP021]，產品貨號/批號：26.12.2026，產品類型：乾糧(含半濕性糧)，產地：加拿大,貓,乾糧(含半濕性糧),,26.12.2026,八犬國際行銷有限公司
1232,22,2025,12,2025/12/01,新竹縣動物保護防疫所,251201DU002-08,紐崔斯無穀貓糧+凍乾(火雞肉+雞肉+鮭魚)[DP022]，產品貨號/批號：，產品類型：乾糧(含半濕性糧)，產地：加拿大,貓,乾糧(含半濕性糧),,26.12.2026,八犬國際行銷有限公司
1232,0,2025,2,2025.02.10,屏東縣政府,250210DU001-01,arctic pet冰島餐盒-草原馬肉[MP002]，產品貨號/批號：02/2026，產品類型：濕糧/罐頭(含滅菌軟袋)，產地：冰島,狗,濕糧/罐頭(含滅菌軟袋),,02/2026,進口商：八犬國際行銷有限公司
1232,1,2025,2,2025.02.10,屏東縣政府,250210DU001-02,arctic pet冰島餐盒-野牧鮮鹿[MP003]，產品貨號/批號：11/2025，產品類型：濕糧/罐頭(含滅菌軟袋)，產地：冰島,狗,濕糧/罐頭(含滅菌軟袋),,11/2025,進口商：八犬國際行銷有限公司
1232,2,2025,2,2025.02.10,屏東縣政府,250210DU001-03,Aatas Cat愛達思貓罐-白肉鮪魚+牛肉[MP004]，產品貨號/批號：2024.05.22/2027.05.21，產品類型：濕糧/罐頭(含滅菌軟袋)，產地：泰國,貓,濕糧/罐頭(含滅菌軟袋),2024.05.22,2027.05.21,進口商：三怡水族寵物用品有限公司
1232,3,2025,2,2025.02.10,桃園市政府動物保護處,250210DU002-01,Cherie法麗小型犬全營養配方-雞肉、鯷魚佐營養南瓜[CP006]，產品貨號/批號：2026.10.24，產品類型：濕糧/罐頭(含滅菌軟袋)，產地：泰國,狗,濕糧/罐頭(含滅菌軟袋),2023.10.25,2026.10.24,進口商：派脆客有限公司
1232,4,2025,2,2025.02.10,桃園市政府動物保護處,250210DU002-02,腸胃保健犬主食濕糧[CP007]，產品貨號/批號：04082026，產品類型：濕糧/罐頭(含滅菌軟袋)，產地：奧地利,狗,濕糧/罐頭(含滅菌軟袋),,04082026,進口商：台灣皇家寵物食品有限公司
1232,5,2025,2,2025.02.10,桃園市政府動物保護處,250210DU002-03,Us Dog愛犬主食餐罐(牛肉風味)[CP008]，產品貨號/批號：06042027，產品類型：濕糧/罐頭(含滅菌軟袋)，產地：義大利,狗,濕糧/罐頭(含滅菌軟袋),,06.04.2027,進口商：台灣惜時有限公司
1232,6,2025,2,2025.02.11,彰化縣動物防疫所,250211DU001-01,吶一口貓肉泥-鮪魚[GP001]，產品貨號/批號：03.02.2024/03.02.2026，產品類型：零食(含潔牙骨)，產地：泰國,貓,零食(含潔牙骨),03.02.2024,03.02.2026,進口商：豪翼行銷有限公司
1232,7,2025,2,2025.02.11,彰化縣動物防疫所,250211DU001-02,風味燒-小魚干[GP002]，產品貨號/批號：2024.09.17，產品類型：零食(含潔牙骨)，產地：越南,狗貓,零食(含潔牙骨),2024.09.17,保存期限：1年,進口商：竣百有限公司
1232,8,2025,2,2025.02.11,彰化縣動物防疫所,250211DU001-03,犬用低脂短切軟雞肉條420g[GP003]，產品貨號/批號：2026.03 SC，產品類型：零食(含潔牙骨)，產地：日本,狗,零食(含潔牙骨),,2026.03 SC,進口商：台灣多格漫商貿股份有限公司
1232,9,2025,2,2025.02.14,新竹縣動物保護防疫所,250214DU001-01,加好寶-乾狗糧牛肉口味2Kg[DP004]，產品貨號/批號：2025.09.11，產品類型：乾糧(含半濕性糧)，產地：泰國,狗,乾糧(含半濕性糧),110324,110925,進口商：好侶股份有限公司
1232,10,2025,2,2025.02.14,新竹縣動物保護防疫所,250214DU001-02,寶路乾糧 牛肉及蔬菜口味1.5Kg[DP005]，產品貨號/批號：2025.11.15，產品類型：乾糧(含半濕性糧)，產地：泰國,狗,乾糧(含半濕性糧),24/05/2024,15/11/2025,進口商：台灣瑪氏股份有限公司
1232,11,2025,2,2025.02.14,新竹縣動物保護防疫所,250214DU001-03,杜莎天然無穀寵糧-成貓化毛配方-鮮雞佐鴨[DP006]，產品貨號/批號：2025.08.22，產品類型：乾糧(含半濕性糧)，產地：義大利,貓,乾糧(含半濕性糧),2024/02/22,2025/08/22,進口商：裕昌寵物有限公司
1232,12,2025,2,2025.02.14,嘉義縣家畜疾病防治所,250214DU002-01,鮮一香-鮪魚+蟹肉[JP001]，產品貨號/批號：2027.05.10，產品類型：濕糧/罐頭(含滅菌軟袋)，產地：泰國,貓,濕糧/罐頭(含滅菌軟袋),2024/05/10,2027/05/10,進口商：帝寶興業有限公司
1232,13,2025,2,2025.02.14,嘉義縣家畜疾病防治所,250214DU002-02,Mr.Bone多效潔牙骨(牛奶+鈣)[JP002]，產品貨號/批號：25.03.2026，產品類型：零食(含潔牙骨)，產地：新加玻,狗,零食(含潔牙骨),,25.03.2026,進口商：品果國際行銷有限公司
1232,14,2025,2,2025.02.18,臺東縣動物防疫所,250218DU002-01,金湯愛貓湯罐(白身鮪魚)[NP001]，產品貨號/批號：2027.08.28，產品類型：濕糧/罐頭(含滅菌軟袋)，產地：泰國,貓,濕糧/罐頭(含滅菌軟袋),2024.08.29,2027.08.28,進口商：台灣惜時有限公司
1232,15,2025,2,2025.02.18,臺東縣動物防疫所,250218DU002-02,金饌犬用狗罐(雞肉＆牛肉)[NP002]，產品貨號/批號：01.08.2027，產品類型：濕糧/罐頭(含滅菌軟袋)，產地：泰國,狗,濕糧/罐頭(含滅菌軟袋),01.08.2024,01.08.2027,代理商:茂捷有限公司
1232,16,2025,2,2025.02.18,臺東縣動物防疫所,250218DU002-03,經典維齊犬罐(雞肉+南瓜)[NP003]，產品貨號/批號：27.03.18，產品類型：濕糧/罐頭(含滅菌軟袋)，產地：泰國,狗,濕糧/罐頭(含滅菌軟袋),24.03.19,27.03.18,進口商:竣百有限公司
1232,17,2025,2,2025.02.19,基隆市動物保護防疫所,250219DU001-01,Arias澳洲新艾莎餐盒-肝醬小牛肉[QP001]，產品貨號/批號：07.06.2026，產品類型：濕糧/罐頭(含滅菌軟袋)，產地：澳洲,狗,濕糧/罐頭(含滅菌軟袋),07/06/2024,07/06/2026,進口商：王品寵物用品有限公司
1232,18,2025,2,2025.02.19,基隆市動物保護防疫所,250219DU001-02,樂益活 寵物專用綜合維他命+葡萄糖胺[QP002]，產品貨號/批號：08.01.2023/08.01/2025，產品類型：補助食品，產地：美國,狗貓,補助食品,08/01/2023,08/01/2025,進口商：英屬維爾京群島商可娜國際有限公司 台灣分公司
1232,19,2025,2,2025.02.19,基隆市動物保護防疫所,250219DU001-03,Lynx天貓座(鮪魚+雞肉)[QP003]，產品貨號/批號：22.12.12/25.12.12，產品類型：濕糧/罐頭(含滅菌軟袋)，產地：泰國,貓,濕糧/罐頭(含滅菌軟袋),22.12.12,25.12.12,總代理：勤達實業有限公司
1232,20,2025,2,2025.02.21,新北市政府動物保護防疫處,250221DU001-01,犬用迷你厚乳消臭餅乾[AP001]，產品貨號/批號：2025.07 004，產品類型：零食(含潔牙骨)，產地：泰國,狗,零食(含潔牙骨),,2025.07,進口商：台灣多格漫商貿股份有限公司
1232,21,2025,2,2025.02.21,新北市政府動物保護防疫處,250221DU001-02,寶路X型潔牙骨原味中型犬專用[AP002]，產品貨號/批號：190226，產品類型：零食(含潔牙骨)，產地：泰國,狗,零食(含潔牙骨),280824,190226,輸入商：台灣瑪氏股份有限公司
1232,22,2025,2,2025.02.21,新北市政府動物保護防疫處,250221DU001-03,野性魅力海陸龍蝦盛宴貓[AP003]，產品貨號/批號：11.MAY.2026，產品類型：乾糧(含半濕性糧)，產地：加拿大,貓,乾糧(含半濕性糧),,11.MAY.2026,代理商：加拿大野性魅力有限公司
1232,23,2025,2,2025.02.21,新北市政府動物保護防疫處,250221DU001-04,口福-綜合肉角[AP004]，產品貨號/批號：2024.05.09，產品類型：零食(含潔牙骨)，產地：日本,狗,零食(含潔牙骨),2024.05.09,2025.11.09,輸入商：東翔實業(股)
1232,24,2025,2,2025.02.21,嘉義市政府,250221DU002-01,燒肉工房-香濃鮮美牛風味[TP001]，產品貨號/批號：2026/03/21，產品類型：零食(含潔牙骨)，產地：泰國,狗,零食(含潔牙骨),,2026/3/21,進口商:艾澌克企業股份有限公司
1232,25,2025,2,2025.02.21,嘉義市政府,250221DU002-02,燒肉工房-蜜汁香醇鮮雞條[TP002]，產品貨號/批號：2025/12/29，產品類型：零食(含潔牙骨)，產地：泰國,狗,零食(含潔牙骨),,2025/12/29,進口商:艾澌克企業股份有限公司
1232,26,2025,2,2025.02.24,臺南市動物防疫保護處,250224DU001-01,boneve本牧紐西蘭放牧草飼牛 全齡貓無穀糧[UP001]，產品貨號/批號：10 APR 2026，產品類型：乾糧(含半濕性糧)，產地：紐西蘭,貓,乾糧(含半濕性糧),10 AUG 2024,10 APR 2026,代理商：奧也股份有限公司
1232,27,2025,2,2025.02.24,臺南市動物防疫保護處,250224DU001-02,特百滋凍乾雙饗宴-成貓低敏雞肉配方[UP002]，產品貨號/批號：FEB 06 2026，產品類型：乾糧(含半濕性糧)，產地：加拿大,貓,乾糧(含半濕性糧),,FEB 06 2026,委製商:艾澌克企業股份有限公司
1232,28,2025,2,2025.02.24,臺南市動物防疫保護處,250224DU001-03,極光加拿大無穀天然糧-全齡貓無穀鮭魚 鯡魚＆雪蟹[UP003]，產品貨號/批號：JAN-18-2026，產品類型：乾糧(含半濕性糧)，產地：加拿大,貓,乾糧(含半濕性糧),,JAN-18-2026,進口商：邁迪飛貿易有限公司
1232,29,2025,2,2025.02.24,臺北市動物保護處,250224DU002-01,驕傲貓 貓犬共享鮭鮮奶生肉凍乾主食餐[VP004]，產品貨號/批號：2026.06.03，產品類型：乾糧(含半濕性糧)，產地：泰國,狗貓,乾糧(含半濕性糧),2024.12.04,2026.06.03,經銷商：台灣愛邦仕實業有限公司
1232,30,2025,2,2025.02.24,臺北市動物保護處,250224DU002-02,KaNoodles韓國玄米潔牙棒[VP005]，產品貨號/批號：2025.OCT.28，產品類型：零食(含潔牙骨)，產地：韓國,狗,零食(含潔牙骨),,2025.OCT.28,進口商：四季全球貿易股份有限公司
1232,31,2025,2,2025.02.24,臺北市動物保護處,250224DU002-03,歐娜特 犬用皮毛機能照護配方(水解鮭魚)[VP006]，產品貨號/批號：2026.02.16，產品類型：乾糧(含半濕性糧)，產地：西班牙,狗,乾糧(含半濕性糧),,2026.02.16,進口商：瀚揚國際企業有限公司
1232,0,2025,3,2025.03.13,臺中市動物保護防疫處,250313DU001-06,沙發馬鈴薯Keptbaby吃軟飯-放蕩野雞[SP009]，產品貨號/批號：2024.12.30/2026.06.29，產品類型：濕糧/罐頭(含滅菌軟袋)，產地：台灣,貓,濕糧/罐頭(含滅菌軟袋),2024.12.30,2026.06.29,唯寵股份有限公司
1232,1,2025,3,2025.03.13,臺中市動物保護防疫處,250313DU001-07,T.N.A悠遊 厚肉肉營養主食罐-鮮燉雞拼極上牛[SP010]，產品貨號/批號：2024.10.17/2027.10.16，產品類型：濕糧/罐頭(含滅菌軟袋)，產地：台灣,貓,濕糧/罐頭(含滅菌軟袋),2024.10.17,2027.10.16,悠遊國際實業股份有限公司
1232,2,2025,3,2025.03.13,臺中市動物保護防疫處,250313DU001-08,旺得福 原味羊肉狗罐頭[SP011]，產品貨號/批號：2024.07.16/2027.07.15，產品類型：濕糧/罐頭(含滅菌軟袋)，產地：台灣,狗,濕糧/罐頭(含滅菌軟袋),2024.07.16,2027.07.15,柏揚貿易有限公司
1232,3,2025,3,2025.03.13,臺中市動物保護防疫處,250313DU001-09,雞肉捲 大包裝超值組U3-5[SP012]，產品貨號/批號：2025.02.19/2026.08.18，產品類型：零食(含潔牙骨)，產地：台灣,狗,零食(含潔牙骨),2025.02.19,2026.08.18,冠閎實業有限公司
1232,4,2025,3,2025.03.13,臺中市動物保護防疫處,250313DU001-10,哄寶貝584B炙燒豬肉棒[SP013]，產品貨號/批號：2025.02.15/2026.08.14，產品類型：零食(含潔牙骨)，產地：台灣,狗,零食(含潔牙骨),2025.02.15,2026.08.14,宏寶國際企業有限公司
1232,5,2025,3,2025.03.14,屏東縣政府,250314DU001-01,每日均衡主食罐(雞肉+鰹魚)[MP005]，產品貨號/批號：20241205/20271204，產品類型：濕糧/罐頭(含滅菌軟袋)，產地：台灣,貓,濕糧/罐頭(含滅菌軟袋),20241205,20271204,委製商:貓侍股份有限公司
1232,6,2025,3,2025.03.14,屏東縣政府,250314DU001-02,每日均衡主食罐(烏骨雞+雞肉)[MP006]，產品貨號/批號：241112/20271111，產品類型：濕糧/罐頭(含滅菌軟袋)，產地：台灣,貓,濕糧/罐頭(含滅菌軟袋),20241112,20271111,委製商:貓侍股份有限公司
1232,7,2025,3,2025.03.14,屏東縣政府,250314DU001-03,每日均衡主食罐(雞肉+鮪魚)[MP007]，產品貨號/批號：20250107/20280105，產品類型：濕糧/罐頭(含滅菌軟袋)，產地：台灣,貓,濕糧/罐頭(含滅菌軟袋),20250107,20280105,委製商:貓侍股份有限公司
1232,8,2025,3,2025.03.14,屏東縣政府,250314DU001-04,每日均衡主食罐(綜合海鮮)[MP008]，產品貨號/批號：20250114/20280113，產品類型：濕糧/罐頭(含滅菌軟袋)，產地：台灣,貓,濕糧/罐頭(含滅菌軟袋),20250114,20280113,委製商:貓侍股份有限公司
1232,9,2025,3,2025.03.14,屏東縣政府,250314DU001-05,寵物爆毛粉[MP009]，產品貨號/批號：2026.12.05，產品類型：補助食品，產地：台灣,狗貓,補助食品,,2026/12/5,狗仔隊寵物企業社
1232,10,2025,3,2025.03.14,高雄市動物保護處,250314DU002-01,菲芮絲FERRIST 蛋殼膜+鈣 骨骼保健配方[WP005]，產品貨號/批號：2024.12.26/2027.12.25，產品類型：補助食品，產地：台灣,狗貓,補助食品,2024/12/26,2027/12/25,佳瑞生物科技有限公司
1232,11,2025,3,2025.03.14,高雄市動物保護處,250314DU002-02,菲芮絲FERRIST 游離型葉黃素 眼睛保健配方[WP006]，產品貨號/批號：2025.01.06/2028.01.05，產品類型：補助食品，產地：台灣,狗貓,補助食品,2025/01/06,2028/01/05,佳瑞生物科技有限公司
1232,12,2025,3,2025.03.14,高雄市動物保護處,250314DU002-03,化骨雞爪[WP007]，產品貨號/批號：2025.01.03/2026.01.02，產品類型：零食(含潔牙骨)，產地：台灣,狗貓,零食(含潔牙骨),2025/01/03,2026/01/02,正成寵物有限公司
1232,13,2025,3,2025.03.14,高雄市動物保護處,250314DU002-04,嫩汁雞腿塊[WP008]，產品貨號/批號：2025.03.12/2026.03.11，產品類型：零食(含潔牙骨)，產地：台灣,狗貓,零食(含潔牙骨),2025/03/12,2026/03/11,正成寵物有限公司
1232,14,2025,3,2025.03.14,高雄市動物保護處,250314DU002-05,嫩汁雞腿[WP009]，產品貨號/批號：2025.02.28/2026.02.27，產品類型：零食(含潔牙骨)，產地：台灣,狗貓,零食(含潔牙骨),2025/02/28,2026/02/27,正成寵物有限公司
1232,15,2025,3,2025.03.18,彰化縣動物防疫所,250318DU001-01,萃雞油[GP004]，產品貨號/批號：2025.03.12/2025.05.11，產品類型：補助食品，產地：台灣,狗,補助食品,2025.03.12,2025.05.11,合泰飼料有限公司
1232,16,2025,3,2025.03.18,彰化縣動物防疫所,250318DU001-02,飼料用雞肉粉[GP005]，產品貨號/批號：2025.03.12/2025.05.11，產品類型：零食(含潔牙骨)，產地：台灣,狗,零食(含潔牙骨),2025.03.12,2025.05.11,合泰飼料有限公司
1232,17,2025,3,2025.03.18,彰化縣動物防疫所,250318DU001-03,CMS-42 鰹魚牛軟條(牛細切條)[GP006]，產品貨號/批號：2025.03.12/2026.09.12，產品類型：零食(含潔牙骨)，產地：台灣,貓,零食(含潔牙骨),2025.03.12,2026.09.12,凱普頓企業股份有限公司
1232,18,2025,3,2025.03.18,彰化縣動物防疫所,250318DU001-04,N-09 嚼醒樂活天然雞肉圓片[GP007]，產品貨號/批號：2025.03.08/2026.03.08，產品類型：零食(含潔牙骨)，產地：台灣,狗,零食(含潔牙骨),2025.03.08,2026.03.08,凱普頓企業股份有限公司
1232,19,2025,3,2025.03.18,彰化縣動物防疫所,250318DU001-05,B-09 丁香雞肉條[GP008]，產品貨號/批號：2025.03.10/2026.09.10，產品類型：零食(含潔牙骨)，產地：台灣,狗,零食(含潔牙骨),2025.03.10,2026.09.10,凱普頓企業股份有限公司
1232,20,2025,3,2025.03.21,嘉義市政府,250321DU001-01,職人料理 牛舌漢堡排[TP003]，產品貨號/批號：2025.03.04/2026.09.03，產品類型：濕糧/罐頭(含滅菌軟袋)，產地：台灣,狗貓,濕糧/罐頭(含滅菌軟袋),2025.03.04,2026.09.03,乾杯股份有限公司
1232,21,2025,3,2025.03.21,嘉義市政府,250321DU001-02,高鈣潔牙雞肉棒[TP004]，產品貨號/批號：2025.02.26/2026.08.25，產品類型：零食(含潔牙骨)，產地：台灣,狗貓,零食(含潔牙骨),2025.02.26,2026.08.25,固才有限公司
1232,22,2025,3,2025.03.21,嘉義市政府,250321DU001-03,乖乖吃飯 嚴選超肉感主食包 香煨嫩雞[TP005]，產品貨號/批號：2025.02.25/2026.08.24，產品類型：濕糧/罐頭(含滅菌軟袋)，產地：台灣,貓,濕糧/罐頭(含滅菌軟袋),2025.02.25,2026.08.24,友伴生活股份有限公司
1232,23,2025,3,2025.03.21,嘉義市政府,250321DU001-04,乖乖吃飯 嚴選超肉感主食包 鮮燉鴕鳥[TP006]，產品貨號/批號：2025.02.26/2026.08.25，產品類型：濕糧/罐頭(含滅菌軟袋)，產地：台灣,貓,濕糧/罐頭(含滅菌軟袋),2025.02.26,2026.08.25,友伴生活股份有限公司
1232,24,2025,3,2025.03.21,嘉義市政府,250321DU001-05,乖乖吃飯 嚴選超肉感主食包 烈焰火雞[TP007]，產品貨號/批號：2025.02.26/2026.08.25，產品類型：濕糧/罐頭(含滅菌軟袋)，產地：台灣,貓,濕糧/罐頭(含滅菌軟袋),2025.02.26,2026.08.25,友伴生活股份有限公司
1232,25,2025,3,2025.03.25,新北市政府動物保護防疫處,250325DU001-01,寵立善Nutressense犬貓專用完整型益生菌[AP005]，產品貨號/批號：20241227/20261226，產品類型：補助食品，產地：台灣,狗貓,補助食品,20241227,20261226,逢源生物科技股份有限公司
1232,26,2025,3,2025.03.25,新北市政府動物保護防疫處,250325DU001-02,沛威貓保健-好胃口[AP006]，產品貨號/批號：2027.12.03，產品類型：補助食品，產地：台灣,貓,補助食品,,2027.12.03,逢源生物科技股份有限公司
1232,27,2025,3,2025.03.25,新北市政府動物保護防疫處,250325DU001-03,寵立善Nutressense犬貓專用抗氧護眼葉黃素[AP007]，產品貨號/批號：20250211/20270210，產品類型：補助食品，產地：台灣,狗貓,補助食品,20250211,20270210,逢源生物科技股份有限公司
1232,28,2025,3,2025.03.25,新北市政府動物保護防疫處,250325DU001-04,香烤牛舌片[AP008]，產品貨號/批號：2025.03.17/2026.06.16，產品類型：零食(含潔牙骨)，產地：台灣,狗,零食(含潔牙骨),2025.03.17,2026.06.16,心食集實業有限公司
1232,29,2025,3,2025.03.25,新北市政府動物保護防疫處,250325DU001-05,膠原雞冠[AP009]，產品貨號/批號：2025.03.17/2026.06.16，產品類型：零食(含潔牙骨)，產地：台灣,狗,零食(含潔牙骨),2025.03.17,2026.06.16,心食集實業有限公司
1232,30,2025,3,2025.03.28,臺南市動物防疫保護處,250328DU001-01,多納活動犬狗乾糧-牛肉鮭魚口味2kg[UP004]，產品貨號/批號：20260712，產品類型：乾糧(含半濕性)，產地：台灣,狗,乾糧(含半濕性糧),2025.1.13,2026.7.12,寶榮開發企業股份有限公司
1232,31,2025,3,2025.03.28,臺南市動物防疫保護處,250328DU001-02,Product:樂倍黑酵母挑嘴犬保健糧[UP005]，產品貨號/批號：20260818，產品類型：乾糧(含半濕性)，產地：台灣,狗,乾糧(含半濕性糧),2025.2.19,2026.8.18,寶榮開發企業股份有限公司
1232,32,2025,3,2025.03.28,臺南市動物防疫保護處,250328DU001-03,Product:樂倍黑酵母挑嘴貓保健糧(沙丁魚+鰹魚+鮭魚)1.3kg[UP006]，產品貨號/批號：20260821，產品類型：乾糧(含半濕性)，產地：台灣,貓,乾糧(含半濕性糧),2025.2.22,2026.8.21,寶榮開發企業股份有限公司
1232,33,2025,3,2025.03.28,臺南市動物防疫保護處,250328DU001-04,邦比健康寵糧-成犬雞肉+米2.5kg[UP007]，產品貨號/批號：2027.2.23，產品類型：乾糧(含半濕性)，產地：台灣,狗,乾糧(含半濕性糧),2025.2.24,2027.2.23,全慶寵物用品有限公司
1232,34,2025,3,2025.03.28,臺南市動物防疫保護處,250328DU001-05,邦比健康寵糧-幼貓鮪魚+雞肉2kg[UP008]，產品貨號/批號：2027.2.11，產品類型：乾糧(含半濕性)，產地：台灣,貓,乾糧(含半濕性糧),2025.2.12,2027.2.11,全慶寵物用品有限公司
1232,35,2025,3,2025.03.26,花蓮縣動植物防疫所,250326DU001-01,原燒貓罐 雞肉+鮪魚+南瓜，產品貨號/批號：2024.07.23，產品類型：濕糧/罐頭(含滅菌軟袋)，產地：泰國,貓,濕糧/罐頭(含滅菌軟袋),2024.07.23,2027.07.22,王品寵物用品有限公司
1232,36,2025,3,2025.03.26,花蓮縣動植物防疫所,250326DU001-02,原燒貓罐 雞肉+鮪魚+鮮蝦，產品貨號/批號：2024.10.09，產品類型：濕糧/罐頭(含滅菌軟袋)，產地：泰國,貓,濕糧/罐頭(含滅菌軟袋),2024.10.09,2027.10.08,王品寵物用品有限公司
1232,37,2025,3,2025.03.26,花蓮縣動植物防疫所,250326DU001-03,原燒貓罐 新鮮雞肉，產品貨號/批號：2024.10.09，產品類型：濕糧/罐頭(含滅菌軟袋)，產地：泰國,貓,濕糧/罐頭(含滅菌軟袋),2024.10.09,2027.10.08,王品寵物用品有限公司
1232,38,2025,3,2025.03.26,花蓮縣動植物防疫所,250326DU001-04,原燒貓罐 雞肉+鮪魚+牛肉，產品貨號/批號：2024.09.05，產品類型：濕糧/罐頭(含滅菌軟袋)，產地：泰國,貓,濕糧/罐頭(含滅菌軟袋),2024.09.05,2027.09.04,王品寵物用品有限公司
1232,39,2025,3,2025.03.26,花蓮縣動植物防疫所,250326DU001-05,原燒貓罐 雞肉+鮪魚+吻仔魚，產品貨號/批號：2024.08.07，產品類型：濕糧/罐頭(含滅菌軟袋)，產地：泰國,貓,濕糧/罐頭(含滅菌軟袋),2024.08.07,2027.08.06,王品寵物用品有限公司
1232,0,2025,4,2025.04.08,彰化縣動物防疫所,250408DU001-01,Rrannk機能貓主食罐-白身鮪魚[GP009]，產品貨號/批號：2027.09.04，產品類型：濕糧/罐頭(含滅菌軟袋)，產地：泰國,貓,濕糧/罐頭(含滅菌軟袋),,2027.09.04,統冠生活事業股份有限公司
1232,1,2025,4,2025.04.08,彰化縣動物防疫所,250408DU001-02,喵洽普 貓咪肉泥－鮪魚＆干貝[GP010]，產品貨號/批號：2026.06.25，產品類型：零食(含潔牙骨)，產地：韓國,貓,零食(含潔牙骨),,2026.06.25,壹士達寵物有限公司
1232,2,2025,4,2025.04.08,彰化縣動物防疫所,250408DU001-03,奇境 澳洲鮭魚+紐西蘭羊肺凍乾無穀全貓糧[GP011]，產品貨號/批號：2026.05.16，產品類型：乾糧(含半濕性糧)，產地：澳洲,貓,乾糧(含半濕性糧),,2026.05.16,維逸有限公司
1232,3,2025,4,2025.04.09,基隆市動物保護防疫所,250409DU001-01,吶一口 無穀貓咪湯罐 鮪魚+濃香柴魚[QP004]，產品貨號/批號：2024.09.05/2027.09.04，產品類型：濕糧/罐頭(含滅菌軟袋)，產地：泰國,貓,濕糧/罐頭(含滅菌軟袋),2024.09.05,2027.09.04,進口商：豪翼行銷有限公司
1232,4,2025,4,2025.04.09,基隆市動物保護防疫所,250409DU001-02,貓皇族 金罐 白身鮪魚+蟹肉棒[QP005]，產品貨號/批號：2024.09.16/2027.09.16，產品類型：濕糧/罐頭(含滅菌軟袋)，產地：泰國,貓,濕糧/罐頭(含滅菌軟袋),2024.09.16,2027.09.16,進口商：韋民企業股份有限公司
1232,5,2025,4,2025.04.09,基隆市動物保護防疫所,250409DU001-03,海夫默克 挪威鱈魚魚皮塊[QP006]，產品貨號/批號：2026.04.25，產品類型：零食(含潔牙骨)，產地：越南,狗,零食(含潔牙骨),,2026.04.25,代理商：奧也股份有限公司
1232,6,2025,4,2025.04.10,臺中市動物保護防疫處,250410DU001-02,紐萃寶 Nutripe 無穀無膠主食狗罐 鰻魚＋鮮草鹿肚[SP015]，產品貨號/批號：2024.10.21/2027.10.21，產品類型：濕糧/罐頭(含滅菌軟袋)，產地：紐西蘭,狗,濕糧/罐頭(含滅菌軟袋),2024.10.21,2027.10.21,八犬國際行銷有限公司
1232,7,2025,4,2025.04.10,臺中市動物保護防疫處,250410DU001-01,低磷眼睛保健寵貓主食罐 鮭魚+鮪魚[SP014]，產品貨號/批號：2023.11.08/2026.11.08，產品類型：濕糧/罐頭(含滅菌軟袋)，產地：台灣,貓,濕糧/罐頭(含滅菌軟袋),2023.11.08,2026.11.08,狗爺貓妞企業社
1232,8,2025,4,2025.04.10,高雄市動物保護處,250410DU002-01,原味饕饕 原肉湯汁-鮪魚[WP010]，產品貨號/批號：2027.03.20，產品類型：濕糧/罐頭(含滅菌軟袋)，產地：泰國,貓,濕糧/罐頭(含滅菌軟袋),2024.03.20,2027.03.20,進口商：婕綸企業社
1232,9,2025,4,22025/04/10,高雄市動物保護處,250410DU002-02,卡默 鮮食餐盒 鮭魚+雪梨[WP011]，產品貨號/批號：2024.07.22/2026.07.21，產品類型：濕糧/罐頭(含滅菌軟袋)，產地：台灣,狗,濕糧/罐頭(含滅菌軟袋),2024.07.22,2026.07.21,耐維滋寵物食品有限公司
1232,10,2025,4,2025.04.15,屏東縣政府,250415DU001-01,柏萊富 棒吉 漁人現撈6種魚(6種嚴選鮮魚)[MP010]，產品貨號/批號：2024.04.19/2025.10.19，產品類型：乾糧(含半濕性糧)，產地：美國,貓,乾糧(含半濕性糧),2024.04.19,2025.10.19,進口商：柏希菲克股份有限公司
1232,11,2025,4,2025.04.15,屏東縣政府,250415DU001-02,汪洽普 狗狗凍乾-爆蛋毛鱗魚[MP011]，產品貨號/批號：2024.07.09/2026.07.08，產品類型：零食(含潔牙骨)，產地：韓國,狗,零食(含潔牙骨),2024.07.09,2026.07.08,進口商：壹士達寵物有限公司
1232,12,2025,4,2025.04.15,屏東縣政府,250415DU001-03,驕傲貓 貓專用海鮮鮮極棒盒裝(海鮮口味)[MP012]，產品貨號/批號：2025.01.13/2026.07.12，產品類型：零食(含潔牙骨)，產地：泰國,貓,零食(含潔牙骨),2025.01.13,2026.07.12,經銷商：台灣愛邦仕實業有限公司
1232,13,2025,4,2025.04.16,新北市政府動物保護防疫處,250416DU001-01,A Star 漩力浮海藻牛奶潔牙棒 大包-S[AP010]，產品貨號/批號：2026.07.03，產品類型：零食(含潔牙骨)，產地：新加玻,狗,零食(含潔牙骨),2024.07.04,2026.07.03,經銷商：台灣愛邦仕實業有限公司
1232,14,2025,4,2025.04.16,新北市政府動物保護防疫處,250416DU001-02,嚼醒BL-11鱈魚雞肉條[AP011]，產品貨號/批號：2025.08.19，產品類型：零食(含潔牙骨)，產地：台灣,狗,零食(含潔牙骨),2024.02.19,2025.08.19,凱普頓企業股份有限公司
1232,15,2025,4,2025.04.17,苗栗縣動物保護防疫所,250417DU001-01,MOKO銀貓頂級鮮肉主食湯罐(雞肉+鰹魚+柴魚)[EP004]，產品貨號/批號：2023.01.04/2026.01.04，產品類型：濕糧/罐頭(含滅菌軟袋)，產地：台灣,貓,濕糧/罐頭(含滅菌軟袋),2023.01.04,2026.01.04,締兒沛寵物國際有限公司
1232,16,2025,4,2025.04.17,苗栗縣動物保護防疫所,250417DU001-02,日本藍 小魚乾[EP005]，產品貨號/批號：2026.04.01，產品類型：零食(含潔牙骨)，產地：日本,狗貓,零食(含潔牙骨),,2026.04.01,進口商:雍立貿易(股)公司
1232,17,2025,4,2025.04.17,苗栗縣動物保護防疫所,250417DU001-03,莫比S26 鮭魚馬鈴薯全齡犬無穀食譜[EP006]，產品貨號/批號：2024.12.14/2026.06.13，產品類型：乾糧(含半濕性糧)，產地：美國,狗,乾糧(含半濕性糧),2024.12.14,2026.06.13,進口商：博東客企業有限公司
1232,18,2025,4,2025.04.18,雲林縣動植物防疫所,250418DU002-01,自然主義草本美毛犬糧-全齡犬(雞肉鮭魚+百合根)400g[IP001]，產品貨號/批號：2024.03.21，產品類型：乾糧(含半濕性糧)，產地：荷蘭,狗,乾糧(含半濕性糧),21.03.2024,21.03.2026,進口商：東森寵物雲股份有限公司
1232,19,2025,4,2025.04.18,雲林縣動植物防疫所,250418DU002-02,喵Bar營養貓餐罐-鮪魚+蟹肉[IP002]，產品貨號/批號：2024.04.20，產品類型：濕糧/罐頭(含滅菌軟袋)，產地：泰國,貓,濕糧/罐頭(含滅菌軟袋),2024.04.20,2027.04.20,進口商：樺隆有限公司
1232,20,2025,4,2025.04.18,雲林縣動植物防疫所,250418DU002-03,博朗氏成老貓寵物乾糧 雞肉+海魚+蔓越莓1.5kg[IP003]，產品貨號/批號：20240926，產品類型：乾糧(含半濕性糧)，產地：台灣,貓,乾糧(含半濕性糧),2024.09.26,2026.03.25,寶榮開發企業股份有限公司
1232,21,2025,4,2025.04.18,花蓮縣動植物防疫所,250418DU003-03,加好寶貓罐遠洋鮪魚大餐[OP006]，產品貨號/批號：2024.09.17，產品類型：濕糧/罐頭(含滅菌軟袋)，產地：泰國,貓,濕糧/罐頭(含滅菌軟袋),17.09.24,16.09.27,進口商：好侶股份有限公司
1232,22,2025,4,2025.04.18,花蓮縣動植物防疫所,250418DU003-01,CIAO全魚宴餐包(鮪魚+鰹魚+魷魚)[OP004]，產品貨號/批號：2026.2，產品類型：零食(含潔牙骨)，產地：泰國,貓,零食(含潔牙骨),,2026.2,進口商:強普股份有限公司
1232,23,2025,4,2025.04.18,花蓮縣動植物防疫所,250418DU003-02,慧心機能犬罐-鮮雞蟹棒佐海苔口味[OP005]，產品貨號/批號：2024.10.19，產品類型：濕糧/罐頭(含滅菌軟袋)，產地：泰國,狗,濕糧/罐頭(含滅菌軟袋),19.10.24,18.10.27,進口商：好侶股份有限公司
1232,24,2025,4,2025.04.21,宜蘭縣動植物防疫所,250421DU001-01,OzBone卡賀家犬零食-香烤鮭魚雞肉片160g[BP003]，產品貨號/批號：2025.11.27，產品類型：零食(含潔牙骨)，產地：台灣,狗,零食(含潔牙骨),,2025.11.27,東森寵物雲股份有限公司
1232,25,2025,4,2025.04.21,宜蘭縣動植物防疫所,250421DU001-02,小犬威利 鮭魚粉40g[BP004]，產品貨號/批號：2026.06.29，產品類型：零食(含潔牙骨)，產地：台灣,狗貓,零食(含潔牙骨),2024.12.30,2026.06.29,威饌股份有限公司
1232,26,2025,4,2025.04.21,宜蘭縣動植物防疫所,250421DU001-03,Main Course每客思全營養主食罐(白身鮪魚+吻仔魚)[BP005]，產品貨號/批號：2026.11.12，產品類型：濕糧/罐頭(含滅菌軟袋)，產地：泰國,貓,濕糧/罐頭(含滅菌軟袋),2023.11.13,2026.11.12,台灣惜時有限公司
1232,27,2025,4,2025.04.21,新竹市動物保護及防疫所,250421DU002-01,香榭深海鮭魚+梨子[RP004]，產品貨號/批號：06.05.2027，產品類型：濕糧/罐頭(含滅菌軟袋)，產地：波蘭,狗,濕糧/罐頭(含滅菌軟袋),,06.05.2027,進口商：品果國際行銷有限公司
1232,28,2025,4,2025.04.21,新竹市動物保護及防疫所,250421DU002-02,Brit咘莉/酥脆黑水虻狗養乾系列/薄荷+鮪魚[RP005]，產品貨號/批號：29.04.2025，產品類型：零食(含潔牙骨)，產地：捷克,狗,零食(含潔牙骨),,29.04.2025,進口商：展飛股份有限公司
1232,29,2025,4,2025.04.21,新竹市動物保護及防疫所,250421DU002-03,超越顛峰無穀犬罐(雞肉+鮭魚)[RP006]，產品貨號/批號：2028.02.04，產品類型：濕糧/罐頭(含滅菌軟袋)，產地：泰國,狗,濕糧/罐頭(含滅菌軟袋),2025.02.04,2028.02.04,進口商：王品寵物用品有限公司
1232,30,2025,4,2025.04.21,嘉義縣家畜疾病防治所,250421DU003-01,INABA魚盛大餐包(鮪魚+鮭魚+柴魚片)[JP003]，產品貨號/批號：2025.10，產品類型：濕糧/罐頭(含滅菌軟袋)，產地：泰國,貓,濕糧/罐頭(含滅菌軟袋),,2025.10,代理商：喬治兄弟企業股份有限公司
1232,31,2025,4,2025.04.21,嘉義縣家畜疾病防治所,250421DU003-02,Mr.Bar時光鮮廚超大貓罐(鮪魚+蟹肉風味)[JP004]，產品貨號/批號：20261128，產品類型：濕糧/罐頭(含滅菌軟袋)，產地：泰國,貓,濕糧/罐頭(含滅菌軟袋),20231128,20261128,進口商：樺隆有限公司
1232,32,2025,4,2025.04.21,嘉義縣家畜疾病防治所,250421DU003-03,貓大爺的銀帶鯡[JP005]，產品貨號/批號：2027.02.01，產品類型：零食(含潔牙骨)，產地：台灣,狗貓,零食(含潔牙骨),,2027.02.01,經思確有限公司
1232,33,2025,4,2025.04.24,桃園市政府動物保護處,250424DU001-01,Qmeat肉蓉主食罐(鮮味櫻花蝦)[CP009]，產品貨號/批號：2027.01.31，產品類型：濕糧/罐頭(含滅菌軟袋)，產地：台灣,貓,濕糧/罐頭(含滅菌軟袋),2024.02.01,2027.01.31,沅慶企業有限公司
1232,34,2025,4,2025.04.24,桃園市政府動物保護處,250424DU001-02,南極磷蝦大肉包 冰峰鮭魚排(狗狗餐包)[CP010]，產品貨號/批號：2026.06.05，產品類型：濕糧/罐頭(含滅菌軟袋)，產地：台灣,狗,濕糧/罐頭(含滅菌軟袋),,2026.06.05,金富錸國際寵物有限公司
1232,35,2025,4,2025.04.24,新竹縣動物保護防疫所,250424DU002-02,斯博康小型成犬鮮鮪活力配方[DP008]，產品貨號/批號：02.06.2026，產品類型：乾糧(含半濕性糧)，產地：泰國,狗,乾糧(含半濕性糧),02.12.2024,02.06.2026,進口商：台灣雀巢股份有限公司
1232,36,2025,4,2025.04.24,新竹縣動物保護防疫所,250424DU002-03,愛慕思健康優活成貓配方 鮪魚及鮭魚[DP009]，產品貨號/批號：250925，產品類型：乾糧(含半濕性糧)，產地：泰國,貓,乾糧(含半濕性糧),30424,250925,輸入商：台灣瑪氏股份有限公司
1232,37,2025,4,2025.04.24,新竹縣動物保護防疫所,250424DU002-01,多納活動犬狗乾糧 牛肉鮭魚口味[DP007]，產品貨號/批號：2026.04.20，產品類型：乾糧(含半濕性糧)，產地：台灣,狗,乾糧(含半濕性糧),2024.10.21,2026.04.20,寶榮開發企業股份有限公司
1232,38,2025,4,2025.04.24,臺北市動物保護處,250424DU003-01,無穀滋養白鮭魚食譜[VP007]，產品貨號/批號：SEP.28.2025，產品類型：乾糧(含半濕性糧)，產地：荷蘭,貓,乾糧(含半濕性糧),,SEP.28.2025,進口商：昱碩國際事業股份有限公司
1232,39,2025,4,2025.04.24,臺北市動物保護處,250424DU003-02,怪獸部落 無膠鮮肉煲-鮪魚片[VP008]，產品貨號/批號：2027.06.04，產品類型：濕糧/罐頭(含滅菌軟袋)，產地：泰國,狗貓,濕糧/罐頭(含滅菌軟袋),,2027.06.04,進口商：怪獸製造有限公司
1232,40,2025,4,2025.04.24,南投縣家畜疾病防治所,250424DU004-01,VOSTO深海鮪魚罐(純鮪魚)[HP003]，產品貨號/批號：2024.12.04，產品類型：濕糧/罐頭(含滅菌軟袋)，產地：泰國,貓,濕糧/罐頭(含滅菌軟袋),2024.12.04,2027.12.03,進口商：崧曜國際有限公司
1232,41,2025,4,2025.04.24,南投縣家畜疾病防治所,250424DU004-02,瑞威天然平衡 全齡犬糧 3號海洋魚貝 舒護膚敏[HP004]，產品貨號/批號：2026.09.11，產品類型：乾糧(含半濕性糧)，產地：台灣,狗,乾糧(含半濕性糧),2025.03.12,2026.09.11,瑞威動物科技股份有限公司
1232,42,2025,4,2025.04.24,南投縣家畜疾病防治所,250424DU004-03,韓國NATURAL CORE自然核心營養湯雙袋-鮭魚＆鮪魚40g*2入[HP005]，產品貨號/批號：2026.09.24，產品類型：濕糧/罐頭(含滅菌軟袋)，產地：泰國,貓,濕糧/罐頭(含滅菌軟袋),2024.09.25,2026.09.24,進口商：新寵兒寵物股份有限公司
1232,43,2025,4,2025.04.24,嘉義市政府,250424DU005-01,MOGGY妙奇貓罐-純鮪魚＆蟹肉[TP008]，產品貨號/批號：2027.07.20，產品類型：濕糧/罐頭(含滅菌軟袋)，產地：泰國,貓,濕糧/罐頭(含滅菌軟袋),2024.07.20,2027.07.20,進口商:雍立貿易股份有限公司
1232,44,2025,4,2025.04.24,嘉義市政府,250424DU005-02,維齊貓罐-鮪魚+雞肉+柴魚[TP009]，產品貨號/批號：2027.10.04，產品類型：濕糧/罐頭(含滅菌軟袋)，產地：泰國,貓,濕糧/罐頭(含滅菌軟袋),2024.10.05,2027.10.04,進口商:竣百有限公司
1232,45,2025,4,2025.04.24,嘉義市政府,250424DU005-03,靖特級貓罐-鮪魚+雞肉+鮭魚[TP010]，產品貨號/批號：2027.11.11，產品類型：濕糧/罐頭(含滅菌軟袋)，產地：泰國,貓,濕糧/罐頭(含滅菌軟袋),2024.11.12,2027.11.11,進口商:竣百有限公司
1232,46,2025,4,2025.04.24,臺東縣動物防疫所,250424DU006-01,瑞威肌能罐-鱈魚海瓜子[NP004]，產品貨號/批號：2027.12.24，產品類型：濕糧/罐頭(含滅菌軟袋)，產地：台灣,狗,濕糧/罐頭(含滅菌軟袋),2024.12.25,2027.12.24,瑞威動物科技股份有限公司
1232,47,2025,4,2025.04.24,臺東縣動物防疫所,250424DU006-02,毛研工事-鮮萃罐[NP005]，產品貨號/批號：2026.11.23，產品類型：濕糧/罐頭(含滅菌軟袋)，產地：台灣,貓,濕糧/罐頭(含滅菌軟袋),2023.11.24,2026.11.23,毛研工坊
1232,48,2025,4,2025.04.18,澎湖縣家畜疾病防治所,250418DU001-01,維爾滋天然無穀寵物糧 成貓食譜[PP001]，產品貨號/批號：2025.10.01，產品類型：乾糧(含半濕性糧)，產地：韓國,貓,乾糧(含半濕性糧),,2025.10.01,進口商：韋民企業股份有限公司
1232,49,2025,4,2025.04.18,澎湖縣家畜疾病防治所,250418DU001-02,強品貓罐-鮪魚+牛肉[PP002]，產品貨號/批號：24.08.03，產品類型：濕糧/罐頭(含滅菌軟袋)，產地：泰國,貓,濕糧/罐頭(含滅菌軟袋),24.08.03,27.08.02,進口商：竣百有限公司
1232,50,2025,4,2025.04.18,澎湖縣家畜疾病防治所,250418DU001-03,猋罐頭 牛肉[PP003]，產品貨號/批號：2027.10.15，產品類型：濕糧/罐頭(含滅菌軟袋)，產地：澳洲,狗,濕糧/罐頭(含滅菌軟袋),,2027.10.15,雍立貿易股份有限公司
1232,0,2025,5,2025/05/08,彰化縣動物防疫所,250508DU001-01,長紅貓罐-青花魚+鯷魚[GP012]，產品貨號/批號：2024.09.26，產品類型：濕糧/罐頭(含滅菌軟袋)，產地：泰國,貓,濕糧/罐頭(含滅菌軟袋),2024.09.26,2027.09.26,福壽實業股份有限公司
1232,1,2025,5,2025/05/08,彰化縣動物防疫所,250508DU001-02,加好寶狗罐-牛肉總匯口味400G[GP013]，產品貨號/批號：16.10.24，產品類型：濕糧/罐頭(含滅菌軟袋)，產地：泰國,狗,濕糧/罐頭(含滅菌軟袋),16.10.24,15.10.27,進口商：好侶股份有限公司
1232,2,2025,5,2025/05/08,彰化縣動物防疫所,250508DU001-03,偉嘉®什錦珍味 海鮮總匯及海藻湯汁口味四入裝 (70gx4)x20[GP014]，產品貨號/批號：22.07.24，產品類型：濕糧/罐頭(含滅菌軟袋)，產地：泰國,貓,濕糧/罐頭(含滅菌軟袋),22.07.24,22.07.26,輸入商：台灣瑪氏股份有限公司
1232,3,2025,5,2025/05/16,屏東縣政府,250516DU001-01,姆吉8海鮮饗宴貓肉泥-鮪魚龍蝦[MP013]，產品貨號/批號：2024.10.10/2026.10.10，產品類型：零食(含潔牙骨)，產地：泰國,貓,零食(含潔牙骨),2024.10.10,2026.10.10,聯誠寵物有限公司
1232,4,2025,5,2025/05/16,屏東縣政府,250516DU001-02,CatFeet 呼嚕愛乾淨葡萄糖胺化毛潔牙餅 鮪魚口味[MP014]，產品貨號/批號：2025.01.06/2027.01.06，產品類型：零食(含潔牙骨)，產地：泰國,貓,零食(含潔牙骨),2025.01.06,2027.01.06,台灣美期有限公司
1232,5,2025,5,2025/05/16,屏東縣政府,250516DU001-03,歐姆貓 乳酸菌鱈魚爆脆餅 袋裝[MP015]，產品貨號/批號：2024.10.04/2026.10.03，產品類型：零食(含潔牙骨)，產地：新加坡,貓,零食(含潔牙骨),2024.10.04,2026.10.03,台灣愛邦仕實業有限公司
1232,6,2025,5,2025/05/16,高雄市動物保護處,250516DU002-01,本牧 全齡貓無穀糧紐西蘭人道飼育雞250g[WP012]，產品貨號/批號：15 AUG 2024/15 APR 2026，產品類型：乾糧(含半濕性糧)，產地：紐西蘭,貓,乾糧(含半濕性糧),15-八月-2024,15-四月-2026,代理商：奧也股份有限公司
1232,7,2025,5,2025/05/16,高雄市動物保護處,250516DU002-02,偉嘉乾糧鮪魚(吞拿魚)總匯口味1.2kg[WP013]，產品貨號/批號：10.11.2024/04.05.2026，產品類型：乾糧(含半濕性糧)，產地：泰國,貓,乾糧(含半濕性糧),10.11.2024,04.05.2026,台灣瑪氏股份有限公司
1232,8,2025,5,2025/05/16,高雄市動物保護處,250516DU002-03,風味燒-小魚干[WP014]，產品貨號/批號：2024.12.15，產品類型：零食(含潔牙骨)，產地：越南,狗貓,零食(含潔牙骨),2024.12.15,1年,竣百有限公司
1232,9,2025,5,2025/05/16,高雄市動物保護處,250516DU002-04,唯潔牙刷型潔牙骨超值包XS[WP015]，產品貨號/批號：10.2027，產品類型：零食(含潔牙骨)，產地：荷蘭,狗,零食(含潔牙骨),,10.2027,進口商：逸寶國際股份有限公司
1232,10,2025,5,2025/05/23,新北市政府動物保護防疫處,250523DU001-01,CIAO全魚宴餐包-高齡貓系列(鮪魚+鰹魚)60g*3入[AP012]，產品貨號/批號：2025/11，產品類型：零食(含潔牙骨)，產地：泰國,貓,零食(含潔牙骨),,2025/11,代理商：強普股份有限公司
1232,11,2025,5,2025/05/23,新北市政府動物保護防疫處,250523DU001-02,摩卡喵Cat 主食慕斯杯 鮮嫩鮪魚+鮮美蟹肉(皮膚＆毛髮保健)[AP013]，產品貨號/批號：11.02.2027，產品類型：濕糧/罐頭(含滅菌軟袋)，產地：韓國,貓,濕糧/罐頭(含滅菌軟袋),,11.02.2027,原野國際行銷有限公司
1232,12,2025,5,2025/05/23,新北市政府動物保護防疫處,250523DU001-03,柏萊富 極鮮無穀低敏挑嘴配方(鮭魚+豌豆)[AP014]，產品貨號/批號：07.FEB.2026，產品類型：乾糧(含半濕性糧)，產地：美國,狗,乾糧(含半濕性糧),,07.FEB.2026,柏希菲克股份有限公司
1232,13,2025,5,2025/05/23,雲林縣動植物防疫所,250523DU002-01,葛莉思犬罐 雞肉口味[IP004]，產品貨號/批號：24.03.11/27.03.10，產品類型：濕糧/罐頭(含滅菌軟袋)，產地：泰國,狗,濕糧/罐頭(含滅菌軟袋),24.03.11,27.03.10,福壽實業股份有限公司
1232,14,2025,5,2025/05/23,雲林縣動植物防疫所,250523DU002-02,加好寶狗餅乾-關節保健配方[IP005]，產品貨號/批號：29.11.2024/28.05.2026，產品類型：乾糧(含半濕性糧)，產地：泰國,狗,乾糧(含半濕性糧),29.11.2024,28.05.2026,進口商:好侶股份有限公司
1232,15,2025,5,2025/05/23,雲林縣動植物防疫所,250523DU002-03,時光鮮廚愛貓餐罐-鮪魚+牛肉170g[IP006]，產品貨號/批號：2024.01.08/2027.01.08，產品類型：濕糧/罐頭(含滅菌軟袋)，產地：泰國,貓,濕糧/罐頭(含滅菌軟袋),2024.01.08,2027.01.08,樺隆有限公司
1232,16,2025,5,2025/05/26,臺北市動物保護處,250526DU001-01,妙喵13號片狀-鮪.刎仔[VP009]，產品貨號/批號：2027.4.1，產品類型：濕糧/罐頭(含滅菌軟袋)，產地：日本,貓,濕糧/罐頭(含滅菌軟袋),,2027.4.1,進口商：東盈實業股份有限公司
1232,17,2025,5,2025/05/26,臺北市動物保護處,250526DU001-02,天然密碼無穀羊肉和鯡魚 全齡犬配方[VP010]，產品貨號/批號：23.JUN.26，產品類型：乾糧(含半濕性糧)，產地：美國,狗,乾糧(含半濕性糧),2024.12.23,23.JUN.26,進口商：廣湛有限公司
1232,18,2025,5,2025/05/26,臺北市動物保護處,250526DU001-03,倍力康小狗罐160g 嫩雞肉＆牛肉[VP011]，產品貨號/批號：2027.12.13，產品類型：濕糧/罐頭(含滅菌軟袋)，產地：泰國,狗,濕糧/罐頭(含滅菌軟袋),2024.12.14,2027.12.13,進口商：雄騰國際有限公司
1232,19,2025,5,2025/05/26,新竹市動物保護及防疫所,250526DU002-01,Main Course每客思全營養主食罐(雞肉+牛肉)[RP007]，產品貨號/批號：2027.11.10，產品類型：濕糧/罐頭(含滅菌軟袋)，產地：泰國,貓,濕糧/罐頭(含滅菌軟袋),2024.11.11,2027.11.10,進口商：台灣惜時有限公司
1232,20,2025,5,2025/05/26,新竹市動物保護及防疫所,250526DU002-02,曙光無穀滋養火雞肉食譜[RP008]，產品貨號/批號：JAN.10.2026，產品類型：乾糧(含半濕性糧)，產地：荷蘭,狗,乾糧(含半濕性糧),,JAN.10.2026,昱碩國際事業股份有限公司
1232,21,2025,5,2025/05/26,新竹市動物保護及防疫所,250526DU002-03,Black Hawk優選無穀雞肉主食罐[RP009]，產品貨號/批號：2027.03.28，產品類型：濕糧/罐頭(含滅菌軟袋)，產地：澳洲,狗,濕糧/罐頭(含滅菌軟袋),,2027.03.28,進口商：四季全球貿易股份有限公司
1232,22,2025,5,2025/05/28,桃園市政府動物保護處,250528DU001-01,Bistro Cat特級銀貓健康大罐(白身鮪魚+蟹肉)[CP011]，產品貨號/批號：2028.01.21，產品類型：濕糧/罐頭(含滅菌軟袋)，產地：泰國,貓,濕糧/罐頭(含滅菌軟袋),2025.01.22,2028.01.21,進口商：台灣惜時有限公司
1232,23,2025,5,2025/05/28,桃園市政府動物保護處,250528DU001-02,SEEDS貓餐罐(鮪魚+小魚干)[CP012]，產品貨號/批號：2027.12.24，產品類型：濕糧/罐頭(含滅菌軟袋)，產地：泰國,貓,濕糧/罐頭(含滅菌軟袋),2024.12.25,2027.12.24,進口商：台灣惜時有限公司
1232,24,2025,5,2025.03.13,臺中市動物保護防疫處,250313DU001-01,GEMON義大利啟蒙主食狗罐-牛肉+肝[SP004]，產品貨號/批號：2024.09.11/2028.09.11，產品類型：濕糧/罐頭(含滅菌軟袋)，產地：義大利,狗,濕糧/罐頭(含滅菌軟袋),2024.09.11,2028.09.11,進口商：品果國際行銷有限公司
1232,25,2025,5,2025.03.13,臺中市動物保護防疫處,250313DU001-02,Boneplus 超美味小饅頭-美味草莓[SP005]，產品貨號/批號：2024.12.04/2026.12.03，產品類型：零食(含潔牙骨)，產地：新加坡,狗貓,零食(含潔牙骨),2024.12.04,2026.12.03,進口商：台灣愛邦仕實業有限公司
1232,26,2025,5,2025.03.13,臺中市動物保護防疫處,250313DU001-03,PETLINE 極品湯罐-Z15雞肉[SP006]，產品貨號/批號：2023.09.14/2026.09.14，產品類型：濕糧/罐頭(含滅菌軟袋)，產地：泰國,貓,濕糧/罐頭(含滅菌軟袋),23.09.14,26.09.14,進口商：溥誠實業有限公司
1232,27,2025,5,2025.03.13,臺中市動物保護防疫處,250313DU001-04,天然密碼-低敏雞肉-全齡貓配方[SP007]，產品貨號/批號：2024.04.12/2025.10.12，產品類型：乾糧(含半濕性糧)，產地：美國,貓,乾糧(含半濕性糧),2024.04.12,12.OCT.25,進口商：廣湛有限公司
1232,28,2025,5,2025.03.13,臺中市動物保護防疫處,250313DU001-05,凱茲經典美食家 羔羊+馬肉 貓用主食罐[SP008]，產品貨號/批號：2027.10.16，產品類型：濕糧/罐頭(含滅菌軟袋)，產地：德國,貓,濕糧/罐頭(含滅菌軟袋),,2027.10.16,進口商：瀚揚國際企業有限公司
1232,29,2025,5,2025.05.02,臺南市動物防疫保護處,250502DU001-01,GOMO PET FOOD膠原秘製海陸鮮80g[UP009]，產品貨號/批號：2023.05.19，產品類型：濕糧/罐頭(含滅菌軟袋)，產地：台灣,貓,濕糧/罐頭(含滅菌軟袋),2023.05.19,2026.05.18,大成集團 毛能寵物營養生計股份有限公司
1232,30,2025,5,2025.05.02,臺南市動物防疫保護處,250502DU001-02,GOMO PET FOOD膠原奶魚觀五鮮80g[UP010]，產品貨號/批號：2023.05.22，產品類型：濕糧/罐頭(含滅菌軟袋)，產地：台灣,貓,濕糧/罐頭(含滅菌軟袋),2023.05.22,2026.05.21,大成集團 毛能寵物營養生計股份有限公司
1232,0,2025,6,2025.06.04,臺中市動物保護防疫處,250604DU001-01,極光 全齡犬無穀羊肉(低脂)[SP016]，產品貨號/批號：APR.14.2026，產品類型：乾糧(含半濕性糧)，產地：加拿大,狗,乾糧(含半濕性糧),,APR.14.2026,邁迪飛貿易有限公司
1232,1,2025,6,2025.06.06,桃園市政府動物保護處,250606DU001-01,猋-小牛肉[CP013]，產品貨號/批號：20261022，產品類型：濕糧/罐頭(含滅菌軟袋)，產地：紐西蘭,狗,濕糧/罐頭(含滅菌軟袋),,20261022,雍利貿易股份有限公司
1232,2,2025,6,2025.06.12,南投縣家畜疾病防治所,250612DU001-01,北歐餐盒鱈魚雞肉[HP006]，產品貨號/批號：06.2026，產品類型：濕糧/罐頭(含滅菌軟袋)，產地：冰島,狗,濕糧/罐頭(含滅菌軟袋),,01-六月-2026,王品寵物用品有限公司
1232,3,2025,6,2025.06.12,南投縣家畜疾病防治所,250612DU001-02,頂級無穀全齡犬軟飼料 羊肉＆雞肉[HP007]，產品貨號/批號：2026.07.06，產品類型：乾糧(含半濕性糧)，產地：韓國,狗,乾糧(含半濕性糧),,2026.07.06,品果國際行銷有限公司
1232,4,2025,6,2025.06.12,嘉義縣家畜疾病防治所,250612DU002-01,海特嫩雞肉片[JP006]，產品貨號/批號：2026.05.29，產品類型：零食(含潔牙骨)，產地：泰國,狗,零食(含潔牙骨),,2026.05.29,韋民企業股份有限公司
1232,5,2025,6,2025.06.12,嘉義縣家畜疾病防治所,250612DU002-02,紐西蘭犬貓專用鮮乳[JP007]，產品貨號/批號：2024.10.21/2025.10.21，產品類型：補助食品，產地：紐西蘭,狗貓,補助食品,2024.10.21,2025.10.21,嵩颺有限公司
1232,6,2025,6,2025.06.17,新北市政府動物保護防疫處,250617DU001-01,嘿囉幼犬雞肉350g[AP015]，產品貨號/批號：2026.5.26，產品類型：乾糧(含半濕性糧)，產地：美國,狗,乾糧(含半濕性糧),,26.05.2026,盛貿寵物股份有限公司
1232,7,2025,6,2025.06.17,新北市政府動物保護防疫處,250617DU001-02,蘿菲特養生湯罐(雞肉、鮪魚)[AP016]，產品貨號/批號：2024.05.30，產品類型：濕糧/罐頭(含滅菌軟袋)，產地：泰國,貓,濕糧/罐頭(含滅菌軟袋),2024.05.30,2027.05.30,季峰國際貿易有限公司
1232,8,2025,6,2025.06.17,新北市政府動物保護防疫處,250617DU001-03,燒肉工房 香濃鮮美雞風味[AP017]，產品貨號/批號：2026.01.07，產品類型：零食(含潔牙骨)，產地：泰國,狗,零食(含潔牙骨),,2026.01.07,艾澌克企業股份有限公司
1232,9,2025,6,2025.06.19,基隆市動物保護防疫所,250619DU001-01,迷幻1號 多汁雞肉+胡蘿蔔+貓草 貓咪主食罐[QP007]，產品貨號/批號：22.11.2026，產品類型：濕糧/罐頭(含滅菌軟袋)，產地：德國,貓,濕糧/罐頭(含滅菌軟袋),,22.11.2026,壹士達寵物有限公司
1232,10,2025,6,2025.06.19,基隆市動物保護防疫所,250619DU001-02,瑪恩吉MONO蔬果羊肉+藍莓 無穀主食犬餐盒[QP008]，產品貨號/批號：30.01.2025/30.01.2029，產品類型：濕糧/罐頭(含滅菌軟袋)，產地：義大利,狗,濕糧/罐頭(含滅菌軟袋),30.01.2025,30.01.2029,柏希菲克股份有限公司
1232,11,2025,6,2025.06.19,基隆市動物保護防疫所,250619DU001-03,沛滋露犬用甜薯起司雞肉點心100克[QP009]，產品貨號/批號：2025.08.15，產品類型：零食(含潔牙骨)，產地：日本,狗,零食(含潔牙骨),,2025.08.15,宸瑋興業有限公司
1232,12,2025,6,2025.06.19,宜蘭縣動植物防疫所,250619DU002-01,CIAO全魚宴餐包(鮪魚+鰹魚+吻仔魚)60g*3入[BP006]，產品貨號/批號：2025.11，產品類型：零食(含潔牙骨)，產地：泰國,貓,零食(含潔牙骨),,2025.11,強普股份有限公司
1232,13,2025,6,2025.06.19,宜蘭縣動植物防疫所,250619DU002-02,加好寶狗餅乾 關節保健配方300g[BP007]，產品貨號/批號：14.05.2026，產品類型：零食(含潔牙骨)，產地：泰國,狗,零食(含潔牙骨),15.11.2024,14.05.2026,好侶股份有限公司
1232,14,2025,6,2025.06.23,臺北市動物保護處,250623DU001-01,離乳貓與母貓主食濕糧BC34W[VP012]，產品貨號/批號：04.09.2026，產品類型：濕糧/罐頭(含滅菌軟袋)，產地：奧地利,貓,濕糧/罐頭(含滅菌軟袋),,04.09.2026,台灣皇家寵物食品有限公司
1232,15,2025,6,2025.06.23,臺北市動物保護處,250623DU001-02,德國柏肯特主食鮮肉包(犬用)鹿肉[VP013]，產品貨號/批號：18.10.2027，產品類型：濕糧/罐頭(含滅菌軟袋)，產地：德國,狗,濕糧/罐頭(含滅菌軟袋),,18.10.2027,麥可貿易有限公司
1232,16,2025,6,2025.06.23,臺北市動物保護處,250623DU001-03,法米納獸醫天然處方主食罐犬用腎臟配方[VP014]，產品貨號/批號：SEP.2027，產品類型：濕糧/罐頭(含滅菌軟袋)，產地：塞爾維亞,狗,濕糧/罐頭(含滅菌軟袋),,SEP.2027,聯信寵物有限公司
1232,17,2025,6,2025.06.27,臺南市動物防疫保護處,250627DU001-01,邦比-貓餐罐 白身鮪魚+雞肉(湯罐)[UP011]，產品貨號/批號：2028.05.12，產品類型：濕糧/罐頭(含滅菌軟袋)，產地：泰國,貓,濕糧/罐頭(含滅菌軟袋),2025.05.13,2028.05.12,全慶寵物用品有限公司
1232,18,2025,6,2025.06.27,臺南市動物防疫保護處,250627DU001-02,邦比-貓餐罐 白身鮪魚+吻仔魚(湯罐)[UP012]，產品貨號/批號：2028.05.09，產品類型：濕糧/罐頭(含滅菌軟袋)，產地：泰國,貓,濕糧/罐頭(含滅菌軟袋),2025.05.10,2028.05.09,全慶寵物用品有限公司
1232,19,2025,6,2025.06.27,臺南市動物防疫保護處,250627DU001-03,邦比-貓餐罐 白身鮪魚+鮭魚(湯罐)[UP013]，產品貨號/批號：2027.07.05，產品類型：濕糧/罐頭(含滅菌軟袋)，產地：泰國,貓,濕糧/罐頭(含滅菌軟袋),2024.07.05,2027.07.05,全慶寵物用品有限公司
1232,20,2025,6,2025.06.30,連江縣政府,250630DU001-01,野性魅力CHARM羊肉鮭魚配方犬[XP001]，產品貨號/批號：2026.10.08，產品類型：乾糧(含半濕性糧)，產地：加拿大,狗,乾糧(含半濕性糧),,2026.10.08,加拿大野性魅力有限公司
1232,21,2025,6,2025.06.30,連江縣政府,250630DU001-02,偉嘉Whiskas化毛配方 鮪魚(吞拿魚)及雞肉口味[XP002]，產品貨號/批號：02.08.2026，產品類型：乾糧(含半濕性糧)，產地：泰國,貓,乾糧(含半濕性糧),08.02.2025,02.08.2026,台灣瑪氏股份有限公司
1232,22,2025,6,2025.06.17,屏東縣政府,250617DU002-01,飛萃凍乾豬鼻子[MP016]，產品貨號/批號：17.03.2027，產品類型：零食(含潔牙骨)，產地：澳洲,狗貓,零食(含潔牙骨),,17.03.2027,沛菲有限公司
1232,0,2025,7,2025.07.11,彰化縣動物防疫所,250711DU001-01,嚼醒樂活BL-01雞胸肉片[GP015]，產品貨號/批號：2025.05.25，產品類型：零食(含潔牙骨)，產地：台灣,狗貓,零食(含潔牙骨),2025.05.25,2026.11.25,金牌寵物用品社
1232,1,2025,7,2025.07.11,彰化縣動物防疫所,250711DU001-02,夯鲜BCL-06嫩牛柳條[GP016]，產品貨號/批號：2025.06.01，產品類型：零食(含潔牙骨)，產地：台灣,狗貓,零食(含潔牙骨),2025.06.01,2026.12.01,金牌寵物用品社
1232,2,2025,7,2025.07.11,彰化縣動物防疫所,250711DU001-03,3004B雞腿肉捲[GP017]，產品貨號/批號：2025.05.05，產品類型：零食(含潔牙骨)，產地：台灣,狗,零食(含潔牙骨),2025.05.05,2026.11.04,宏寶國際企業有限公司
1232,3,2025,7,2025.07.11,彰化縣動物防疫所,250711DU001-04,9001超軟雞肉乾[GP018]，產品貨號/批號：2025.05.05，產品類型：零食(含潔牙骨)，產地：台灣,狗,零食(含潔牙骨),2025.05.05,2026.11.04,宏寶國際企業有限公司
1232,4,2025,7,2025.07.11,彰化縣動物防疫所,250711DU001-05,818雞肉條[GP019]，產品貨號/批號：2025.05.05，產品類型：零食(含潔牙骨)，產地：台灣,狗,零食(含潔牙骨),2025.05.05,2026.11.04,宏寶國際企業有限公司
1232,5,2025,7,2025.07.11,臺中市動物保護防疫處,250711DU002-01,多特機能犬食羊肉配方[SP017]，產品貨號/批號：2026.02.23，產品類型：乾糧(含半濕性糧)，產地：台灣,狗,乾糧(含半濕性糧),-,2026.02.23,伸達事業有限公司
1232,6,2025,7,2025.07.11,臺中市動物保護防疫處,250711DU002-02,派庫廚房 機能饗宴貓主食罐鰻魚雞肉配方[SP018]，產品貨號/批號：2024.05.13/2027.05.12，產品類型：濕糧/罐頭(含滅菌軟袋))，產地：台灣,貓,濕糧/罐頭(含滅菌軟袋),2024.05.13,2027.05.12,金派庫國際有限公司
1232,7,2025,7,2025.07.11,臺中市動物保護防疫處,250711DU002-03,派斯生活Petsup狗狗ㄍㄟ化骨鮮嫩雞腿[SP019]，產品貨號/批號：2025.04.28/2026.10.27，產品類型：零食(含潔牙骨)，產地：台灣,狗,零食(含潔牙骨),2025.04.28,2026.10.27,派優斯國際有限公司
1232,8,2025,7,2025.07.11,臺中市動物保護防疫處,250711DU002-04,艾思柏純肉犬罐-羊肉+雞肉[SP020]，產品貨號/批號：2024.07.16/2027.07.15，產品類型：濕糧/罐頭(含滅菌軟袋))，產地：台灣,狗,濕糧/罐頭(含滅菌軟袋),2024.07.16,2027.07.15,福壽實業股份有限公司
1232,9,2025,7,2025.07.11,臺中市動物保護防疫處,250711DU002-05,艾思柏純肉犬罐-牛肉+紅蘿蔔[SP021]，產品貨號/批號：2025.02.02/2028.02.01，產品類型：濕糧/罐頭(含滅菌軟袋)，產地：台灣,狗,濕糧/罐頭(含滅菌軟袋),2025.02.02,2028.02.01,福壽實業股份有限公司
1232,10,2025,7,2025.07.18,嘉義縣家畜疾病防治所,250718DU001-01,動物造型餅/起司+養樂多[JP008]，產品貨號/批號：2026.11.15，產品類型：零食(含潔牙骨)，產地：台灣,狗,零食(含潔牙骨),-,2026.11.15,寵物百事達
1232,11,2025,7,2025.07.18,嘉義縣家畜疾病防治所,250718DU001-02,旺得福-原味牛肉(狗罐頭)[JP009]，產品貨號/批號：2025.03.02/2028.03.01，產品類型：濕糧/罐頭(含滅菌軟袋)，產地：台灣,狗,濕糧/罐頭(含滅菌軟袋),2025.03.02,2028.03.01,柏揚貿易有限公司
1232,12,2025,7,2025.07.18,嘉義縣家畜疾病防治所,250718DU001-03,金威寶美味狗罐[JP010]，產品貨號/批號：2024.02.16/2027.02.15，產品類型：濕糧/罐頭(含滅菌軟袋)，產地：台灣,狗,濕糧/罐頭(含滅菌軟袋),2024.02.16,2027.02.15,優豪寵物用品有限公司
1232,13,2025,7,2025.07.18,嘉義縣家畜疾病防治所,250718DU001-04,愛美力健康寵物食品(鮭魚+鰹魚+蔓越莓-化毛挑嘴泌尿保健配方)[JP011]，產品貨號/批號：2025.06.16/2026.12.15，產品類型：乾糧(含半濕性糧)，產地：台灣,貓,乾糧(含半濕性糧),2025.06.16,2026.12.15,柏揚貿易有限公司
1232,14,2025,7,2025.07.18,嘉義縣家畜疾病防治所,250718DU001-05,CAT ONE 日式化毛護眼配方-鮭魚+鰹魚+雞肉[JP012]，產品貨號/批號：2025.05.22/2026.11.21，產品類型：乾糧(含半濕性糧)，產地：台灣,貓,乾糧(含半濕性糧),2025.05.22,2026.11.21,富崴飼料有限公司
1232,15,2025,7,2025.07.21,新北市政府動物保護防疫處,250721DU001-01,卵護罩-腸道養護[AP018]，產品貨號/批號：2028.07.01，產品類型：補助食品，產地：台灣,貓,補助食品,2025.07.02,2028.07.01,亞太動物生技有限公司
1232,16,2025,7,2025.07.21,新北市政府動物保護防疫處,250721DU001-02,香犬寶Plus+O/R[AP019]，產品貨號/批號：2028.02.05，產品類型：補助食品，產地：台灣,狗貓,補助食品,2025.02.06,2028.02.05,亞太動物生技有限公司
1232,17,2025,7,2025.07.21,新北市政府動物保護防疫處,250721DU001-03,雞肉片 大包裝超值組U1-5[AP020]，產品貨號/批號：2027.01.14，產品類型：零食(含潔牙骨)，產地：台灣,狗,零食(含潔牙骨),2025.07.15,2027.01.14,冠閎實業有限公司
1232,18,2025,7,2025.07.21,新北市政府動物保護防疫處,250721DU001-04,雞肉捲 大包裝超值組U3-5[AP021]，產品貨號/批號：2027.01.14，產品類型：零食(含潔牙骨)，產地：台灣,狗,零食(含潔牙骨),2025.07.15,2027.01.14,冠閎實業有限公司
1232,19,2025,7,2025.07.21,新北市政府動物保護防疫處,250721DU001-05,雞胗 大包裝超值組U4-5[AP022]，產品貨號/批號：2027.01.14，產品類型：零食(含潔牙骨)，產地：台灣,狗,零食(含潔牙骨),2025.07.15,2027.01.14,冠閎實業有限公司
1232,20,2025,7,2025.07.22,宜蘭縣動植物防疫所,250722DU001-01,小叼饞-貓御用凍乾原食｜柳葉魚(袋)[BP008]，產品貨號/批號：2027.07.06，產品類型：零食(含潔牙骨)，產地：台灣,貓,零食(含潔牙骨),2025.07.07,2027.07.06,螢火蟲原創有限公司
1232,21,2025,7,2025.07.22,宜蘭縣動植物防疫所,250722DU001-02,Mr.凍乾 貓用天然原肉凍乾(160g)-雞肉[BP009]，產品貨號/批號：2027.07.06，產品類型：零食(含潔牙骨)，產地：台灣,貓,零食(含潔牙骨),2025.07.07,2027.07.06,八犬國際行銷有限公司
1232,22,2025,7,2025.07.22,宜蘭縣動植物防疫所,250722DU001-03,東方精選優質全貓-海鮮干貝(亮毛挑嘴)-113年[BP010]，產品貨號/批號：2026.10.25 S15，產品類型：乾糧(含半濕性糧)，產地：台灣,貓,乾糧(含半濕性糧),26.04.2025,25.10.2026,斑尼菲國際有限公司
1232,23,2025,7,2025.07.22,宜蘭縣動植物防疫所,250722DU001-04,BEST倍思特 頂級養生狗罐(牛肉+馬鈴薯)[BP011]，產品貨號/批號：2028.02.01，產品類型：濕糧/罐頭(含滅菌軟袋)，產地：台灣,狗,濕糧/罐頭(含滅菌軟袋),2025.02.02,2028.02.01,貓狗甜心數位科技有限公司
1232,24,2025,7,2025.07.22,宜蘭縣動植物防疫所,250722DU001-05,倍力康 美味極品大狗罐 羊肉[BP012]，產品貨號/批號：2027.06.01，產品類型：濕糧/罐頭(含滅菌軟袋)，產地：台灣,狗,濕糧/罐頭(含滅菌軟袋),2024.06.02,2027.06.01,雄騰國際有限公司
1232,25,2025,7,2025.07.31,桃園市政府動物保護處,250731DU001-01,汪喵星球 貓用98%無膠鮮肉主食罐-草飼牛肉餐[CP017]，產品貨號/批號：2028.06.20，產品類型：濕糧/罐頭(含滅菌軟袋)，產地：台灣,貓,濕糧/罐頭(含滅菌軟袋),2025.06.21,2028.06.20,自力耕生股份有限公司
1232,26,2025,7,2025.07.31,桃園市政府動物保護處,250731DU001-02,怪獸部落 寶寶無膠主食罐-幼貓咕咕雞[CP018]，產品貨號/批號：2028.06.23，產品類型：濕糧/罐頭(含滅菌軟袋)，產地：台灣,貓,濕糧/罐頭(含滅菌軟袋),2025.06.24,2028.06.23,怪獸製造有限公司
1232,27,2025,7,2025.07.31,桃園市政府動物保護處,250731DU001-03,汪喵星球 無膠純肉泥[CP019]，產品貨號/批號：2027.01.23，產品類型：零食(含潔牙骨)，產地：台灣,狗貓,零食(含潔牙骨),-,2027.01.23,自力耕生股份有限公司
1232,28,2025,7,2025.07.31,桃園市政府動物保護處,250731DU001-04,怪獸部落 98%鮮肉主食糧[CP020]，產品貨號/批號：2026.06.13，產品類型：乾糧(含半濕性糧)，產地：台灣,貓,乾糧(含半濕性糧),-,2026.06.13,怪獸製造有限公司
1232,29,2025,7,2025.07.31,桃園市政府動物保護處,250731DU001-05,汪喵冷凍乾燥小零嘴雞胸肉[CP021]，產品貨號/批號：2027.02.08，產品類型：零食(含潔牙骨)，產地：台灣,狗貓,零食(含潔牙骨),-,2027.02.08,自力耕生股份有限公司
1232,30,2025,7,2025.07.01,新竹縣動物保護防疫所,250701DU001-01,自然主義草本美毛貓糧(雞肉鮭魚+百合根)[DP010]，產品貨號/批號：04.06.2026，產品類型：乾糧(含半濕性糧)，產地：荷蘭,貓,乾糧(含半濕性糧),04.06.2024,04.06.2026,東森寵物雲股份有限公司
1232,31,2025,7,2025.07.01,新竹縣動物保護防疫所,250701DU001-02,新萃NS小型犬機能系列 心臟保健配方(雞肉)[DP011]，產品貨號/批號：05.20.2026，產品類型：乾糧(含半濕性糧)，產地：美國,狗,乾糧(含半濕性糧),-,05.20.2026,艾澌克企業股份有限公司
1232,32,2025,7,2025.07.01,桃園市政府動物保護處,250701DU002-01,舒芙狗蜂王乳營養罐 牛肉雞肉[CP014]，產品貨號/批號：2027.09.20，產品類型：濕糧/罐頭(含滅菌軟袋)，產地：泰國,狗,濕糧/罐頭(含滅菌軟袋),2024.09.20,2027.09.20,台灣愛邦仕實業有限公司
1232,33,2025,7,2025.07.01,桃園市政府動物保護處,250701DU002-02,瑪恩吉倍愛滿滿蔬果 鴨肉+橘子主食犬餐盒[CP015]，產品貨號/批號：02.09.2028，產品類型：濕糧/罐頭(含滅菌軟袋)，產地：義大利,狗,濕糧/罐頭(含滅菌軟袋),02.09.2024,02.09.2028,柏希菲克股份有限公司
1232,34,2025,7,2025.07.01,桃園市政府動物保護處,250701DU002-03,紗餐盒日本博多放牧雞六種穀物野菜成分[CP016]，產品貨號/批號：2027.01，產品類型：濕糧/罐頭(含滅菌軟袋)，產地：日本,狗,濕糧/罐頭(含滅菌軟袋),-,2027.01,台灣多格漫商貿股份有限公司
1232,35,2025,7,2025/05/05,臺北市動物保護處,11405CO001,AUREO for PET (6ml*30BAGS),狗貓,補充品,-,2027.01.07,日商奧力有限公司台灣分公司
1232,36,2025,7,2025/05/05,臺北市動物保護處,11405CO002,AUREO EF for PET (6ml*30BAGS),狗貓,補充品,-,2027.03.04,日商奧力有限公司台灣分公司
1232,37,2025,7,2025/05/05,臺北市動物保護處,11405CO003,LOVE for PET (DOG) (5ml*15BAGS),狗,補充品,-,2027.11.12,日商奧力有限公司台灣分公司
1232,38,2025,7,2025/05/05,臺北市動物保護處,11405CO004,LOVE for PET (CAT) (5ml*15BAGS),貓,補充品,-,2027.11.12,日商奧力有限公司台灣分公司
1232,39,2025,7,2025/05/05,臺北市動物保護處,11405CO005,LOVE for PET (5ml 散裝),狗貓,補充品,-,2028.01.31,日商奧力有限公司台灣分公司
1232,40,2025,7,2025/07/01,基隆市動物保護防疫所,11407CO001,金缶特選濃厚6號-鮪.雞.蟹棒,貓,罐頭,-,2027.05.01,東盈實業股份有限公司
1232,41,2025,7,2025/07/01,基隆市動物保護防疫所,11407CO002,CP-806 【貓姬】成貓肉泥杯- 雞肉、鮪魚、鰹魚片,貓,罐頭,-,2026.08.26,聯享寵物貿易有限公司
1232,42,2025,7,2025/07/01,基隆市動物保護防疫所,11407CO003,樂妙喵2號-鮪.雞胸,貓,罐頭,-,2028.01.01,東盈實業股份有限公司
1232,43,2025,7,2025/07/03,嘉義縣家畜疾病防治所,11407CO004,國王鮭無榖犬香草糧,狗,乾飼糧,-,15 NOV.2026,瀚翔寵物有限公司
1232,44,2025,7,2025/07/03,嘉義縣家畜疾病防治所,11407CO005,放牧草飼牛成犬無榖糧,狗,乾飼糧,-,11 APR.2026,奧也股份有限公司
1232,45,2025,7,2025/07/03,嘉義縣家畜疾病防治所,11407CO006,愛肯拿田園收穫貓(雞肉.火雞肉.藍莓),貓,乾飼糧,-,30/07/2026,豪翼行銷有限公司
1232,46,2025,7,2025/06/30,苗栗縣動物保護防疫所,11407CO007,長崎小魚乾,狗貓,零食,-,2026.08.01,雍立貿易股份有限公司
1232,47,2025,7,2025/06/30,苗栗縣動物保護防疫所,11407CO008,骰子魚肉風味雞肉塊,狗,零食,-,2025.12.AG,台灣多格漫商貿股份有限公司
1232,48,2025,7,2025/06/30,苗栗縣動物保護防疫所,11407CO009,沛滋露 犬貓用角切起司塊,狗貓,零食,-,2026.10.01,宸瑋興業有限公司
1232,49,2025,7,2025/06/30,苗栗縣動物保護防疫所,11407CO010,威隆獸醫配方 化毛膏-解憂貓草,貓,補助食品,-,2027.03,國歡企業有限公司
1232,0,2025,8,2025.08.08,臺南市動物防疫保護處,250808DU001-01,寶多福-健康機能系列 護膚亮毛配方(全齡貓)600g[UP014]，產品貨號/批號：2025.05.15，產品類型：乾糧(含半濕性糧)，產地：台灣,貓,乾糧(含半濕性糧),2025.05.15,2026.05.14,統一企業股份有限公司
1232,1,2025,8,2025.08.08,臺南市動物防疫保護處,250808DU001-02,Petlife機能優穀糧-營養化毛配方(全齡貓)1.8kg[UP015]，產品貨號/批號：2025.05.06，產品類型：乾糧(含半濕性糧)，產地：台灣,貓,乾糧(含半濕性糧),2025.05.06,2026.05.05,統一企業股份有限公司
1232,2,2025,8,2025.08.08,臺南市動物防疫保護處,250808DU001-03,Petlife雙饗鮮糧餐-豐潤鱈魚+蘋果鮪魚鮮食蓋飯組合餐(全齡貓)[UP016]，產品貨號/批號：2025.04.18，產品類型：乾糧(含半濕性糧)+濕糧/罐頭(含滅菌軟袋)，產地：台灣,貓,乾糧(含半濕性糧),2025.04.18,2026.04.17,統一企業股份有限公司
1232,3,2025,8,2025.08.08,臺南市動物防疫保護處,250808DU001-04,毛爪村紓壓罐-貓薄荷南瓜雞(肉泥)80g[UP017]，產品貨號/批號：2027.11.26，產品類型：濕糧/罐頭(含滅菌軟袋)，產地：台灣,貓,濕糧/罐頭(含滅菌軟袋),2024.11.27,2027.11.26,萊諾亞國際有限公司
1232,4,2025,8,2025.08.08,臺南市動物防疫保護處,250808DU001-05,好味小姐1+1滴雞精貓肉泥主食罐-野味火雞81g[UP018]，產品貨號/批號：2028.06.20，產品類型：濕糧/罐頭(含滅菌軟袋)，產地：台灣,貓,濕糧/罐頭(含滅菌軟袋),2025.06.27,2028.06.20,短捲麻股份有限公司
1232,5,2025,8,2025.08.14,新北市政府動物保護防疫處,250814DU001-01,凍凍火雞[AP023]，產品貨號/批號：2025.07.22，產品類型：零食(含潔牙骨)，產地：台灣,狗,零食(含潔牙骨),2025.07.22,保存期限:12個月,炘語寵物食品有限公司/NIBO寵物手工零食坊
1232,6,2025,8,2025.08.14,新北市政府動物保護防疫處,250814DU001-02,小雞藍莓條[AP024]，產品貨號/批號：2025.07.22，產品類型：零食(含潔牙骨)，產地：台灣,狗,零食(含潔牙骨),2025.07.22,保存期限:8個月,炘語寵物食品有限公司/NIBO寵物手工零食坊
1232,7,2025,8,2025.08.14,新北市政府動物保護防疫處,250814DU001-03,小奶豆[AP025]，產品貨號/批號：2026.07.15，產品類型：零食(含潔牙骨)，產地：台灣,狗,零食(含潔牙骨),2025.07.15,2026.07.15,炘語寵物食品有限公司/NIBO寵物手工零食坊
1232,8,2025,8,2025.08.14,新北市政府動物保護防疫處,250814DU001-04,麻麻給一口[AP026]，產品貨號/批號：2025.07.22，產品類型：零食(含潔牙骨)，產地：台灣,狗,零食(含潔牙骨),2025.07.22,保存期限:12個月,炘語寵物食品有限公司/NIBO寵物手工零食坊
1232,9,2025,8,2025.08.14,新北市政府動物保護防疫處,250814DU001-05,雞肉乾了啦[AP027]，產品貨號/批號：2025.07.22，產品類型：零食(含潔牙骨)，產地：台灣,狗,零食(含潔牙骨),2025.07.22,保存期限:8個月,炘語寵物食品有限公司/NIBO寵物手工零食坊
1232,10,2025,8,2025.08.14,新北市政府動物保護防疫處,250814DU001-06,腿腿肉多多[AP028]，產品貨號/批號：2025.07.22，產品類型：零食(含潔牙骨)，產地：台灣,狗,零食(含潔牙骨),2025.07.22,保存期限:8個月,炘語寵物食品有限公司/NIBO寵物手工零食坊
1232,11,2025,8,2025.08.14,新北市政府動物保護防疫處,250814DU001-07,凍凍雞里肌[AP029]，產品貨號/批號：2025.07.22，產品類型：零食(含潔牙骨)，產地：台灣,狗,零食(含潔牙骨),2025.07.22,保存期限:12個月,炘語寵物食品有限公司/NIBO寵物手工零食坊
1232,12,2025,8,2025.08.14,新北市政府動物保護防疫處,250814DU001-08,米香雞肉球[AP030]，產品貨號/批號：2025.07.15，產品類型：零食(含潔牙骨)，產地：台灣,狗,零食(含潔牙骨),2025.07.15,保存期限:8個月,炘語寵物食品有限公司/NIBO寵物手工零食坊
1232,13,2025,8,2025.08.14,新北市政府動物保護防疫處,250814DU001-09,小雞南瓜條[AP031]，產品貨號/批號：2025.07.22，產品類型：零食(含潔牙骨)，產地：台灣,狗,零食(含潔牙骨),2025.07.22,保存期限:8個月,炘語寵物食品有限公司/NIBO寵物手工零食坊
1232,14,2025,8,2025.08.14,新北市政府動物保護防疫處,250814DU001-10,柏妮絲-5吋油壓骨裹肉(3入)[AP032]，產品貨號/批號：115.08.09，產品類型：零食(含潔牙骨)，產地：台灣,狗,零食(含潔牙骨),114.02.10,115.08.09,峰揚貿易有限公司
1232,15,2025,8,2025.08.18,高雄市動物保護處,250818DU001-01,小野雞 化骨雞腿[WP016]，產品貨號/批號：2027.01.28，產品類型：零食(含潔牙骨)，產地：台灣,狗貓,零食(含潔牙骨),,2027.01.28,旺宏寵物用品有限公司
1232,16,2025,8,2025.08.18,高雄市動物保護處,250818DU001-02,經典蜜香雞肉切條[WP017]，產品貨號/批號：20250807/20270206，產品類型：零食(含潔牙骨)，產地：台灣,狗,零食(含潔牙骨),2025.08.07,2027.02.06,辛巴國際行銷有限公司
1232,17,2025,8,2025.08.18,高雄市動物保護處,250818DU001-03,鮮烘里肌肉片[WP018]，產品貨號/批號：20250812/20270211，產品類型：零食(含潔牙骨)，產地：台灣,狗,零食(含潔牙骨),2025.08.12,2027.02.11,辛巴國際行銷有限公司
1232,18,2025,8,2025.08.18,高雄市動物保護處,250818DU001-04,犬方位咔咔雞里肌條肉[WP019]，產品貨號/批號：2025.07.15/2027.01.14，產品類型：零食(含潔牙骨)，產地：台灣,狗,零食(含潔牙骨),2025.07.15,2027.01.14,雲鏈實業有限公司
1232,19,2025,8,2025.08.18,高雄市動物保護處,250818DU001-05,就饗吃-雞腿肉嚼片[WP020]，產品貨號/批號：2025.07.15/2027.07.14，產品類型：零食(含潔牙骨)，產地：台灣,狗,零食(含潔牙骨),2025.07.15,2027.07.14,大同寵物用品有限公司
1232,20,2025,8,2025.08.20,臺中市動物保護防疫處,250820DU001-01,派庫廚房低溫手工烘焙系列吮指麻花牛[SP022]，產品貨號/批號：2025.4.11/2026.4.10，產品類型：零食(含潔牙骨)，產地：台灣,狗,零食(含潔牙骨),2025.04.11,2026.04.10,金派庫國際有限公司
1232,21,2025,8,2025.08.20,臺中市動物保護防疫處,250820DU001-02,派庫廚房低溫手工烘焙系列吮指蜜汁雞[SP023]，產品貨號/批號：2025.5.24/2026.5.23，產品類型：零食(含潔牙骨)，產地：台灣,狗,零食(含潔牙骨),2025.05.24,2026.05.23,金派庫國際有限公司
1232,22,2025,8,2025.08.20,臺中市動物保護防疫處,250820DU001-03,台灣牛月牙骨[SP024]，產品貨號/批號：2025.6.10/2026.12.9，產品類型：零食(含潔牙骨)，產地：台灣,狗,零食(含潔牙骨),2025.06.10,2026.12.09,寵鮮灶腳有限公司
1232,23,2025,8,2025.08.20,臺中市動物保護防疫處,250820DU001-04,台灣牛肋骨[SP025]，產品貨號/批號：2025.6.10/2026.12.9，產品類型：零食(含潔牙骨)，產地：台灣,狗,零食(含潔牙骨),2025.06.10,2026.12.09,寵鮮灶腳有限公司
1232,24,2025,8,2025.08.20,臺中市動物保護防疫處,250820DU001-05,好味小姐1+1滴雞精貓肉泥主食罐 香嫩鴨胸[SP026]，產品貨號/批號：2024.12.31/2027.12.24，產品類型：濕糧/罐頭(含滅菌軟袋)，產地：台灣,貓,濕糧/罐頭(含滅菌軟袋),2024.12.31,2027.12.24,短捲麻股份有限公司
1232,25,2025,8,2025.08.21,屏東縣政府,250821DU001-01,犬用天然蔬果肉鬆糧-雞羊拌肉鬆餐0.9kg[MP017]，產品貨號/批號：2026.03.22，產品類型：乾糧(含半濕性糧)，產地：台灣,狗,乾糧(含半濕性糧),,2026.03.22,飛輪寵物有限公司
1232,26,2025,8,2025.08.21,屏東縣政府,250821DU001-02,貓族凍乾主食開胃山海鮮肉餅150g-鱈魚+魷魚+南瓜[MP018]，產品貨號/批號：2027.03.06，產品類型：乾糧(含半濕性糧)，產地：台灣,貓,乾糧(含半濕性糧),,2027.03.06,怪獸製造有限公司
1232,27,2025,8,2025.08.21,屏東縣政府,250821DU001-03,飼寶菌 飼添配方[MP019]，產品貨號/批號：20250808/001，產品類型：補助食品，產地：台灣,狗貓,補助食品,20250808,保存期限：3年,聯發生物科技(股)有限公司
1232,28,2025,8,2025.08.21,屏東縣政府,250821DU001-04,田園主食罐-南瓜×雞肉[MP020]，產品貨號/批號：2025.05.22/2028.05.21，產品類型：濕糧/罐頭(含滅菌軟袋)，產地：台灣,貓,濕糧/罐頭(含滅菌軟袋),2025.05.22,2028.05.21,食寵町國際企業有限公司
1232,29,2025,8,2025.08.21,屏東縣政府,250821DU001-05,呼嚕泥飽-呼嚕燉雞70g[MP021]，產品貨號/批號：2025.06.30/2026.12.29，產品類型：濕糧/罐頭(含滅菌軟袋)，產地：台灣,貓,濕糧/罐頭(含滅菌軟袋),2025.06.30,2026.12.29,食寵町國際企業有限公司
1232,30,2025,8,2025.08.26,雲林縣動植物防疫所,250826DU002-01,旺得福犬乾糧 清燉牛肉[IP007]，產品貨號/批號：2025.08.02，產品類型：乾糧(含半濕性糧)，產地：台灣,狗,乾糧(含半濕性糧),2025.08.02,2027.02.01,柏揚貿易有限公司
1232,31,2025,8,2025.08.26,雲林縣動植物防疫所,250826DU002-02,愛美力貓乾糧 鱈魚+鰹魚+牛肉[IP008]，產品貨號/批號：2025.08.08，產品類型：乾糧(含半濕性糧)，產地：台灣,貓,乾糧(含半濕性糧),2025.08.08,2027.02.07,柏揚貿易有限公司
1232,32,2025,8,2025.08.26,雲林縣動植物防疫所,250826DU002-03,鮭魚雞肉泥[IP009]，產品貨號/批號：20270212，產品類型：零食(含潔牙骨)，產地：台灣,貓,零食(含潔牙骨),,2027.02.12,萬宏食品有限公司
1232,33,2025,8,2025.08.26,雲林縣動植物防疫所,250826DU002-04,鮭魚泥[IP010]，產品貨號/批號：20270121，產品類型：零食(含潔牙骨)，產地：台灣,貓,零食(含潔牙骨),,2027.01.21,萬宏食品有限公司
1232,34,2025,8,2025.08.26,雲林縣動植物防疫所,250826DU002-05,老北法式嫩雞腸[IP011]，產品貨號/批號：20250819，產品類型：零食(含潔牙骨)，產地：台灣,狗貓,零食(含潔牙骨),20250819,20270218,萬宏食品有限公司
1232,35,2025,8,2025.08.28,桃園市政府動物保護處,250828DU001-01,貪貪Fun桑泌尿保健[CP032]，產品貨號/批號：2027.06.30，產品類型：補助食品，產地：台灣,貓,補助食品,-,2027.06.30,寶研生技有限公司
1232,36,2025,8,2025.08.28,桃園市政府動物保護處,250828DU001-02,貪貪Fun桑乳鐵離胺酸[CP033]，產品貨號/批號：2027.07.02，產品類型：補助食品，產地：台灣,貓,補助食品,-,2027.07.02,寶研生技有限公司
1232,37,2025,8,2025.08.28,桃園市政府動物保護處,250828DU001-03,貪貪Fun桑排毛粉[CP034]，產品貨號/批號：2027.06.30，產品類型：補助食品，產地：台灣,貓,補助食品,-,2027.06.30,寶研生技有限公司
1232,38,2025,8,2025.08.28,桃園市政府動物保護處,250828DU001-04,貪貪蜂之糧泌尿道保健配方-田野雙雞[CP035]，產品貨號/批號：2026.12.11，產品類型：乾糧(含半濕性糧)，產地：台灣,貓,乾糧(含半濕性糧),2025.06.12,2026.12.11,寶研生技有限公司
1232,39,2025,8,2025.08.28,桃園市政府動物保護處,250828DU001-05,貪貪肉泥機能主食罐-寶島鮮雞[CP036]，產品貨號/批號：2028.05.18，產品類型：濕糧/罐頭(含滅菌軟袋)，產地：台灣,貓,濕糧/罐頭(含滅菌軟袋),2025.05.19,2028.05.18,寶研生技有限公司
1232,40,2025,8,2025.08.14,新北市政府動物保護防疫處,250814DU002-01,唯潔潔牙骨[AP033]，產品貨號/批號：2026.11，產品類型：零食(含潔牙骨)，產地：美國,狗,零食(含潔牙骨),,2026.11,逸寶國際股份有限公司
1232,41,2025,8,2025.08.14,新北市政府動物保護防疫處,250814DU002-02,雞老大 雞腿蛋捲[AP034]，產品貨號/批號：2027.06.25，產品類型：零食(含潔牙骨)，產地：台灣,狗,零食(含潔牙骨),2025.06.26,2027.06.25,壹士達寵物有限公司
1232,42,2025,8,2025.08.14,新北市政府動物保護防疫處,250814DU002-03,吶一口海洋雙饗宴[AP035]，產品貨號/批號：2026.09.11，產品類型：乾糧(含半濕性糧)，產地：西班牙(乾糧)/韓國(凍乾),貓,乾糧(含半濕性糧),,2026.09.11,豪翼行銷有限公司
1232,43,2025,8,2025.08.14,新北市政府動物保護防疫處,250814DU002-04,貪貪 生態蠶蛹貓主食罐-牛肉&雞肉[AP036]，產品貨號/批號：2027.06.13，產品類型：濕糧/罐頭(含滅菌軟袋)，產地：台灣,貓,濕糧/罐頭(含滅菌軟袋),2024.06.14,2027.06.13,寶研生技有限公司
1232,44,2025,8,2025.08.14,新北市政府動物保護防疫處,250814DU002-05,聖萊西黃金乳酪條棒[AP037]，產品貨號/批號：2026.09.16，產品類型：零食(含潔牙骨)，產地：台灣,狗,零食(含潔牙骨),2025.03.17,2026.09.16,泯冠企業有限公司
1232,45,2025,8,2025.08.14,新北市政府動物保護防疫處,250814DU002-06,關節保健雞肉鬆[AP038]，產品貨號/批號：2026.11.04，產品類型：補助食品，產地：台灣,狗貓,補助食品,2025.05.05,2026.11.04,創奕貿易有限公司
1232,46,2025,8,2025.08.14,新北市政府動物保護防疫處,250814DU002-07,阿姆阿姆潔牙棒－南非國寶茶(淨臭)[AP039]，產品貨號/批號：2026.07.19，產品類型：零食(含潔牙骨)，產地：台灣,狗,零食(含潔牙骨),,2026.07.19,莫奧數位股份有限公司
1232,47,2025,8,2025.08.14,新北市政府動物保護防疫處,250814DU002-08,軟雞肉絲[AP040]，產品貨號/批號：2026.06.23，產品類型：零食(含潔牙骨)，產地：台灣,狗,零食(含潔牙骨),20250624,20260623,和風寵物有限公司
1232,48,2025,8,2025.08.14,新北市政府動物保護防疫處,250814DU002-09,護膚低敏鮮食罐 鮮雞雙魚宴[AP041]，產品貨號/批號：2028.05.26，產品類型：濕糧/罐頭(含滅菌軟袋)，產地：台灣,貓,濕糧/罐頭(含滅菌軟袋),,2028.05.26,莫奧數位股份有限公司
1232,49,2025,8,2025.08.14,新北市政府動物保護防疫處,250814DU002-10,Bone Plus牛奶螺旋四星潔牙棒超值包-S[AP042]，產品貨號/批號：2027.03.01，產品類型：零食(含潔牙骨)，產地：新加玻,狗,零食(含潔牙骨),2025.03.02,2027.03.01,台灣愛邦仕實業股份有限公司
1232,50,2025,8,2025.08.14,新北市政府動物保護防疫處,250814DU002-11,Boneplus超美味小饅頭-綜合滋味[AP043]，產品貨號/批號：2027.06.01，產品類型：零食(含潔牙骨)，產地：新加玻,狗,零食(含潔牙骨),2025.06.02,2027.06.01,台灣愛邦仕實業股份有限公司
1232,51,2025,8,2025.08.14,新北市政府動物保護防疫處,250814DU002-12,陪心搖搖奶昔貓主食罐 芝士鮭魚燉蛋[AP044]，產品貨號/批號：2027.09.23，產品類型：濕糧/罐頭(含滅菌軟袋)，產地：台灣,貓,濕糧/罐頭(含滅菌軟袋),20240924,20270923,唯寵股份有限公司
1232,52,2025,8,2025.08.14,新北市政府動物保護防疫處,250814DU002-13,南極磷蝦營養補充條 雞肉X葡聚醣[AP045]，產品貨號/批號：2026.11.08，產品類型：補助食品，產地：台灣,狗貓,補助食品,2025.05.09,2026.11.08,金富錸國際寵物有限公司
1232,53,2025,8,2025.08.14,新北市政府動物保護防疫處,250814DU002-14,升級版低敏食材天然主食罐-雞肉+牛肉[AP046]，產品貨號/批號：2027.10.07，產品類型：濕糧/罐頭(含滅菌軟袋)，產地：台灣,貓,濕糧/罐頭(含滅菌軟袋),2024.10.08,2027.10.07,貓侍股份有限公司
1232,54,2025,8,2025.08.26,桃園市政府動物保護處,250826DU001-01,每日潔巧心保健潔牙骨(腸胃養護)[CP022]，產品貨號/批號：2026.12.15，產品類型：零食(含潔牙骨)，產地：台灣,狗,零食(含潔牙骨),2024.12.16,2026.12.15,螢火蟲原創有限公司
1232,55,2025,8,2025.08.26,桃園市政府動物保護處,250826DU001-02,IN Plus蛋殼膜卵磷脂 護膚亮毛配方60顆[CP023]，產品貨號/批號：2026.05.19，產品類型：補助食品，產地：台灣,狗,補助食品,,,艾凘克企業股份有限公司
1232,56,2025,8,2025.08.26,桃園市政府動物保護處,250826DU001-03,傑德不錯 機能潔牙骨-雞肉+燕麥[CP024]，產品貨號/批號：2026.08.12，產品類型：零食(含潔牙骨)，產地：台灣,狗,零食(含潔牙骨),2025.02.13,2026.08.12,巴斯企業社
1232,57,2025,8,2025.08.26,桃園市政府動物保護處,250826DU001-04,幼母貓營養無膠主食罐(營養鮭魚餐)[CP025]，產品貨號/批號：2028.04.20(170315)，產品類型：濕糧/罐頭(含滅菌軟袋)，產地：台灣,貓,濕糧/罐頭(含滅菌軟袋),2025.04.21,2028.04.20,自力耕生股份有限公司
1232,58,2025,8,2025.08.26,桃園市政府動物保護處,250826DU001-05,幼母貓營養無膠主食罐(鱸魚雞肉餐)[CP026]，產品貨號/批號：2028.04.27(134226)，產品類型：濕糧/罐頭(含滅菌軟袋)，產地：台灣,貓,濕糧/罐頭(含滅菌軟袋),2025.04.28,2028.04.27,自力耕生股份有限公司
1232,59,2025,8,2025.08.26,桃園市政府動物保護處,250826DU001-06,小叼饞-狗御用凍乾原食 雞柳片[CP027]，產品貨號/批號：2026.10.13，產品類型：零食(含潔牙骨)，產地：台灣,狗,零食(含潔牙骨),2024.10.14,2026.10.13,螢火蟲原創有限公司
1232,60,2025,8,2025.08.26,桃園市政府動物保護處,250826DU001-07,早午晚安心肉泥條-義式莓果雞[CP028]，產品貨號/批號：2027.07.03，產品類型：零食(含潔牙骨)，產地：台灣,狗貓,零食(含潔牙骨),2025.07.04,2027.07.03,原合股份有限公司
1232,61,2025,8,2025.08.26,桃園市政府動物保護處,250826DU001-08,早午晚安心肉泥條-日式鮪魚貝[CP029]，產品貨號/批號：2027.07.03，產品類型：零食(含潔牙骨)，產地：台灣,狗貓,零食(含潔牙骨),2025.07.04,2027.07.03,原合股份有限公司
1232,62,2025,8,2025.08.26,桃園市政府動物保護處,250826DU001-09,雞肉潔牙棒[CP030]，產品貨號/批號：2027.02.09，產品類型：零食(含潔牙骨)，產地：台灣,狗,零食(含潔牙骨),2025.08.10,2027.02.09,星岳行銷有限公司
1232,63,2025,8,2025.08.26,桃園市政府動物保護處,250826DU001-10,御天犬 急凍雞肉UD01-5[CP031]，產品貨號/批號：2027.02.10，產品類型：零食(含潔牙骨)，產地：台灣,狗,零食(含潔牙骨),2025.08.11,2027.02.10,冠閎實業有限公司
1232,64,2025,8,2025.08.27,臺北市動物保護處,250827DU001-01,薄脆雞肉乾[VP015]，產品貨號/批號：2025.08.17，產品類型：零食(含潔牙骨)，產地：台灣,狗貓,零食(含潔牙骨),17-八月-2025,"常溫15日,冷藏30日,冷凍90日",張廷均
1232,65,2025,8,2025.08.27,臺北市動物保護處,250827DU001-02,薄脆牛肉乾[VP016]，產品貨號/批號：2025.08.17，產品類型：零食(含潔牙骨)，產地：台灣,狗貓,零食(含潔牙骨),17-八月-2025,"常溫15日,冷藏30日,冷凍90日",張廷均
1232,66,2025,8,250827DU001,臺北市動物保護處,250827DU001-03,鴨大氣粗[VP017]，產品貨號/批號：2025.8.18，產品類型：零食(含潔牙骨)，產地：台灣,狗貓,零食(含潔牙骨),18-八月-2025,"常溫未拆14日,冷藏60日,冷凍90日",王紫渝
1232,67,2025,8,2025.08.27,臺北市動物保護處,250827DU001-04,胸有成雞[VP018]，產品貨號/批號：2028.8.18，產品類型：零食(含潔牙骨)，產地：台灣,狗貓,零食(含潔牙骨),18-八月-2025,"常溫未拆14日,冷藏60日,冷凍90日",王紫渝
1232,68,2025,8,2025.08.27,臺北市動物保護處,250827DU001-05,幼喵活力雞[VP019]，產品貨號/批號：114.08.24，產品類型：濕糧/罐頭(含滅菌軟袋)，產地：台灣,狗貓,濕糧/罐頭(含滅菌軟袋),114.08.24,114.11.23,廖翌軒
1232,69,2025,8,2025.08.27,臺北市動物保護處,250827DU001-06,低脂健美雞[VP020]，產品貨號/批號：114.08.24，產品類型：濕糧/罐頭(含滅菌軟袋)，產地：台灣,狗貓,濕糧/罐頭(含滅菌軟袋),114.08.24,114.11.23,廖翌軒
1232,70,2025,8,2025.08.28,臺中市動物保護防疫處,250828DU002-01,A202-雞柳冷乾[SP027]，產品貨號/批號：2025.8.1，產品類型：零食(含潔牙骨)，產地：台灣,狗貓,零食(含潔牙骨),2025.8.1,"未開封180天,開封後於30天內食用完畢",宏綸食品有限公司
1232,71,2025,8,2025.08.28,臺中市動物保護防疫處,250828DU002-02,A101-雞肉片乾[SP028]，產品貨號/批號：2025.8.17，產品類型：零食(含潔牙骨)，產地：台灣,狗貓,零食(含潔牙骨),2025.8.17,"未開封30天,開封後於10天內食用完畢",宏綸食品有限公司
1232,72,2025,8,2025.08.28,臺中市動物保護防疫處,250828DU002-03,低溫烘焙-鮭魚蔓越莓[SP029]，產品貨號/批號：2025.6.9，產品類型：零食(含潔牙骨)，產地：台灣,狗貓,零食(含潔牙骨),2025.06.09,,福樂寵工作室
1232,73,2025,8,2025.08.28,臺中市動物保護防疫處,250828DU002-04,職人手切-經典雞[SP030]，產品貨號/批號：2025.5.28，產品類型：零食(含潔牙骨)，產地：台灣,狗貓,零食(含潔牙骨),2025.05.28,未開封12個月,福樂寵工作室
1232,74,2025,8,2025.08.28,臺中市動物保護防疫處,250828DU002-05,汪汪仙貝[SP031]，產品貨號/批號：114.8.19，產品類型：零食(含潔牙骨)，產地：台灣,狗貓,零食(含潔牙骨),114.8.19,未開封可保存3個月,群鈦企業有限公司
1232,75,2025,8,2025.08.28,臺中市動物保護防疫處,250828DU002-06,牛肉凍乾大粒丸[SP032]，產品貨號/批號：2025.2.8，產品類型：零食(含潔牙骨)，產地：台灣,狗貓,零食(含潔牙骨),2025.2.8,未開封12個月,群鈦企業有限公司
1232,76,2025,8,2025.08.28,臺中市動物保護防疫處,250828DU002-07,鮪魚凍乾大粒丸[SP033]，產品貨號/批號：2024.12.4，產品類型：零食(含潔牙骨)，產地：台灣,狗貓,零食(含潔牙骨),2024.12.4,保存12個月,群鈦企業有限公司
1232,77,2025,8,2025.08.28,臺中市動物保護防疫處,250828DU002-08,滿滿海苔雞肉乾[SP034]，產品貨號/批號：2025.8.19/2025.10.18，產品類型：零食(含潔牙骨)，產地：台灣,狗貓,零食(含潔牙骨),2025.08.19,2025.10.18,狗嶼工作室
1232,78,2025,8,2025.08.28,臺中市動物保護防疫處,250828DU002-09,經典原味雞肉乾[SP035]，產品貨號/批號：2025.8.19/2025.10.18，產品類型：零食(含潔牙骨)，產地：台灣,狗貓,零食(含潔牙骨),2025.08.19,2025.10.18,狗嶼工作室
1232,79,2025,8,2025.08.28,臺中市動物保護防疫處,250828DU002-10,菜鮭[SP036]，產品貨號/批號：2025.8.18/2025.10.17，產品類型：零食(含潔牙骨)，產地：台灣,狗貓,零食(含潔牙骨),2025.08.18,2025.10.17,狗嶼工作室
1232,80,2025,8,2025.08.28,臺中市動物保護防疫處,250828DU002-11,鳴托邦 鹿肉花生醬[SP037]，產品貨號/批號：2025.11.18，產品類型：零食(含潔牙骨)，產地：台灣,狗貓,零食(含潔牙骨),2025.11.18,保存90天,維京聯合有限公司
1232,81,2025,8,2025.08.28,臺中市動物保護防疫處,250828DU002-12,鳴托邦 巴西莓花生醬[SP038]，產品貨號/批號：2025.11.18，產品類型：零食(含潔牙骨)，產地：台灣,狗貓,零食(含潔牙骨),2025.11.18,保存90天,維京聯合有限公司
1232,0,2025,9,2025.09.08,基隆市動物保護防疫所,250908DU001-01,萌老大 山藥菇菇G鮮食包[QP013]，產品貨號/批號：2025.09.03/2026.03.02，產品類型：生鮮、冷凍，產地：台灣,狗貓,生鮮、冷凍,2025.09.03,2026.03.02,森田生技企業社
1232,1,2025,9,2025.09.08,基隆市動物保護防疫所,250908DU001-02,萌老大 雞肉時蔬鮮食包[QP014]，產品貨號/批號：2025.09.03/2026.03.02，產品類型：生鮮、冷凍，產地：台灣,狗貓,生鮮、冷凍,2025.09.03,2026.03.02,森田生技企業社
1232,2,2025,9,2025.09.08,基隆市動物保護防疫所,250908DU001-03,萌老大 五蔬雞肉丸[QP015]，產品貨號/批號：2025.09.02/2026.03.01，產品類型：生鮮、冷凍，產地：台灣,狗,生鮮、冷凍,2025.09.02,2026.03.01,森田生技企業社
1232,3,2025,9,2025.09.09,臺東縣動物防疫所,250909DU001-01,邦比-炙燒羊肉風味圓餅[NP005]，產品貨號/批號：20250705/20270104，產品類型：零食(含潔牙骨)，產地：台灣,狗,零食(含潔牙骨),2025.07.05,2027.01.04,東森寵物雲股份有限公司
1232,4,2025,9,2025.09.09,臺東縣動物防疫所,250909DU001-02,雞肉捲[NP006]，產品貨號/批號：20250806/20270205，產品類型：零食(含潔牙骨)，產地：台灣,狗,零食(含潔牙骨),20250806,20270205,冠閎實業有限公司
1232,5,2025,9,2025.09.12,高雄市動物保護處,250912DU001-01,赫緻美饌犬糧 嫩雞佐頂級鴨肝[WP029]，產品貨號/批號：20260904 5064B，產品類型：乾糧(含半濕性糧)，產地：台灣,狗,乾糧(含半濕性糧),,20260904,珍食堡實業股份有限公司
1232,6,2025,9,2025.09.12,高雄市動物保護處,250912DU001-02,赫緻低溫風乾健康糧 單一純肉美國火雞肉[WP030]，產品貨號/批號：20260713 5014B，產品類型：乾糧(含半濕性糧)，產地：台灣,狗,乾糧(含半濕性糧),,20260713,珍食堡實業股份有限公司
1232,7,2025,9,2025.09.12,屏東縣政府,250912DU002-01,原味雞柳條[MP022]，產品貨號/批號：2026.06.19，產品類型：零食(含潔牙骨)，產地：台灣,狗,零食(含潔牙骨),,2026.06.19,益堡寵物
1232,8,2025,9,2025.09.12,屏東縣政府,250912DU002-02,生骨泥[MP023]，產品貨號/批號：2026.8.13，產品類型：生鮮、冷凍，產地：台灣,狗,生鮮、冷凍,,2026.8.13,益堡寵物
1232,9,2025,9,2025.09.12,屏東縣政府,250912DU002-03,克瑞斯天然紐西蘭凍乾肉鬆-牛肉+鹿肉[MP024]，產品貨號/批號：2026.10.20，產品類型：零食(含潔牙骨)，產地：紐西蘭,狗貓,零食(含潔牙骨),,2026.10.20,昱碩國際事業(股)
1232,10,2025,9,2025.09.16,桃園市政府動物保護處,250916DU001-01,DANLO(丹露)手作零食-香Q耐咬雞胗[CP032]，產品貨號/批號：20250116，產品類型：零食(含潔牙骨)，產地：台灣,狗,零食(含潔牙骨),20250116,20260715,瀚翔寵物有限公司
1232,11,2025,9,2025.09.16,桃園市政府動物保護處,250916DU001-02,烘焙客 成貓野放雞2.5磅[CP033]，產品貨號/批號：Lot.25039，產品類型：乾糧(含半濕性糧)，產地：加拿大,貓,乾糧(含半濕性糧),,NOV-08-2026,宜輝企業有限公司
1232,12,2025,9,2025.09.17,臺中市動物保護防疫處,250917DU001-01,鮮骨圓餅 狗 鮪魚口味[SP039]，產品貨號/批號：114.8.15，產品類型：生鮮、冷凍，產地：未標示,狗,生鮮、冷凍,114.8.15,,育曜有限公司
1232,13,2025,9,2025.09.17,臺中市動物保護防疫處,250917DU001-02,鮮骨圓餅 貓 丁香魚口味[SP040]，產品貨號/批號：114.8.28，產品類型：生鮮、冷凍，產地：未標示,貓,生鮮、冷凍,114.8.28,,育曜有限公司
1232,14,2025,9,2025.09.18,新北市政府動物保護防疫處,250918DU001-01,貓族美國太空生肉糧(原野鮮兔佐嫩雞)[AP047]，產品貨號/批號：2026.02.26，產品類型：乾糧(含半濕性糧)，產地：美國,貓,乾糧(含半濕性糧),,2026.02.26,怪獸製造有限公司
1232,15,2025,9,2025.09.18,新北市政府動物保護防疫處,250918DU001-02,DANLO(丹露)手作零食-香醇雞肉切條[AP048]，產品貨號/批號：2026.07.07，產品類型：零食(含潔牙骨)，產地：台灣,狗,零食(含潔牙骨),20250108,20260707,瀚翔寵物有限公司
1232,16,2025,9,2025.09.18,宜蘭縣動植物防疫所,250918DU002-01,袋鼠廚房野生袋鼠小肉餅50g[BP013]，產品貨號/批號：2026.01.21，產品類型：零食(含潔牙骨)，產地：台灣,狗,零食(含潔牙骨),,2026.01.21,緯豪實業股份有限公司
1232,17,2025,9,2025.09.18,宜蘭縣動植物防疫所,250918DU002-02,漢方食補-心血管養生大補帖[BP014]，產品貨號/批號：2026.10.13，產品類型：乾糧(含半濕性糧)，產地：台灣,狗貓,乾糧(含半濕性糧),20250414,20261013,珍食堡實業股份有限公司
1232,18,2025,9,2025.09.18,宜蘭縣動植物防疫所,250918DU002-03,卡尼生肉餐 羊肉生肉餐 犬貓生食(小)[BP015]，產品貨號/批號：2026.02.26，產品類型：生鮮、冷凍，產地：台灣,狗貓,生鮮、冷凍,,2026.02.26,圓寵有限公司
1232,19,2025,9,2025.09.19,彰化縣動物防疫所,250919DU001-01,毛孩站起來-毛孩凍乾(雞胸丁)[GP020]，產品貨號/批號：2026.11.15，產品類型：零食(含潔牙骨)，產地：台灣,狗貓,零食(含潔牙骨),,2026.11.15,飛起來行銷股份有限公司
1232,20,2025,9,2025.09.19,彰化縣動物防疫所,250919DU001-02,Mr.凍乾 犬用天然原肉凍乾(75g)-鰹魚[GP021]，產品貨號/批號：2024.04.29，產品類型：零食(含潔牙骨)，產地：台灣,狗,零食(含潔牙骨),2024.04.29,2026.04.28,八犬國際行銷有限公司
1232,21,2025,9,2025.09.19,彰化縣動物防疫所,250919DU001-03,特百滋凍乾三重奏 熟齡犬 低敏雞肉配方 2lb[GP022]，產品貨號/批號：2026.10.10，產品類型：乾糧(含半濕性糧)，產地：台灣,狗,乾糧(含半濕性糧),,OCT.10.2026,艾澌克企業股份有限公司
1232,22,2025,9,2025.09.19,臺北市動物保護處,250919DU002-01,itit-醍 貓咪風乾主食 羊肉＆鯖魚[VP021]，產品貨號/批號：15.AUG.2026，產品類型：乾糧(含半濕性糧)，產地：紐西蘭,貓,乾糧(含半濕性糧),15-八月-2024,15-八月-2026,咆陪喵有限公司
1232,23,2025,9,2025.09.19,臺北市動物保護處,250919DU002-02,巴卡諾-滑嫩鴨小將(70g)[VP022]，產品貨號/批號：116.03.14，產品類型：零食(含潔牙骨)，產地：台灣,狗貓,零食(含潔牙骨),114.09.15,116.03.14,峰揚貿易有限公司
1232,24,2025,9,2025.09.19,雲林縣動植物防疫所,250919DU003-01,沃野肉出來了-鴨脆管棒棒糖10入[IP012]，產品貨號/批號：20260709，產品類型：零食(含潔牙骨)，產地：台灣,狗貓,零食(含潔牙骨),,2026.07.09,東森寵物雲股份有限公司
1232,25,2025,9,2025.09.19,雲林縣動植物防疫所,250919DU003-02,寶貝餌子-香烤牛肉風味棒[IP013]，產品貨號/批號：20250725，產品類型：零食(含潔牙骨)，產地：台灣,狗貓,零食(含潔牙骨),2025.07.25,2027.01.24,宏寶國際企業有限公司
1232,26,2025,9,2025.09.19,雲林縣動植物防疫所,250919DU003-03,CBP-01雞老大黃金薄切雞腿肉[IP014]，產品貨號/批號：20250215，產品類型：零食(含潔牙骨)，產地：台灣,狗,零食(含潔牙骨),2025.02.15,2027.02.14,壹士達寵物有限公司
1232,27,2025,9,2025.09.19,苗栗縣動物保護防疫所,250919DU004-01,肉嗨吃(貓) 貓草雞肉片[EP007]，產品貨號/批號：4713780147471，產品類型：零食(含潔牙骨)，產地：台灣,貓,零食(含潔牙骨),,2026.09.02,宜輝企業有限公司
1232,28,2025,9,2025.09.19,苗栗縣動物保護防疫所,250919DU004-02,初光光 QQ雞胗GL03[EP008]，產品貨號/批號：4716076953657，產品類型：零食(含潔牙骨)，產地：台灣,狗貓,零食(含潔牙骨),2025.08.29,2027.02.28,八方國際寵物有限公司
1232,29,2025,9,2025.09.19,苗栗縣動物保護防疫所,250919DU004-03,博士巧恩-牛肉凍乾犬餐[EP009]，產品貨號/批號：4710200707383，產品類型：乾糧(含半濕性糧)，產地：台灣,狗,乾糧(含半濕性糧),2025.02.25,2026.08.24,福壽實業股份有限公司
1232,30,2025,9,2025.09.22,嘉義縣家畜疾病防治所,250922DU001-01,犬用絹紗牛肉條[JP0016]，產品貨號/批號：2026.06，產品類型：零食(含潔牙骨)，產地：日本,狗,零食(含潔牙骨),,2026.06,台灣多格漫商貿股份有限公司
1232,31,2025,9,2025.09.22,嘉義縣家畜疾病防治所,250922DU001-02,健康紀元寵物零食-鮮嫩雞肉片[JP0017]，產品貨號/批號：2026.10.14，產品類型：零食(含潔牙骨)，產地：台灣,狗,零食(含潔牙骨),2025.4.15,2026.10.14,福壽實業股份有限公司
1232,32,2025,9,2025.09.22,嘉義縣家畜疾病防治所,250922DU001-03,生活良好犬用雞柳條[JP0018]產品貨號/批號：2026.03，產品類型：零食(含潔牙骨)，產地：日本,狗,零食(含潔牙骨),,2026.03,台灣生活良好國際股份有限公司
1232,33,2025,9,2025.09.25,南投縣家畜疾病防治所,250925DU001-01,博士巧思-雞爪[HP008]，產品貨號/批號：2024.07.31，產品類型：零食(含潔牙骨)，產地：台灣,狗,零食(含潔牙骨),2024.07.31,2026.01.30,福壽實業股份有限公司
1232,34,2025,9,2025.09.25,南投縣家畜疾病防治所,250925DU001-02,奧力棒 嗑肉-番犬用鮮餐包-田園雞鮭魚燉蔬菜[HP009]，產品貨號/批號：2024.12.16，產品類型：濕糧/罐頭(含滅菌軟袋)，產地：台灣,狗,濕糧/罐頭(含滅菌軟袋),16-十二月-2024,15-六月-2026,東森寵物雲股份有限公司
1232,35,2025,9,2025.09.25,南投縣家畜疾病防治所,250925DU001-03,南極磷蝦大肉包-谷風雞大腿[HP010]，產品貨號/批號：2025.05.12，產品類型：濕糧/罐頭(含滅菌軟袋)，產地：台灣,狗,濕糧/罐頭(含滅菌軟袋),12-五月-2025,11-十一月-2026,金富錸國際寵物有限公司
1232,36,2025,9,2025.09.30,嘉義市政府,250930DU001-01,Mr.凍乾 貓用天然原肉凍乾-鴨肉[TP011]，產品貨號/批號：2025.07.072027.07.06，產品類型：零食(含潔牙骨)，產地：台灣,貓,零食(含潔牙骨),2025.07.07,2027.07.06,八犬國際行銷有限公司
1232,37,2025,9,2025.09.30,嘉義市政府,250930DU001-02,Mr.凍乾 貓用天然原肉凍乾-牛肉[TP012]，產品貨號/批號：2025.08.25/2027.08.24，產品類型：零食(含潔牙骨)，產地：台灣,貓,零食(含潔牙骨),2025.08.25,2027.08.24,八犬國際行銷有限公司
1232,38,2025,9,2025.09.30,嘉義市政府,250930DU001-03,Mr.凍乾 貓用天然原肉凍乾-火雞肉[TP013]，產品貨號/批號：2025.08.25/2027.08.24，產品類型：零食(含潔牙骨)，產地：台灣,貓,零食(含潔牙骨),2025.08.25,2027.08.24,八犬國際行銷有限公司
1232,39,2025,9,2025.09.04,臺南市動物防疫保護處,250904DU002-01,肉球世界 南極磷蝦大肉包-峰頂大牛腩(狗狗餐包)165g[UP019]，產品貨號/批號：2025/05/15PE154B18，產品類型：濕糧/罐頭(含滅菌軟袋)，產地：台灣,狗,濕糧/罐頭(含滅菌軟袋),15-五月-2025,14-十一月-2026,金富錸國際寵物有限公司
1232,40,2025,9,2025.09.04,臺南市動物防疫保護處,250904DU002-02,肉球世界 南極磷蝦大肉包-草原羊小排(狗狗餐包)165g[UP020]，產品貨號/批號：2025/03/31PE315B18，產品類型：濕糧/罐頭(含滅菌軟袋)，產地：台灣,狗,濕糧/罐頭(含滅菌軟袋),31-三月-2025,30-九月-2026,金富錸國際寵物有限公司
1232,41,2025,9,2025.09.04,臺南市動物防疫保護處,250904DU002-03,怪獸部落 2種肉無膠主食罐-犬用鱉肉鱉蛋餐82g[UP021]，產品貨號/批號：2024/11/27，產品類型：濕糧/罐頭(含滅菌軟袋)，產地：台灣,狗,濕糧/罐頭(含滅菌軟袋),27-十一月-2024,26-十一月-2027,怪獸製造有限公司
1232,42,2025,9,2025.09.04,臺南市動物防疫保護處,250904DU002-04,喵皇奴/貓咪經典主食罐(純雞肉)80g[UP022]，產品貨號/批號：2028.01.07，產品類型：濕糧/罐頭(含滅菌軟袋)，產地：台灣,貓,濕糧/罐頭(含滅菌軟袋),2025.01.08,2028.01.07,逆風飛翔股份有限公司(喵皇奴)
1232,43,2025,9,2025.09.04,臺南市動物防疫保護處,250904DU002-05,毛研工事 鮮萃肉泥主食罐 褐藻雞鵪鶉(免疫保健)[UP023]，產品貨號/批號：2027.11.11，產品類型：濕糧/罐頭(含滅菌軟袋)，產地：台灣,貓,濕糧/罐頭(含滅菌軟袋),2024.11.12,2027.11.11,毛研工坊
1232,44,2025,9,2025.09.05,高雄市動物保護處,250905DU001-01,雞肉凍乾100g[WP021]，產品貨號/批號：2025.08.24/2026.02.23，產品類型：零食(含潔牙骨)，產地：台灣,狗貓,零食(含潔牙骨),2025.08.24,2026.02.23,粹霖凍乾
1232,45,2025,9,2025.09.05,高雄市動物保護處,250905DU001-02,鮭魚凍乾 100g[WP022]，產品貨號/批號：2025.08.24/2026.02.23，產品類型：零食(含潔牙骨)，產地：台灣,狗貓,零食(含潔牙骨),2025.08.24,2026.02.23,粹霖凍乾
1232,46,2025,9,2025.09.05,高雄市動物保護處,250905DU001-03,雞肉乾[WP023]，產品貨號/批號：2025.08.28，產品類型：零食(含潔牙骨)，產地：台灣,狗貓,零食(含潔牙骨),2025.08.28,2個月,挑挑柴‧手作零食
1232,47,2025,9,2025.09.05,高雄市動物保護處,250905DU001-04,鴨鴨脆脆[WP024]，產品貨號/批號：2025.08.28，產品類型：零食(含潔牙骨)，產地：台灣,狗貓,零食(含潔牙骨),2025.08.28,2個月,挑挑柴‧手作零食
1232,48,2025,9,2025.09.05,高雄市動物保護處,250905DU001-05,雞肉薄脆片[WP025]，產品貨號/批號：2025.08.27，產品類型：零食(含潔牙骨)，產地：台灣,狗貓,零食(含潔牙骨),2025.08.27,,寵物一家Pet Family
1232,49,2025,9,2025.09.05,高雄市動物保護處,250905DU001-06,酥脆洋芋片(原味)[WP026]，產品貨號/批號：2025.08.24，產品類型：零食(含潔牙骨)，產地：台灣,狗貓,零食(含潔牙骨),2025.08.24,,寵物一家Pet Family
1232,50,2025,9,2025.09.05,高雄市動物保護處,250905DU001-07,肉肉薯片[WP027]，產品貨號/批號：2025.08.24，產品類型：零食(含潔牙骨)，產地：台灣,狗貓,零食(含潔牙骨),2025.08.24,2個月,Odelia寵愛食作
1232,51,2025,9,2025.09.05,高雄市動物保護處,250905DU001-08,雞肉棒棒[WP028]，產品貨號/批號：2025.08.25，產品類型：零食(含潔牙骨)，產地：台灣,狗貓,零食(含潔牙骨),2025.08.25,2個月,Odelia寵愛食作
1232,0,2026,1,2025/12/23,臺中市動物保護防疫處,251223DU001-01,艾雷雅草本呵護天然糧-深海鮮魚+大痲籽&蘆薈-小型成犬用[SP001]，產品貨號/批號：15.05.2025/05.05.2027，產品類型：乾糧(含半濕性糧)，產地：義大利,狗,乾糧(含半濕性糧),15/05/2025,05-五月-2027,貓狗甜心數位科技有限公司
1232,1,2026,1,2026/01/22,臺中市動物保護防疫處,260122DU001-01,愛肯拿 美膚羊肉+蘋果低敏無穀[SP002]，產品貨號/批號：17.12.2024/18.09.2026，產品類型：乾糧(含半濕性糧)，產地：加拿大,狗,乾糧(含半濕性糧),17/12/2024,18/09/2026,豪翼行銷有限公司
1232,2,2026,1,2026/01/13,桃園市政府動物保護處,260113DU001-01,"O,Bli! 噢，比利!潔牙點心-深海鮭魚+香濃起司(犬用)[CP001]，產品貨號/批號：16.07.2026，產品類型：零食(含潔牙骨)，產地：韓國",狗,零食(含潔牙骨),,16.07.2026,品果國際行銷有限公司
1232,3,2026,1,2026/01/13,,,NAS Pro-Vita Lac-山羊奶粉[CP002]，產品貨號/批號：2028.03，產品類型：補助食品，產地：澳大利亞,市售進口-狗貓,市售進口-狗貓,,2028.03,宜輝企業有限公司
1232,4,2026,1,2026/01/13,桃園市政府動物保護處,260113DU001-03,小型熟齡犬8+歲以上專用飼料MNA+8[CP003]，產品貨號/批號：20.08.26，產品類型：乾糧(含半濕性糧)，產地：韓國,狗,乾糧(含半濕性糧),,20/08/26,台灣皇家寵物食品有限公司
1232,5,2026,1,2026/01/14,新北市政府動物保護防疫處,260114DU001-01,花田太郎狗餐包100g-牛肉+起司風味[AP001]，產品貨號/批號：2027.03.14，產品類型：濕糧/罐頭(含滅菌軟袋)，產地：泰國,狗,濕糧/罐頭(含滅菌軟袋),25.03.15,27.03.14,凱璜實業有限公司
1232,6,2026,1,2026/01/14,新北市政府動物保護防疫處,260114DU001-02,英迪格有機貓糧-毛球控制&腸道配方 0.2kg[AP002]，產品貨號/批號：2026.11.18，產品類型：乾糧(含半濕性糧)，產地：韓國,貓,乾糧(含半濕性糧),2025.05.19,2026.11.18,寵兒商貿有限公司
1232,7,2026,1,2026/01/14,,,澳洲新艾莎餐盒-雞肉+時令鮮蔬[AP003]，產品貨號/批號：2027.02.25，產品類型：濕糧/罐頭(含滅菌軟袋)，產地：澳洲,市售進口-狗,市售進口-狗,25/02/2025,25/02/2027,王品寵物用品有限公司
1232,8,2026,1,2026/01/16,高雄市動物保護處,260116DU001-01,犬用寡糖添加野菜餅乾450g[WP001]，產品貨號/批號：2027.01.31，產品類型：零食(含潔牙骨)，產地：泰國,狗,零食(含潔牙骨),,2027.01,台灣多格漫商貿股份有限公司
1232,9,2026,1,2026/01/16,高雄市動物保護處,260116DU001-02,無穀鮮肉貓餐包-老貓鮪魚綠貽貝[WP002]，產品貨號/批號：17.09.2024/17.09.2026，產品類型：濕糧/罐頭(含滅菌軟袋)，產地：泰國,貓,濕糧/罐頭(含滅菌軟袋),17/09/2024,17/09/2026,聯誠寵物有限公司
1232,10,2026,1,2026/01/16,高雄市動物保護處,260116DU001-03,王牌天菜-雞肉+鯖魚[WP003]，產品貨號/批號：OCT 2026，產品類型：濕糧/罐頭(含滅菌軟袋)，產地：泰國,貓,濕糧/罐頭(含滅菌軟袋),,01-十月-2026,沛緹雅股份有限公司
1232,11,2026,1,2026/01/16,高雄市動物保護處,260116DU001-04,雞肉香濃起司條100g[WP004]，產品貨號/批號：2026.07.20，產品類型：零食(含潔牙骨)，產地：韓國,狗,零食(含潔牙骨),,2026.07.20,王品寵物用品有限公司
1232,12,2026,1,2026/01/16,苗栗縣動物保護防疫所,260116DU002-01,YOYO愛犬機能餐罐(羊肉醬佐雞肉野菜)[EP001]，產品貨號/批號：2025.10.08/2028.10.07，產品類型：濕糧/罐頭(含滅菌軟袋)，產地：泰國,狗,濕糧/罐頭(含滅菌軟袋),2025.10.08,2028.10.07,台灣惜時有限公司
1232,13,2026,1,2026/01/16,苗栗縣動物保護防疫所,260116DU002-02,犬用絹沙雞胸肉塊-原味100g(82332)[EP002]，產品貨號/批號：2027.01，產品類型：零食(含潔牙骨)，產地：日本,狗,零食(含潔牙骨),,2027.01,台灣多格漫商貿股份有限公司
1232,14,2026,1,2026/01/16,苗栗縣動物保護防疫所,260116DU002-03,Rrannk機能主食罐-白身鮪魚+雞肉[EP003]，產品貨號/批號：03042028，產品類型：濕糧/罐頭(含滅菌軟袋)，產地：泰國,貓,濕糧/罐頭(含滅菌軟袋),,03042028,統冠生活事業股份有限公司
1232,15,2026,1,2026/01/19,臺北市動物保護處,260119DU001-01,克瑞斯天然寵物飼料-無穀火雞肉貓糧[VP001]，產品貨號/批號：DEC 04 2026，產品類型：乾糧(含半濕性糧)，產地：加拿大,貓,乾糧(含半濕性糧),,DEC 04 2026,昱碩國際事業股份有限公司
1232,16,2026,1,2026/01/19,臺北市動物保護處,260119DU001-02,Kit Cat挑嘴貓獨享雞肉乾配方[VP002]，產品貨號/批號：05.08.27，產品類型：乾糧(含半濕性糧)，產地：泰國,貓,乾糧(含半濕性糧),,08-五月-2027,四季全球貿易股份有限公司
1232,17,2026,1,2026/01/19,臺北市動物保護處,260119DU001-03,小型成犬主食濕糧MNW85G[VP003]，產品貨號/批號：06042027，產品類型：濕糧/罐頭(含滅菌軟袋)，產地：奧地利,狗,濕糧/罐頭(含滅菌軟袋),,06042027,台灣皇家寵物食品有限公司
1232,18,2026,1,2026/01/19,臺北市動物保護處,260119DU001-04,Plaisir法樂食狗狗主食餐盒雞肉與蔬菜口味[VP004]，產品貨號/批號：06.11.2026，產品類型：濕糧/罐頭(含滅菌軟袋)，產地：法國,狗,濕糧/罐頭(含滅菌軟袋),11-六月-2024,11-六月-2026,逸寶國際股份有限公司
1232,19,2026,1,2026/01/19,南投縣家畜疾病防治所,260119DU002-01,倍適選雞肉口味[HP001]，產品貨號/批號：2026.11.15，產品類型：乾糧(含半濕性糧)，產地：日本,貓,乾糧(含半濕性糧),,2026.11.15,強普股份有限公司
1232,20,2026,1,2026/01/19,南投縣家畜疾病防治所,260119DU002-02,Core低卡無穀新鮮火雞肉[HP002]，產品貨號/批號：10.OCT.2026，產品類型：乾糧(含半濕性糧)，產地：美國,狗,乾糧(含半濕性糧),,10.OCT.2026,逸寶國際股份有限公司
1232,21,2026,1,2026/01/19,高雄市動物保護處,260119DU003-01,愛肯拿 美膚羊肉+蘋果[WP005]，產品貨號/批號：09.04.2025/09.01.2027，產品類型：乾糧(含半濕性糧)，產地：加拿大,狗,乾糧(含半濕性糧),04-九月-2025,01-九月-2027,豪翼行銷有限公司
1232,22,2026,1,2026/01/20,宜蘭縣動植物防疫所,260120DU001-01,西莎點心主廚嚴選香軟牛肉切塊口味100g[BP001]，產品貨號/批號：2026.9.17，產品類型：零食(含潔牙骨)，產地：日本,狗,零食(含潔牙骨),09-八月-2025,03-八月-2027,台灣瑪氏股份有限公司
1232,23,2026,1,2026/01/20,宜蘭縣動植物防疫所,260120DU001-02,Friskies喜躍成貓乾糧-香烤燒肉拼盤口味12564754[BP002]，產品貨號/批號：2027.3.8，產品類型：乾糧(含半濕性糧)，產地：泰國,貓,乾糧(含半濕性糧),17/12/2024,18/09/2026,台灣雀巢股份有限公司
1232,24,2026,1,2026/01/21,花蓮縣動植物防疫所,260121DU001-01,澳野守護無穀主食成貓餐包 室內化毛配方[OP001]，產品貨號/批號：2026.11.8，產品類型：濕糧/罐頭(含滅菌軟袋)，產地：澳洲,貓,濕糧/罐頭(含滅菌軟袋),,08.NOV.2026,維逸有限公司
1232,25,2026,1,2026/01/21,花蓮縣動植物防疫所,260121DU001-02,芮格爾天然寵糧 全齡犬無穀水牛肉[OP002]，產品貨號/批號：2025.3.6，產品類型：乾糧(含半濕性糧)，產地：美國,狗,乾糧(含半濕性糧),06-三月-2025,07-九月-2026,聯誠寵物有限公司
1232,26,2026,1,2026/01/21,花蓮縣動植物防疫所,260121DU001-03,貓倍麗成貓乾糧海鮮拼盤泌尿保健配方[OP003]，產品貨號/批號：2026.12.15，產品類型：乾糧(含半濕性糧)，產地：泰國,貓,乾糧(含半濕性糧),,15/12/2026,台灣雀巢股份有限公司
1232,27,2026,1,2026/01/22,臺中市動物保護防疫處,260122DU001-02,自然本色全犬種成犬亮白無穀白魚+磷蝦配方[SP003]，產品貨號/批號：2025.7.15/2027.1.15，產品類型：乾糧(含半濕性糧)，產地：立陶宛,狗,乾糧(含半濕性糧),2025.07.15,2027.01.15,三奇國際生物科技有限公司
1232,28,2026,1,2026/01/22,臺中市動物保護防疫處,260122DU001-03,開放農場自然農選無穀寵糧-野撈季節白魚(全齡貓)[SP004]，產品貨號/批號：07.22.2026，產品類型：乾糧(含半濕性糧)，產地：美國,貓,乾糧(含半濕性糧),,22-七月-2026,悠遊國際實業股份有限公司
1232,29,2026,1,2026/01/22,臺中市動物保護防疫處,260122DU001-04,森仕低卡結紮貓無穀雞肉鴨肉[SP005]，產品貨號/批號：2026.5.30，產品類型：乾糧(含半濕性糧)，產地：西班牙,貓,乾糧(含半濕性糧),,2026.05.30,博東客企業有限公司
1232,30,2026,1,2026/01/23,新竹市動物保護及防疫所,260123DU001-01,嘿囉最接近鮮食的乾糧 成貓 無穀野生鮭魚燉白魚[RP001]，產品貨號/批號：2026.12.15，產品類型：乾糧(含半濕性糧)，產地：美國,貓,乾糧(含半濕性糧),,15.12.2026,盛貿寵物股份有限公司
1232,31,2026,1,2026/01/23,新竹市動物保護及防疫所,260123DU001-02,天然密碼 低敏雞肉(室內貓＆絕育貓配方)[RP002]，產品貨號/批號：2025.02.06，產品類型：乾糧(含半濕性糧)，產地：美國,貓,乾糧(含半濕性糧),06-二月-2025,06-八月-2026,廣湛有限公司
1232,32,2026,1,2026/01/23,新竹市動物保護及防疫所,260123DU001-03,亞米亞米 美味牛肉角燒大餐[RP003]，產品貨號/批號：2028.10.05，產品類型：濕糧/罐頭(含滅菌軟袋)，產地：泰國,狗,濕糧/罐頭(含滅菌軟袋),10-六月-2025,10-五月-2028,沛特國際股份有限公司
1232,33,2026,1,2026/01/28,嘉義市政府,260128DU001-01,海陸饗宴荒野鴨肉火雞肉配方2.27kg[TP001]，產品貨號/批號：18.MAR.2027，產品類型：乾糧(含半濕性糧)，產地：美國,狗,乾糧(含半濕性糧),,18-三月-2027,博東客企業有限公司
1232,34,2026,1,2026/01/28,嘉義市政府,260128DU001-02,加拿大野性魅力幼貓配方1kg[TP002]，產品貨號/批號：06.OCT.2026，產品類型：乾糧(含半濕性糧)，產地：加拿大,貓,乾糧(含半濕性糧),,06-十月-2026,加拿大野性魅力有限公司
1232,0,2026,2,2026/02/09,臺中市動物保護防疫處,260209DU001-01,伊必富犬威成犬健康配方[SP009]，產品貨號/批號：2025.08.26/2026.08.25，產品類型：乾糧(含半濕性糧)，產地：台灣,狗,乾糧(含半濕性糧),2025.08.26,2026.08.25,伊必富實業商行
1232,1,2026,2,2026/02/02,臺南市動物防疫保護處,260202DU001-01,Acana愛肯拿6kg 無穀單一 美膚羊肉歐肯納根蘋果[UP001]，產品貨號/批號：21.01.2025/23.10.2026，產品類型：乾糧(含半濕性糧)，產地：加拿大,狗,乾糧(含半濕性糧),21/01/2025,23/10/2026,豪翼行銷有限公司
1232,2,2026,2,2026/02/03,臺中市動物保護防疫處,260203DU001-01,森仕成犬小顆粒無穀羊肉[SP006]，產品貨號/批號：14.10.26，產品類型：乾糧(含半濕性糧)，產地：西班牙,狗,乾糧(含半濕性糧),,14.10.26,博東客企業有限公司
1232,3,2026,2,2026/02/03,臺中市動物保護防疫處,260203DU001-02,鮮鮪鮮蝦青花魚白金主食餐[SP007]，產品貨號/批號：20251006/20281005，產品類型：濕糧/罐頭(含滅菌軟袋)，產地：泰國,貓,濕糧/罐頭(含滅菌軟袋),20251006,20281005,沛特國際股份有限公司
1232,4,2026,2,2026/02/03,臺中市動物保護防疫處,260203DU001-03,室內成貓低鎂泌尿道維護配方雞肉口味[SP008]，產品貨號/批號：2026.11.14，產品類型：乾糧(含半濕性糧)，產地：日本,貓,乾糧(含半濕性糧),,2026.11.14,強普股份有限公司
1232,5,2026,2,2026/02/04,桃園市政府動物保護處,260204DU001-01,Astar潔牙配方無穀狗糧(雞肉+牛肉)[CP004]，產品貨號/批號：2027.02.12，產品類型：乾糧(含半濕性糧)，產地：澳洲,狗,乾糧(含半濕性糧),,2027.02.12,台灣愛邦仕實業股份有限公司
1232,6,2026,2,2026/02/04,桃園市政府動物保護處,260204DU001-02,Medi湯品 貓用肝臟保健[CP005]，產品貨號/批號：2027.04，產品類型：補助食品，產地：日本,貓,補助食品,,2027.04,圓融生物科技有限公司
1232,7,2026,2,2026/02/04,桃園市政府動物保護處,260204DU001-03,82800無添加JUICY肉舖牛肉培根100G[CP006]，產品貨號/批號：2026.05，產品類型：零食(含潔牙骨)，產地：日本,狗,零食(含潔牙骨),,2026.05,台灣多格曼商貿股份有限公司
1232,8,2026,2,2026/02/05,彰化縣動物防疫所,260205DU001-01,3in 經典狗狗餐盒：田園雞-關節機能 (雞肉+鵪鶉蛋)[GP001]，產品貨號/批號：2027.09.12，產品類型：濕糧/罐頭(含滅菌軟袋)，產地：泰國,狗,濕糧/罐頭(含滅菌軟袋),13-九月-2025,12-九月-2027,飛輪寵物有限公司
1232,9,2026,2,2026/02/05,彰化縣動物防疫所,260205DU001-02,Us Dog 愛犬主食餐罐(雞肉風味)[GP002]，產品貨號/批號：2028.09.22，產品類型：濕糧/罐頭(含滅菌軟袋)，產地：義大利,狗,濕糧/罐頭(含滅菌軟袋),,22 09 2028,台灣惜時有限公司
1232,10,2026,2,2026/02/05,彰化縣動物防疫所,260205DU001-03,舒肥罐 鮪魚+蘋果[GP003]，產品貨號/批號：2028.11.9，產品類型：濕糧/罐頭(含滅菌軟袋)，產地：泰國,貓,濕糧/罐頭(含滅菌軟袋),09-十二月-2025,09-十一月-2028,崧曜國際有限公司
1232,11,2026,2,2026/02/05,彰化縣動物防疫所,260205DU001-04,Natural Kitty 98%動物性蛋白質主食罐 雞肉佐雞心[GP004]，產品貨號/批號：2028.05.23，產品類型：濕糧/罐頭(含滅菌軟袋)，產地：泰國,貓,濕糧/罐頭(含滅菌軟袋),2025.05.24,2028.05.23,派脆客有限公司
1232,12,2026,2,2026/02/10,高雄市動物保護處,260210DU001-01,Boby特級機能愛犬餐杯(雞肉＆野菜)[WP006]，產品貨號/批號：2025.10.29/2027.04.28，產品類型：濕糧/罐頭(含滅菌軟袋)，產地：泰國,狗,濕糧/罐頭(含滅菌軟袋),2025.10.29,2027.04.28,台灣惜時有限公司
1232,13,2026,2,2026/02/10,高雄市動物保護處,260210DU001-02,主子優選 極鮮鮪魚紅肉罐 鮪魚＆鮭魚5號罐[WP007]，產品貨號/批號：20250526/20280525，產品類型：濕糧/罐頭(含滅菌軟袋)，產地：泰國,貓,濕糧/罐頭(含滅菌軟袋),20250526,20280525,貓狗甜心數位科技有限公司
1232,14,2026,2,2026/02/10,高雄市動物保護處,260210DU001-03,NUTRA TECH STAR 愛犬狗罐 雞肉口味[WP008]，產品貨號/批號：23.09.19/26.09.19，產品類型：濕糧/罐頭(含滅菌軟袋)，產地：泰國,狗,濕糧/罐頭(含滅菌軟袋),23/09/19,26/09/19,皇冠國際企業有限公司
1232,15,2026,2,2026/02/11,新北市政府動物保護防疫處,260211DU001-01,唯寶機能潔牙餅-美毛護膚配方[AP004]，產品貨號/批號：25/02/27，產品類型：零食(含潔牙骨)，產地：泰國,貓,零食(含潔牙骨),25/02/25,25/02/27,品果國際行銷有限公司
1232,16,2026,2,2026/02/11,新北市政府動物保護防疫處,260211DU001-02,怪獸部落佛跳牆-翡翠燉雞[AP005]，產品貨號/批號：2026.04.21，產品類型：濕糧/罐頭(含滅菌軟袋)，產地：泰國,貓,濕糧/罐頭(含滅菌軟袋),,21-四月-2026,怪獸製造有限公司
1232,17,2026,2,2026/02/11,新北市政府動物保護防疫處,260211DU001-03,天然潔牙牛奶牛皮骨結[AP006]，產品貨號/批號：2027.12.03，產品類型：零食(含潔牙骨)，產地：中國,狗,零食(含潔牙骨),2025.12.04,2027.12.03,台灣愛邦仕實業股份有限公司
1232,18,2026,2,2026/02/12,屏東縣政府,260212DU001-01,芙爾莎-低敏素食配方(全型成犬)[MP001]，產品貨號/批號：01.2025/09.2026，產品類型：乾糧(含半濕性糧)，產地：義大利,狗,乾糧(含半濕性糧),01-一月-2025,01-九月-2026,自羚生技有限公司
1232,19,2026,2,2026/02/12,屏東縣政府,260212DU001-02,PV鱈魚皮骨結-煙燻[MP002]，產品貨號/批號：2024.05.04/2026.05.03，產品類型：零食(含潔牙骨)，產地：泰國,狗,零食(含潔牙骨),2024.05.04,2026.05.03,台灣愛邦仕實業股份有限公司
1232,20,2026,2,2026/02/12,屏東縣政府,260212DU001-03,Main Course每客思全營養主食罐(雞肉+牛肉)[MP003]，產品貨號/批號：2025.01.03/2028.01.02，產品類型：濕糧/罐頭(含滅菌軟袋)，產地：泰國,貓,濕糧/罐頭(含滅菌軟袋),2025.01.03,2028.01.02,台灣惜時有限公司
1232,21,2026,2,2026/02/12,基隆市動物保護防疫所,260212DU002-01,K221汪洽普 狗狗凍乾零食-雞胸肉[QP001]，產品貨號/批號：2025.11.03/2027.11.02，產品類型：零食(含潔牙骨)，產地：韓國,狗,零食(含潔牙骨),2025.11.03,2027.11.02,壹士達寵物有限公司
1232,22,2026,2,2026/02/12,基隆市動物保護防疫所,260212DU002-02,倍力康 挑嘴之最 小貓罐 鮪魚＆蝦[QP002]，產品貨號/批號：2025.06.13/2028.06.12，產品類型：濕糧/罐頭(含滅菌軟袋)，產地：泰國,貓,濕糧/罐頭(含滅菌軟袋),2025.06.13,2028.06.12,雄騰國際有限公司
1232,23,2026,2,2026/02/12,基隆市動物保護防疫所,260212DU002-03,海陸龍蝦貓340g[QP003]，產品貨號/批號：2025.06.23/2026.12.22，產品類型：乾糧(含半濕性糧)，產地：加拿大,貓,乾糧(含半濕性糧),,22-十二月-2026,加拿大渴望寵物食品股份有限公司
1232,24,2026,2,2026/02/13,臺北市動物保護處,260213DU001-01,歐睿健 鮮雞愛貓 全齡貓穀鮮肉貓糧[VP005]，產品貨號/批號：21.03.2027，產品類型：乾糧(含半濕性糧)，產地：加拿大,貓,乾糧(含半濕性糧),19/06/2025,21/03/2027,瀚翔寵物有限公司
1232,25,2026,2,2026/02/13,臺北市動物保護處,260213DU001-02,純境 無穀全齡犬糧 澳洲袋鼠肉+凍乾[VP006]，產品貨號/批號：26.08.2026，產品類型：乾糧(含半濕性糧)，產地：澳洲,狗,乾糧(含半濕性糧),,26 08 2026,品果國際行銷有限公司
1232,26,2026,2,2026/02/13,臺北市動物保護處,260213DU001-03,肝醬小牛肉[VP007]，產品貨號/批號：11.09.2026，產品類型：濕糧/罐頭(含滅菌軟袋)，產地：澳洲,狗,濕糧/罐頭(含滅菌軟袋),09-十一月-2024,09-十一月-2026,王品寵物有限公司
1232,27,2026,2,2026/02/13,臺北市動物保護處,260213DU001-04,愛喜雅妙喵主食軟包24-精選魚類[VP008]，產品貨號/批號：2026.12.1，產品類型：濕糧/罐頭(含滅菌軟袋)，產地：泰國,貓,濕糧/罐頭(含滅菌軟袋),,2026.12.1,東盈實業股份有限公司
1232,28,2026,2,2026/02/23,臺南市動物防疫保護處,260223DU001-01,瑪恩吉 倍愛滿滿蔬果 羊肉+蘋果 主食犬餐盒100g[UP001]，產品貨號/批號：30.09.2029，產品類型：濕糧/罐頭(含滅菌軟袋)，產地：義大利,狗,濕糧/罐頭(含滅菌軟袋),10-一月-2025,30/09/2029,柏希菲克股份有限公司
1232,29,2026,2,2026/02/23,臺南市動物防疫保護處,260223DU001-02,自然魔法 經典無穀系列 雞肉鱈魚成貓主食罐[UP002]，產品貨號/批號：14-11-2024，產品類型：濕糧/罐頭(含滅菌軟袋)，產地：紐西蘭,貓,濕糧/罐頭(含滅菌軟袋),14-11-2024,14-11-2027,紐寵國際有限公司
1232,30,2026,2,2026/02/23,臺南市動物防疫保護處,260223DU001-03,嘿囉 低敏舒膚 南瓜花生酥餅[UP003]，產品貨號/批號：08-06-2026，產品類型：零食(含潔牙骨)，產地：美國,狗,零食(含潔牙骨),,06-八月-2026,盛貿寵物股份有限公司
1232,31,2026,2,2026/02/23,臺南市動物防疫保護處,260223DU001-04,Dr.Mamma獸醫媽媽蔬果泥-香蕉口味[UP004]，產品貨號/批號：2025.10.21，產品類型：零食(含潔牙骨)，產地：韓國,狗貓,零食(含潔牙骨),2025.10.21,保存期限12個月,寵物百分百股份有限公司
1232,32,2026,2,2026/02/23,嘉義縣家畜疾病防治所,260223DU002-01,VOSTO深海鮪魚罐(純鮪魚)[JP001]，產品貨號/批號：25.06.2028，產品類型：濕糧/罐頭(含滅菌軟袋)，產地：泰國,貓,濕糧/罐頭(含滅菌軟袋),26/06/2025,25/06/2028,崧曜國際有限公司
1232,33,2026,2,2026/02/23,嘉義縣家畜疾病防治所,260223DU002-02,悅鑫 深海鮪魚罐(鮪魚+吻仔魚)[JP002]，產品貨號/批號：2028.02.16，產品類型：濕糧/罐頭(含滅菌軟袋)，產地：泰國,貓,濕糧/罐頭(含滅菌軟袋),17-二月-2025,16-二月-2028,彰記行銷有限公司
1232,34,2026,2,2026/02/25,臺東縣動物防疫所,260225DU001-01,喵Bar+全能貓餐罐 鮪魚+雞肉[NP001]，產品貨號/批號：20250627/20280626，產品類型：濕糧/罐頭(含滅菌軟袋)，產地：泰國,貓,濕糧/罐頭(含滅菌軟袋),20250627,20280626,寶聯商行
1232,35,2026,2,2026/02/25,臺東縣動物防疫所,260225DU001-02,全方位營養狗主食餐盒100g-松坂豚肉[NP002]，產品貨號/批號：2027.3.6，產品類型：濕糧/罐頭(含滅菌軟袋)，產地：荷蘭,狗,濕糧/罐頭(含滅菌軟袋),,03-六月-2027,王品寵物用品有限公司
1232,36,2026,2,2026/02/25,臺東縣動物防疫所,260225DU001-03,西莎 鄉村嫩燒小羊肉口味[NP003]，產品貨號/批號：2025.11.18/2027.11.17，產品類型：濕糧/罐頭(含滅菌軟袋)，產地：澳洲,狗,濕糧/罐頭(含滅菌軟袋),181125,171127,台灣瑪氏股份有限公司
1232,0,2026,3,2026.03.04,澎湖縣家畜疾病防治所,260304DU001-01,哈姆三兄弟-牛肉口味[PP001]，產品貨號/批號：2025.08.06/2027.02.05，產品類型：零食(含潔牙骨)，產地：台灣,狗,零食(含潔牙骨),2025.08.06,2027.02.05,聯享寵物貿易有限公司
1232,1,2026,3,2026.03.04,澎湖縣家畜疾病防治所,260304DU001-02,C.C.P犬用機能雞肉鬆200g-關節21659[PP002]，產品貨號/批號：2026.12.10，產品類型：零食(含潔牙骨)，產地：台灣,狗,零食(含潔牙骨),,2026.12.10,寵物王國股份有限公司
1232,2,2026,3,2026.03.09,高雄市動物保護處,260309DU001-01,鮮烘骰子牛[WP009]，產品貨號/批號：2027.08.25，產品類型：零食(含潔牙骨)，產地：台灣,狗貓,零食(含潔牙骨),,2027.08.25,悠遊國際實業股份有限公司
1232,3,2026,3,2026.03.09,高雄市動物保護處,260309DU001-02,毛好食GOOD GOOD MEAT香醇雞肉圈[WP010]，產品貨號/批號：2027.08.24，產品類型：零食(含潔牙骨)，產地：台灣,狗,零食(含潔牙骨),,2027.08.24,飛起來行銷股份有限公司
1232,4,2026,3,2026.03.09,高雄市動物保護處,260309DU001-03,元氣牛肉條[WP011]，產品貨號/批號：20251215/20270314，產品類型：零食(含潔牙骨)，產地：台灣,狗貓,零食(含潔牙骨),20251215,20270314,心食集實業有限公司
1232,5,2026,3,2026.03.09,高雄市動物保護處,260309DU001-04,黃金雞肉條棒[WP012]，產品貨號/批號：20251215/20270614，產品類型：零食(含潔牙骨)，產地：台灣,狗,零食(含潔牙骨),2025.12.15,2027.06.14,台灣惜時有限公司
1232,6,2026,3,2026.03.12,新北市政府動物保護防疫處,260312DU001-01,赫緻®美饌犬糧-嫩鹿佐頂級鴨肝[AP007]，產品貨號/批號：2026/11/01，產品類型：乾糧(含半濕性糧)，產地：台灣,狗,乾糧(含半濕性糧),,2026.11.01,珍食堡實業股份有限公司
1232,7,2026,3,2026.03.12,新北市政府動物保護防疫處,260312DU001-02,赫緻®美饌犬糧-嫩羊佐頂級鴨肝[AP008]，產品貨號/批號：2027.07.28，產品類型：乾糧(含半濕性糧)，產地：台灣,狗,乾糧(含半濕性糧),,2027.07.28,珍食堡實業股份有限公司
1232,8,2026,3,2026.03.12,新北市政府動物保護防疫處,260312DU001-03,赫緻®美饌嫩雞佐頂級鴨肝[AP009]，產品貨號/批號：2027.05.24，產品類型：乾糧(含半濕性糧)，產地：台灣,狗,乾糧(含半濕性糧),,2027.05.24,珍食堡實業股份有限公司
1232,9,2026,3,2026.03.12,新北市政府動物保護防疫處,260312DU001-04,赫緻®低溫風乾健康糧(單一純肉·紐西蘭鹿肉)[AP010]，產品貨號/批號：2027.08.09，產品類型：乾糧(含半濕性糧)，產地：台灣,狗,乾糧(含半濕性糧),,2027.08.09,珍食堡實業股份有限公司
1232,10,2026,3,2026.03.17,臺中市動物保護防疫處,260317DU002-01,低溫烘焙寵物零食-嫩切香鴨口味[SP013]，產品貨號/批號：2026.02.25/2027.02.24，產品類型：零食(含潔牙骨)，產地：台灣,狗貓,零食(含潔牙骨),2026.02.25,2027.02.24,杜革有限公司
1232,11,2026,3,2026.03.17,臺中市動物保護防疫處,260317DU002-02,寵貓鮮主食罐(蝸牛+究好豬)[SP014]，產品貨號/批號：2028.11.23，產品類型：濕糧/罐頭(含滅菌軟袋)，產地：台灣,貓,濕糧/罐頭(含滅菌軟袋),2025.11.24,2028.11.23,嬌寵誓優股份有限公司
1232,12,2026,3,2026.03.17,臺中市動物保護防疫處,260317DU002-03,哩賀毛孩輕營養機能主食罐[SP015]，產品貨號/批號：2025.07.08/2028.07.07，產品類型：濕糧/罐頭(含滅菌軟袋)，產地：台灣,貓,濕糧/罐頭(含滅菌軟袋),2025.07.08,2028.07.07,科普瑞國際股份有限公司
1232,13,2026,3,2026.03.17,臺中市動物保護防疫處,260317DU002-04,賀家肉泥條 雞肉蔓越莓口味[SP016]，產品貨號/批號：20270803，產品類型：零食(含潔牙骨)，產地：台灣,狗貓,零食(含潔牙骨),,20270803,科普瑞國際股份有限公司
1232,14,2026,3,2026.03.17,桃園市政府動物保護處,260317DU003-01,MKF05元氣養生大補帖[CP007]，產品貨號/批號：20261223，產品類型：零食(含潔牙骨)，產地：台灣,狗貓,零食(含潔牙骨),20250624,20261223,珍食堡實業股份有限公司
1232,15,2026,3,2026.03.17,桃園市政府動物保護處,260317DU003-02,1+1原肉塊+貓鮮食主食罐-濃湯牛腿配方[CP008]，產品貨號/批號：2028.08.21，產品類型：濕糧/罐頭(含滅菌軟袋)，產地：台灣,貓,濕糧/罐頭(含滅菌軟袋),2025.08.28,2028.08.21,短捲麻股份有限公司
1232,16,2026,3,2026.03.17,桃園市政府動物保護處,260317DU003-03,黑酵母無穀單一肉源犬糧(羊肉)400g/包[CP009]，產品貨號/批號：2025.12.30，產品類型：乾糧(含半濕性糧)，產地：台灣,狗,乾糧(含半濕性糧),2025.12.30,2027.06.29,寶榮寵物企業股份有限公司
1232,17,2026,3,2026.03.19,屏東縣政府,260319DU001-01,毛起來-毛孩每日健康賞-魚粉機能賞DX[MP004]，產品貨號/批號：20.07.2027，產品類型：補助食品，產地：台灣,狗貓,補助食品,,20.07.2027,莫奧數位股份有限公司
1232,18,2026,3,2026.03.19,屏東縣政府,260319DU001-02,活力汪牛奶餅+鈣200g(H44-4)[MP005]，產品貨號/批號：2025.12.08，產品類型：零食(含潔牙骨)，產地：台灣,狗,零食(含潔牙骨),2025.12.08,保存期限:2年,寶麟寵物用品有限公司
1232,19,2026,3,2026.03.19,屏東縣政府,260319DU001-03,鮮魚精[MP006]，產品貨號/批號：2025.10.03/2027.04.02，產品類型：零食(含潔牙骨)，產地：台灣,狗貓,零食(含潔牙骨),2025.10.03,2027.04.02,唯寵股份有限公司
1232,20,2026,3,2026.03.19,金門縣動植物防疫所,260319DU002-01,柏妮絲-雞肉泥牛奶骨[YP003]，產品貨號/批號：115.03.02，產品類型：零食(含潔牙骨)，產地：台灣,狗,零食(含潔牙骨),115.03.02,116.09.01,峰揚貿易有限公司
1232,21,2026,3,2026.03.19,金門縣動植物防疫所,260319DU002-02,柏妮絲-鴨脆管[YP004]，產品貨號/批號：115.03.02，產品類型：零食(含潔牙骨)，產地：台灣,狗,零食(含潔牙骨),115.03,116.09,峰揚貿易有限公司
1232,22,2026,3,2026.03.23,連江縣政府,260323DU001-01,寶多福犬糧-健康機能系列 皮毛保健配方[XP071]，產品貨號/批號：2026.12.16，產品類型：乾糧(含半濕性糧)，產地：台灣,狗,乾糧(含半濕性糧),2025.12.17,2026.12.16,統一企業股份有限公司
1232,23,2026,3,2026.03.23,連江縣政府,260323DU001-02,寶多福貓糧-活力成貓泌尿道保健配方[XP072]，產品貨號/批號：2027.01.26，產品類型：乾糧(含半濕性糧)，產地：台灣,貓,乾糧(含半濕性糧),2026.01.27,2027.01.26,統一企業股份有限公司
1232,24,2026,3,2026.03.23,臺南市動物防疫保護處,260323DU002-01,【汪事如意】恐龍小蛋糕[UP006]，產品貨號/批號：2026.12.10，產品類型：生鮮、冷凍，產地：台灣,狗貓,生鮮、冷凍,2025.12.11,2026.12.10,寵愛有家股份有限公司
1232,25,2026,3,2026.03.23,臺南市動物防疫保護處,260323DU002-02,【汪事如意】厚牛鬆餅堡[UP007]，產品貨號/批號：2026.09.25，產品類型：生鮮、冷凍，產地：台灣,狗貓,生鮮、冷凍,2025.09.26,2026.09.25,寵愛有家股份有限公司
1232,26,2026,3,2026.03.23,臺南市動物防疫保護處,260323DU002-03,【汪事如意】甜白蝦野鹿 手打漢堡排[UP008]，產品貨號/批號：2026.11.26，產品類型：生鮮、冷凍，產地：台灣,狗貓,生鮮、冷凍,2025.11.27,2026.11.26,寵愛有家股份有限公司
1232,27,2026,3,2026.03.23,臺南市動物防疫保護處,260323DU002-04,【汪事如意】嫩牛芝士蛋 手打漢堡排[UP009]，產品貨號/批號：2026.12.09，產品類型：生鮮、冷凍，產地：台灣,狗貓,生鮮、冷凍,2025.12.10,2026.12.09,寵愛有家股份有限公司
1232,28,2026,3,2026.03.23,臺南市動物防疫保護處,260323DU002-05,【汪事如意】補體術 鱸魚雞肉丸[UP010]，產品貨號/批號：2026.11.03/2026.12.04，產品類型：生鮮、冷凍，產地：台灣,狗貓,生鮮、冷凍,"2025.11.04(重金屬)/
2025.12.05(微生物)","2026.11.03(重金屬)/
2026.12.04(微生物)",寵愛有家股份有限公司
1232,29,2026,3,2026.03.23,臺南市動物防疫保護處,260323DU002-06,【汪事如意】火雞腿鴨胸 手打漢堡排UP011]，產品貨號/批號：2026.10.30，產品類型：生鮮、冷凍，產地：台灣,狗貓,生鮮、冷凍,2025.10.31,2026.10.30,寵愛有家股份有限公司
1232,30,2026,3,2026.03.23,臺南市動物防疫保護處,260323DU002-07,【汪事如意】亮眼甜金瓜 雞肉捲捲[UP012]，產品貨號/批號：2026.11.27，產品類型：生鮮、冷凍，產地：台灣,狗貓,生鮮、冷凍,2025.11.28,2026.11.27,寵愛有家股份有限公司
1232,31,2026,3,2026.03.23,臺南市動物防疫保護處,260323DU002-08,【汪事如意】野鹿起司丼 無穀主餐[UP013]，產品貨號/批號：2026.11.10，產品類型：生鮮、冷凍，產地：台灣,狗,生鮮、冷凍,2025.11.11,2026.11.10,寵愛有家股份有限公司
1232,32,2026,3,2026.03.23,臺南市動物防疫保護處,260323DU002-09,【汪事如意】栗香燉雞湯 有料煲湯[UP014]，產品貨號/批號：2026.10.12，產品類型：生鮮、冷凍，產地：台灣,狗貓,生鮮、冷凍,2025.10.13,2026.10.12,寵愛有家股份有限公司
1232,33,2026,3,2026.03.23,臺南市動物防疫保護處,260323DU002-10,【汪事如意】火雞南瓜厚濃湯[UP015]，產品貨號/批號：2026.12.15，產品類型：生鮮、冷凍，產地：台灣,狗貓,生鮮、冷凍,2025.12.16,2026.12.15,寵愛有家股份有限公司
1232,34,2026,3,2026.03.04,新竹縣動物保護防疫所,260304DU002-01,特百滋 凍乾三重奏 成幼犬 低敏羊肉[DP001]，產品貨號/批號：NOV.27.2026，產品類型：乾糧(含半濕性糧)，產地：加拿大,狗,乾糧(含半濕性糧),,NOV.27.2026,艾凘克企業股份有限公司
1232,35,2026,3,2026.03.04,新竹縣動物保護防疫所,260304DU002-02,偉嘉貓乾糧(海洋魚類)[DP002]，產品貨號/批號：16.03.2027，產品類型：乾糧(含半濕性糧)，產地：泰國,貓,乾糧(含半濕性糧),22/09/2025,16/03/2027,台灣瑪氏股份有限公司
1232,36,2026,3,2026.03.04,新竹縣動物保護防疫所,260304DU002-03,Friskies喜躍成貓乾糧 海洋魚總匯[DP003]，產品貨號/批號：08.04.2027，產品類型：乾糧(含半濕性糧)，產地：泰國,貓,乾糧(含半濕性糧),,08/04/2027,台灣雀巢股份有限公司
1232,37,2026,3,2026.03.17,臺中市動物保護防疫處,260317DU001-01,脆笛雙拼[SP010]，產品貨號/批號：2026.09.18，產品類型：零食(含潔牙骨)，產地：台灣,狗貓,零食(含潔牙骨),,2026年9月18日,台野畜產有限公司
1232,38,2026,3,2026.03.17,臺中市動物保護防疫處,260317DU001-02,美國乾糧領導品牌Cat Chow貓乾糧完整均衡配方[SP011]，產品貨號/批號：APR 2027，產品類型：乾糧(含半濕性糧)，產地：美國,貓,乾糧(含半濕性糧),,APR 2027,台灣雀巢股份有限公司
1232,39,2026,3,2026.03.17,臺中市動物保護防疫處,260317DU001-03,派庫廚房酥酥丁香魚凍乾[SP012]，產品貨號/批號：2026.10.22，產品類型：零食(含潔牙骨)產地：台灣,狗貓,零食(含潔牙骨),,2026/10/22,金派庫國際有限公司
1232,40,2026,3,2026.03.26,嘉義縣家畜疾病防治所,260326DU001-01,貓貓悠菌多[JP003]，產品貨號/批號：116.03.16，產品類型：補助食品，產地：台灣,貓,補助食品,,116.03.16,育晉興業股份有限公司
1232,41,2026,3,2026.03.26,嘉義縣家畜疾病防治所,260326DU001-02,貓貓悠菌多[JP004]，產品貨號/批號：116.11.24，產品類型：補助食品，產地：台灣,貓,補助食品,,116.11.24,育晉興業股份有限公司
1232,42,2026,3,2026.03.30,臺北市動物保護處,260330DU001-01,IQ DOG 聰明狗乾糧 雞肉口味3.5kg[VP009]，產品貨號/批號：20.11.2025/19.05.2027，產品類型：乾糧(含半濕性糧)，產地：泰國,狗,乾糧(含半濕性糧),20/11/2025,19/05/2027,好侶股份有限公司
1232,0,2026,4,2026/04/02,桃園市政府動物保護處,260402DU001-01,蟲癭果化毛粉[CP030]，產品貨號/批號：2028.05.01/2028.09.01，產品類型：補助食品，產地：台灣,貓,補助食品,,2028.05.01 / 2028.09.01,琦信企業股份有限公司
1232,1,2026,4,2026/04/02,桃園市政府動物保護處,260402DU001-02,優格吃貨拼盤多拼糧-全齡犬老饕海陸佐蘋果(高適口性配方)1.5LB[CP031]，產品貨號/批號：2026.12.9，產品類型：乾糧(含半濕性糧)，產地：乾糧-加拿大/佐料-台灣,狗,乾糧(含半濕性糧),,DEC.09.2026,艾澌克企業股份有限公司
1232,2,2026,4,2026/04/02,桃園市政府動物保護處,260402DU001-03,自然牧場100%紐西蘭天然零食 銀鮫魚軟骨[CP033]，產品貨號/批號：2027.12.24，產品類型：零食(含潔牙骨)，產地：紐西蘭,狗,零食(含潔牙骨),,2027.12.24,澳新美有限公司
1232,3,2026,4,2026/04/07,嘉義市政府,260407DU001-01,膠原羊肉棒棒糖[TP003]，產品貨號/批號：20251023，產品類型：零食(含潔牙骨)，產地：台灣,狗,零食(含潔牙骨),20251023,20271022,智新寵物有限公司
1232,4,2026,4,2026/04/07,嘉義市政府,260407DU001-02,寵心出發-泥好 布藍泥[TP004]，產品貨號/批號：20271206，產品類型：零食(含潔牙骨)，產地：台灣,狗貓,零食(含潔牙骨),,20271206,慶宇生技股份有限公司
1232,5,2026,4,2026/04/07,嘉義市政府,260407DU001-03,怪獸部落凍乾主食開胃山海鮮肉餅[TP005]，產品貨號/批號：2027.07.31，產品類型：乾糧(含半濕性糧)，產地：台灣,貓,乾糧(含半濕性糧),,2027.07.31,怪獸製造有限公司
1232,6,2026,4,2026/04/08,彰化縣動物防疫所,260408DU001-01,倍力 低敏護膚配方 鮭魚+甜薯 1.5kg[GP005]，產品貨號/批號：2027.07.08，產品類型：乾糧(含半濕性糧)，產地：台灣,狗,乾糧(含半濕性糧),2026.01.09,2027.07.08,盈寶寵物股份有限公司
1232,7,2026,4,2026/04/08,彰化縣動物防疫所,260408DU001-02,喜樂寵宴-極貓道無膠保健主食罐-白身鮪魚+鮭魚(成貓)[GP006]，產品貨號/批號：2027.11.17，產品類型：濕糧/罐頭(含滅菌軟袋)，產地：台灣,貓,濕糧/罐頭(含滅菌軟袋),18-十一月-2024,17-十一月-2027,螢火蟲原創有限公司
1232,8,2026,4,2026/04/08,彰化縣動物防疫所,260408DU001-03,Ocheers歡樂貓咪主食罐-鮭魚x雞精[GP007]，產品貨號/批號：2027.12.04，產品類型：濕糧/罐頭(含滅菌軟袋)，產地：台灣,貓,濕糧/罐頭(含滅菌軟袋),05-十二月-2024,04-十二月-2027,昱碩國際事業股份有限公司
1232,9,2026,4,2026/04/09,新北市政府動物保護防疫處,260409DU001-01,Vcare南極磷蝦油寵物營養補充條 鮪魚×牛磺酸+維生素E(皮毛保健)[AP011]，產品貨號/批號：2027/03/10，產品類型：補助食品，產地：台灣,狗貓,補助食品,11-九月-2025,10-三月-2027,金富錸國際寵物有限公司
1232,10,2026,4,2026/04/09,新北市政府動物保護防疫處,260409DU001-02,RONRON虎嚕-4號鮪魚+鮭魚+酪梨維持抵抗力 主食餐包[AP012]，產品貨號/批號：2026.10.18，產品類型：濕糧/罐頭(含滅菌軟袋)，產地：泰國,貓,濕糧/罐頭(含滅菌軟袋),,2026.10.18,東盈農牧股份有限公司
1232,11,2026,4,2026/04/09,高雄市動物保護處,260409DU002-01,開放農場自然農選無穀寵糧-野撈鮮鮭魚(全齡貓)[WP013]，產品貨號/批號：11/09/2026，產品類型：乾糧(含半濕性糧)，產地：美國,貓,乾糧(含半濕性糧),,09-十一月-2026,悠遊國際實業股份有限公司
1232,12,2026,4,2026/04/09,高雄市動物保護處,260409DU002-02,克瑞斯天然紐西蘭點心-鱈魚肉[WP014]，產品貨號/批號：2027/04/06，產品類型：零食(含潔牙骨)，產地：紐西蘭,狗,零食(含潔牙骨),,06-四月-2027,昱碩國際事業股份有限公司
1232,13,2026,4,2026/04/09,屏東縣政府,260409DU003-01,麻蓋鮮-鮪魚花蛤鮮食配方[MP007]，產品貨號/批號：2025.06.27/2026.12.26，產品類型：濕糧/罐頭(含滅菌軟袋)，產地：台灣,狗貓,濕糧/罐頭(含滅菌軟袋),2025.06.27,2026.12.26,耀月企業股份有限公司
1232,14,2026,4,2026/04/09,屏東縣政府,260409DU003-02,Chew me 舒肥旗魚菲力[MP008]，產品貨號/批號：2025.06.25/2027.06.24，產品類型：濕糧/罐頭(含滅菌軟袋)，產地：台灣,狗貓,濕糧/罐頭(含滅菌軟袋),2025.06.25,2027.06.24,耀月企業股份有限公司
1232,15,2026,4,2026/04/09,屏東縣政府,260409DU003-03,超能精華海洋魚貓[MP009]，產品貨號/批號：21.MAR.2027，產品類型：乾糧(含半濕性糧)，產地：加拿大,貓,乾糧(含半濕性糧),,21-三月-2027,加拿大野性魅力有限公司
1232,16,2026,4,2026/04/15,臺中市動物保護防疫處,260415DU001-01,法樂食 狗狗主食餐盒 鮭魚與蔬菜口味[SP017]，產品貨號/批號：2025.9.3/2027.9.3，產品類型：濕糧/罐頭(含滅菌軟袋)，產地：法國,狗,濕糧/罐頭(含滅菌軟袋),09-三月-2025,09-三月-2027,逸寶國際股份有限公司
1232,17,2026,4,2026/04/15,臺中市動物保護防疫處,260415DU001-02,耐吉斯凍乾多拚鮭魚餐 全齡貓配方[SP018]，產品貨號/批號：SEP.25.2026，產品類型：乾糧(含半濕性糧)，產地：台灣,貓,乾糧(含半濕性糧),,SEP.25.2026,艾澌克企業股份有限公司
1232,18,2026,4,2026/04/16,南投縣家畜疾病防治所,260416DU001-01,瑞威天然平衡全齡貓糧 3號海洋貝-亮毛護膚[HP003]，產品貨號/批號：2027.03.21，產品類型：乾糧(含半濕性糧)，產地：台灣,貓,乾糧(含半濕性糧),2025.09.22,2027.03.21,瑞威動物科技股份有限公司
1232,19,2026,4,2026/04/16,南投縣家畜疾病防治所,260416DU001-02,優格零穀全齡犬5種魚[HP004]，產品貨號/批號：OCT.29.2026，產品類型：乾糧(含半濕性糧)，產地：加拿大,狗,乾糧(含半濕性糧),APR 30 2025,OCT 29 2026,艾澌克企業股份有限公司
1232,20,2026,4,2026/04/16,南投縣家畜疾病防治所,260416DU001-03,藍帶精選化毛成貓-挑嘴亮毛 鮪魚蔬果[HP005]，產品貨號/批號：08.06.2027，產品類型：乾糧(含半濕性糧)，產地：台灣,貓,乾糧(含半濕性糧),09.12.2025,08.06.2027,斑尼國際股份有限公司
1232,21,2026,4,2026/04/17,新竹市動物保護及防疫所,260417DU001-01,保羅叔叔高級貓糧-成貓/全種貓-海鮮燕麥[RP004]，產品貨號/批號：2026.02.24，產品類型：乾糧(含半濕性糧)，產地：台灣,貓,乾糧(含半濕性糧),2026.02.24,,大地營養有限公司
1232,22,2026,4,2026/04/17,新竹市動物保護及防疫所,260417DU001-02,優格零穀全齡犬 羊肉鮭魚配方2.5lb(1.13kg)[RP005]，產品貨號/批號：JAN.29.2027，產品類型：乾糧(含半濕性糧)，產地：加拿大,狗,乾糧(含半濕性糧),,JAN.29.2027,艾澌克企業股份有限公司
1232,23,2026,4,2026/04/17,新竹市動物保護及防疫所,260417DU001-03,日本藍 海鮮蟹肉絲200g[RP006]，產品貨號/批號：2027.04.01，產品類型：零食(含潔牙骨)，產地：日本,貓,零食(含潔牙骨),,2027.04.01,雍利貿易股份有限公司
1232,24,2026,4,2026/04/17,臺北市動物保護處,260417DU002-01,南極磷蝦大肉包 冰峰鮭魚排(狗狗餐包)[VP010]，產品貨號/批號：2027.05.10，產品類型：濕糧/罐頭(含滅菌軟袋)，產地：台灣,狗,濕糧/罐頭(含滅菌軟袋),11-十一月-2025,10-五月-2027,金富錸國際寵物有限公司
1232,25,2026,4,2026/04/17,臺北市動物保護處,260417DU002-02,CIAO前濱罐系列 鰹魚+吻仔魚[VP011]，產品貨號/批號：2028.3，產品類型：濕糧/罐頭(含滅菌軟袋)，產地：泰國,貓,濕糧/罐頭(含滅菌軟袋),,2028.3,逸寶國際股份有限公司
1232,26,2026,4,2026/04/17,宜蘭縣動植物防疫所,260417DU003-01,什錦MIX貓食-頂級鮮蝦口味[BP003]，產品貨號/批號：2026.12.01，產品類型：乾糧(含半濕性糧)，產地：台灣,貓,乾糧(含半濕性糧),2025.12.02,2026.12.01,福壽實業股份有限公司
1232,27,2026,4,2026/04/17,宜蘭縣動植物防疫所,260417DU003-02,17100犬貓用嚴選小魚乾4種Mix 100g[BP004]，產品貨號/批號：2027.06，產品類型：零食(含潔牙骨)，產地：日本,狗貓,零食(含潔牙骨),,2027.06,台灣多格漫商貿股份有限公司
1232,28,2026,4,2026/04/17,宜蘭縣動植物防疫所,260417DU003-03,CIAO-SC 108 啾嚕肉泥-鮪魚+帝王蟹口味 4P[BP005]，產品貨號/批號：2027.08，產品類型：零食(含潔牙骨)，產地：日本,貓,零食(含潔牙骨),,2027.8,台灣稻葉食品股份有限公司
1232,29,2026,4,2026/04/17,花蓮縣動植物防疫所,260417DU004-01,愛慕思健康優活成貓營養配方 鮪魚及鮭魚口味[OP004]，產品貨號/批號：乾糧(含半濕性糧)，產品類型：2025.10.29，產地：泰國,貓,乾糧(含半濕性糧),29/10/2025,22/04/2027,台灣瑪氏股份有限公司
1232,30,2026,4,2026/04/17,花蓮縣動植物防疫所,260417DU004-02,超值貓食罐頭(水煮鮪魚)[OP005]，產品貨號/批號：濕糧/罐頭(含滅菌軟袋)，產品類型：2028.2.7，產地：泰國,貓,濕糧/罐頭(含滅菌軟袋),,070228,家樂福股份有限公司
1232,31,2026,4,2026/04/17,花蓮縣動植物防疫所,260417DU004-03,丹DAN 愛貓罐頭沙丁鮭魚口味[OP006]，產品貨號/批號：濕糧/罐頭(含滅菌軟袋)，產品類型：2028.8.7，產地：泰國,貓,濕糧/罐頭(含滅菌軟袋),,20280807,寶榮開發企業股份有限公司
1232,32,2026,4,2026/04/20,臺東縣動物防疫所,260420DU001-01,瑪恩吉倍愛滿滿鱈魚主食大餐 100g[NP001]，產品貨號/批號：2025.9.2/2029.9.1，產品類型：濕糧/罐頭(含滅菌軟袋)，產地：義大利,狗,濕糧/罐頭(含滅菌軟袋),09-二月-2025,09-一月-2029,柏希菲克股份有限公司
1232,33,2026,4,2026/04/20,臺東縣動物防疫所,260420DU001-02,加好寶貓罐精選沙丁魚大餐170g[NP002]，產品貨號/批號：2025.11.18/2028.11.17，產品類型：濕糧/罐頭(含滅菌軟袋)，產地：泰國,貓,濕糧/罐頭(含滅菌軟袋),18/11/25,17/11/28,好侶股份有限公司
1232,34,2026,4,2026/04/21,基隆市動物保護防疫所,260421DU001-01,長崎小魚乾 100G[QP004]，產品貨號/批號：2027.09，產品類型：零食(含潔牙骨)，產地：日本,狗貓,零食(含潔牙骨),,2027.09,雍立貿易(股)公司
1232,35,2026,4,2026/04/21,基隆市動物保護防疫所,260421DU001-02,汪喵星球 貓用滴雞精滋補主食餐包 40g 鮮雞鮭魚餐[QP005]，產品貨號/批號：2028.01.06，產品類型：濕糧/罐頭(含滅菌軟袋)，產地：台灣,貓,濕糧/罐頭(含滅菌軟袋),,2028.01.06,自力耕生股份有限公司
1232,36,2026,4,2026/04/21,基隆市動物保護防疫所,260421DU001-03,喵樂#4 魚子鮪魚燒80g[QP006]，產品貨號/批號：2028.04.25，產品類型：濕糧/罐頭(含滅菌軟袋)，產地：泰國,貓,濕糧/罐頭(含滅菌軟袋),,2028.04.25,艾澌克企業股份有限公司
1232,37,2026,4,2026/04/21,雲林縣動植物防疫所,260421DU002-01,葛莉思Cat Care貓罐-鮪魚沙丁魚[IP001]，產品貨號/批號：2024.04.04，產品類型：濕糧/罐頭(含滅菌軟袋)，產地：泰國,貓,濕糧/罐頭(含滅菌軟袋),04-四月-2024,04-三月-2027,福壽實業股份有限公司
1232,38,2026,4,2026/04/21,雲林縣動植物防疫所,260421DU002-02,多納結紮貓貓糧 海鮮牛肉口味[IP002]，產品貨號/批號：2027.08.11，產品類型：乾糧(含半濕性糧)，產地：台灣,貓,乾糧(含半濕性糧),2026.02.12,2027.08.11,寶榮開發企業股份有限公司
1232,39,2026,4,2026/04/21,雲林縣動植物防疫所,260421DU002-03,喵Bar營養貓餐罐-鮪魚+牛肉[IP003]，產品貨號/批號：2025.10.16，產品類型：濕糧/罐頭(含滅菌軟袋)，產地：泰國,貓,濕糧/罐頭(含滅菌軟袋),20251016,20281015,樺隆有限公司
1232,40,2026,4,2026/04/22,苗栗縣動物保護防疫所,260422DU001-01,自然主義草本美毛貓糧-雞肉＆鮭魚+百合根+番茄乾 全齡貓400g[EP004]，產品貨號/批號：31.07.2027，產品類型：乾糧(含半濕性糧)，產地：荷蘭,貓,乾糧(含半濕性糧),31/07/2025,31/07/2027,東森寵物雲股份有限公司
1232,41,2026,4,2026/04/22,苗栗縣動物保護防疫所,260422DU001-02,Push!365營養滿分噗滋包[EP005]，產品貨號/批號：2028.03.01，產品類型：濕糧/罐頭(含滅菌軟袋)，產地：台灣,貓,濕糧/罐頭(含滅菌軟袋),02-三月-2026,01-三月-2028,日時好食股份有限公司
1232,42,2026,4,2026/04/22,苗栗縣動物保護防疫所,260422DU001-03,瑞威肌能罐-鱈魚海瓜子[EP006]，產品貨號/批號：2025.09.02，產品類型：濕糧/罐頭(含滅菌軟袋)，產地：台灣,狗,濕糧/罐頭(含滅菌軟袋),01-九月-2025,01-九月-2028,瑞威動物科技股份有限公司
1232,43,2026,4,2026/04/27,新竹縣動物保護防疫所,260427DU001-03,全齡貓皮毛保健 雞肉+白身魚[DP003]，產品貨號/批號：2026.11.19，產品類型：乾糧(含半濕性糧)，產地：義大利,貓,乾糧(含半濕性糧),,19-十一月-2026,珍荃有限公司
1232,44,2026,4,2026/04/27,新竹縣動物保護防疫所,260427DU001-01,挑嘴全齡犬-鮪魚[DP001]，產品貨號/批號：2027.05.02，產品類型：乾糧(含半濕性糧)，產地：義大利,狗,乾糧(含半濕性糧),,02-五月-2027,婕綸企業社
1232,45,2026,4,2026/04/27,新竹縣動物保護防疫所,260427DU001-02,成長全齡犬 雞肉+魚[DP002]，產品貨號/批號：2027.04.13，產品類型：乾糧(含半濕性糧)，產地：義大利,狗,乾糧(含半濕性糧),,13-四月-2027,婕綸企業社
1232,46,2026,4,2026/04/28,新竹縣動物保護防疫所,260428DU001-01,成長全齡貓 牛肉+鮪魚+鮭魚[DP003]，產品貨號/批號：2026.11.19，產品類型：乾糧(含半濕性糧)，產地：義大利,貓,乾糧(含半濕性糧),,19-十一月-2026,婕綸企業社
1232,47,2026,4,2026/04/28,嘉義市政府,260428DU002-01,阿爾卑斯燉肉犬罐-鮭魚口味[TP006]，產品貨號/批號：16012025 L706499 21，產品類型：濕糧/罐頭(含滅菌軟袋)，產地：義大利,狗,濕糧/罐頭(含滅菌軟袋),,16 01 2029,寵兒商貿有限公司
1232,48,2026,4,2026/04/28,嘉義市政府,260428DU002-02,昆布鮭魚湯煲[TP007]，產品貨號/批號：2025107128AE282A43，產品類型：濕糧/罐頭(含滅菌軟袋)，產地：台灣,狗貓,濕糧/罐頭(含滅菌軟袋),28-七月-2025,27-一月-2027,悠遊國際實業股份有限公司
1232,49,2026,4,2026/04/28,嘉義市政府,260428DU002-03,吶一口無穀主食餐包-08號 鮭魚+綠唇貽貝[TP008]，產品貨號/批號：DE0345200 0213 BBD:22.05.2027 902.1 5，產品類型：濕糧/罐頭(含滅菌軟袋)，產地：德國,貓,濕糧/罐頭(含滅菌軟袋),,22.05.2027,豪翼行銷有限公司
1232,50,2026,4,2026/04/29,臺北市動物保護處,260429DU001-01,無膠鮮肉煲-嫩雞丁[VP012]，產品貨號/批號：2028.10.17，產品類型：濕糧/罐頭(含滅菌軟袋)，產地：泰國,狗貓,濕糧/罐頭(含滅菌軟袋),,17-十月-2028,怪獸製造有公司
