TotalCount,CountyName,SampleID,InspectionDate,FoodName,Suitable,ItemType,CompanyName,OriginCountry,ViolationDescription,DisposalSituation,SQ,SortDate,Year,Month,UpdateDate,County,CY,CM,KW,CN
4860,新北市,AP001,2024/01/18,赫緻低溫風乾健康糧《單一純肉.無骨羊肉》2lbs,犬,乾糧,珍食堡實業股份有限公司,臺灣,無,,0,2024-01-18T00:00:00,2024,1,2024-05-29T11:53:02.39,,104年1月至115年6月,1,,
4860,新北市,AP002,2024/01/18,(火雞優多)艾富鮮-火雞筋條 (75g±5%*10包入),犬,零食,珍食堡實業股份有限公司,越南,無,,0,2024-01-18T00:00:00,2024,1,2024-05-29T11:53:02.39,,104年1月至115年6月,1,,
4860,新北市,AP003,2024/01/18,TR1雞腿肉片(100g±5%),犬,零食,珍食堡實業股份有限公司,臺灣,無,,0,2024-01-18T00:00:00,2024,1,2024-05-29T11:53:02.39,,104年1月至115年6月,1,,
4860,新北市,AP004,2024/01/18,TR93 鵝肝六角小香腸(180g±5%),犬,零食,珍食堡實業股份有限公司,臺灣,無,,0,2024-01-18T00:00:00,2024,1,2024-05-29T11:53:02.39,,104年1月至115年6月,1,,
4860,新北市,AP005,2024/01/18,TR30 鴨肝夾心雞肉條(160g±5%),犬,零食,珍食堡實業股份有限公司,臺灣,無,,0,2024-01-18T00:00:00,2024,1,2024-05-29T11:53:02.39,,104年1月至115年6月,1,,
4860,臺中市,SP001,2024/01/03,葛莉絲CAT CARE 海洋口味,貓,乾糧,福壽實業股份有限公司,臺灣,標示涉誇大不實,通知業者限期改善,2,2024-01-03T00:00:00,2024,1,2024-05-29T11:53:02.39,,104年1月至115年6月,1,,
4860,臺中市,SP002,2024/01/03,博士巧思成犬專業配方,犬,乾糧,福壽實業股份有限公司,臺灣,無,,2,2024-01-03T00:00:00,2024,1,2024-05-29T11:53:02.39,,104年1月至115年6月,1,,
4860,臺中市,SP003,2024/01/03,博士巧思幼犬專業配方,犬,乾糧,福壽實業股份有限公司,臺灣,標示涉誇大不實,通知業者限期改善,2,2024-01-03T00:00:00,2024,1,2024-05-29T11:53:02.39,,104年1月至115年6月,1,,
4860,臺中市,SP004,2024/01/03,健康紀元貓食 泌尿道健康照護配方,貓,乾糧,福壽實業股份有限公司,臺灣,無,,2,2024-01-03T00:00:00,2024,1,2024-05-29T11:53:02.39,,104年1月至115年6月,1,,
4860,臺中市,SP005,2024/01/03,博士巧思低過敏專業配方,犬,乾糧,福壽實業股份有限公司,臺灣,無,,2,2024-01-03T00:00:00,2024,1,2024-05-29T11:53:02.39,,104年1月至115年6月,1,,
4860,臺南市,UP001,2024/01/11,班尼菲LID無穀狗糧(原野羊肉+有機藍莓),犬,乾糧,"班尼菲國際股份有限公司
(代工廠：保生實業股份有限公司)",臺灣,無,,4,2024-01-11T00:00:00,2024,1,2024-05-29T11:53:02.39,,104年1月至115年6月,1,,
4860,臺南市,UP002,2024/01/11,LV藍帶無穀濃縮天然貓糧,貓,乾糧,"班尼菲國際股份有限公司
(代工廠：保生實業股份有限公司)",臺灣,無,,4,2024-01-11T00:00:00,2024,1,2024-05-29T11:53:02.39,,104年1月至115年6月,1,,
4860,臺南市,UP003,2024/01/18,威仕低過敏保健貓糧,貓,乾糧,遠達國際有限公司,臺灣,無,,4,2024-01-18T00:00:00,2024,1,2024-05-29T11:53:02.39,,104年1月至115年6月,1,,
4860,臺南市,UP004,2024/01/18,威仕安心糧-牛肉風味(成犬齡適用),犬,乾糧,遠達國際有限公司,臺灣,無,,4,2024-01-18T00:00:00,2024,1,2024-05-29T11:53:02.39,,104年1月至115年6月,1,,
4860,臺南市,UP005,2024/01/22,寶多福-健康機能系列 無憂好心情配方(全齡犬),犬,乾糧,統一企業(股)公司 ,臺灣,無,,4,2024-01-22T00:00:00,2024,1,2024-05-29T11:53:02.39,,104年1月至115年6月,1,,
4860,高雄市,WP001,2024/01/08,馬鈴薯雞腿,犬、貓,零食,正成寵物有限公司,臺灣,無,,6,2024-01-08T00:00:00,2024,1,2024-05-29T11:53:02.39,,104年1月至115年6月,1,,
4860,高雄市,WP002,2024/01/08,南瓜雞腿,犬、貓,零食,正成寵物有限公司,臺灣,無,,6,2024-01-08T00:00:00,2024,1,2024-05-29T11:53:02.39,,104年1月至115年6月,1,,
4860,高雄市,WP003,2024/01/08,紅蘿蔔雞腿,犬、貓,零食,正成寵物有限公司,臺灣,無,,6,2024-01-08T00:00:00,2024,1,2024-05-29T11:53:02.39,,104年1月至115年6月,1,,
4860,高雄市,WP004,2024/01/08,地瓜雞腿,犬、貓,零食,正成寵物有限公司,臺灣,無,,6,2024-01-08T00:00:00,2024,1,2024-05-29T11:53:02.39,,104年1月至115年6月,1,,
4860,高雄市,WP005,2024/01/08,鵪鶉蛋雞腿,犬、貓,零食,正成寵物有限公司,臺灣,無,,6,2024-01-08T00:00:00,2024,1,2024-05-29T11:53:02.39,,104年1月至115年6月,1,,
4860,桃園市,CP001,2024/01/15,陪心無穀低敏貓糧-海魚野莓口味,貓,乾糧,唯寵股份有限公司,臺灣,無,,8,2024-01-15T00:00:00,2024,1,2024-05-29T11:53:02.39,,104年1月至115年6月,1,,
4860,桃園市,CP002,2024/01/15,陪心無穀低碳犬糧-雞肉鮮蔬口味,犬,乾糧,唯寵股份有限公司,臺灣,無,,8,2024-01-15T00:00:00,2024,1,2024-05-29T11:53:02.39,,104年1月至115年6月,1,,
4860,桃園市,CP003,2024/01/15,陪心無穀低碳貓糧-鮮雞野莓口味,貓,乾糧,唯寵股份有限公司,臺灣,無,,8,2024-01-15T00:00:00,2024,1,2024-05-29T11:53:02.39,,104年1月至115年6月,1,,
4860,桃園市,CP004,2024/01/15,陪心無穀低敏犬糧-魚肉鮮蔬口味,犬,乾糧,唯寵股份有限公司,臺灣,無,,8,2024-01-15T00:00:00,2024,1,2024-05-29T11:53:02.39,,104年1月至115年6月,1,,
4860,桃園市,CP005,2024/01/15,陪心無穀低敏犬糧-羊肉鮮蔬口味,犬,乾糧,唯寵股份有限公司,臺灣,無,,8,2024-01-15T00:00:00,2024,1,2024-05-29T11:53:02.39,,104年1月至115年6月,1,,
4860,彰化縣,GP001,2024/01/26,優格鮮肉佐餐凍乾-雞肉+鮭魚,貓,零食,"艾澌克企業股份有限公司
(代工廠：達欣生物科技股份有限公司)",臺灣,無,,12,2024-01-26T00:00:00,2024,1,2024-05-29T11:53:02.39,,104年1月至115年6月,1,,
4860,彰化縣,GP002,2024/01/26,ZIMPLE呼嚕凍乾#1嫩雞柳,貓,零食,"艾澌克企業股份有限公司
(代工廠：達欣生物科技股份有限公司)",臺灣,無,,12,2024-01-26T00:00:00,2024,1,2024-05-29T11:53:02.39,,104年1月至115年6月,1,,
4860,彰化縣,GP003,2024/01/26,Chillpet敲派 佐餐開胃粉,貓,乾糧,"艾澌克企業股份有限公司
(代工廠：達欣生物科技股份有限公司)",臺灣,無,,12,2024-01-26T00:00:00,2024,1,2024-05-29T11:53:02.39,,104年1月至115年6月,1,,
4860,彰化縣,GP004,2024/01/26,in+plus,犬,營養補充品,"艾澌克企業股份有限公司
(代工廠：達欣生物科技股份有限公司)",臺灣,無,,12,2024-01-26T00:00:00,2024,1,2024-05-29T11:53:02.39,,104年1月至115年6月,1,,
4860,彰化縣,GP005,2024/01/26,ZIMPLE呼嚕凍乾#2骰子牛,貓,零食,"艾澌克企業股份有限公司
(代工廠：達欣生物科技股份有限公司)",臺灣,無,,12,2024-01-26T00:00:00,2024,1,2024-05-29T11:53:02.39,,104年1月至115年6月,1,,
4860,屏東縣,MP001,2024/01/03,南方狗飼料,犬,乾糧,德亨工業股份有限公司,臺灣,未確實申報,通知業者限期改善,16,2024-01-03T00:00:00,2024,1,2024-05-29T11:53:02.39,,104年1月至115年6月,1,,
4860,屏東縣,MP002,2024/01/12,南南鹿香鬆,犬、貓,零食,食尚好國際企業有限公司,臺灣,未確實申報,通知業者限期改善,16,2024-01-12T00:00:00,2024,1,2024-05-29T11:53:02.39,,104年1月至115年6月,1,,
4860,屏東縣,MP003,2024/01/12,慢燉羊肉,犬、貓,濕糧,食尚好國際企業有限公司,臺灣,未確實申報,通知業者限期改善,16,2024-01-12T00:00:00,2024,1,2024-05-29T11:53:02.39,,104年1月至115年6月,1,,
4860,屏東縣,MP004,2024/01/12,爆毛鱉蛋雞肉條,犬、貓,零食,食尚好國際企業有限公司,臺灣,無,,16,2024-01-12T00:00:00,2024,1,2024-05-29T11:53:02.39,,104年1月至115年6月,1,,
4860,屏東縣,MP005,2024/01/12,原野鮮雞凍晶寵糧,犬,乾糧,食尚好國際企業有限公司,臺灣,無,,16,2024-01-12T00:00:00,2024,1,2024-05-29T11:53:02.39,,104年1月至115年6月,1,,
4860,新北市,AP052,2024/10/07,【寵鮮包】單一肉源 鴨肉配方 140g,犬,生鮮、冷凍,原合股份有限公司,臺灣,無,無,0,2024-10-07T00:00:00,2024,10,2024-12-03T14:34:41.64,,104年1月至115年6月,1,,
4860,新北市,AP053,2024/10/07,汪喵星球 - 犬用鮮食餐包 閃亮羊腿佐丁香魚鱉蛋 (毛髮亮麗配方) 150g,犬,生鮮、冷凍,自力耕生股份有限公司,臺灣,無,無,0,2024-10-07T00:00:00,2024,10,2024-12-03T14:34:41.64,,104年1月至115年6月,1,,
4860,臺北市,,2024/10/25,汪喵星球-貓用冷凍生食餐安心雞,貓,生鮮、冷凍,自力耕生股份有限公司,臺灣,無,無,1,2024-10-25T00:00:00,2024,10,2024-12-03T14:34:41.64,,104年1月至115年6月,1,,
4860,臺北市,,2024/10/25,汪事如意 黃金雞 日式紅豆飯,犬,生鮮、冷凍,寵愛有家股份有限公司,臺灣,無,無,1,2024-10-25T00:00:00,2024,10,2024-12-03T14:34:41.64,,104年1月至115年6月,1,,
4860,臺北市,,2024/10/25,汪事如意 雞肉親子丼 無榖主餐,犬,生鮮、冷凍,寵愛有家股份有限公司,臺灣,無,無,1,2024-10-25T00:00:00,2024,10,2024-12-03T14:34:41.64,,104年1月至115年6月,1,,
4860,臺北市,,2024/10/25,護眼鮮蔬包,犬、貓,生鮮、冷凍,寵愛有家股份有限公司,臺灣,無,無,1,2024-10-25T00:00:00,2024,10,2024-12-03T14:34:41.64,,104年1月至115年6月,1,,
4860,臺北市,,2024/10/25,B博士冰鮮生食-羊肉食譜(犬用),犬,生鮮、冷凍,嵩颺有限公司,臺灣,無,無,1,2024-10-25T00:00:00,2024,10,2024-12-03T14:34:41.64,,104年1月至115年6月,1,,
4860,臺北市,,2024/10/25,B博士冰鮮生食-雞肉食譜(犬用),犬,生鮮、冷凍,嵩颺有限公司,臺灣,無,無,1,2024-10-25T00:00:00,2024,10,2024-12-03T14:34:41.64,,104年1月至115年6月,1,,
4860,臺北市,,2024/10/25,牛肉紅蘿蔔燕麥鮮食包,犬,生鮮、冷凍,毛肉毛求有限公司,臺灣,無,無,1,2024-10-25T00:00:00,2024,10,2024-12-03T14:34:41.64,,104年1月至115年6月,1,,
4860,臺北市,,2024/10/25,羊肉南瓜燕麥鮮食包,犬,生鮮、冷凍,毛肉毛求有限公司,臺灣,無,無,1,2024-10-25T00:00:00,2024,10,2024-12-03T14:34:41.64,,104年1月至115年6月,1,,
4860,臺北市,,2024/10/25,寵物無榖鮮食主餐-無榖鮭魚,犬、貓,生鮮、冷凍,沛麋股份有限公司,臺灣,無,無,1,2024-10-25T00:00:00,2024,10,2024-12-03T14:34:41.64,,104年1月至115年6月,1,,
4860,臺北市,,2024/10/25,寵物無榖鮮食主餐-無榖豬肉,犬、貓,生鮮、冷凍,沛麋股份有限公司,臺灣,無,無,1,2024-10-25T00:00:00,2024,10,2024-12-03T14:34:41.64,,104年1月至115年6月,1,,
4860,臺中市,,2024/10/11,Keptbaby 吃軟飯-懶潛鬼頭刀,貓,生鮮、冷凍,碰億馬鈴吉有限公司,臺灣,無,無,2,2024-10-11T00:00:00,2024,10,2024-12-03T14:34:41.64,,104年1月至115年6月,1,,
4860,臺中市,,2024/10/11,午夜饗宴 雞鴨煲湯主食餐包,貓,生鮮、冷凍,寵愛國際行銷有限公司,泰國,未依規標示申報,10月29日含轉新北市動保處辦理,2,2024-10-11T00:00:00,2024,10,2024-12-03T14:34:41.64,,104年1月至115年6月,1,,
4860,臺中市,,2024/10/11,環遊世界鮮寵包-韓式春川炒雞,犬,生鮮、冷凍,唯寵股份有限公司,臺灣,未依規標示,10月29日含轉新北市動保處辦理,2,2024-10-11T00:00:00,2024,10,2024-12-03T14:34:41.64,,104年1月至115年6月,1,,
4860,臺中市,,2024/10/11,漢草本 古法熬製燉雞湯,犬、貓,生鮮、冷凍,毛寶印有限公司,臺灣,未依規標示,10月28日函文業者45日內改善,2,2024-10-11T00:00:00,2024,10,2024-12-03T14:34:41.64,,104年1月至115年6月,1,,
4860,臺中市,,2024/10/11,冰島 經典低磷餐包 鮮燉鮪魚泥,貓,生鮮、冷凍,碩達豐貿易有限公司,泰國,未依規標示申報,10月29日含轉新北市動保處辦理,2,2024-10-11T00:00:00,2024,10,2024-12-03T14:34:41.64,,104年1月至115年6月,1,,
4860,臺中市,,2024/10/11,貓倍麗 鮪魚蟹肉銀魚極品鮮湯,貓,生鮮、冷凍,台灣雀巢股份有限公司,泰國,無,無,2,2024-10-11T00:00:00,2024,10,2024-12-03T14:34:41.64,,104年1月至115年6月,1,,
4860,臺中市,,2024/10/11,義大利啟蒙主食狗餐包-雞肉+火雞肉,犬,生鮮、冷凍,品果國際行銷有限公司,義大利,無,無,2,2024-10-11T00:00:00,2024,10,2024-12-03T14:34:41.64,,104年1月至115年6月,1,,
4860,臺中市,,2024/10/11,純粹寵物滴雞精,犬、貓,生鮮、冷凍,毛能寵物營養生技股份有限公司,臺灣,未依規申報,10月25日函請業者15日內改善業者已於10月30日回函,2,2024-10-11T00:00:00,2024,10,2024-12-03T14:34:41.64,,104年1月至115年6月,1,,
4860,臺中市,,2024/10/11,西沙 蒸鮮包 成犬低脂雞肉口味,犬,生鮮、冷凍,台灣瑪氏股份有限公司,泰國,無,無,2,2024-10-11T00:00:00,2024,10,2024-12-03T14:34:41.64,,104年1月至115年6月,1,,
4860,臺中市,,2024/10/11,偉嘉 妙鮮包 鮪魚(吞拿魚)口味,貓,生鮮、冷凍,台灣瑪氏股份有限公司,泰國,無,無,2,2024-10-11T00:00:00,2024,10,2024-12-03T14:34:41.64,,104年1月至115年6月,1,,
4860,臺中市,SP038,2025/11/02,寵膳鮮味主食包(養腎保健配方)清燉鰹魚溏羊雞,貓,濕糧,樂健生活有限公司(委製商),臺灣,未依規定標示,11月1日函請業者46日內改善,2,2025-11-02T00:00:00,2024,10,2024-12-03T14:34:41.64,,104年1月至115年6月,1,,
4860,臺中市,SP037,2025/11/05,寵膳鮮味主食包(養腎護肝配方)鮪魚鱉蛋燉香鴨,犬,濕糧,樂健生活有限公司(委製商),臺灣,未依規定標示,11月1日函請業者45日內改善,2,2025-11-05T00:00:00,2024,10,2024-12-03T14:34:41.64,,104年1月至115年6月,1,,
4860,高雄市,WP034,2024/10/07,渴望新鮮鮪魚凍乾,犬、貓,零食,加拿大渴望寵物食品股份有限公司,臺灣,無,無,6,2024-10-07T00:00:00,2024,10,2024-12-03T14:34:41.64,,104年1月至115年6月,1,,
4860,高雄市,WP035,2024/10/07,渴望新鮮鮪魚佐白蝦凍乾,犬、貓,零食,加拿大渴望寵物食品股份有限公司,臺灣,無,無,6,2024-10-07T00:00:00,2024,10,2024-12-03T14:34:41.64,,104年1月至115年6月,1,,
4860,高雄市,,2024/10/07,怪獸卡滋原肉零食(魷魚片),犬、貓,零食,怪獸製造有限公司,臺灣,無,無,6,2024-10-07T00:00:00,2024,10,2024-12-03T14:34:41.64,,104年1月至115年6月,1,,
4860,高雄市,,2024/10/07,怪獸卡滋原肉零食(牛肉片),犬、貓,零食,怪獸製造有限公司,臺灣,無,無,6,2024-10-07T00:00:00,2024,10,2024-12-03T14:34:41.64,,104年1月至115年6月,1,,
4860,高雄市,,2024/10/07,鮮開凍 meow 貓咪冷凍乾燥生食餐 羊肉+帝王鮭50g,貓,零食,咆陪喵有限公司,紐西蘭,無,無,6,2024-10-07T00:00:00,2024,10,2024-12-03T14:34:41.64,,104年1月至115年6月,1,,
4860,高雄市,,2024/10/07,鮮開凍 meow 貓咪冷凍乾燥生食餐 鹿肉50g,貓,零食,咆陪喵有限公司,紐西蘭,無,無,6,2024-10-07T00:00:00,2024,10,2024-12-03T14:34:41.64,,104年1月至115年6月,1,,
4860,桃園市,,2024/10/09,純粹吃肉肉－黃金雞,犬、貓,濕糧,寵愛有家股份有限公司,臺灣,無,無,8,2024-10-09T00:00:00,2024,10,2024-12-03T14:34:41.64,,104年1月至115年6月,1,,
4860,桃園市,,2024/10/09,義大利麵－迷迭香嫩雞,犬、貓,濕糧,寵愛有家股份有限公司,臺灣,無,無,8,2024-10-09T00:00:00,2024,10,2024-12-03T14:34:41.64,,104年1月至115年6月,1,,
4860,桃園市,,2024/10/09,義大利麵－波隆納番茄牛肉,犬、貓,濕糧,寵愛有家股份有限公司,臺灣,無,無,8,2024-10-09T00:00:00,2024,10,2024-12-03T14:34:41.64,,104年1月至115年6月,1,,
4860,桃園市,,2024/10/09,生日蛋糕－閃亮小星星,犬、貓,濕糧,寵愛有家股份有限公司,臺灣,未完成寵物食品申報,依本處113年10月15日桃動四字第1130008262號函令業者限期改善,8,2024-10-09T00:00:00,2024,10,2024-12-03T14:34:41.64,,104年1月至115年6月,1,,
4860,桃園市,,2024/10/09,雞肉極鮮包,犬,濕糧,悠遊國際實業股份有限公司,臺灣,無,無,8,2024-10-09T00:00:00,2024,10,2024-12-03T14:34:41.64,,104年1月至115年6月,1,,
4860,桃園市,,2024/10/09,牛肉極鮮包,犬,濕糧,悠遊國際實業股份有限公司,臺灣,無,無,8,2024-10-09T00:00:00,2024,10,2024-12-03T14:34:41.64,,104年1月至115年6月,1,,
4860,桃園市,,2024/10/09,豚肉極鮮包,犬,濕糧,悠遊國際實業股份有限公司,臺灣,無,無,8,2024-10-09T00:00:00,2024,10,2024-12-03T14:34:41.64,,104年1月至115年6月,1,,
4860,桃園市,,2024/10/09,BIG DOG BARF巴夫貓用生食肉餅（袋鼠肉口味）,貓,濕糧,鍾慶貿易股份有限公司,澳洲,無,無,8,2024-10-09T00:00:00,2024,10,2024-12-03T14:34:41.64,,104年1月至115年6月,1,,
4860,桃園市,,2024/10/09,BIG DOG BARF巴夫犬貓生食肉餅（舒敏護膚口味）,犬、貓,濕糧,鍾慶貿易股份有限公司,澳洲,無,無,8,2024-10-09T00:00:00,2024,10,2024-12-03T14:34:41.64,,104年1月至115年6月,1,,
4860,桃園市,,2024/10/09,BIG DOG BARF巴夫犬用生食肉餅（火雞肉口味）,犬,濕糧,鍾慶貿易股份有限公司,澳洲,無,無,8,2024-10-09T00:00:00,2024,10,2024-12-03T14:34:41.64,,104年1月至115年6月,1,,
4860,新竹縣,DP006,2024/10/09,汪喵星球貓咪冷凍乾燥生食餐-無骨安心雞,貓,生鮮、冷凍,自力耕生股份有限公司,臺灣,無,無,10,2024-10-09T00:00:00,2024,10,2024-12-03T14:34:41.64,,104年1月至115年6月,1,,
4860,新竹縣,DP007,2024/10/09,卡尼生肉餐牛肉生肉餐-犬貓生食,犬、貓,生鮮、冷凍,圓寵有限公司,臺灣,無,無,10,2024-10-09T00:00:00,2024,10,2024-12-03T14:34:41.64,,104年1月至115年6月,1,,
4860,新竹縣,DP008,2024/10/09,OKI生鮮食肉骨餅,犬,生鮮、冷凍,法娃國際股份有限公司,臺灣,無,無,10,2024-10-09T00:00:00,2024,10,2024-12-03T14:34:41.64,,104年1月至115年6月,1,,
4860,新竹縣,,2024/10/09,Canine Caviar卡維爾高機能犬糧-鯡魚藜麥,犬,乾糧,竣百有限公司,美國,無,無,10,2024-10-09T00:00:00,2024,10,2024-12-03T14:34:41.64,,104年1月至115年6月,1,,
4860,新竹縣,,2024/10/09,森鮮天然無穀低敏-全貓雞肉配方,貓,乾糧,紐西蘭森鮮有限公司,紐西蘭,無,無,10,2024-10-09T00:00:00,2024,10,2024-12-03T14:34:41.64,,104年1月至115年6月,1,,
4860,新竹縣,,2024/10/14,渴望海陸龍蝦貓,貓,乾糧,加拿大渴望寵物食品股份有限公司,加拿大,無,無,10,2024-10-14T00:00:00,2024,10,2024-12-03T14:34:41.64,,104年1月至115年6月,1,,
4860,新竹縣,,2024/10/14,健康紀元寵食挑嘴犬專用配方-雞肉口味,犬,乾糧,福壽實業股份有限公司,臺灣,無,無,10,2024-10-14T00:00:00,2024,10,2024-12-03T14:34:41.64,,104年1月至115年6月,1,,
4860,新竹縣,,2024/10/14,健康紀元寵食挑嘴犬專用配方-牛肉口味-,犬,乾糧,福壽實業股份有限公司,臺灣,無,無,10,2024-10-14T00:00:00,2024,10,2024-12-03T14:34:41.64,,104年1月至115年6月,1,,
4860,新竹縣,,2024/10/14,健康紀元寵食 挑嘴貓專用配方-鰹魚口味,貓,乾糧,福壽實業股份有限公司,臺灣,無,無,10,2024-10-14T00:00:00,2024,10,2024-12-03T14:34:41.64,,104年1月至115年6月,1,,
4860,新竹縣,,2024/10/14,健康紀元寵食 挑嘴貓專用配方-鮭魚口味,貓,乾糧,福壽實業股份有限公司,臺灣,無,無,10,2024-10-14T00:00:00,2024,10,2024-12-03T14:34:41.64,,104年1月至115年6月,1,,
4860,新竹縣,,2024/10/15,嘿囉成貓無穀雞肉,貓,乾糧,盛貿寵物股份有限公司,美國,無,無,10,2024-10-15T00:00:00,2024,10,2024-12-03T14:34:41.64,,104年1月至115年6月,1,,
4860,新竹縣,,2024/10/15,嘿囉成犬無穀雞肉,犬,乾糧,盛貿寵物股份有限公司,美國,無,無,10,2024-10-15T00:00:00,2024,10,2024-12-03T14:34:41.64,,104年1月至115年6月,1,,
4860,新竹縣,,2024/10/15,歐娜特無穀天然鮮肉糧-放牧小羔羊低敏配方,犬,乾糧,瀚揚國際股份有限公司,西班牙,無,無,10,2024-10-15T00:00:00,2024,10,2024-12-03T14:34:41.64,,104年1月至115年6月,1,,
4860,苗栗縣,,2024/10/14,美膚術 雞肉牛肉丸 100gX2包,犬、貓,生鮮、冷凍,寵愛有家股份有限公司,臺灣,申報資訊有誤,通知業者限期改善,11,2024-10-14T00:00:00,2024,10,2024-12-03T14:34:41.64,,104年1月至115年6月,1,,
4860,苗栗縣,EP010,2024/10/14,純粹吃肉肉 黃金雞 100gX2包,犬、貓,生鮮、冷凍,寵愛有家股份有限公司,臺灣,申報資訊有誤,通知業者限期改善,11,2024-10-14T00:00:00,2024,10,2024-12-03T14:34:41.64,,104年1月至115年6月,1,,
4860,苗栗縣,EP011,2024/10/15,卡尼生肉餐 羊肉生肉餐-犬貓生食,犬、貓,生鮮、冷凍,圓寵有限公司,臺灣,無,無,11,2024-10-15T00:00:00,2024,10,2024-12-03T14:34:41.64,,104年1月至115年6月,1,,
4860,苗栗縣,EP012,2024/10/15,卡尼生肉餐 鹿肉生肉餐-犬貓生食,犬、貓,生鮮、冷凍,圓寵有限公司,臺灣,無,無,11,2024-10-15T00:00:00,2024,10,2024-12-03T14:34:41.64,,104年1月至115年6月,1,,
4860,苗栗縣,EP013,2024/10/15,雞肉捲捲 鈣多多芝麻 100gX2包,犬、貓,生鮮、冷凍,寵愛有家股份有限公司,臺灣,申報資訊有誤,通知業者限期改善,11,2024-10-15T00:00:00,2024,10,2024-12-03T14:34:41.64,,104年1月至115年6月,1,,
4860,苗栗縣,EP014,2024/10/15,田園哞哞牛 100gX2包,犬,生鮮、冷凍,寵愛有家股份有限公司,臺灣,申報資訊有誤,通知業者限期改善,11,2024-10-15T00:00:00,2024,10,2024-12-03T14:34:41.64,,104年1月至115年6月,1,,
4860,苗栗縣,EP015,2024/10/15,純粹吃肉肉 櫻桃鴨 100gX2包,犬、貓,生鮮、冷凍,寵愛有家股份有限公司,臺灣,申報資訊有誤,通知業者限期改善,11,2024-10-15T00:00:00,2024,10,2024-12-03T14:34:41.64,,104年1月至115年6月,1,,
4860,彰化縣,,2024/10/01,3958GIM23 犬 腸胃道低卡路里配方 2KG,犬,乾糧,台灣皇家寵物食品有限公司,法國,無,無,12,2024-10-01T00:00:00,2024,10,2024-12-03T14:34:41.64,,104年1月至115年6月,1,,
4860,彰化縣,,2024/10/01,特百滋凍乾三重奏 成幼犬 低敏羊肉配方 2lb,犬,乾糧,艾澌克企業股份有限公司,加拿大,無,無,12,2024-10-01T00:00:00,2024,10,2024-12-03T14:34:41.64,,104年1月至115年6月,1,,
4860,彰化縣,,2024/10/01,特百滋凍乾三重奏 熟齡犬 低敏雞肉配方 2lb,犬,乾糧,艾澌克企業股份有限公司,加拿大,無,無,12,2024-10-01T00:00:00,2024,10,2024-12-03T14:34:41.64,,104年1月至115年6月,1,,
4860,彰化縣,,2024/10/01,海陸饗宴太平洋鮭魚海鮮配方 2.27kg,犬,乾糧,博東客企業有限公司,美國,無,無,12,2024-10-01T00:00:00,2024,10,2024-12-03T14:34:41.64,,104年1月至115年6月,1,,
4860,彰化縣,,2024/10/01,莫比L25羊肉米成犬食譜7.5kg,犬,乾糧,博東客企業有限公司,美國,無,無,12,2024-10-01T00:00:00,2024,10,2024-12-03T14:34:41.64,,104年1月至115年6月,1,,
4860,彰化縣,,2024/10/01,莫比C25雞肉米低卡關節食譜7.5kg,犬,乾糧,博東客企業有限公司,美國,無,無,12,2024-10-01T00:00:00,2024,10,2024-12-03T14:34:41.64,,104年1月至115年6月,1,,
4860,彰化縣,,2024/10/04,大脆皮片(量販包),犬,潔牙骨,唯皮實業有限公司,臺灣,違反動物保護法第22條之5第1項第7款規定,發文給業者限期改善,12,2024-10-04T00:00:00,2024,10,2024-12-03T14:34:41.64,,104年1月至115年6月,1,,
4860,彰化縣,,2024/10/04,博士巧思無穀犬食-羊肉地瓜,犬,乾糧,福壽實業股份有限公司,臺灣,無,無,12,2024-10-04T00:00:00,2024,10,2024-12-03T14:34:41.64,,104年1月至115年6月,1,,
4860,彰化縣,,2024/10/04,博士巧思無榖犬食-7+熟齡專屬保健配方,犬,乾糧,福壽實業股份有限公司,臺灣,違反動物保護法第22條之5第2項相關規定,發文給所轄地方行政機關依權責卓處,12,2024-10-04T00:00:00,2024,10,2024-12-03T14:34:41.64,,104年1月至115年6月,1,,
4860,彰化縣,,2024/10/04,博士巧思無榖犬食-鮭魚馬鈴薯,犬,乾糧,福壽實業股份有限公司,臺灣,違反動物保護法第22條之5第2項相關規定,發文給所轄地方行政機關依權責卓處,12,2024-10-04T00:00:00,2024,10,2024-12-03T14:34:41.64,,104年1月至115年6月,1,,
4860,彰化縣,,2024/10/07,CIAO啾嚕管狀肉泥-鮪魚&化毛照護,貓,零食,台灣生活良好國際股份有限公司,日本,無,無,12,2024-10-07T00:00:00,2024,10,2024-12-03T14:34:41.64,,104年1月至115年6月,1,,
4860,彰化縣,,2024/10/07,CIAO啾嚕管狀肉泥-鮪魚,貓,零食,台灣生活良好國際股份有限公司,日本,無,無,12,2024-10-07T00:00:00,2024,10,2024-12-03T14:34:41.64,,104年1月至115年6月,1,,
4860,彰化縣,,2024/10/08,丹尼爾潔牙骨系列綠茶潔牙骨,犬,潔牙骨,長呈實業股份有限公司,臺灣,違反動物保護法第22條之3第1項與第22條之5第1項第7款與第8款規定,發文給業者限期改善,12,2024-10-08T00:00:00,2024,10,2024-12-03T14:34:41.64,,104年1月至115年6月,1,,
4860,彰化縣,,2024/10/08,韓國 NATURAL CORE 自然核心 bene系列貓糧-3012雞肉+鮭魚1.5kg,犬,乾糧,新寵兒寵物股份有限公司,韓國,違反動物保護法第22條之5第1項第2款規定,發文給業者限期改善,12,2024-10-08T00:00:00,2024,10,2024-12-03T14:34:41.64,,104年1月至115年6月,1,,
4860,彰化縣,,2024/10/22,深海鮪魚罐 鮪魚+雞肉,犬,濕糧,松曜國際有限公司,泰國,無,無,12,2024-10-22T00:00:00,2024,10,2024-12-03T14:34:41.64,,104年1月至115年6月,1,,
4860,彰化縣,,2024/10/22,深海鮪魚罐 純鮪魚,犬,濕糧,松曜國際有限公司,泰國,無,無,12,2024-10-22T00:00:00,2024,10,2024-12-03T14:34:41.64,,104年1月至115年6月,1,,
4860,彰化縣,,2024/10/22,沛品世家嫩雞風味,犬,乾糧,奪標寵物用品總匯,泰國,違反動物保護法第22條之3規定,發文給業者限期改善,12,2024-10-22T00:00:00,2024,10,2024-12-03T14:34:41.64,,104年1月至115年6月,1,,
4860,彰化縣,,2024/10/22,沛品世家海陸風味,犬,乾糧,奪標寵物用品總匯,泰國,違反動物保護法第22條之3規定,發文給業者限期改善,12,2024-10-22T00:00:00,2024,10,2024-12-03T14:34:41.64,,104年1月至115年6月,1,,
4860,彰化縣,,2024/10/22,柏洛斯Beruse狗罐牛肉左胡蘿蔔風味,犬,濕糧,喬泰寵物用品企業有限公司,泰國,違反動物保護法第22條之3規定,發文給業者限期改善,12,2024-10-22T00:00:00,2024,10,2024-12-03T14:34:41.64,,104年1月至115年6月,1,,
4860,彰化縣,,2024/10/22,柏洛斯Beruse狗罐豪華總匯風味,犬,濕糧,喬泰寵物用品企業有限公司,泰國,違反動物保護法第22條之3規定,發文給業者限期改善,12,2024-10-22T00:00:00,2024,10,2024-12-03T14:34:41.64,,104年1月至115年6月,1,,
4860,彰化縣,,2024/10/22,vosto 機能主食餐包 雞肉+蘋果,犬,濕糧,莫尼國際貿易有限公司,泰國,無,無,12,2024-10-22T00:00:00,2024,10,2024-12-03T14:34:41.64,,104年1月至115年6月,1,,
4860,彰化縣,,2024/10/22,vosto 肉食無殼罐 雞肉+蘋果+番茄,犬,濕糧,莫尼國際貿易有限公司,泰國,無,無,12,2024-10-22T00:00:00,2024,10,2024-12-03T14:34:41.64,,104年1月至115年6月,1,,
4860,彰化縣,,2024/10/22,vosto 鮪魚條 扇貝味,貓,濕糧,莫尼國際貿易有限公司,泰國,無,無,12,2024-10-22T00:00:00,2024,10,2024-12-03T14:34:41.64,,104年1月至115年6月,1,,
4860,彰化縣,,2024/10/22,vosto 肉食無殼罐 雞肉+起司+南瓜,犬,濕糧,莫尼國際貿易有限公司,泰國,無,無,12,2024-10-22T00:00:00,2024,10,2024-12-03T14:34:41.64,,104年1月至115年6月,1,,
4860,南投縣,HP007,2024/09/23,BUTCH BLACK LABEL(黑標),犬,生鮮、冷凍,新武國際有限公司,紐西蘭,無,無,13,2024-09-23T00:00:00,2024,10,2024-12-03T14:34:41.64,,104年1月至115年6月,1,,
4860,南投縣,,2024/09/23,老北戰斧雞腿,犬、貓,生鮮、冷凍,水膜婗有限公司,臺灣,無,無,13,2024-09-23T00:00:00,2024,10,2024-12-03T14:34:41.64,,104年1月至115年6月,1,,
4860,南投縣,,2024/09/23,鮮肉大廚化骨雞腿,犬、貓,生鮮、冷凍,強普股份有限公司,臺灣,無,無,13,2024-09-23T00:00:00,2024,10,2024-12-03T14:34:41.64,,104年1月至115年6月,1,,
4860,南投縣,,2024/09/23,鮮嫩牛肉堡佐高纖地瓜,犬、貓,生鮮、冷凍,鉅旺國際股份有限公司,臺灣,無,無,13,2024-09-23T00:00:00,2024,10,2024-12-03T14:34:41.64,,104年1月至115年6月,1,,
4860,南投縣,HP008,2024/10/25,汪享化骨雞腿,犬、貓,生鮮、冷凍,洽富實業股份有限公司,臺灣,無,無,13,2024-10-25T00:00:00,2024,10,2024-12-03T14:34:41.64,,104年1月至115年6月,1,,
4860,南投縣,HP009,2024/10/25,鮮嫩牛肉堡佐歐風紅醬,犬、貓,生鮮、冷凍,鉅旺國際股份有限公司,臺灣,無,無,13,2024-10-25T00:00:00,2024,10,2024-12-03T14:34:41.64,,104年1月至115年6月,1,,
4860,南投縣,,2024/10/25,南極磷蝦大肉包 谷風雞大腿,犬,生鮮、冷凍,金富錸國際寵物有限公司,臺灣,無,無,13,2024-10-25T00:00:00,2024,10,2024-12-03T14:34:41.64,,104年1月至115年6月,1,,
4860,南投縣,,2024/10/25,昆布鮭魚湯煲,犬、貓,生鮮、冷凍,悠遊國際實業股份有限公司,臺灣,無,無,13,2024-10-25T00:00:00,2024,10,2024-12-03T14:34:41.64,,104年1月至115年6月,1,,
4860,南投縣,,2024/10/25,主食鮮肉包,犬,生鮮、冷凍,麥可貿易有限公司,德國,無,無,13,2024-10-25T00:00:00,2024,10,2024-12-03T14:34:41.64,,104年1月至115年6月,1,,
4860,雲林縣,,2024/09/11,雞肉鮮食,犬、貓,生鮮、冷凍,好嘉在企業社,臺灣,無,無,14,2024-09-11T00:00:00,2024,10,2024-12-03T14:34:41.64,,104年1月至115年6月,1,,
4860,雲林縣,,2024/09/12,鯛魚鮮食,犬、貓,生鮮、冷凍,好嘉在企業社,臺灣,無,無,14,2024-09-12T00:00:00,2024,10,2024-12-03T14:34:41.64,,104年1月至115年6月,1,,
4860,雲林縣,,2024/09/25,羊肉鮮食,犬、貓,生鮮、冷凍,好嘉在企業社,臺灣,無,無,14,2024-09-25T00:00:00,2024,10,2024-12-03T14:34:41.64,,104年1月至115年6月,1,,
4860,雲林縣,,2024/09/25,牛肉鮮食,犬、貓,生鮮、冷凍,好嘉在企業社,臺灣,無,無,14,2024-09-25T00:00:00,2024,10,2024-12-03T14:34:41.64,,104年1月至115年6月,1,,
4860,雲林縣,,2024/09/27,鹿肉鮮食,犬、貓,生鮮、冷凍,好嘉在企業社,臺灣,無,無,14,2024-09-27T00:00:00,2024,10,2024-12-03T14:34:41.64,,104年1月至115年6月,1,,
4860,雲林縣,,2024/10/04,有魚貓餐罐（鮪魚+小魚乾）,貓,濕糧（水分含量65℅以上）,台灣惜時有限公司,泰國,無,無,14,2024-10-04T00:00:00,2024,10,2024-12-03T14:34:41.64,,104年1月至115年6月,1,,
4860,雲林縣,,2024/10/04,烤一百番烤雞腿肉片,犬,零食、潔牙骨,王品寵物用品有限公司,臺灣,無,無,14,2024-10-04T00:00:00,2024,10,2024-12-03T14:34:41.64,,104年1月至115年6月,1,,
4860,屏東縣,MP018,2024/10/08,驕傲貓-貓犬共享鮭魚羊奶生肉凍乾主食餐,犬、貓,乾糧(凍乾),台灣愛邦仕實業有限公司,泰國,無,無,16,2024-10-08T00:00:00,2024,10,2024-12-03T14:34:41.64,,104年1月至115年6月,1,,
4860,屏東縣,MP019,2024/10/08,B博士 冰鮮生食-火雞食譜(貓用),貓,乾糧(半濕性飼糧-生食),嵩颺有限公司,澳洲,無,無,16,2024-10-08T00:00:00,2024,10,2024-12-03T14:34:41.64,,104年1月至115年6月,1,,
4860,屏東縣,MP020,2024/10/08,卡尼生肉餐 牛肉生肉餐-犬貓生食,犬、貓,乾糧(半濕性飼糧-生食),圓寵有限公司,臺灣,無,無,16,2024-10-08T00:00:00,2024,10,2024-12-03T14:34:41.64,,104年1月至115年6月,1,,
4860,屏東縣,,2024/10/22,職人料理-牛舌漢堡排(犬貓適用),犬、貓,乾糧(半濕性飼糧),乾杯股份有限公司,臺灣,無,無,16,2024-10-22T00:00:00,2024,10,2024-12-03T14:34:41.64,,104年1月至115年6月,1,,
4860,屏東縣,,2024/10/22,職人料理-燉煮牛舌(犬貓適用),犬、貓,乾糧(半濕性飼糧),乾杯股份有限公司,臺灣,無,無,16,2024-10-22T00:00:00,2024,10,2024-12-03T14:34:41.64,,104年1月至115年6月,1,,
4860,屏東縣,,2024/10/22,"汪喵星球 狗狗鮮食機能餐包
閃亮羊腿佐丁香魚鱉蛋(毛髮亮麗配方)",犬,濕糧,自力耕生股份有限公司,臺灣,無,無,16,2024-10-22T00:00:00,2024,10,2024-12-03T14:34:41.64,,104年1月至115年6月,1,,
4860,屏東縣,,2024/10/22,"汪喵星球 狗狗鮮食機能餐包
健美火雞佐青花椰秋葵(低脂高纖配方)",犬,濕糧,自力耕生股份有限公司,臺灣,無,無,16,2024-10-22T00:00:00,2024,10,2024-12-03T14:34:41.64,,104年1月至115年6月,1,,
4860,屏東縣,,2024/10/23,雞肉極鮮包,犬,乾糧(半濕性飼糧),悠遊國際實業股份有限公司,臺灣,包裝標示與申報資訊不符、製造商資訊標示不全、未依規定標示適用寵物種類,經查委製商公司登記地址位於臺北市，屏東縣已於113年10月30日以屏府農動字第1130160987號函移請臺北市動物保護處依規定辦理。,16,2024-10-23T00:00:00,2024,10,2024-12-03T14:34:41.64,,104年1月至115年6月,1,,
4860,屏東縣,,2024/10/23,豚肉極鮮包,犬,乾糧(半濕性飼糧),悠遊國際實業股份有限公司,臺灣,包裝標示與申報資訊不符、製造商資訊標示不全、未依規定標示適用寵物種類,經查委製商公司登記地址位於臺北市，屏東縣已於113年10月30日以屏府農動字第1130160987號函移請臺北市動物保護處依規定辦理。,16,2024-10-23T00:00:00,2024,10,2024-12-03T14:34:41.64,,104年1月至115年6月,1,,
4860,屏東縣,,2024/10/23,"伴拌日嚐-寵膳鮮味主食包(美膚亮毛配方)
鯖香火雞燴薏仁",犬,濕糧,樂健生活有限公司,臺灣,無,無,16,2024-10-23T00:00:00,2024,10,2024-12-03T14:34:41.64,,104年1月至115年6月,1,,
4860,屏東縣,,2024/10/23,"伴拌日嚐-寵膳鮮味主食包(暖心相伴配方)
鮮牛佐鮭魚燉飯",犬,濕糧,樂健生活有限公司,臺灣,無,無,16,2024-10-23T00:00:00,2024,10,2024-12-03T14:34:41.64,,104年1月至115年6月,1,,
4860,花蓮縣,,2024/10/15,超越巔峰 貓用鮮食肉片 - 紐西蘭雞肉+HOKI鱈魚+綠貽貝+牛磺酸,貓,乾飼糧,王品寵物用品有限公司,紐西蘭,無,無,18,2024-10-15T00:00:00,2024,10,2024-12-03T14:34:41.64,,104年1月至115年6月,1,,
4860,花蓮縣,,2024/10/15,VE9109 VE凍乾鮮肉貓生食餐-兔肉方塊排8oz,貓,乾飼糧,壹士達寵物有限公司,美國,無,無,18,2024-10-15T00:00:00,2024,10,2024-12-03T14:34:41.64,,104年1月至115年6月,1,,
4860,花蓮縣,OP007,2024/10/15,Meile美樂 炙燒嫩雞腿,犬、貓,零食,貓狗甜心數位科技有限公司,臺灣,無,無,18,2024-10-15T00:00:00,2024,10,2024-12-03T14:34:41.64,,104年1月至115年6月,1,,
4860,花蓮縣,OP006,2024/10/15,奧力棒-嗑肉一番鮮食營養餐-田園雞牛肉燉蔬食,犬,罐頭,東森寵物雲股份有限公司,臺灣,無,無,18,2024-10-15T00:00:00,2024,10,2024-12-03T14:34:41.64,,104年1月至115年6月,1,,
4860,花蓮縣,OP008,2024/10/15,沃野好食光-牛肉丸串串,犬、貓,零食,東森寵物雲股份有限公司,臺灣,無,無,18,2024-10-15T00:00:00,2024,10,2024-12-03T14:34:41.64,,104年1月至115年6月,1,,
4860,基隆市,,2024/10/23,本牧 貓用凍乾生食餐 紐西蘭 鯖魚+羊 80g,貓,乾飼糧,奧也股份有限公司,紐西蘭,無,無,20,2024-10-23T00:00:00,2024,10,2024-12-03T14:34:41.64,,104年1月至115年6月,1,,
4860,基隆市,,2024/10/23,香饌-雞肉地瓜捲,犬,零食,茂捷有限公司,臺灣,未申報,通知業者限期改善,20,2024-10-23T00:00:00,2024,10,2024-12-03T14:34:41.64,,104年1月至115年6月,1,,
4860,基隆市,,2024/10/23,佳倍讚 犬用鮮肉凍乾(牛肉),犬,零食,王品寵物用品有限公司,臺灣,主要營養成分及含量標示與申報網不符,通知業者限期改善,20,2024-10-23T00:00:00,2024,10,2024-12-03T14:34:41.64,,104年1月至115年6月,1,,
4860,基隆市,,2024/10/23,愛情貴族古早味雞肉乾-2包入,犬,零食,八犬國際行銷有限公司,臺灣,淨重與申報網不符,通知業者限期改善,20,2024-10-23T00:00:00,2024,10,2024-12-03T14:34:41.64,,104年1月至115年6月,1,,
4860,新竹市,,2024/10/16,南瓜鮮嫩雞柳,犬、貓,濕糧,阿肥與阿瘦國際貿易社,臺灣,無,無,21,2024-10-16T00:00:00,2024,10,2024-12-03T14:34:41.64,,104年1月至115年6月,1,,
4860,新竹市,,2024/10/16,薯泥頂級鮭魚,犬、貓,濕糧,阿肥與阿瘦國際貿易社,臺灣,無,無,21,2024-10-16T00:00:00,2024,10,2024-12-03T14:34:41.64,,104年1月至115年6月,1,,
4860,新竹市,RP010,2024/10/16,超越汪喵 蕃茄燒雞主食餐包,犬,濕糧,雅士魚有限公司,臺灣,無「適用寵物種類」,"請業者改善 (業者說包裝正面有狗的圖案,但還是請他補上文字敍述)",21,2024-10-16T00:00:00,2024,10,2024-12-03T14:34:41.64,,104年1月至115年6月,1,,
4860,新竹市,RP011,2024/10/16,奇啃保健雞腿,犬、貓,零食,勤翔國際股份有限公司,臺灣,無,無,21,2024-10-16T00:00:00,2024,10,2024-12-03T14:34:41.64,,104年1月至115年6月,1,,
4860,新竹市,RP012,2024/10/16,汪喵星球元氣牛肉佐鹌鶉蛋枸杞,犬,濕糧,自力耕生股份有限公司,臺灣,無,無,21,2024-10-16T00:00:00,2024,10,2024-12-03T14:34:41.64,,104年1月至115年6月,1,,
4860,新北市,AP054,2024/11/04,獸醫天然處方主食罐 犬用腎臟配方,犬,罐頭,聯信寵物有限公司,塞爾維亞,無,無,0,2024-11-04T00:00:00,2024,11,2025-08-19T13:51:35.577,,104年1月至115年6月,1,,
4860,新北市,AP055,2024/11/04,HALO 嘿囉 成犬主食罐 【無穀雞肉燉鮭魚】,犬,罐頭,盛貿寵物股份有限公司,美國,無,無,0,2024-11-04T00:00:00,2024,11,2025-08-19T13:51:35.577,,104年1月至115年6月,1,,
4860,新北市,AP056,2024/11/04,Lito Mon怪獸部落 無膠鮮肉煲-鰹魚塊,犬、貓,罐頭,怪獸製造有限公司,泰國,無,無,0,2024-11-04T00:00:00,2024,11,2025-08-19T13:51:35.577,,104年1月至115年6月,1,,
4860,新北市,,2024/11/04,吶一口貓咪凍乾新鮮鮭魚,貓,零食,豪翼行銷有限公司,韓國,無,無,0,2024-11-04T00:00:00,2024,11,2025-08-19T13:51:35.577,,104年1月至115年6月,1,,
4860,新北市,,2024/11/04,摩米凍乾香蕉小食,犬、貓,零食,摩米有限公司,香港,無申報資料，未標示營養成分及含量、保存期限、保存方法及條件,函請該公司限期改善,0,2024-11-04T00:00:00,2024,11,2025-08-19T13:51:35.577,,104年1月至115年6月,1,,
4860,新北市,,2024/11/04,喵洽普 貓咪凍乾-爆蛋毛鱗魚,貓,零食,壹士達寵物有限公司,韓國,申報資料與包裝標示不符(成分分析：脂肪),因進口商位處臺南，擬另函請臺南市動保處依動保法辦理後續查處。,0,2024-11-04T00:00:00,2024,11,2025-08-19T13:51:35.577,,104年1月至115年6月,1,,
4860,新北市,,2024/11/04,奇境 羅姆尼羊肺原肉凍乾,貓,零食,維逸有限公司,紐西蘭,無,無,0,2024-11-04T00:00:00,2024,11,2025-08-19T13:51:35.577,,104年1月至115年6月,1,,
4860,新北市,,2024/11/04,Hulucat 卡茲化毛潔牙餅-雞肉,貓,零食,王品寵物用品有限公司,泰國,無,無,0,2024-11-04T00:00:00,2024,11,2025-08-19T13:51:35.577,,104年1月至115年6月,1,,
4860,新北市,,2024/11/04,巴絲特-原味雞胗,犬,零食,峰揚貿易有限公司,臺灣,申報資料與包裝標示不符(淨重、營養成分含量）,另函請該公司限期改善申報。,0,2024-11-04T00:00:00,2024,11,2025-08-19T13:51:35.577,,104年1月至115年6月,1,,
4860,新北市,,2024/11/04,希爾思寵物食品　幼犬　小顆粒　雞肉與糙米特調食譜,犬,乾糧,台灣希爾思寵物營養品有限公司,美國,無,無,0,2024-11-04T00:00:00,2024,11,2025-08-19T13:51:35.577,,104年1月至115年6月,1,,
4860,新北市,,2024/11/04,CMG-D022 無IN-牛肉塊,犬,零食,八犬國際行銷有限公司,韓國,無,無,0,2024-11-04T00:00:00,2024,11,2025-08-19T13:51:35.577,,104年1月至115年6月,1,,
4860,新北市,,2024/11/04,南極磷蝦重磅大肉包 鮪魚*益生元(貓咪主食餐包 泥狀),貓,罐頭,金富萊國際寵物有限公司,臺灣,無,無,0,2024-11-04T00:00:00,2024,11,2025-08-19T13:51:35.577,,104年1月至115年6月,1,,
4860,新北市,,2024/11/04,Park Cat無敵貓糧 霸王野雞,貓,乾糧,唯寵股份有限公司(陪心寵糧),臺灣,無,無,0,2024-11-04T00:00:00,2024,11,2025-08-19T13:51:35.577,,104年1月至115年6月,1,,
4860,新北市,,2024/11/04,Bernice柏妮絲-5吋打結骨裹肉,犬,零食,峰揚貿易有限公司,臺灣,無,無,0,2024-11-04T00:00:00,2024,11,2025-08-19T13:51:35.577,,104年1月至115年6月,1,,
4860,新北市,,2024/11/04,ICU犬腸胃道高能量配方,犬,補充品,台灣皇家寵物食品有限公司,法國,申報資料與包裝標示不符(營養成分含量）、未標示保存期限,因進口商位處臺北市，擬另函請臺北市動保處依動保法辦理後續查處。,0,2024-11-04T00:00:00,2024,11,2025-08-19T13:51:35.577,,104年1月至115年6月,1,,
4860,新北市,,2024/11/04,CIAO肉泥膏-鮪魚,貓,零食,萬德福精品店,日本,無,無,0,2024-11-04T00:00:00,2024,11,2025-08-19T13:51:35.577,,104年1月至115年6月,1,,
4860,新北市,,2024/11/04,ZIWI Peak LAMB RECIPE羊肉主食罐,貓,罐頭,極寵有限公司,紐西蘭,申報資料與包裝標示不符(成分、營養成分含量）,另函請該公司限期改善申報。,0,2024-11-04T00:00:00,2024,11,2025-08-19T13:51:35.577,,104年1月至115年6月,1,,
4860,新北市,,2024/11/04,羊肉條(HF27),犬,零食,沅慶企業有限公司,臺灣,無,無,0,2024-11-04T00:00:00,2024,11,2025-08-19T13:51:35.577,,104年1月至115年6月,1,,
4860,新北市,,2024/11/04,貓肉泥 貓倍麗小鮮肉泥(單條販售),貓,零食,台灣雀巢股份有限公司,泰國,通路商單條販賣、無中文標示,另函請該通路商限期改善。,0,2024-11-04T00:00:00,2024,11,2025-08-19T13:51:35.577,,104年1月至115年6月,1,,
4860,新北市,,2024/11/04,法國皇家成貓(分裝包),貓,乾糧,台灣皇家寵物食品有限公司,法國,通路商分裝販賣、無中文標示,另函請該通路商限期改善。,0,2024-11-04T00:00:00,2024,11,2025-08-19T13:51:35.577,,104年1月至115年6月,1,,
4860,臺北市,VP011,2024/11/13,卡咪哇全齡猫-雞鮪米配方,貓,乾糧,東盈實業股份有限公司,泰國,無,無,1,2024-11-13T00:00:00,2024,11,2025-08-19T13:51:35.577,,104年1月至115年6月,1,,
4860,臺北市,VP012,2024/11/13,Main Course每客思全營養主食罐(雞肉+牛肉),貓,罐頭,台灣惜時有限公司,泰國,無,無,1,2024-11-13T00:00:00,2024,11,2025-08-19T13:51:35.577,,104年1月至115年6月,1,,
4860,臺北市,,2024/11/13,瑪爾濟斯成犬專用飼料,犬,乾糧,台灣皇家寵物食品有限公司,韓國,無,無,1,2024-11-13T00:00:00,2024,11,2025-08-19T13:51:35.577,,104年1月至115年6月,1,,
4860,臺北市,,2024/11/13,阿拉卡特天然糧－雞肉益生菌配方,貓,乾糧,雍立貿易股份有限公司,澳洲,無,無,1,2024-11-13T00:00:00,2024,11,2025-08-19T13:51:35.577,,104年1月至115年6月,1,,
4860,臺北市,,2024/11/13,優格成幼貓雞肉+未化毛高纖配方,貓,乾糧,艾澌克企業股份有限公司,美國,無,無,1,2024-11-13T00:00:00,2024,11,2025-08-19T13:51:35.577,,104年1月至115年6月,1,,
4860,臺北市,,2024/11/13,素力高.宅宅貓吃雞,貓,乾糧,東盈實業股份有限公司,美國,無,無,1,2024-11-13T00:00:00,2024,11,2025-08-19T13:51:35.577,,104年1月至115年6月,1,,
4860,臺北市,,2024/11/13,巴斯特-乳酪雞肉捲,犬,零食,峰揚貿易有限公司,臺灣,無,無,1,2024-11-13T00:00:00,2024,11,2025-08-19T13:51:35.577,,104年1月至115年6月,1,,
4860,臺北市,VP013,2024/11/13,食尚汪汪狗罐-鮮嫩雞肉,犬,罐頭,八犬國際行銷有限公司,泰國,無,無,1,2024-11-13T00:00:00,2024,11,2025-08-19T13:51:35.577,,104年1月至115年6月,1,,
4860,臺北市,VP014,2024/11/13,杜莎天然無骨寵糧,犬,乾糧,裕昌寵物有限公司,義大利,無,無,1,2024-11-13T00:00:00,2024,11,2025-08-19T13:51:35.577,,104年1月至115年6月,1,,
4860,臺北市,,2024/11/13,奇蹟無榖雞肉,犬,乾糧,昱碩國際事業股份有限公司,美國,無,無,1,2024-11-13T00:00:00,2024,11,2025-08-19T13:51:35.577,,104年1月至115年6月,1,,
4860,臺北市,,2024/11/13,極光 無榖全齡犬-鮭魚&雪蟹,犬,乾糧,邁迪飛貿易有限公司,加拿大,無,無,1,2024-11-13T00:00:00,2024,11,2025-08-19T13:51:35.577,,104年1月至115年6月,1,,
4860,臺北市,,2024/11/13,芮格爾-犬糧-鮭魚,犬,乾糧,聯誠寵物有限公司,美國,無,無,1,2024-11-13T00:00:00,2024,11,2025-08-19T13:51:35.577,,104年1月至115年6月,1,,
4860,臺北市,,2024/11/13,瑞威天然平衡全齡犬糧,犬,乾糧,瑞威動物科技股份有限公司,臺灣,無,無,1,2024-11-13T00:00:00,2024,11,2025-08-19T13:51:35.577,,104年1月至115年6月,1,,
4860,臺北市,,2024/11/13,黃金雞肉條棒,犬,零食,台灣惜時有限公司,臺灣,無,無,1,2024-11-13T00:00:00,2024,11,2025-08-19T13:51:35.577,,104年1月至115年6月,1,,
4860,臺北市,,2024/11/22,嗨派系列-雞肉干貝無榖貓糧,貓,乾糧,唯寵股份有限公司,臺灣,無,無,1,2024-11-22T00:00:00,2024,11,2025-08-19T13:51:35.577,,104年1月至115年6月,1,,
4860,臺北市,,2024/11/22,氣冷雞滴雞精,犬、貓,零食,興濠有限公司,臺灣,無,無,1,2024-11-22T00:00:00,2024,11,2025-08-19T13:51:35.577,,104年1月至115年6月,1,,
4860,臺北市,,2024/11/22,肚肚派對-肚肚貓吃肉,貓,乾糧,富崴飼料有限公司,臺灣,無,無,1,2024-11-22T00:00:00,2024,11,2025-08-19T13:51:35.577,,104年1月至115年6月,1,,
4860,臺北市,,2024/11/22,B群菲力豬,犬,零食,寵愛有家股份有限公司,臺灣,標示內容不完整,通知業者限期改善,1,2024-11-22T00:00:00,2024,11,2025-08-19T13:51:35.577,,104年1月至115年6月,1,,
4860,臺北市,,2024/11/22,人道飼育雞-全齡貓無榖糧,貓,乾糧,奧也股份有限公司,紐西蘭,無,無,1,2024-11-22T00:00:00,2024,11,2025-08-19T13:51:35.577,,104年1月至115年6月,1,,
4860,臺北市,,2024/11/22,寵護-腸道機能保健嚼錠,犬,補充品,璿智國際寵物股份有限公司,臺灣,無,無,1,2024-11-22T00:00:00,2024,11,2025-08-19T13:51:35.577,,104年1月至115年6月,1,,
4860,臺中市,,2024/11/01,自然本色 結紮成貓無穀鮭魚+磷蝦配方,貓,乾糧,三奇國際生物科技有限公司,立陶宛,未依規定標示及申報,已於11月22日函轉新北動保處,2,2024-11-01T00:00:00,2024,11,2025-08-19T13:51:35.577,,104年1月至115年6月,1,,
4860,臺中市,,2024/11/01,體重控制成貓專用飼料 L40,貓,乾糧,台灣皇家寵物食品有限公司,韓國,未依規定標示及申報,標示已於11月22日函轉台北動保處，另申報部分已於12/16同意備查,2,2024-11-01T00:00:00,2024,11,2025-08-19T13:51:35.577,,104年1月至115年6月,1,,
4860,臺中市,,2024/11/01,小型離乳犬與母犬專用乾糧 MNS,犬,乾糧,台灣皇家寵物食品有限公司,韓國,未依規定標示及申報,標示已於11月22日函轉台北動保處，另申報部分已於12/16同意備查,2,2024-11-01T00:00:00,2024,11,2025-08-19T13:51:35.577,,104年1月至115年6月,1,,
4860,臺中市,,2024/11/01,瑞威天然平衡全齡犬糧 草原羊肉,犬,乾糧,瑞威動物科技股份有限公司,臺灣,未依規定標示及申報,已於11月22日函轉新北動保處,2,2024-11-01T00:00:00,2024,11,2025-08-19T13:51:35.577,,104年1月至115年6月,1,,
4860,臺中市,,2024/11/01,Product 樂倍黑酵母幼齡犬保健糧,犬,乾糧,寶榮開發企業股份有限公司,臺灣,未依規定標示及申報,已於11月22日函轉台南動保處,2,2024-11-01T00:00:00,2024,11,2025-08-19T13:51:35.577,,104年1月至115年6月,1,,
4860,臺中市,,2024/11/01,鮮開凍 meow貓咪冷凍乾燥生食餐 鹿肉,貓,乾糧,咆陪喵有限公司,紐西蘭,未依規定申報,已於12月6日同意備查,2,2024-11-01T00:00:00,2024,11,2025-08-19T13:51:35.577,,104年1月至115年6月,1,,
4860,臺中市,,2024/11/01,燕麥雞肉塊 大包裝超值組 U8-5,犬,零食,冠閎實業有限公司,臺灣,未依規定申報,已於12月16日同意備查,2,2024-11-01T00:00:00,2024,11,2025-08-19T13:51:35.577,,104年1月至115年6月,1,,
4860,臺中市,,2024/11/01,香饌 寵物零食專家 起司雞肉絲,犬,零食,茂捷有限公司,臺灣,未依規定申報,已於12月6日同意備查,2,2024-11-01T00:00:00,2024,11,2025-08-19T13:51:35.577,,104年1月至115年6月,1,,
4860,臺中市,,2024/11/01,RICO DOG犬用鮮餐包 雞肉燉地瓜,犬,零食,辛巴國際行銷有限公司,臺灣,未依規定申報,已於12月6日同意備查,2,2024-11-01T00:00:00,2024,11,2025-08-19T13:51:35.577,,104年1月至115年6月,1,,
4860,臺中市,,2024/11/01,活力汪(骨型)綜合蔬菜餅,犬,零食,寶麟寵物用品有限公司,臺灣,未依規定申報,已於12月3日同意備查,2,2024-11-01T00:00:00,2024,11,2025-08-19T13:51:35.577,,104年1月至115年6月,1,,
4860,臺中市,,2024/11/01,N-05 天然短翅雞肉片,犬,零食,凱普頓企業股份有限公司,臺灣,未依規定申報,已於11月22日函文勸導,2,2024-11-01T00:00:00,2024,11,2025-08-19T13:51:35.577,,104年1月至115年6月,1,,
4860,臺中市,,2024/11/01,9001超軟雞肉乾,犬,零食,宏寶國際企業有限公司,臺灣,未依規定申報,已於11月22日函文勸導,2,2024-11-01T00:00:00,2024,11,2025-08-19T13:51:35.577,,104年1月至115年6月,1,,
4860,臺中市,,2024/11/01,CWS-41 干貝牛肉三明治,貓,零食,凱普頓企業股份有限公司,臺灣,無,無,2,2024-11-01T00:00:00,2024,11,2025-08-19T13:51:35.577,,104年1月至115年6月,1,,
4860,臺中市,,2024/11/01,T.N.A鮮點系列 台灣鮮切雞里肌,犬、貓,零食,悠遊國際實業股份有限公司,臺灣,未依規定申報,已於12月6日同意備查,2,2024-11-01T00:00:00,2024,11,2025-08-19T13:51:35.577,,104年1月至115年6月,1,,
4860,臺中市,,2024/11/01,JP-005匠的嚴選 低醣燕麥雞肉片,犬,零食,聯信寵物有限公司,臺灣,無,無,2,2024-11-01T00:00:00,2024,11,2025-08-19T13:51:35.577,,104年1月至115年6月,1,,
4860,臺中市,,2024/11/01,GOOD!毛孩凍乾小零嘴 雞里肌口味,犬、貓,零食,逆風飛翔股份有限公司,臺灣,無,無,2,2024-11-01T00:00:00,2024,11,2025-08-19T13:51:35.577,,104年1月至115年6月,1,,
4860,臺中市,,2024/11/01,泌尿道保健犬主食濕糧,犬,罐頭,台灣皇家寵物食品有限公司,奧地利,無,無,2,2024-11-01T00:00:00,2024,11,2025-08-19T13:51:35.577,,104年1月至115年6月,1,,
4860,臺中市,,2024/11/01,奇境 無穀幼貓 慕斯主食罐-牧場純雞,貓,罐頭,維逸有限公司,泰國,無,無,2,2024-11-01T00:00:00,2024,11,2025-08-19T13:51:35.577,,104年1月至115年6月,1,,
4860,臺中市,,2024/11/01,喵皇奴/貓咪經典主食罐(雞肉鮭魚),貓,罐頭,逆風飛翔股份有限公司,臺灣,未依規定申報,已於11月22日函文勸導,2,2024-11-01T00:00:00,2024,11,2025-08-19T13:51:35.577,,104年1月至115年6月,1,,
4860,臺中市,,2024/11/01,德國阿曼達ANIMONDA CARNY 卡恩成貓主食罐 雞肉+鮭魚,貓,罐頭,鯷爾貿易股份有限公司,德國,未依規定標示及申報,標示已於11月22日函轉台北動保處，另申報部分已於11/22函文勸導,2,2024-11-01T00:00:00,2024,11,2025-08-19T13:51:35.577,,104年1月至115年6月,1,,
4860,臺中市,,2024/11/01,德國阿曼達ANIMONDA CARNY 卡恩成貓主食罐 雞肉+鮭魚,貓,罐頭,鯷爾貿易股份有限公司,德國,未依規定標示及申報,標示已於11月22日函轉台北動保處，另申報部分已於11/22函文勸導,2,2024-11-01T00:00:00,2024,11,2025-08-19T13:51:35.577,,104年1月至115年6月,1,,
4860,臺南市,,2024/11/14,愛喜雅 金罐9號高湯 雞肉70g,貓,罐頭,東盈實業股份有限公司,日本,無,無,4,2024-11-14T00:00:00,2024,11,2025-08-19T13:51:35.577,,104年1月至115年6月,1,,
4860,臺南市,,2024/11/14,INABA汪啾嚕調和罐(雞肉+軟骨)80g,犬,罐頭,萬德福精品店,日本,無,無,4,2024-11-14T00:00:00,2024,11,2025-08-19T13:51:35.577,,104年1月至115年6月,1,,
4860,臺南市,,2024/11/14,小玉貓罐低磷配方(低鈉-低蛋白質70g),貓,罐頭,四季全球貿易股份有限公司,日本,無,無,4,2024-11-14T00:00:00,2024,11,2025-08-19T13:51:35.577,,104年1月至115年6月,1,,
4860,臺南市,,2024/11/14,小玉貓罐(純雞肉)70g,貓,罐頭,寵兒商貿有限公司,日本,無,無,4,2024-11-14T00:00:00,2024,11,2025-08-19T13:51:35.577,,104年1月至115年6月,1,,
4860,臺南市,,2024/11/14,愛喜雅妙喵16號片狀 鮪.干貝70g,貓,罐頭,東盈實業股份有限公司,日本,無,無,4,2024-11-14T00:00:00,2024,11,2025-08-19T13:51:35.577,,104年1月至115年6月,1,,
4860,臺南市,UP035,2024/11/20,迷幻5號 美味馬肉+蒸南瓜200g,貓,罐頭,壹士達寵物有限公司,德國,無,無,4,2024-11-20T00:00:00,2024,11,2025-08-19T13:51:35.577,,104年1月至115年6月,1,,
4860,臺南市,UP036,2024/11/20,SP PKLES 精緻羊肉 80g,犬,罐頭,壹士達寵物有限公司,德國,無,無,4,2024-11-20T00:00:00,2024,11,2025-08-19T13:51:35.577,,104年1月至115年6月,1,,
4860,高雄市,,2024/11/05,吃貨拼盤海陸羊肉鮭魚鮮蔬,犬,罐頭,艾澌克企業股份有限公司,泰國,無,無,6,2024-11-05T00:00:00,2024,11,2025-08-19T13:51:35.577,,104年1月至115年6月,1,,
4860,高雄市,,2024/11/05,凱茲經典美食家N°3家禽無穀主食罐,貓,罐頭,瀚揚國際企業有限公司,德國,"第22條之3第2項(申報)
第22條之5第2項(廣告宣稱)",移請臺中市卓處,6,2024-11-05T00:00:00,2024,11,2025-08-19T13:51:35.577,,104年1月至115年6月,1,,
4860,高雄市,,2024/11/05,等等手作零食腸胃大師,犬、貓,零食,廣湛有限公司,臺灣,無,無,6,2024-11-05T00:00:00,2024,11,2025-08-19T13:51:35.577,,104年1月至115年6月,1,,
4860,高雄市,,2024/11/05,核心力 60錠,犬、貓,補助食品,健聖興業有限公司,臺灣,無,無,6,2024-11-05T00:00:00,2024,11,2025-08-19T13:51:35.577,,104年1月至115年6月,1,,
4860,高雄市,,2024/11/05,木入森魚油粉 30包,犬、貓,補助食品,仁和生物科技股份有限公司,臺灣,無,無,6,2024-11-05T00:00:00,2024,11,2025-08-19T13:51:35.577,,104年1月至115年6月,1,,
4860,高雄市,,2024/11/05,爆毛鱉蛋粉,犬、貓,補助食品,阿培育犬育喵社,臺灣,"第22條之3第1項(申報)
第22條之5第1項(標示)
第22條之5第2項(廣告宣稱)",移請臺南市卓處,6,2024-11-05T00:00:00,2024,11,2025-08-19T13:51:35.577,,104年1月至115年6月,1,,
4860,高雄市,,2024/11/05,貓用凍乾生食餐鯖魚/羊 80g,貓,乾飼糧,奧也股份有限公司,紐西蘭,無,無,6,2024-11-05T00:00:00,2024,11,2025-08-19T13:51:35.577,,104年1月至115年6月,1,,
4860,高雄市,,2024/11/05,神仙牛MIT無穀犬糧200g,犬,乾飼糧,阿寶國際有限公司,臺灣,第22條之3第1項(申報),限期改正,6,2024-11-05T00:00:00,2024,11,2025-08-19T13:51:35.577,,104年1月至115年6月,1,,
4860,高雄市,,2024/11/05,JerHigh鮮肉糧挑嘴狗專用配方濃郁烤雞加雞肝,犬,半濕性飼糧,台灣卜蜂企業股份有限公司,臺灣,"第22條之3第1項(申報)
第22條之5第1項(標示)",移請臺北市卓處,6,2024-11-05T00:00:00,2024,11,2025-08-19T13:51:35.577,,104年1月至115年6月,1,,
4860,高雄市,,2024/11/05,獸醫天然處方主食罐犬用腸胃道配方,犬,罐頭,聯信寵物有限公司,塞爾維亞,無,無,6,2024-11-05T00:00:00,2024,11,2025-08-19T13:51:35.577,,104年1月至115年6月,1,,
4860,高雄市,WP036,2024/11/05,Petio美味雞肉條(短)250g,犬,零食,韋民企業股份有限公司,日本,無,無,6,2024-11-05T00:00:00,2024,11,2025-08-19T13:51:35.577,,104年1月至115年6月,1,,
4860,高雄市,WP037,2024/11/05,德國凱琳無穀主食貓罐雞肉+鮭魚+蔓越莓,貓,罐頭,王品寵物用品有限公司,德國,無,無,6,2024-11-05T00:00:00,2024,11,2025-08-19T13:51:35.577,,104年1月至115年6月,1,,
4860,高雄市,,2024/11/05,莫比自然食愛貓無穀鹿肉鮭魚配方,貓,乾飼糧,博東客企業有限公司,美國,第22條之5第2項(廣告宣稱),移請臺北市卓處,6,2024-11-05T00:00:00,2024,11,2025-08-19T13:51:35.577,,104年1月至115年6月,1,,
4860,高雄市,,2024/11/05,VKD4犬腎臟處方糧,犬,處方食品,台灣信元寵物食品股份有限公司,美國,無,無,6,2024-11-05T00:00:00,2024,11,2025-08-19T13:51:35.577,,104年1月至115年6月,1,,
4860,高雄市,,2024/11/05,阿提拉無穀全齡貓糧(四種魚+火雞),貓,乾飼糧,大汗寵物有限公司,臺灣,"第22條之3第1項(申報)
第22條之5第2項(廣告宣稱)",移請臺北市卓處,6,2024-11-05T00:00:00,2024,11,2025-08-19T13:51:35.577,,104年1月至115年6月,1,,
4860,高雄市,,2024/11/05,歐力無穀天然寵糧全齡貓護膚美毛無穀雞肉+鮭魚300g,貓,乾飼糧,珍荃有限公司,新加坡,第22條之3第1項(申報),限期改正,6,2024-11-05T00:00:00,2024,11,2025-08-19T13:51:35.577,,104年1月至115年6月,1,,
4860,高雄市,,2024/11/05,紐西蘭狂饗森林野牧鹿無穀全齡貓,貓,乾飼糧,嵩颺有限公司,新加坡,無,無,6,2024-11-05T00:00:00,2024,11,2025-08-19T13:51:35.577,,104年1月至115年6月,1,,
4860,高雄市,,2024/11/05,沛威狗保健好胃口,犬,補助食品,逢源生物科技有限公司,臺灣,"第22條之3第2項(申報)
第22條之5第1項(標示)
第22條之5第2項(廣告宣稱)",移請新北市卓處,6,2024-11-05T00:00:00,2024,11,2025-08-19T13:51:35.577,,104年1月至115年6月,1,,
4860,高雄市,,2024/11/05,護腎流質寵膳貓用,貓,處方食品,信元製藥股份有限公司,臺灣,無,無,6,2024-11-05T00:00:00,2024,11,2025-08-19T13:51:35.577,,104年1月至115年6月,1,,
4860,高雄市,,2024/11/05,寵立善犬貓專用完整型益生菌,犬、貓,補助食品,原合股份有限公司,臺灣,無,無,6,2024-11-05T00:00:00,2024,11,2025-08-19T13:51:35.577,,104年1月至115年6月,1,,
4860,高雄市,WP038,2024/11/06,挪威藍躍鮭魚油,犬、貓,補助食品,亞寵國際商業管理顧問有限公司,挪威,"第22條之3第2項(申報)
第22條之5第1項(標示)",移請臺中市卓處,6,2024-11-06T00:00:00,2024,11,2025-08-19T13:51:35.577,,104年1月至115年6月,1,,
4860,高雄市,,2024/11/06,毛孩站起來軟罐頭全齡貓主食包(牛肉口味),貓,罐頭,飛起來行銷股份有限公司,臺灣,"第22條之3第2項(申報)
第22條之5第2項(廣告宣稱)",移請臺南市卓處,6,2024-11-06T00:00:00,2024,11,2025-08-19T13:51:35.577,,104年1月至115年6月,1,,
4860,高雄市,,2024/11/06,貓幸福時刻貓薄荷,貓,零食,王品寵物用品有限公司,臺灣,"第22條之3第2項(申報)
第22條之5第1項(標示)",移請桃園市卓處,6,2024-11-06T00:00:00,2024,11,2025-08-19T13:51:35.577,,104年1月至115年6月,1,,
4860,桃園市,CP025,2024/11/05,凱迪歐幼貓代奶粉,貓,補充品,朝鴻國際有限公司,義大利,未完成寵物食品申報,依113年11月11日桃動四字第1130009139號函令業者限期改善,8,2024-11-05T00:00:00,2024,11,2025-08-19T13:51:35.577,,104年1月至115年6月,1,,
4860,桃園市,CP026,2024/11/05,活膚益毛滴液,犬、貓,補充品,朝鴻國際有限公司,波蘭,無,無,8,2024-11-05T00:00:00,2024,11,2025-08-19T13:51:35.577,,104年1月至115年6月,1,,
4860,桃園市,CP027,2024/11/05,希爾思處方食品 貓用 c／d全效,貓,處方食品,台灣希爾思寵物營養品有限公司,美國,無,無,8,2024-11-05T00:00:00,2024,11,2025-08-19T13:51:35.577,,104年1月至115年6月,1,,
4860,桃園市,,2024/11/05,凱迪歐幼貓代奶粉,貓,補充品,朝鴻國際有限公司,義大利,未完成寵物食品申報,依113年11月11日桃動四字第1130009139號函令業者限期改善,8,2024-11-05T00:00:00,2024,11,2025-08-19T13:51:35.577,,104年1月至115年6月,1,,
4860,桃園市,,2024/11/05,活膚益毛滴液,犬、貓,補充品,朝鴻國際有限公司,波蘭,無,無,8,2024-11-05T00:00:00,2024,11,2025-08-19T13:51:35.577,,104年1月至115年6月,1,,
4860,桃園市,,2024/11/05,希爾思處方食品 貓用 c／d全效,貓,處方食品,台灣希爾思寵物營養品有限公司,美國,無,無,8,2024-11-05T00:00:00,2024,11,2025-08-19T13:51:35.577,,104年1月至115年6月,1,,
4860,桃園市,,2024/11/05,雞肉＋鮮蝦口味,貓,零食,王品寵物用品有限公司,泰國,未完成寵物食品申報,依113年11月11日桃動四字第1130009130號函令業者限期改善,8,2024-11-05T00:00:00,2024,11,2025-08-19T13:51:35.577,,104年1月至115年6月,1,,
4860,桃園市,,2024/11/05,藤沢減鹽香鰹魚,貓,零食,奧也股份有限公司,日本,無,無,8,2024-11-05T00:00:00,2024,11,2025-08-19T13:51:35.577,,104年1月至115年6月,1,,
4860,桃園市,,2024/11/05,驕傲貓貓定食－海原風味沙丁魚,貓,零食,台灣愛邦仕實業有限公司,泰國,無,無,8,2024-11-05T00:00:00,2024,11,2025-08-19T13:51:35.577,,104年1月至115年6月,1,,
4860,桃園市,,2024/11/05,豪華營養補充罐犬用－雞肝,犬,濕糧,東盈實業股份有限公司,日本,無,無,8,2024-11-05T00:00:00,2024,11,2025-08-19T13:51:35.577,,104年1月至115年6月,1,,
4860,桃園市,,2024/11/05,吉妮斯犬餐罐－鮮嫩雞肉,犬,濕糧,惟多有限公司,臺灣,無,無,8,2024-11-05T00:00:00,2024,11,2025-08-19T13:51:35.577,,104年1月至115年6月,1,,
4860,桃園市,,2024/11/05,吉妮斯犬餐罐－原野鹿肉,犬,濕糧,惟多有限公司,臺灣,無,無,8,2024-11-05T00:00:00,2024,11,2025-08-19T13:51:35.577,,104年1月至115年6月,1,,
4860,桃園市,,2024/11/05,海陸饗宴荒野鴨肉火雞肉配方,犬,乾糧,博東客企業有限公司,美國,無,無,8,2024-11-05T00:00:00,2024,11,2025-08-19T13:51:35.577,,104年1月至115年6月,1,,
4860,桃園市,,2024/11/05,柏萊富特調成犬活力配方（雞肉＋糙米）,犬,乾糧,柏希菲克股份有限公司,美國,無,無,8,2024-11-05T00:00:00,2024,11,2025-08-19T13:51:35.577,,104年1月至115年6月,1,,
4860,桃園市,,2024/11/05,TASTY CHUNKY嚴選火雞＋羊肉全齡犬,犬,乾糧,奧也股份有限公司,臺灣,無,無,8,2024-11-05T00:00:00,2024,11,2025-08-19T13:51:35.577,,104年1月至115年6月,1,,
4860,桃園市,,2024/11/05,GO關鍵,犬、貓,補充品,高峰藥品生技股份有限公司,臺灣,未完成寵物食品申報,依113年11月11日桃動四字第1130009123號函令業者限期改善,8,2024-11-05T00:00:00,2024,11,2025-08-19T13:51:35.577,,104年1月至115年6月,1,,
4860,桃園市,,2024/11/05,希爾思處方食品 犬用 腫瘤營養照護,犬,處方食品,台灣希爾思寵物營養品有限公司,美國,無,無,8,2024-11-05T00:00:00,2024,11,2025-08-19T13:51:35.577,,104年1月至115年6月,1,,
4860,桃園市,,2024/11/05,希爾思處方食品 貓用 c／d全效 紓解緊迫,貓,處方食品,台灣希爾思寵物營養品有限公司,美國,無,無,8,2024-11-05T00:00:00,2024,11,2025-08-19T13:51:35.577,,104年1月至115年6月,1,,
4860,桃園市,,2024/11/05,希爾思處方食品 貓用 腫瘤營養照護,貓,處方食品,台灣希爾思寵物營養品有限公司,美國,無,無,8,2024-11-05T00:00:00,2024,11,2025-08-19T13:51:35.577,,104年1月至115年6月,1,,
4860,桃園市,,2024/11/05,希爾思處方食品 貓用 t／d,貓,處方食品,台灣希爾思寵物營養品有限公司,美國,無,無,8,2024-11-05T00:00:00,2024,11,2025-08-19T13:51:35.577,,104年1月至115年6月,1,,
4860,桃園市,,2024/11/05,希爾思處方食品 犬用 t／d 原顆粒,犬,處方食品,台灣希爾思寵物營養品有限公司,美國,無,無,8,2024-11-05T00:00:00,2024,11,2025-08-19T13:51:35.577,,104年1月至115年6月,1,,
4860,桃園市,,2024/11/05,希爾思處方食品 犬用 HYPO 低敏點心,犬,處方食品,台灣希爾思寵物營養品有限公司,美國,無,無,8,2024-11-05T00:00:00,2024,11,2025-08-19T13:51:35.577,,104年1月至115年6月,1,,
4860,桃園市,,2024/11/05,波波貓腎臟保健主食罐 RE SUPPORT,貓,處方食品,鴻樂生物科技有限公司,臺灣,無,無,8,2024-11-05T00:00:00,2024,11,2025-08-19T13:51:35.577,,104年1月至115年6月,1,,
4860,宜蘭縣,,2024/11/12,鉀寶120ml,犬、貓,補充品,孟唐股份有限公司,美國,無,無,9,2024-11-12T00:00:00,2024,11,2025-08-19T13:51:35.577,,104年1月至115年6月,1,,
4860,宜蘭縣,,2024/11/12,倍補血,犬、貓,補充品,臺灣碩騰股份有限公司,美國,無,無,9,2024-11-12T00:00:00,2024,11,2025-08-19T13:51:35.577,,104年1月至115年6月,1,,
4860,宜蘭縣,,2024/11/12,4022HF16C 犬 肝臟配方罐頭 420g,犬,補充品,台灣皇家寵物食品有限公司,奧地利,無,無,9,2024-11-12T00:00:00,2024,11,2025-08-19T13:51:35.577,,104年1月至115年6月,1,,
4860,宜蘭縣,,2024/11/12,CIAO啾嚕肉泥-鮪魚,貓,零食,臺灣生活良好國際股份有限公司,日本,無,無,9,2024-11-12T00:00:00,2024,11,2025-08-19T13:51:35.577,,104年1月至115年6月,1,,
4860,宜蘭縣,,2024/11/12,CIAO啾嚕肉泥-鮪魚,貓,零食,臺灣生活良好國際股份有限公司,日本,無,無,9,2024-11-12T00:00:00,2024,11,2025-08-19T13:51:35.577,,104年1月至115年6月,1,,
4860,宜蘭縣,,2024/11/12,鱈魚起司三明治,犬,零食,固才有限公司,臺灣,無,無,9,2024-11-12T00:00:00,2024,11,2025-08-19T13:51:35.577,,104年1月至115年6月,1,,
4860,宜蘭縣,,2024/11/12,偉嘉®乾糧 室內貓配方 鮪魚(吞拿魚)及雞肉口味 3kgx4,貓,乾糧,台灣瑪氏股份有限公司,泰國,無,無,9,2024-11-12T00:00:00,2024,11,2025-08-19T13:51:35.577,,104年1月至115年6月,1,,
4860,宜蘭縣,,2024/11/15,希爾思寵物食品 成犬 小顆粒 雞肉與大麥特調食譜 (型號 10323HG),犬,乾糧,台灣希爾思寵物營養品有限公司,美國,無,無,9,2024-11-15T00:00:00,2024,11,2025-08-19T13:51:35.577,,104年1月至115年6月,1,,
4860,宜蘭縣,,2024/11/15,優沛特-犬用大狗罐(南瓜+鴨肉風味)400g,犬,罐頭,全慶寵物用品有限公司,臺灣,無,無,9,2024-11-15T00:00:00,2024,11,2025-08-19T13:51:35.577,,104年1月至115年6月,1,,
4860,宜蘭縣,,2024/11/15,喵湯料理-鮪魚+雞肉+鮮蝦,貓,罐頭,星岳行銷有限公司,泰國,無,無,9,2024-11-15T00:00:00,2024,11,2025-08-19T13:51:35.577,,104年1月至115年6月,1,,
4860,宜蘭縣,,2024/11/15,DP香烤雞米花LS06,犬,零食,締兒沛寵物國際有限公司,臺灣,無,無,9,2024-11-15T00:00:00,2024,11,2025-08-19T13:51:35.577,,104年1月至115年6月,1,,
4860,宜蘭縣,BP017,2024/11/26,原燒貓凍乾30g-鮪魚,貓,零食,王品寵物用品有限公司,臺灣,無,無,9,2024-11-26T00:00:00,2024,11,2025-08-19T13:51:35.577,,104年1月至115年6月,1,,
4860,宜蘭縣,BP018,2024/11/26,歐A黑酵母貓用主食罐(鮪魚+鰹魚),貓,罐頭,松桀企業社,臺灣,無,無,9,2024-11-26T00:00:00,2024,11,2025-08-19T13:51:35.577,,104年1月至115年6月,1,,
4860,宜蘭縣,BP019,2024/11/26,舒芙狗鮭魚起司雞肉條,犬,零食,台灣愛邦仕實業股份有限公司,臺灣,查無產品申報紀錄,通知業者限期改善,9,2024-11-26T00:00:00,2024,11,2025-08-19T13:51:35.577,,104年1月至115年6月,1,,
4860,宜蘭縣,BP020,2024/11/26,健康對策減鹽鮮魚乾-正丁香魚,犬、貓,零食,經思確有限公司,臺灣,查無產品申報紀錄,通知業者限期改善,9,2024-11-26T00:00:00,2024,11,2025-08-19T13:51:35.577,,104年1月至115年6月,1,,
4860,宜蘭縣,BP021,2024/11/26,佳倍讚 犬用鮮肉凍乾(鯛魚片),犬,零食,王品寵物用品有限公司,臺灣,無,無,9,2024-11-26T00:00:00,2024,11,2025-08-19T13:51:35.577,,104年1月至115年6月,1,,
4860,新竹縣,,2024/11/21,NH+擁恆低敏天然糧-成貓化毛配方,貓,乾糧,竣百有限公司,加拿大,未有製造商電話,函轉新北市動保處,10,2024-11-21T00:00:00,2024,11,2025-08-19T13:51:35.577,,104年1月至115年6月,1,,
4860,新竹縣,DP010,2024/11/26,咪歐乾貓糧-幼貓海洋魚,貓,乾糧,好侶股份有限公司,泰國,無,無,10,2024-11-26T00:00:00,2024,11,2025-08-19T13:51:35.577,,104年1月至115年6月,1,,
4860,新竹縣,DP011,2024/11/26,優格成幼犬鮭魚+馬鈴薯,犬,乾糧,新優格成幼犬鮭魚配方,美國,無,無,10,2024-11-26T00:00:00,2024,11,2025-08-19T13:51:35.577,,104年1月至115年6月,1,,
4860,新竹縣,DP012,2024/11/26,極光全齡犬無穀鮭魚及雪蟹,犬,乾糧,邁迪飛貿易有限公司,加拿大,無,無,10,2024-11-26T00:00:00,2024,11,2025-08-19T13:51:35.577,,104年1月至115年6月,1,,
4860,新竹縣,DP013,2024/11/26,莫比S26鮭魚馬鈴薯全齡犬無穀食譜,犬,乾糧,博東客企業有限公司,美國,無,無,10,2024-11-26T00:00:00,2024,11,2025-08-19T13:51:35.577,,104年1月至115年6月,1,,
4860,新竹縣,DP014,2024/11/27,杜莎天然無鼓寵糧-成貓亮毛配方-深海鮮魚,貓,乾糧,裕昌寵物有限公司,義大利,無,無,10,2024-11-27T00:00:00,2024,11,2025-08-19T13:51:35.577,,104年1月至115年6月,1,,
4860,新竹縣,,2024/12/02,HERO益生菌凍乾晶球糧(犬用)羊奶燉雞+雞肉丁,犬,乾糧,飛輪寵物有限公司,臺灣,無,無,10,2024-12-02T00:00:00,2024,11,2025-08-19T13:51:35.577,,104年1月至115年6月,1,,
4860,新竹縣,,2024/12/02,怪獸部落98%鮮肉主食糧-竹莢魚,貓,乾糧,怪獸製造有限公司,臺灣,無,無,10,2024-12-02T00:00:00,2024,11,2025-08-19T13:51:35.577,,104年1月至115年6月,1,,
4860,新竹縣,,2024/12/02,奇境澳洲尖吻鱸+紐西蘭羊肺凍乾無鼓全貓糧,貓,乾糧,維逸有限公司,澳洲,無,無,10,2024-12-02T00:00:00,2024,11,2025-08-19T13:51:35.577,,104年1月至115年6月,1,,
4860,新竹縣,,2024/12/02,K9 Natural 嚴選牛肉 狗狗冷凍乾燥鮮肉餐,犬,乾糧,四季全球貿易股份有限公司,紐西蘭,無,無,10,2024-12-02T00:00:00,2024,11,2025-08-19T13:51:35.577,,104年1月至115年6月,1,,
4860,新竹縣,,2024/12/02,健康紀元寵物零食-香烘雞肉條(犬),犬,零食,福壽實業股份有限公司,臺灣,無,無,10,2024-12-02T00:00:00,2024,11,2025-08-19T13:51:35.577,,104年1月至115年6月,1,,
4860,新竹縣,,2024/12/02,健康紀元寵物零食- 葉綠素潔牙骨,犬,零食,福壽實業股份有限公司,臺灣,無,無,10,2024-12-02T00:00:00,2024,11,2025-08-19T13:51:35.577,,104年1月至115年6月,1,,
4860,新竹縣,,2024/12/02,比活力綜合營養狗餅乾,犬,零食,固才有限公司,臺灣,未有委制商地址,函轉嘉義縣動保所,10,2024-12-02T00:00:00,2024,11,2025-08-19T13:51:35.577,,104年1月至115年6月,1,,
4860,新竹縣,,2024/12/02,比活力 水果潔牙骨,犬,零食,固才有限公司,泰國,無,無,10,2024-12-02T00:00:00,2024,11,2025-08-19T13:51:35.577,,104年1月至115年6月,1,,
4860,新竹縣,,2024/12/02,快吃丼飯 霜降骰子丼,犬,罐頭,艾澌克企業股份有限公司,泰國,無,無,10,2024-12-02T00:00:00,2024,11,2025-08-19T13:51:35.577,,104年1月至115年6月,1,,
4860,苗栗縣,,2024/11/07,莎賓初榨野生鮭魚油,犬、貓,補充品,璦寶國際有限公司,美國,申報資訊有誤,通知業者限期改善,11,2024-11-07T00:00:00,2024,11,2025-08-19T13:51:35.577,,104年1月至115年6月,1,,
4860,苗栗縣,,2024/11/07,超越巔峰貓用鮮食肉片-放牧牛&鹿+綠貽貝+牛磺酸,貓,乾糧,王品寵物用品有限公司,紐西蘭,申報資訊有誤,通知業者限期改善,11,2024-11-07T00:00:00,2024,11,2025-08-19T13:51:35.577,,104年1月至115年6月,1,,
4860,苗栗縣,,2024/11/07,耐嚼型潔牙棒-牛肉風味(2支/包),犬,零食(潔牙骨),竣百有限公司,泰國,無,無,11,2024-11-07T00:00:00,2024,11,2025-08-19T13:51:35.577,,104年1月至115年6月,1,,
4860,苗栗縣,,2024/11/08,卡尼生肉餐 羊肉生肉餐-犬貓生食,犬、貓,生鮮、冷凍,圓寵有限公司,臺灣,沙門氏菌陽性,移交新北動保處,11,2024-11-08T00:00:00,2024,11,2025-08-19T13:51:35.577,,104年1月至115年6月,1,,
4860,苗栗縣,,2024/11/14,嘿囉低敏舒膚南瓜花生酥餅,犬,零食,盛貿寵物股份有限公司,美國,未依規定申報,通知業者限期改善,11,2024-11-14T00:00:00,2024,11,2025-08-19T13:51:35.577,,104年1月至115年6月,1,,
4860,苗栗縣,,2024/11/14,喜躍Party Mix 香酥餅炙燒烤肉風味(雞肉、牛肉、鮭魚),貓,零食,台灣雀巢股份有限公司,泰國,無,無,11,2024-11-14T00:00:00,2024,11,2025-08-19T13:51:35.577,,104年1月至115年6月,1,,
4860,苗栗縣,,2024/11/20,BOWWOW貓咪化毛點心(羊肉+雞肉口味),貓,零食,王品寵物用品有限公司,韓國,申報資訊有誤,通知業者限期改善,11,2024-11-20T00:00:00,2024,11,2025-08-19T13:51:35.577,,104年1月至115年6月,1,,
4860,苗栗縣,,2024/11/20,驕傲貓貓犬共享鮭魚羊奶生肉凍乾主食餐,犬、貓,零食,台灣愛邦仕實業有限公司,泰國,無,無,11,2024-11-20T00:00:00,2024,11,2025-08-19T13:51:35.577,,104年1月至115年6月,1,,
4860,苗栗縣,,2024/11/20,沛滋露-犬用甜薯莓果雞肉點心,犬,零食,宸瑋興業有限公司,日本,無,無,11,2024-11-20T00:00:00,2024,11,2025-08-19T13:51:35.577,,104年1月至115年6月,1,,
4860,苗栗縣,,2024/11/20,Catit 嘿卡提 海鑽貓餐包-鮪魚佐鮭魚,貓,濕糧,竣百有限公司,泰國,申報資訊有誤,通知業者限期改善,11,2024-11-20T00:00:00,2024,11,2025-08-19T13:51:35.577,,104年1月至115年6月,1,,
4860,苗栗縣,,2024/11/20,CMG-D002無IN耐咬潔牙點心-牛肉口味,犬,零食,八犬行銷國際有限公司,韓國,申報資訊有誤,通知業者限期改善,11,2024-11-20T00:00:00,2024,11,2025-08-19T13:51:35.577,,104年1月至115年6月,1,,
4860,苗栗縣,EP018,2024/11/20,LCB藍帶廚坊健康挑嘴貓糧-海洋魚配方(1.2kg),貓,乾糧,保生實業股份有限公司,臺灣,申報資訊有誤,通知業者限期改善,11,2024-11-20T00:00:00,2024,11,2025-08-19T13:51:35.577,,104年1月至115年6月,1,,
4860,苗栗縣,EP019,2024/11/20,什錦MIX貓食-特鮮銀魚口味,貓,乾糧,福壽實業股份有限公司,臺灣,無,無,11,2024-11-20T00:00:00,2024,11,2025-08-19T13:51:35.577,,104年1月至115年6月,1,,
4860,苗栗縣,EP020,2024/11/20,Mr.Peter皮特先生-成犬低敏皮毛照護配方,犬,乾糧,沅豐企業有限公司,臺灣,申報資訊有誤,通知業者限期改善,11,2024-11-20T00:00:00,2024,11,2025-08-19T13:51:35.577,,104年1月至115年6月,1,,
4860,苗栗縣,EP021,2024/11/20,EXPERT艾思柏無榖犬食皮毛照護配方(1.5kg),犬,乾糧,福壽實業股份有限公司,臺灣,無,無,11,2024-11-20T00:00:00,2024,11,2025-08-19T13:51:35.577,,104年1月至115年6月,1,,
4860,苗栗縣,EP022,2024/11/21,吉妮斯成貓配方海鮮口味,貓,乾糧,惟多有限公司,臺灣,申報資訊有誤,通知業者限期改善,11,2024-11-21T00:00:00,2024,11,2025-08-19T13:51:35.577,,104年1月至115年6月,1,,
4860,彰化縣,GP019,2024/11/06,Main Course每客思全營養主食罐(白身鮪魚+吻仔魚),貓,罐頭,台灣惜時有限公司,泰國,無,無,12,2024-11-06T00:00:00,2024,11,2025-08-19T13:51:35.577,,104年1月至115年6月,1,,
4860,彰化縣,,2024/11/06,PANTOP邦比健康寵糧幼貓鮪魚+雞肉營養成長配方2kg,貓,乾糧,全慶寵物用品有限公司,臺灣,無,無,12,2024-11-06T00:00:00,2024,11,2025-08-19T13:51:35.577,,104年1月至115年6月,1,,
4860,彰化縣,,2024/11/06,AK南極磷蝦X雞肉凍乾無穀貓糧 2.5KG,貓,乾糧,金富錸國際寵物有限公司,臺灣,無,無,12,2024-11-06T00:00:00,2024,11,2025-08-19T13:51:35.577,,104年1月至115年6月,1,,
4860,彰化縣,,2024/11/06,牛奶味皮骨6吋1入H90-4,犬,潔牙骨,建立寵物精品有限公司,臺灣,違反動物保護法第22條之3第1項與第22條之5第1項第4款第7款與第8款規定,彰動防字第1130006045號發文給業者限期改善,12,2024-11-06T00:00:00,2024,11,2025-08-19T13:51:35.577,,104年1月至115年6月,1,,
4860,彰化縣,,2024/11/06,阿提拉無穀全齡貓糧(四種魚+火雞),貓,乾糧,大汗寵物有限公司,臺灣,違反動物保護法第22條之5第2項相關規定,彰動防字第1130006044號發文給所轄地方行政機關依權責卓處,12,2024-11-06T00:00:00,2024,11,2025-08-19T13:51:35.577,,104年1月至115年6月,1,,
4860,彰化縣,,2024/11/11,2529 FHN 皇家室內成貓IN27 2KG,貓,乾糧,台灣皇家寵物食品有限公司,法國,無,無,12,2024-11-11T00:00:00,2024,11,2025-08-19T13:51:35.577,,104年1月至115年6月,1,,
4860,彰化縣,,2024/11/12,NP-321136天然密碼 無穀雞肉和火雞肉全齡犬配方1.36kg,犬,乾糧,廣湛有限公司,美國,無,無,12,2024-11-12T00:00:00,2024,11,2025-08-19T13:51:35.577,,104年1月至115年6月,1,,
4860,彰化縣,,2024/11/12,NP-421111天然密碼 無穀鴨肉&火雞肉 全齡貓配方1.11kg,貓,乾糧,廣湛有限公司,美國,無,無,12,2024-11-12T00:00:00,2024,11,2025-08-19T13:51:35.577,,104年1月至115年6月,1,,
4860,彰化縣,,2024/11/12,旺得福犬乾糧 紅燒羊肉,犬,乾糧,柏揚貿易有限公司產品,臺灣,無,無,12,2024-11-12T00:00:00,2024,11,2025-08-19T13:51:35.577,,104年1月至115年6月,1,,
4860,彰化縣,,2024/11/12,旺得福犬乾糧 清燉牛肉,犬,乾糧,柏揚貿易有限公司產品,臺灣,無,無,12,2024-11-12T00:00:00,2024,11,2025-08-19T13:51:35.577,,104年1月至115年6月,1,,
4860,彰化縣,,2024/11/12,多納低敏犬狗乾糧羊肉深海魚口味(2kg),犬,乾糧,寶榮開發企業股份有限公司,臺灣,無,無,12,2024-11-12T00:00:00,2024,11,2025-08-19T13:51:35.577,,104年1月至115年6月,1,,
4860,彰化縣,,2024/11/15,3901 LP34 貓 泌尿道配方 1.5KG,貓,乾糧,台灣皇家寵物食品有限公司,法國,無,無,12,2024-11-15T00:00:00,2024,11,2025-08-19T13:51:35.577,,104年1月至115年6月,1,,
4860,彰化縣,,2024/11/15,3018 CCN 體重控制小型成犬LWMN 3KG,犬,乾糧,台灣皇家寵物食品有限公司,法國,無,無,12,2024-11-15T00:00:00,2024,11,2025-08-19T13:51:35.577,,104年1月至115年6月,1,,
4860,彰化縣,,2024/11/15,3900 RF23 貓 腎臟病配方 2KG,貓,乾糧,台灣皇家寵物食品有限公司,法國,無,無,12,2024-11-15T00:00:00,2024,11,2025-08-19T13:51:35.577,,104年1月至115年6月,1,,
4860,彰化縣,,2024/11/22,鮮蝦牛肉條,犬、貓,零食,鑫賜有限公司,臺灣,違反動物保護法第22條之5第1項第5款與第8款規定及第22條之3第1項,"本商品無製造商相關資訊僅有廠商名稱,請賣場立即下架並,經回查通路出貨廠商為鑫賜有限公司,發文給業者限期改善",12,2024-11-22T00:00:00,2024,11,2025-08-19T13:51:35.577,,104年1月至115年6月,1,,
4860,彰化縣,,2024/11/22,起司風味雞肉條,犬、貓,零食,鑫賜有限公司,臺灣,違反動物保護法第22條之5第1項第5款與第8款規定及第22條之3第1項,"本商品無製造商相關資訊僅有廠商名稱,請賣場立即下架並,經回查通路出貨廠商為鑫賜有限公司,發文給業者限期改善",12,2024-11-22T00:00:00,2024,11,2025-08-19T13:51:35.577,,104年1月至115年6月,1,,
4860,彰化縣,,2024/11/22,大脆皮片(量販包),犬,潔牙骨,唯皮實業有限公司,臺灣,無,無,12,2024-11-22T00:00:00,2024,11,2025-08-19T13:51:35.577,,104年1月至115年6月,1,,
4860,彰化縣,,2024/11/22,麻花骨,犬,潔牙骨,唯皮實業有限公司,臺灣,違反動物保護法第22條之3規定,彰動防字第1130006380號發文給業者限期改善,12,2024-11-22T00:00:00,2024,11,2025-08-19T13:51:35.577,,104年1月至115年6月,1,,
4860,彰化縣,,2024/11/22,3吋藜麥雞肉甜甜圈,犬,零食,家佳實業有限公司,臺灣,無,無,12,2024-11-22T00:00:00,2024,11,2025-08-19T13:51:35.577,,104年1月至115年6月,1,,
4860,彰化縣,,2024/11/22,雞肉憨吉,犬,零食,家佳實業有限公司,臺灣,無,無,12,2024-11-22T00:00:00,2024,11,2025-08-19T13:51:35.577,,104年1月至115年6月,1,,
4860,彰化縣,,2024/11/22,席瑞思愛犬食品-牛肉口味,犬,乾糧,福壽實業股份有限公司,臺灣,無,無,12,2024-11-22T00:00:00,2024,11,2025-08-19T13:51:35.577,,104年1月至115年6月,1,,
4860,彰化縣,,2024/11/22,席瑞思愛犬食品-雞肉口味,犬,乾糧,福壽實業股份有限公司,臺灣,無,無,12,2024-11-22T00:00:00,2024,11,2025-08-19T13:51:35.577,,104年1月至115年6月,1,,
4860,南投縣,,2024/11/04,日本柴犬專用_黑帶幼.成犬-2kg,犬,乾糧,東盈實業(股),日本,無,無,13,2024-11-04T00:00:00,2024,11,2025-08-19T13:51:35.577,,104年1月至115年6月,1,,
4860,南投縣,,2024/11/04,囍碗無穀天然-全齡貓雞肉&雪蟹LBC-2010,貓,乾糧,聯誠寵物有限公司,加拿大,無,無,13,2024-11-04T00:00:00,2024,11,2025-08-19T13:51:35.577,,104年1月至115年6月,1,,
4860,南投縣,,2024/11/04,人道飼育雞 全齡貓無穀糧,貓,乾糧,奧也股份有限公司,紐西蘭,無,無,13,2024-11-04T00:00:00,2024,11,2025-08-19T13:51:35.577,,104年1月至115年6月,1,,
4860,南投縣,,2024/11/04,柏萊富 特調全齡犬配方(羊肉+雞肉+糙米),犬,乾糧,柏希菲克股份有限公司,美國,無,無,13,2024-11-04T00:00:00,2024,11,2025-08-19T13:51:35.577,,104年1月至115年6月,1,,
4860,南投縣,,2024/11/04,"O,Bli! 噢，比利！頂級機能軟飼料-關節保養配方(犬用)",犬,乾糧,原野國際行銷有限公司,韓國,無,無,13,2024-11-04T00:00:00,2024,11,2025-08-19T13:51:35.577,,104年1月至115年6月,1,,
4860,雲林縣,,2024/11/07,倍力康小狗罐 嫩雞肉＆牛肉,犬,罐頭,雄騰國際有限公司,泰國,無,無,14,2024-11-07T00:00:00,2024,11,2025-08-19T13:51:35.577,,104年1月至115年6月,1,,
4860,雲林縣,IP015,2024/11/07,咪歐超級主食罐-雞肉+鮭鮪鲭魚口味,貓,罐頭,好侶股份有限公司,泰國,無,無,14,2024-11-07T00:00:00,2024,11,2025-08-19T13:51:35.577,,104年1月至115年6月,1,,
4860,雲林縣,IP014,2024/11/07,加好寶貓罐-精選沙丁魚大餐,貓,罐頭,好侶股份有限公司,泰國,無,無,14,2024-11-07T00:00:00,2024,11,2025-08-19T13:51:35.577,,104年1月至115年6月,1,,
4860,雲林縣,,2024/11/08,貓專用化毛配方慕斯泥-鮭魚,貓,零食,魔法村寵物用品有限公司,臺灣,包裝標示公司與寵物食品申報網不符。,113年11月22日函轉新北市政府動物保護防疫處。,14,2024-11-08T00:00:00,2024,11,2025-08-19T13:51:35.577,,104年1月至115年6月,1,,
4860,雲林縣,,2024/11/08,丹尼爾鮮味零食系列A0001嫩鮮雞肉風味棒120g,犬,零食,長呈實業有限公司,臺灣,有不實、誇張或易生誤解之用語,113年11月19日函轉嘉義家畜所辦理。,14,2024-11-08T00:00:00,2024,11,2025-08-19T13:51:35.577,,104年1月至115年6月,1,,
4860,雲林縣,,2024/11/12,海苔雪花片（原味雪花片）,貓,零食,和風寵物有限公司,臺灣,產品未申報,進行資料彙整，作接續行政作業。,14,2024-11-12T00:00:00,2024,11,2025-08-19T13:51:35.577,,104年1月至115年6月,1,,
4860,雲林縣,,2024/11/12,3吋蔾麥雞肉甜甜圈,犬,潔牙骨,弘元皮革股份有限公司,臺灣,包裝標示公司與寵物食品申報網不符。,113年11月22日函轉嘉義縣家畜疾病防治所,14,2024-11-12T00:00:00,2024,11,2025-08-19T13:51:35.577,,104年1月至115年6月,1,,
4860,雲林縣,,2024/11/13,頂級饗宴犬罐-美味羊肉,犬,罐頭,福壽實業股份有限公司,臺灣,無,無,14,2024-11-13T00:00:00,2024,11,2025-08-19T13:51:35.577,,104年1月至115年6月,1,,
4860,雲林縣,,2024/11/13,貓大爺的銀帶鯡,犬、貓,零食,經思確有限公司,臺灣,"1.包裝營養成分及應注意事項無中文標示
2.疑有標示不實、誇張或易生誤解之情事","113年11月22日函轉新北市政府動物保護防疫處。
",14,2024-11-13T00:00:00,2024,11,2025-08-19T13:51:35.577,,104年1月至115年6月,1,,
4860,雲林縣,IP016,2024/11/21,博郎氏幼母犬寵物乾糧牛肉+海魚+蘋果,犬,乾糧,寶榮開發企業股份有限公司,臺灣,無,無,14,2024-11-21T00:00:00,2024,11,2025-08-19T13:51:35.577,,104年1月至115年6月,1,,
4860,雲林縣,IP017,2024/11/21,博朗氏挑嘴犬寵物乾糧雞肉+牛肉+起司,犬,乾糧,寶榮開發企業股份有限公司,臺灣,無,無,14,2024-11-21T00:00:00,2024,11,2025-08-19T13:51:35.577,,104年1月至115年6月,1,,
4860,雲林縣,IP019,2024/11/21,寶多福美食大餐成犬專用雞肉口味,犬,乾糧,統一企業股份有限公司,臺灣,無,無,14,2024-11-21T00:00:00,2024,11,2025-08-19T13:51:35.577,,104年1月至115年6月,1,,
4860,雲林縣,IP018,2024/11/21,福壽貓喵喵貓食鮪魚口味,貓,乾糧,福壽實業股份有限公司,臺灣,無,無,14,2024-11-21T00:00:00,2024,11,2025-08-19T13:51:35.577,,104年1月至115年6月,1,,
4860,雲林縣,IP020,2024/11/21,多納結紮貓貓糧海鮮牛肉口味,貓,乾糧,寶榮開發企業股份有限公司,臺灣,無,無,14,2024-11-21T00:00:00,2024,11,2025-08-19T13:51:35.577,,104年1月至115年6月,1,,
4860,嘉義縣,,2024/11/19,寶路乾糧-牛肉及蔬菜口味,犬,乾糧,台灣瑪氏股份有限公司,泰國,無,無,15,2024-11-19T00:00:00,2024,11,2025-08-19T13:51:35.577,,104年1月至115年6月,1,,
4860,嘉義縣,,2024/11/19,慧心柯雞棒-照燒雞肉口味,犬,零食,好侶股份有限公司,泰國,無,無,15,2024-11-19T00:00:00,2024,11,2025-08-19T13:51:35.577,,104年1月至115年6月,1,,
4860,嘉義縣,,2024/11/19,健康紀元寵物零食-鮮嫩雞肉片,犬,零食,福壽實業股份有限公司,臺灣,無,無,15,2024-11-19T00:00:00,2024,11,2025-08-19T13:51:35.577,,104年1月至115年6月,1,,
4860,嘉義縣,,2024/11/19,寶多福活力成貓泌尿道保健配方,貓,處方食品,統一企業公司,臺灣,無,無,15,2024-11-19T00:00:00,2024,11,2025-08-19T13:51:35.577,,104年1月至115年6月,1,,
4860,嘉義縣,,2024/11/19,咪歐小確幸貓罐-起司鮪魚,貓,罐頭,好侶股份有限公司,泰國,無,無,15,2024-11-19T00:00:00,2024,11,2025-08-19T13:51:35.577,,104年1月至115年6月,1,,
4860,嘉義縣,,2024/11/19,吉沛思益生菌貓咪腸胃保健顆粒,貓,補充品,寬祐實業有限公司,臺灣,申報有誤,限期改善,15,2024-11-19T00:00:00,2024,11,2025-08-19T13:51:35.577,,104年1月至115年6月,1,,
4860,嘉義縣,,2024/11/19,Boby特級機能愛犬餐杯(雞肉野菜),犬,罐頭,台灣惜時有限公司,泰國,無,無,15,2024-11-19T00:00:00,2024,11,2025-08-19T13:51:35.577,,104年1月至115年6月,1,,
4860,嘉義縣,,2024/11/19,毛萬貓咪離胺酸,貓,補充品,勤達實業有限公司,臺灣,無,無,15,2024-11-19T00:00:00,2024,11,2025-08-19T13:51:35.577,,104年1月至115年6月,1,,
4860,嘉義縣,,2024/11/19,毛萬犬貓全方面營養粉,犬、貓,補充品,勤達實業有限公司,臺灣,無,無,15,2024-11-19T00:00:00,2024,11,2025-08-19T13:51:35.577,,104年1月至115年6月,1,,
4860,嘉義縣,,2024/11/19,萊馥特犬用飼料魚肉+燕麥(低敏抗氧化),犬,處方食品,兆宣貿易企業有限公司,加拿大,標示不全,限期改善,15,2024-11-19T00:00:00,2024,11,2025-08-19T13:51:35.577,,104年1月至115年6月,1,,
4860,嘉義縣,,2024/11/21,安適得酷版犬用,犬,補充品,富邦國際生醫科技有限公司,紐西蘭,無,無,15,2024-11-21T00:00:00,2024,11,2025-08-19T13:51:35.577,,104年1月至115年6月,1,,
4860,嘉義縣,,2024/11/21,樂寵吉多利腎(犬貓專用全新酮酸胺基酸),犬、貓,補充品,樂泓生物科技有限公司,臺灣,無,無,15,2024-11-21T00:00:00,2024,11,2025-08-19T13:51:35.577,,104年1月至115年6月,1,,
4860,嘉義縣,,2024/11/21,寵特寶鉀寶(液態鉀離子補充劑),犬、貓,補充品,孟唐股份有限公司,美國,無,無,15,2024-11-21T00:00:00,2024,11,2025-08-19T13:51:35.577,,104年1月至115年6月,1,,
4860,嘉義縣,,2024/11/21,Dr.Wish愛貓營養食(鮪魚+果寡糖),貓,罐頭,台灣惜時有限公司,泰國,無,無,15,2024-11-21T00:00:00,2024,11,2025-08-19T13:51:35.577,,104年1月至115年6月,1,,
4860,嘉義縣,,2024/11/21,特級銀貓健康餐罐(白身鮪魚+柴魚),貓,罐頭,台灣惜時有限公司,泰國,無,無,15,2024-11-21T00:00:00,2024,11,2025-08-19T13:51:35.577,,104年1月至115年6月,1,,
4860,嘉義縣,JP015,2024/11/21,西莎蒸鮮包(成犬低脂雞肉口味),犬,罐頭,台灣瑪氏股份有限公司,泰國,無,無,15,2024-11-21T00:00:00,2024,11,2025-08-19T13:51:35.577,,104年1月至115年6月,1,,
4860,嘉義縣,JP016,2024/11/21,喵愛餡(火烤嫩雞口味),貓,零食,台灣瑪氏股份有限公司,泰國,無,無,15,2024-11-21T00:00:00,2024,11,2025-08-19T13:51:35.577,,104年1月至115年6月,1,,
4860,嘉義縣,JP017,2024/11/21,葛莉思犬罐(牛肉口味),犬,罐頭,福壽實業股份有限公司,泰國,無,無,15,2024-11-21T00:00:00,2024,11,2025-08-19T13:51:35.577,,104年1月至115年6月,1,,
4860,嘉義縣,JP018,2024/11/21,生活良好貓用鱈魚蟹肉絲,貓,零食,台灣生活良好國際股份有限公司,日本,無,無,15,2024-11-21T00:00:00,2024,11,2025-08-19T13:51:35.577,,104年1月至115年6月,1,,
4860,嘉義縣,JP019,2024/11/21,生活良好犬用乳香牛肉球,犬,零食,台灣生活良好國際股份有限公司,日本,無,無,15,2024-11-21T00:00:00,2024,11,2025-08-19T13:51:35.577,,104年1月至115年6月,1,,
4860,屏東縣,MP021,2024/11/06,"聖萊西CoCo Plus愛犬機能餐罐
(鮮嫩雞肉+南瓜+番茄)",犬,罐頭,台灣惜時有限公司,泰國,無,無,16,2024-11-06T00:00:00,2024,11,2025-08-19T13:51:35.577,,104年1月至115年6月,1,,
4860,屏東縣,MP022,2024/11/06,經典維齊(雞肉+火腿),犬,罐頭,竣百有限公司,泰國,無,無,16,2024-11-06T00:00:00,2024,11,2025-08-19T13:51:35.577,,104年1月至115年6月,1,,
4860,屏東縣,,2024/11/06,"聖萊西CoCo Plus愛犬機能餐罐
(鮮嫩雞肉+雞肝+胡蘿蔔)",犬,罐頭,台灣惜時有限公司,泰國,無,無,16,2024-11-06T00:00:00,2024,11,2025-08-19T13:51:35.577,,104年1月至115年6月,1,,
4860,屏東縣,,2024/11/06,經典維齊(雞肉+起司),犬,罐頭,竣百有限公司,泰國,無,無,16,2024-11-06T00:00:00,2024,11,2025-08-19T13:51:35.577,,104年1月至115年6月,1,,
4860,屏東縣,,2024/11/14,MP PET葡萄糖胺+鯊魚軟骨素,犬、貓,補充品,乾惠有限公司,臺灣,未依規定申報,委製商未依規定申報，業於113年11月28日以屏府農動字第1130189631號函限期於12月12日前完成申報。,16,2024-11-14T00:00:00,2024,11,2025-08-19T13:51:35.577,,104年1月至115年6月,1,,
4860,屏東縣,,2024/11/14,MP PET綜合益生菌+維生素,犬、貓,補充品,乾惠有限公司,臺灣,未依規定申報,委製商未依規定申報，業於113年11月28日以屏府農動字第1130189631號函限期於12月12日前完成申報。,16,2024-11-14T00:00:00,2024,11,2025-08-19T13:51:35.577,,104年1月至115年6月,1,,
4860,屏東縣,,2024/11/14,CP7 貓用奶粉 200g,貓,補充品,信元製藥股份有限公司,臺灣,無,無,16,2024-11-14T00:00:00,2024,11,2025-08-19T13:51:35.577,,104年1月至115年6月,1,,
4860,屏東縣,,2024/11/14,ProSENSE 長效型綜合維他命(全齡犬),犬,補充品,宇騰有限公司,美國,無,無,16,2024-11-14T00:00:00,2024,11,2025-08-19T13:51:35.577,,104年1月至115年6月,1,,
4860,屏東縣,,2024/11/14,LCB藍帶廚坊 海陸雙拼(化毛+潔牙配方),貓,乾糧,斑尼菲國際有限公司,臺灣,包裝標示與申報資訊不符、包裝標示及電商通路廣告涉不實、誇張或易生誤解之情形,"1.包裝標示與申報資訊不符，業於113年11月21日以屏府農動字第1130182627號函限期於12月2日前完成改善(12月10日複查，已完成改善)。
2.包裝標示及電商通路廣告涉不實、誇張或易生誤解之情形，經查委製商公司登記地址位於臺南市，業於113年11月21日以屏府農動字第1130182694號函移請臺南市動物防疫保護處依規定辦理。",16,2024-11-14T00:00:00,2024,11,2025-08-19T13:51:35.577,,104年1月至115年6月,1,,
4860,屏東縣,,2024/11/14,LCB藍帶廚坊 海鮮大餐(挑嘴+亮毛配方),貓,乾糧,斑尼菲國際有限公司,臺灣,包裝標示與申報資訊不符、包裝標示及電商通路廣告涉不實、誇張或易生誤解之情形,"1.包裝標示與申報資訊不符，業於113年11月21日以屏府農動字第1130182627號函限期於12月2日前完成改善(12月10日複查，已完成改善)。
2.包裝標示及電商通路廣告涉不實、誇張或易生誤解之情形，經查委製商公司登記地址位於臺南市，業於113年11月21日以屏府農動字第1130182694號函移請臺南市動物防疫保護處依規定辦理。",16,2024-11-14T00:00:00,2024,11,2025-08-19T13:51:35.577,,104年1月至115年6月,1,,
4860,屏東縣,,2024/11/28,HuluCat慕斯肉泥 鮪魚+干貝,貓,零食,王品寵物用品有限公司,泰國,無,無,16,2024-11-28T00:00:00,2024,11,2025-08-19T13:51:35.577,,104年1月至115年6月,1,,
4860,屏東縣,,2024/11/28,HuluCat慕斯肉泥 雞肉+牛奶,貓,零食,王品寵物用品有限公司,泰國,無,無,16,2024-11-28T00:00:00,2024,11,2025-08-19T13:51:35.577,,104年1月至115年6月,1,,
4860,臺東縣,,2024/11/04,博士巧思犬罐-雞排高纖地瓜風味(包裝165g),犬,罐頭,福壽實業股份有限公司,臺灣,無,無,17,2024-11-04T00:00:00,2024,11,2025-08-19T13:51:35.577,,104年1月至115年6月,1,,
4860,臺東縣,,2024/11/04,倍力斯無穀狗罐-牛雞肉風味(包裝170g),犬,罐頭,昇鼎企業有限公司,臺灣,無,無,17,2024-11-04T00:00:00,2024,11,2025-08-19T13:51:35.577,,104年1月至115年6月,1,,
4860,臺東縣,,2024/11/04,自然物語餐盒犬食-和牛風味(包裝80g),犬,罐頭,協鴻有限公司,日本,無,無,17,2024-11-04T00:00:00,2024,11,2025-08-19T13:51:35.577,,104年1月至115年6月,1,,
4860,臺東縣,,2024/11/04,美味關係狗罐-鮮雞牛風味(包裝90g),犬,罐頭,王品寵物用品有限公司,日本,無,無,17,2024-11-04T00:00:00,2024,11,2025-08-19T13:51:35.577,,104年1月至115年6月,1,,
4860,臺東縣,,2024/11/04,西沙狗罐-牛肉加肝風味(包裝100g),犬,罐頭,台灣瑪氏股份有限公司,澳洲,無,無,17,2024-11-04T00:00:00,2024,11,2025-08-19T13:51:35.577,,104年1月至115年6月,1,,
4860,臺東縣,,2024/11/04,維齊犬罐-雞肉+火腿風味(包裝80g),犬,罐頭,竣百有限公司,泰國,無,無,17,2024-11-04T00:00:00,2024,11,2025-08-19T13:51:35.577,,104年1月至115年6月,1,,
4860,臺東縣,,2024/11/04,鮮一番貓罐-鮪魚+蟹肉風味(包裝170g),貓,罐頭,帝寶興業有限公司,泰國,無,無,17,2024-11-04T00:00:00,2024,11,2025-08-19T13:51:35.577,,104年1月至115年6月,1,,
4860,臺東縣,,2024/11/04,愛情貴族貓罐-鮪魚+蟹肉風味(包裝80g),貓,罐頭,八犬國際行銷有限公司,泰國,無,無,17,2024-11-04T00:00:00,2024,11,2025-08-19T13:51:35.577,,104年1月至115年6月,1,,
4860,臺東縣,,2024/11/04,博士巧思貓湯罐-鮪魚+鱈魚風味(包裝80g),貓,罐頭,福壽實業股份有限公司,泰國,無,無,17,2024-11-04T00:00:00,2024,11,2025-08-19T13:51:35.577,,104年1月至115年6月,1,,
4860,臺東縣,,2024/11/04,加好寶貓罐-鮪魚+羊奶風味(包裝80g),貓,罐頭,好侶股份有限公司,泰國,無,無,17,2024-11-04T00:00:00,2024,11,2025-08-19T13:51:35.577,,104年1月至115年6月,1,,
4860,臺東縣,,2024/11/04,CH養生貓湯罐-鮪魚+鴨肉風味(包裝80g),貓,罐頭,八犬國際行銷有限公司,泰國,無,無,17,2024-11-04T00:00:00,2024,11,2025-08-19T13:51:35.577,,104年1月至115年6月,1,,
4860,花蓮縣,,2024/11/20,The Green星型潔牙棒-羊肉+蘋果,犬,潔牙骨,八犬國際行銷有限公司,臺灣,標示涉誇大不實,通知業者限期改善,18,2024-11-20T00:00:00,2024,11,2025-08-19T13:51:35.577,,104年1月至115年6月,1,,
4860,花蓮縣,,2024/11/20,The Green星型潔牙棒-鮭魚+高纖紅薯,犬,潔牙骨,八犬國際行銷有限公司,臺灣,標示涉誇大不實,通知業者限期改善,18,2024-11-20T00:00:00,2024,11,2025-08-19T13:51:35.577,,104年1月至115年6月,1,,
4860,花蓮縣,,2024/11/20,巧之燒 葉綠素+牛奶潔牙骨,犬,零食, 昇鼎企業有限公司,臺灣,未申報,通知業者限期改善,18,2024-11-20T00:00:00,2024,11,2025-08-19T13:51:35.577,,104年1月至115年6月,1,,
4860,花蓮縣,OP009,2024/11/20,倍力斯愛犬狗罐(牛肉+蔬菜),犬,罐頭,昇鼎企業有限公司,臺灣,無,無,18,2024-11-20T00:00:00,2024,11,2025-08-19T13:51:35.577,,104年1月至115年6月,1,,
4860,花蓮縣,OP010,2024/11/21,五行貓膳(紅),貓,罐頭,寶昕股份有限公司,臺灣,無,無,18,2024-11-21T00:00:00,2024,11,2025-08-19T13:51:35.577,,104年1月至115年6月,1,,
4860,花蓮縣,OP011,2024/11/21,陪心搖搖奶昔貓主食罐 芝麻雞鮪紅藜,貓,罐頭,唯寵股份有限公司,臺灣,無,無,18,2024-11-21T00:00:00,2024,11,2025-08-19T13:51:35.577,,104年1月至115年6月,1,,
4860,花蓮縣,OP012,2024/11/21,泥好！鮭山島,犬、貓,零食,慶宇生技股份有限公司,臺灣,無,無,18,2024-11-21T00:00:00,2024,11,2025-08-19T13:51:35.577,,104年1月至115年6月,1,,
4860,花蓮縣,OP013,2024/11/21,鮮味低脂牛肉厚片,犬,零食,We & Them Enterprise Co,臺灣,未依規定申報,函文業者限期改善,18,2024-11-21T00:00:00,2024,11,2025-08-19T13:51:35.577,,104年1月至115年6月,1,,
4860,花蓮縣,,2024/11/21,嚼醒 短雞翅,犬,零食,凱普頓企業股份有限公司,臺灣,無,無,18,2024-11-21T00:00:00,2024,11,2025-08-19T13:51:35.577,,104年1月至115年6月,1,,
4860,花蓮縣,,2024/11/21,曙光無穀滋養食譜-雞肉犬糧,犬,乾糧,昱碩國際事業股份有限公司,荷蘭,無,無,18,2024-11-21T00:00:00,2024,11,2025-08-19T13:51:35.577,,104年1月至115年6月,1,,
4860,花蓮縣,,2024/11/21,毛孩時代腎臟專科保健粉,犬、貓,補助食品,騰勢股份有限公司,臺灣,無,無,18,2024-11-21T00:00:00,2024,11,2025-08-19T13:51:35.577,,104年1月至115年6月,1,,
4860,花蓮縣,,2024/11/21,派比樂棒棒腿,犬、貓,零食,飯島生技股份有限公司,臺灣,未申報,通知業者限期改善,18,2024-11-21T00:00:00,2024,11,2025-08-19T13:51:35.577,,104年1月至115年6月,1,,
4860,花蓮縣,,2024/11/27,長紅愛犬罐頭雞肉口味,犬,罐頭,福壽實業股份有限公司,臺灣,無,無,18,2024-11-27T00:00:00,2024,11,2025-08-19T13:51:35.577,,104年1月至115年6月,1,,
4860,花蓮縣,,2024/11/27,席瑞思愛犬罐頭-雞肉口味,犬,罐頭,福壽實業股份有限公司,臺灣,無,無,18,2024-11-27T00:00:00,2024,11,2025-08-19T13:51:35.577,,104年1月至115年6月,1,,
4860,花蓮縣,,2024/11/27,寶路牛肉,犬,罐頭,台灣瑪氏股份有限公司,澳洲,無,無,18,2024-11-27T00:00:00,2024,11,2025-08-19T13:51:35.577,,104年1月至115年6月,1,,
4860,澎湖縣,,2024/11/01,AIXIA愛喜雅妙喵主食軟29-鰹魚+柴魚,貓,濕糧,東盈實業(股),泰國,無,無,19,2024-11-01T00:00:00,2024,11,2025-08-19T13:51:35.577,,104年1月至115年6月,1,,
4860,澎湖縣,,2024/11/01,皇家 泌尿道低卡路里配方,貓,乾糧,台灣皇家寵物食品有限公司,韓國,無,無,19,2024-11-01T00:00:00,2024,11,2025-08-19T13:51:35.577,,104年1月至115年6月,1,,
4860,澎湖縣,,2024/11/01,維爾滋 天然無殼寵物糧,貓,乾糧,韋民企業股份有限公司,韓國,無,無,19,2024-11-01T00:00:00,2024,11,2025-08-19T13:51:35.577,,104年1月至115年6月,1,,
4860,澎湖縣,,2024/11/01,奇境 澳洲鮭魚+紐西蘭羊肺凍乾,貓,乾糧,維逸有限公司,澳洲,無,無,19,2024-11-01T00:00:00,2024,11,2025-08-19T13:51:35.577,,104年1月至115年6月,1,,
4860,澎湖縣,,2024/11/01,喵洽普貓咪凍乾 新鮮雞胸肉,貓,零食,臺士達寵物有限公司,韓國,無,無,19,2024-11-01T00:00:00,2024,11,2025-08-19T13:51:35.577,,104年1月至115年6月,1,,
4860,基隆市,,2024/11/04,體重控制犬主食濕糧 LWW 85G,犬,罐頭,台灣皇家寵物食品有限公司,奧地利,無,無,20,2024-11-04T00:00:00,2024,11,2025-08-19T13:51:35.577,,104年1月至115年6月,1,,
4860,基隆市,,2024/11/04,毛起來-蒸的餐包-鄉村南瓜牛(泌尿配方),犬,零食,莫奧數位股份有限公司,臺灣,無,無,20,2024-11-04T00:00:00,2024,11,2025-08-19T13:51:35.577,,104年1月至115年6月,1,,
4860,基隆市,,2024/11/04,TNA悠遊餐包牧野牛羊燉時蔬,犬、貓,半濕性濕糧,悠遊國際實業股份有限公司,臺灣,申報網未標示鈉含量,通知業者限期改善,20,2024-11-04T00:00:00,2024,11,2025-08-19T13:51:35.577,,104年1月至115年6月,1,,
4860,基隆市,,2024/11/04,派庫廚房-櫻桃鴨柳片凍乾,犬、貓,零食,金派庫國際有限公司,臺灣,無,無,20,2024-11-04T00:00:00,2024,11,2025-08-19T13:51:35.577,,104年1月至115年6月,1,,
4860,基隆市,,2024/11/04,新鮮鱈魚塊凍乾,犬、貓,零食,鎧帛實業有限公司,日本,"1.有效日期未以中文標示(僅日文)
2.包裝未標示適用寵物種類",通知業者限期改善,20,2024-11-04T00:00:00,2024,11,2025-08-19T13:51:35.577,,104年1月至115年6月,1,,
4860,基隆市,,2024/11/04,肉嗨吃(犬)牛肉片,犬,零食,宜輝企業有限公司,臺灣,無,無,20,2024-11-04T00:00:00,2024,11,2025-08-19T13:51:35.577,,104年1月至115年6月,1,,
4860,基隆市,,2024/11/04,(暖心相伴)鮮牛佐鮭魚燉飯,犬,罐頭,樂健生活有限公司,臺灣,"1.主要營養成分及含量與申報網不符
2.宣稱符合NRC營養標準，未標示NRC必要營養素(官網未見相關檢驗報告)",通知業者限期改善,20,2024-11-04T00:00:00,2024,11,2025-08-19T13:51:35.577,,104年1月至115年6月,1,,
4860,基隆市,,2024/11/04,戰斧化骨腿,犬、貓,零食,毛毛爸爸寵物食品有限公司,臺灣,主要營養成分及含量與申報網不符,通知業者限期改善,20,2024-11-04T00:00:00,2024,11,2025-08-19T13:51:35.577,,104年1月至115年6月,1,,
4860,基隆市,,2024/11/25,家福超值狗食罐頭(雞肉風味),犬,罐頭,家福股份有限公司,泰國,無,無,20,2024-11-25T00:00:00,2024,11,2025-08-19T13:51:35.577,,104年1月至115年6月,1,,
4860,基隆市,,2024/11/25,加好寶狗餅乾-牛肉風味300g,犬,零食,好侶股份有限公司,泰國,無,無,20,2024-11-25T00:00:00,2024,11,2025-08-19T13:51:35.577,,104年1月至115年6月,1,,
4860,基隆市,,2024/11/25,健康紀元寵物零食-葉綠素潔牙骨,犬,零食,福壽實業股份有限公司,臺灣,無,無,20,2024-11-25T00:00:00,2024,11,2025-08-19T13:51:35.577,,104年1月至115年6月,1,,
4860,新竹市,,2024/11/15,鱈魚粗棒-煙燻,犬,零食,台灣愛邦士實業有限公司,泰國,無,無,21,2024-11-15T00:00:00,2024,11,2025-08-19T13:51:35.577,,104年1月至115年6月,1,,
4860,新竹市,,2024/11/15,自然小貓-低碳無穀凍乾,貓,乾糧,派脆客有限公司,泰國,無,無,21,2024-11-15T00:00:00,2024,11,2025-08-19T13:51:35.577,,104年1月至115年6月,1,,
4860,新竹市,,2024/11/15,藍摯原野精靈-去骨鴨肉無穀配方飼料,貓,乾糧,盛貿寵物股份有限公司,美國,無,無,21,2024-11-15T00:00:00,2024,11,2025-08-19T13:51:35.577,,104年1月至115年6月,1,,
4860,新竹市,,2024/11/15,Boby特級機能愛犬餐杯（角切牛肉+雞肉+起司）,犬,罐頭,台灣惜時有限公司,泰國,無,無,21,2024-11-15T00:00:00,2024,11,2025-08-19T13:51:35.577,,104年1月至115年6月,1,,
4860,新竹市,,2024/11/15,香草廚坊-放牧羊無穀貓香草糧,貓,乾糧,瀚翔寵物有限公司,紐西蘭,無,無,21,2024-11-15T00:00:00,2024,11,2025-08-19T13:51:35.577,,104年1月至115年6月,1,,
4860,新竹市,,2024/11/15,卡維爾高機能貓糧-鹿肉碗豆,貓,乾糧,竣百有限公司,美國,無,無,21,2024-11-15T00:00:00,2024,11,2025-08-19T13:51:35.577,,104年1月至115年6月,1,,
4860,新竹市,,2024/11/15,牛肉風味塊-超值包,犬,零食,台灣多格漫商貿股份有限公司,日本,無,無,21,2024-11-15T00:00:00,2024,11,2025-08-19T13:51:35.577,,104年1月至115年6月,1,,
4860,新竹市,,2024/11/15,經典維齊（幼犬專用）,犬,罐頭,竣百有限公司,泰國,無,無,21,2024-11-15T00:00:00,2024,11,2025-08-19T13:51:35.577,,104年1月至115年6月,1,,
4860,新竹市,RPO14,2024/11/15,妙喵14號片狀-鮪魚+雞肉罐頭,貓,罐頭,東盈實業股份有限公司,日本,無,無,21,2024-11-15T00:00:00,2024,11,2025-08-19T13:51:35.577,,104年1月至115年6月,1,,
4860,新竹市,,2024/11/15,CIAO啾嚕肉泥夾心餅（鮪魚+螃蟹）,貓,零食,強普股份有限公司,泰國,無,無,21,2024-11-15T00:00:00,2024,11,2025-08-19T13:51:35.577,,104年1月至115年6月,1,,
4860,新竹市,RPO13,2024/11/15,FORCANS護眼保健嚼片,犬,補充品,四季全球貿易股份有限公司,韓國,無,無,21,2024-11-15T00:00:00,2024,11,2025-08-19T13:51:35.577,,104年1月至115年6月,1,,
4860,新竹市,,2024/11/15,克瑞斯-牛絞肉,犬,零食,昱碩國際事業股份有限公司,紐西蘭,無,無,21,2024-11-15T00:00:00,2024,11,2025-08-19T13:51:35.577,,104年1月至115年6月,1,,
4860,新竹市,RP015,2024/11/21,莫比自然食雞肉＆米-幼貓/懷孕授乳貓配方（包裝1.5KG*2）,貓,乾糧,博東客企業有限公司,美國,無,無,21,2024-11-21T00:00:00,2024,11,2025-08-19T13:51:35.577,,104年1月至115年6月,1,,
4860,新竹市,RP016,2024/11/21,芮格爾天然寵糧-體控/高齡貓-雞肉＆魚肉（包裝454g*2）,貓,乾糧,聯誠寵物有限公司,美國,無,無,21,2024-11-21T00:00:00,2024,11,2025-08-19T13:51:35.577,,104年1月至115年6月,1,,
4860,新竹市,RP017,2024/11/21,卡維爾高機能犬糧-雞肉糙米（包裝380g*2）,犬,乾糧,竣百有限公司,美國,無,無,21,2024-11-21T00:00:00,2024,11,2025-08-19T13:51:35.577,,104年1月至115年6月,1,,
4860,新竹市,RP018,2024/11/21,皇家小型離乳犬與母犬專用乾糧（包裝1kg*2）,犬,乾糧,台灣皇家寵物食品有限公司,韓國,無,無,21,2024-11-21T00:00:00,2024,11,2025-08-19T13:51:35.577,,104年1月至115年6月,1,,
4860,新竹市,RP019,2024/11/21,柏萊富功能性全齡護膚亮毛配方（包裝2.2kg*2）,犬,乾糧,柏希菲克股份有限公司,美國,無,無,21,2024-11-21T00:00:00,2024,11,2025-08-19T13:51:35.577,,104年1月至115年6月,1,,
4860,嘉義市,TP005,2024/11/21,原點雞肉無穀全犬主食罐,狗,罐頭,四季全球貿易股份有限公司,美國,無,無,22,2024-11-21T00:00:00,2024,11,2025-08-19T13:51:35.577,,104年1月至115年6月,1,,
4860,嘉義市,TP006,2024/11/21,FelineNatural嚴選羊肉鮮燉貓無穀主食罐,貓,罐頭,四季全球貿易股份有限公司,紐西蘭,無,無,22,2024-11-21T00:00:00,2024,11,2025-08-19T13:51:35.577,,104年1月至115年6月,1,,
4860,嘉義市,TP007,2024/11/21,FelineNatural羊+紐西蘭帝王鮭鮮燉貓無穀主食罐,貓,罐頭,四季全球貿易股份有限公司,紐西蘭,無,無,22,2024-11-21T00:00:00,2024,11,2025-08-19T13:51:35.577,,104年1月至115年6月,1,,
4860,嘉義市,TP008,2024/11/21,自然牧場鱈魚皮捲,犬、貓,零食,澳新美有限公司,紐西蘭,無,無,22,2024-11-21T00:00:00,2024,11,2025-08-19T13:51:35.577,,104年1月至115年6月,1,,
4860,嘉義市,TP009,2024/11/21,纖嚼無穀健齒棒5號(柑橘),犬,潔牙骨,奧也股份有限公司,新加坡,無,無,22,2024-11-21T00:00:00,2024,11,2025-08-19T13:51:35.577,,104年1月至115年6月,1,,
4860,連江縣,,2024/11/25,偉嘉whiskas-貓用罐頭-海陸饗宴(185g*1罐),貓,罐頭,台灣瑪氏Mars Petcare,泰國,無,無,24,2024-11-25T00:00:00,2024,11,2025-08-19T13:51:35.577,,104年1月至115年6月,1,,
4860,連江縣,,2024/11/25,西莎Cesar-犬罐頭-鄉村嫩燒小羊肉口味(100g*1罐),犬,罐頭,台灣瑪氏Mars Petcare,澳洲,無,無,24,2024-11-25T00:00:00,2024,11,2025-08-19T13:51:35.577,,104年1月至115年6月,1,,
4860,連江縣,,2024/11/25,西莎Cesar-犬罐頭-牛肉及肝口味(100g*1罐),犬,罐頭,台灣瑪氏Mars Petcare,澳洲,無,無,24,2024-11-25T00:00:00,2024,11,2025-08-19T13:51:35.577,,104年1月至115年6月,1,,
4860,連江縣,,2024/11/25,西莎Cesar-犬罐頭-南法野菜燉雞口味(100g*1罐),犬,罐頭,台灣瑪氏Mars Petcare,澳洲,無,無,24,2024-11-25T00:00:00,2024,11,2025-08-19T13:51:35.577,,104年1月至115年6月,1,,
4860,連江縣,,2024/11/25,葛莉思GREENS犬食-牛肉口味(400g*1罐),犬,罐頭,福壽實業股份有限公司,泰國,無,無,24,2024-11-25T00:00:00,2024,11,2025-08-19T13:51:35.577,,104年1月至115年6月,1,,
4860,新北市,AP057,2024/12/05,香烤雞柳條,犬、貓,零食,朋生國際有限公司,臺灣,營養標示與申報內容不符,函請廠商限期改善。,0,2024-12-05T00:00:00,2024,12,2025-08-19T13:44:13.61,,104年1月至115年6月,1,,
4860,新北市,AP058,2024/12/05,牛肉迷你骨,犬、貓,零食,朋生國際有限公司,臺灣,營養標示與申報內容不符,函請廠商限期改善。,0,2024-12-05T00:00:00,2024,12,2025-08-19T13:44:13.61,,104年1月至115年6月,1,,
4860,新北市,AP059,2024/12/05,低溫慢烘健康糧 羊肉小米佐鮮蔬,犬,乾糧,朋生國際有限公司,臺灣,無,無,0,2024-12-05T00:00:00,2024,12,2025-08-19T13:44:13.61,,104年1月至115年6月,1,,
4860,新北市,AP060,2024/12/05,低溫慢烘健康糧 雞肉薏仁佐鮮蔬,犬,乾糧,朋生國際有限公司,臺灣,無,無,0,2024-12-05T00:00:00,2024,12,2025-08-19T13:44:13.61,,104年1月至115年6月,1,,
4860,新北市,AP061,2024/12/05,低溫慢烘健康糧 牛肉山藥佐鮮蔬,犬,乾糧,朋生國際有限公司,臺灣,無,無,0,2024-12-05T00:00:00,2024,12,2025-08-19T13:44:13.61,,104年1月至115年6月,1,,
4860,臺南市,UP037,2024/12/09,樂境凍乾全齡貓鮮糧-野鮭雞肉凍乾干貝300g,貓,乾糧,大成集團毛能寵物營養生技股份有限公司,臺灣,無,無,4,2024-12-09T00:00:00,2024,12,2025-08-19T13:44:13.61,,104年1月至115年6月,1,,
4860,臺南市,UP038,2024/12/09,瑞威貓糧5號-湖畔水鱉2kg,貓,乾糧,瑞威動物科技股份有限公司,臺灣,無,無,4,2024-12-09T00:00:00,2024,12,2025-08-19T13:44:13.61,,104年1月至115年6月,1,,
4860,臺南市,UP039,2024/12/10,毛孩站起來軟罐頭全齡貓主食包-雞肉口味100g,貓,罐頭,飛起來行銷股份有限公司,臺灣,無,無,4,2024-12-10T00:00:00,2024,12,2025-08-19T13:44:13.61,,104年1月至115年6月,1,,
4860,臺南市,UP040,2024/12/10,毛孩站起來軟罐頭全齡貓主食包-鵪鶉口味100g,貓,罐頭,飛起來行銷股份有限公司,臺灣,無,無,4,2024-12-10T00:00:00,2024,12,2025-08-19T13:44:13.61,,104年1月至115年6月,1,,
4860,臺南市,UP041,2024/12/10,毛孩站起來軟罐頭全齡貓主食包-牛肉口味100g,貓,罐頭,飛起來行銷股份有限公司,臺灣,無,無,4,2024-12-10T00:00:00,2024,12,2025-08-19T13:44:13.61,,104年1月至115年6月,1,,
4860,彰化縣,,2024/12/11,加好寶無穀貓罐 - 新鮮鮪魚佐鮮蝦 80G,貓,罐頭,好侶股份有限公司,泰國,無,無,12,2024-12-11T00:00:00,2024,12,2025-08-19T13:44:13.61,,104年1月至115年6月,1,,
4860,彰化縣,,2024/12/11,加好寶無穀貓罐 - 新鮮鮪魚+鮭魚 80G,貓,罐頭,好侶股份有限公司,泰國,無,無,12,2024-12-11T00:00:00,2024,12,2025-08-19T13:44:13.61,,104年1月至115年6月,1,,
4860,彰化縣,,2024/12/11,寶路罐頭 牛肉口味 400gx24,犬,罐頭,台灣瑪氏股份有限公司,澳洲,無,無,12,2024-12-11T00:00:00,2024,12,2025-08-19T13:44:13.61,,104年1月至115年6月,1,,
4860,彰化縣,,2024/12/11,寶路乾糧羊肉及蔬菜口味 1.5kg*6,犬,乾糧,台灣瑪氏股份有限公司,泰國,無,無,12,2024-12-11T00:00:00,2024,12,2025-08-19T13:44:13.61,,104年1月至115年6月,1,,
4860,彰化縣,,2024/12/11,牛皮棒5*8mm(50支入)牛奶口味,犬,零食,寶麟寵物用品有限公司,臺灣,無,無,12,2024-12-11T00:00:00,2024,12,2025-08-19T13:44:13.61,,104年1月至115年6月,1,,
4860,彰化縣,,2024/12/11,凱莉莎貓罐170g-鮪魚雞肉,貓,罐頭,奕文有限公司,泰國,無,無,12,2024-12-11T00:00:00,2024,12,2025-08-19T13:44:13.61,,104年1月至115年6月,1,,
4860,彰化縣,,2024/12/11,凱莉莎貓罐170g-鮪魚鮭魚,貓,罐頭,奕文有限公司,泰國,無,無,12,2024-12-11T00:00:00,2024,12,2025-08-19T13:44:13.61,,104年1月至115年6月,1,,
4860,彰化縣,,2024/12/11,喵Bar營養貓餐罐-鮭魚+吻仔魚400g,貓,罐頭,樺隆有限公司,泰國,違反動物保護法第22條之3規定,發文給業者限期改善,12,2024-12-11T00:00:00,2024,12,2025-08-19T13:44:13.61,,104年1月至115年6月,1,,
4860,彰化縣,,2024/12/11,喵Bar營養貓餐罐-鮪魚+鮭魚400g,貓,罐頭,樺隆有限公司,泰國,違反動物保護法第22條之3規定,發文給業者限期改善,12,2024-12-11T00:00:00,2024,12,2025-08-19T13:44:13.61,,104年1月至115年6月,1,,
4860,彰化縣,,2024/12/11,活力汪全犬種用消臭餅-蔬菜200g (D-S201),犬,零食,寶麟寵物用品有限公司,臺灣,違反動物保護法第22條之3規定,發文給業者限期改善,12,2024-12-11T00:00:00,2024,12,2025-08-19T13:44:13.61,,104年1月至115年6月,1,,
4860,彰化縣,,2024/12/11,綺維爾亁狗糧牛肉風味 3.5KG,犬,乾糧,忠義實業有限公司,臺灣,違反動物保護法第22條之3規定與第22條之5第2項相關規定,發文給所轄地方行政機關依權責卓處,12,2024-12-11T00:00:00,2024,12,2025-08-19T13:44:13.61,,104年1月至115年6月,1,,
4860,彰化縣,,2024/12/11,艾樂啃亮毛整腸配方,犬,乾糧,凱基國際有限公司,臺灣,違反動物保護法第22條之5第1項第7款及第22條之3第1項規定,發文給業者限期改善,12,2024-12-11T00:00:00,2024,12,2025-08-19T13:44:13.61,,104年1月至115年6月,1,,
4860,彰化縣,,2024/12/11,蒸鮮之味-雞肉,犬,罐頭,夢工場寵物有限公司,臺灣,無,無,12,2024-12-11T00:00:00,2024,12,2025-08-19T13:44:13.61,,104年1月至115年6月,1,,
4860,彰化縣,,2024/12/11,蒸鮮之味-牛肉,犬,罐頭,夢工場寵物有限公司,臺灣,無,無,12,2024-12-11T00:00:00,2024,12,2025-08-19T13:44:13.61,,104年1月至115年6月,1,,
4860,彰化縣,,2024/12/11,沛樂芙無穀鮮肉罐頭-雞肉,犬,罐頭,夢工場寵物有限公司,臺灣,無,無,12,2024-12-11T00:00:00,2024,12,2025-08-19T13:44:13.61,,104年1月至115年6月,1,,
4860,彰化縣,,2024/12/11,沛樂芙無穀鮮肉罐頭-雞肉,犬,罐頭,夢工場寵物有限公司,臺灣,無,無,12,2024-12-11T00:00:00,2024,12,2025-08-19T13:44:13.61,,104年1月至115年6月,1,,
4860,彰化縣,,2024/12/11,寶多福美食犬餐牛肉口味包2Kg,犬,乾糧,統一企業公司,臺灣,無,無,12,2024-12-11T00:00:00,2024,12,2025-08-19T13:44:13.61,,104年1月至115年6月,1,,
4860,彰化縣,,2024/12/11,寶多福美食特餐雞肉口味包10Kg,犬,乾糧,統一企業公司,臺灣,無,無,12,2024-12-11T00:00:00,2024,12,2025-08-19T13:44:13.61,,104年1月至115年6月,1,,
4860,彰化縣,,2024/12/20,旺得福犬乾糧 清燉牛肉,犬,乾糧,柏揚貿易有限公司,臺灣,違反動物保護法第22條之5第2項相關規定,發文給所轄地方行政機關依權責卓處,12,2024-12-20T00:00:00,2024,12,2025-08-19T13:44:13.61,,104年1月至115年6月,1,,
4860,彰化縣,,2024/12/20,旺得福犬乾糧 鮭魚+雞肉,犬,乾糧,柏揚貿易有限公司,臺灣,違反動物保護法第22條之5第2項相關規定,發文給所轄地方行政機關依權責卓處,12,2024-12-20T00:00:00,2024,12,2025-08-19T13:44:13.61,,104年1月至115年6月,1,,
4860,彰化縣,,2024/12/20,旺得福犬乾糧 鮮雞肉+起司,犬,乾糧,柏揚貿易有限公司,臺灣,違反動物保護法第22條之5第2項相關規定,發文給所轄地方行政機關依權責卓處,12,2024-12-20T00:00:00,2024,12,2025-08-19T13:44:13.61,,104年1月至115年6月,1,,
4860,彰化縣,,2024/12/20,旺得福犬乾糧 鰹魚+牛肉,犬,乾糧,柏揚貿易有限公司,臺灣,違反動物保護法第22條之5第2項相關規定,發文給所轄地方行政機關依權責卓處,12,2024-12-20T00:00:00,2024,12,2025-08-19T13:44:13.61,,104年1月至115年6月,1,,
4860,彰化縣,,2024/12/20,愛美力貓乾糧 珍饌海鮮總匯,犬,乾糧,柏揚貿易有限公司,臺灣,違反動物保護法第22條之5第2項相關規定,發文給所轄地方行政機關依權責卓處,12,2024-12-20T00:00:00,2024,12,2025-08-19T13:44:13.61,,104年1月至115年6月,1,,
4860,彰化縣,,2024/12/20,旺得福犬乾糧 紅燒羊肉,犬,乾糧,柏揚貿易有限公司,臺灣,違反動物保護法第22條之5第2項相關規定,發文給所轄地方行政機關依權責卓處,12,2024-12-20T00:00:00,2024,12,2025-08-19T13:44:13.61,,104年1月至115年6月,1,,
4860,屏東縣,,2024/12/12,好飽包 燉牛三寶佐紅燒番茄,犬、貓,濕糧,食寵町國際企業有限公司,臺灣,無,無,16,2024-12-12T00:00:00,2024,12,2025-08-19T13:44:13.61,,104年1月至115年6月,1,,
4860,屏東縣,,2024/12/12,好飽包 鄉炊鹿肉佐青豆薏仁,犬、貓,濕糧,食寵町國際企業有限公司,臺灣,無,無,16,2024-12-12T00:00:00,2024,12,2025-08-19T13:44:13.61,,104年1月至115年6月,1,,
4860,屏東縣,,2024/12/12,要多久 燒雞棒棒,犬、貓,零食,食寵町國際企業有限公司,臺灣,無,無,16,2024-12-12T00:00:00,2024,12,2025-08-19T13:44:13.61,,104年1月至115年6月,1,,
4860,屏東縣,,2024/12/17,妥膳 Formula-A+犬貓營養強化調理配方,犬、貓,濕糧,宜輝企業有限公司,臺灣,無,無,16,2024-12-17T00:00:00,2024,12,2025-08-19T13:44:13.61,,104年1月至115年6月,1,,
4860,屏東縣,,2024/12/17,妥膳 Formula-I+犬貓腸胃道護理配方,犬、貓,濕糧,宜輝企業有限公司,臺灣,無,無,16,2024-12-17T00:00:00,2024,12,2025-08-19T13:44:13.61,,104年1月至115年6月,1,,
4860,屏東縣,,2024/12/17,雞肉棒棒糖,犬、貓,零食,台灣天寵企業社,臺灣,包裝標示與申報資訊不符,113年12月30日以屏府農動字第1130224757號函限期於114年1月6日前完成改善(1月10日複查，已完成改善)。,16,2024-12-17T00:00:00,2024,12,2025-08-19T13:44:13.61,,104年1月至115年6月,1,,
4860,新北市,AP006,2024/02/22,Hi-Q Pets肉多多手工漢堡排-原野羊肉,犬,濕糧,中華海洋生技股份有限公司,臺灣,無,,0,2024-02-22T00:00:00,2024,2,2024-05-29T11:57:47.14,,104年1月至115年6月,1,,
4860,新北市,AP007,2024/02/22,Hi-Q Pets肉多多手工漢堡排-鮮嫩鴨胸佐牛肝,犬,濕糧,中華海洋生技股份有限公司,臺灣,無,,0,2024-02-22T00:00:00,2024,2,2024-05-29T11:57:47.14,,104年1月至115年6月,1,,
4860,新北市,AP008,2024/02/22,Hi-Q Pets肉多多手工漢堡排-鮮味蝦米牛腿肉,犬,濕糧,中華海洋生技股份有限公司,臺灣,無,,0,2024-02-22T00:00:00,2024,2,2024-05-29T11:57:47.14,,104年1月至115年6月,1,,
4860,新北市,AP009,2024/02/22,Hi-Q Pets彩蔬鮮肉醬-亞麻仁雞胸牛腿干貝,犬,濕糧,中華海洋生技股份有限公司,臺灣,無,,0,2024-02-22T00:00:00,2024,2,2024-05-29T11:57:47.14,,104年1月至115年6月,1,,
4860,新北市,AP010,2024/02/22,Hi-Q Pets豪華海陸鮮肉捲-甜美紅椒金瓜,犬,濕糧,中華海洋生技股份有限公司,臺灣,無,,0,2024-02-22T00:00:00,2024,2,2024-05-29T11:57:47.14,,104年1月至115年6月,1,,
4860,臺中市,SP006,2024/01/24,VC5鈣胃能-散 補充鈣磷 中/小型犬用,犬,補充品,信元製藥股份有限公司,臺灣,標示涉誇大不實,通知業者限期改善,2,2024-01-24T00:00:00,2024,2,2024-05-29T11:57:47.14,,104年1月至115年6月,1,,
4860,臺中市,SP007,2024/01/24,CP16關節水合糧(犬用) .多機能膳食,犬,乾糧,信元製藥股份有限公司,臺灣,無,無,2,2024-01-24T00:00:00,2024,2,2024-05-29T11:57:47.14,,104年1月至115年6月,1,,
4860,臺中市,SP008,2024/01/24,CP8犬用羊奶粉200g,犬,補充品,信元製藥股份有限公司,臺灣,無,無,2,2024-01-24T00:00:00,2024,2,2024-05-29T11:57:47.14,,104年1月至115年6月,1,,
4860,臺中市,SP009,2024/01/24,CP3整腸配方(貓用)200g,貓,補充品,信元製藥股份有限公司,臺灣,無,無,2,2024-01-24T00:00:00,2024,2,2024-05-29T11:57:47.14,,104年1月至115年6月,1,,
4860,臺中市,SP010,2024/01/24,CP5鈣胃能(貓用)250g,貓,補充品,信元製藥股份有限公司,臺灣,標示涉誇大不實,通知業者限期改善,2,2024-01-24T00:00:00,2024,2,2024-05-29T11:57:47.14,,104年1月至115年6月,1,,
4860,臺南市,UP006,2024/01/22,Petlife晶饌纖蔬肉糧-鮮緻嫩雞(全齡犬),犬,乾糧,統一企業股份有限公司,臺灣,無,,4,2024-01-22T00:00:00,2024,2,2024-05-29T11:57:47.14,,104年1月至115年6月,1,,
4860,臺南市,UP007,2024/02/02,GOMO PET FOOD 幼貓無穀土雞干貝-土雞/鮭魚/鱈魚/干貝 4.2LB,貓,乾糧,大成集團毛能寵物營養生技股份有限公司,臺灣,無,,4,2024-02-02T00:00:00,2024,2,2024-05-29T11:57:47.14,,104年1月至115年6月,1,,
4860,臺南市,UP008,2024/02/02,GOMO PET FOOD 成犬無穀牛肉根島蝦-牛肉/鮭魚/根島蝦,犬,乾糧,大成集團毛能寵物營養生技股份有限公司,臺灣,違反動物保護法第22條之4第1項「有害寵物健康物質之含量超出安全容許量」之規定,已於113年3月8日至業者現場盤點數量查核即當場查封該產品，並進行後續監督銷毀。,4,2024-02-02T00:00:00,2024,2,2024-05-29T11:57:47.14,,104年1月至115年6月,1,,
4860,臺南市,UP009,2024/02/07,多納熟齡犬狗乾糧牛肉雞肉口味 2kg,犬,乾糧,寶榮開發企業股份有限公司,臺灣,無,,4,2024-02-07T00:00:00,2024,2,2024-05-29T11:57:47.14,,104年1月至115年6月,1,,
4860,臺南市,UP010,2024/02/07,Product 樂倍黑酵母挑嘴犬保健糧 1.5kg,犬,乾糧,寶榮開發企業股份有限公司,臺灣,無,,4,2024-02-07T00:00:00,2024,2,2024-05-29T11:57:47.14,,104年1月至115年6月,1,,
4860,高雄市,WP006,2024/02/01,『大滿足』里肌脆片,犬,零食,盛世有限公司,臺灣,違反動物保護法第22條之3第2項(申報)及第22條之5第1項(標示),限期改正,6,2024-02-01T00:00:00,2024,2,2024-05-29T11:57:47.14,,104年1月至115年6月,1,,
4860,高雄市,WP007,2024/02/01,『派福』薄嫩里肌肉,犬、貓,零食,盛世有限公司,臺灣,違反動物保護法第22條之3第2項(申報)及第22條之5第1項(標示),限期改正,6,2024-02-01T00:00:00,2024,2,2024-05-29T11:57:47.14,,104年1月至115年6月,1,,
4860,高雄市,WP008,2024/02/01,『派福』薄嫩里肌肉絲,犬、貓,零食,盛世有限公司,臺灣,違反動物保護法第22條之3第2項(申報)及第22條之5第1項(標示),限期改正,6,2024-02-01T00:00:00,2024,2,2024-05-29T11:57:47.14,,104年1月至115年6月,1,,
4860,高雄市,WP009,2024/02/01,『它福』里肌脆棒,犬,零食,盛世有限公司,臺灣,違反動物保護法第22條之3第2項(申報)及第22條之5第1項(標示),限期改正,6,2024-02-01T00:00:00,2024,2,2024-05-29T11:57:47.14,,104年1月至115年6月,1,,
4860,高雄市,WP010,2024/02/01,『它它』厚片里肌肉,犬,零食,盛世有限公司,臺灣,違反動物保護法第22條之3第2項(申報)及第22條之5第1項(標示),限期改正,6,2024-02-01T00:00:00,2024,2,2024-05-29T11:57:47.14,,104年1月至115年6月,1,,
4860,高雄市,WP011,2024/02/01,小小一匙PF1001益生菌,犬、貓,補充品,佳瑞生物科技有限公司,臺灣,違反動物保護法第22條之3第2項(申報)及第22條之5第1項(標示),限期改正,6,2024-02-01T00:00:00,2024,2,2024-05-29T11:57:47.14,,104年1月至115年6月,1,,
4860,高雄市,WP012,2024/02/01,小小一匙100%酵母蛋白,犬、貓,補充品,佳瑞生物科技有限公司,臺灣,違反動物保護法第22條之3第2項(申報)及第22條之5第1項(標示),限期改正,6,2024-02-01T00:00:00,2024,2,2024-05-29T11:57:47.14,,104年1月至115年6月,1,,
4860,高雄市,WP013,2024/02/01,小小一匙100%牛磺酸,犬、貓,補充品,佳瑞生物科技有限公司,臺灣,違反動物保護法第22條之3第2項(申報)及第22條之5第1項(標示),限期改正,6,2024-02-01T00:00:00,2024,2,2024-05-29T11:57:47.14,,104年1月至115年6月,1,,
4860,高雄市,WP014,2024/02/01,小小一匙100%碳酸鈣,犬、貓,補充品,佳瑞生物科技有限公司,臺灣,違反動物保護法第22條之3第2項(申報)及第22條之5第1項(標示),限期改正,6,2024-02-01T00:00:00,2024,2,2024-05-29T11:57:47.14,,104年1月至115年6月,1,,
4860,高雄市,WP015,2024/02/01,小小一匙100%褐藻素,犬、貓,補充品,佳瑞生物科技有限公司,臺灣,違反動物保護法第22條之3第2項(申報)及第22條之5第1項(標示),限期改正,6,2024-02-01T00:00:00,2024,2,2024-05-29T11:57:47.14,,104年1月至115年6月,1,,
4860,宜蘭縣,BP001,2024/02/23,喜樂寵宴小叼饞御用凍乾小丁｜草飼牛、包裝150g±5%/罐,犬,罐頭,螢火蟲原創股份有限公司,臺灣,無,,9,2024-02-23T00:00:00,2024,2,2024-05-29T11:57:47.14,,104年1月至115年6月,1,,
4860,苗栗縣,EP001,2024/02/02,胖雞腿(包裝80g*3),犬、貓,濕糧,元義企業社,臺灣,無,,11,2024-02-02T00:00:00,2024,2,2024-05-29T11:57:47.14,,104年1月至115年6月,1,,
4860,苗栗縣,EP002,2024/02/05,黃金雞筋片(包裝*50g*4),犬、貓,零食,寵愛有家股份有限公司,臺灣,無,,11,2024-02-05T00:00:00,2024,2,2024-05-29T11:57:47.14,,104年1月至115年6月,1,,
4860,苗栗縣,EP003,2024/02/15,黑水虻全脂蟲粉(包裝*300g1),犬、貓,補充品,循創生物科技股份有限公司,臺灣,無,,11,2024-02-15T00:00:00,2024,2,2024-05-29T11:57:47.14,,104年1月至115年6月,1,,
4860,苗栗縣,EP004,2024/02/15,黑水虻脫脂蟲粉(包裝*300g1),犬、貓,補充品,循創生物科技股份有限公司,臺灣,無,,11,2024-02-15T00:00:00,2024,2,2024-05-29T11:57:47.14,,104年1月至115年6月,1,,
4860,苗栗縣,EP005,2024/02/16,軟骨雞圓片(包裝*50g*4),犬、貓,零食,寵愛有家股份有限公司,臺灣,無,,11,2024-02-16T00:00:00,2024,2,2024-05-29T11:57:47.14,,104年1月至115年6月,1,,
4860,新北市,AP011,2024/03/14,Petio褐鐵礦便不臭寵物軟食-室內成犬專用配方,犬,"乾糧
(半溼性)",韋民企業股份有限公司,日本,無,無,0,2024-03-14T00:00:00,2024,3,2024-05-29T11:59:39.55,,104年1月至115年6月,1,,
4860,新北市,AP012,2024/03/14,WILD CALLING犬罐-火雞肉,犬,濕糧,八犬國際行銷有限公司,奧地利,無,無,0,2024-03-14T00:00:00,2024,3,2024-05-29T11:59:39.55,,104年1月至115年6月,1,,
4860,新北市,AP013,2024/03/14,喵樂 小小肉泥 雞肉綜合口味,貓,零食,艾澌克企業股份有限公司,日本,無,無,0,2024-03-14T00:00:00,2024,3,2024-05-29T11:59:39.55,,104年1月至115年6月,1,,
4860,臺北市,VP001,2024/03/20,斯博康小型成犬雞肉活力亮毛配方,犬,乾糧,台灣雀巢股份有限公司,澳洲,無,無,1,2024-03-20T00:00:00,2024,3,2024-05-29T11:59:39.55,,104年1月至115年6月,1,,
4860,臺北市,VP002,2024/03/20,CIAO貓用餐包-鮪魚&雞胸,貓,濕糧,臺灣生活良好國際股份有限公司,日本,無,無,1,2024-03-20T00:00:00,2024,3,2024-05-29T11:59:39.55,,104年1月至115年6月,1,,
4860,臺北市,VP003,2024/03/20,西沙精緻乾糧 澳洲牛肉與鮮嫩鮭魚(三文魚)口味,犬,乾糧,台灣瑪氏股份有限公司,澳洲,無,無,1,2024-03-20T00:00:00,2024,3,2024-05-29T11:59:39.55,,104年1月至115年6月,1,,
4860,臺中市,SP011,2024/03/19,荒野饗宴之與狼共舞 珍味牛肉,貓,乾糧,沛緹雅股份有限公司,澳洲,無,無,2,2024-03-19T00:00:00,2024,3,2024-05-29T11:59:39.55,,104年1月至115年6月,1,,
4860,臺中市,SP012,2024/03/19,野性魅力 模擬犬貓野外多元化獵食 海陸龍蝦 盛宴貓,貓,乾糧,加拿大野性魅力有限公司,加拿大,無,無,2,2024-03-19T00:00:00,2024,3,2024-05-29T11:59:39.55,,104年1月至115年6月,1,,
4860,臺中市,SP013,2024/03/19,野宴 全齡犬草飼無穀配方 草飼牛及野牧山羊,犬,乾糧,悠遊國際實業股份有限公司,紐西蘭,無,無,2,2024-03-19T00:00:00,2024,3,2024-05-29T11:59:39.55,,104年1月至115年6月,1,,
4860,臺南市,UP011,2024/02/21,Acana愛肯拿豐盛漁獲貓-鮭魚、鱈魚+虹鱒魚,貓,乾糧,豪翼行銷有限公司,加拿大,無,無,4,2024-02-21T00:00:00,2024,3,2024-05-29T11:59:39.55,,104年1月至115年6月,1,,
4860,臺南市,UP012,2024/03/18,西莎-經典火雞與蔬菜口味犬糧,犬,乾糧,台灣瑪氏股份有限公司,澳洲,無,無,4,2024-03-18T00:00:00,2024,3,2024-05-29T11:59:39.55,,104年1月至115年6月,1,,
4860,桃園市,CP006,2024/03/04,純境無穀全齡貓糧－澳洲鮭魚＋凍乾,貓,乾糧,原野國際行銷有限公司,澳洲,無,無,8,2024-03-04T00:00:00,2024,3,2024-05-29T11:59:39.55,,104年1月至115年6月,1,,
4860,桃園市,CP007,2024/03/04,NB低敏無穀地瓜鮭魚成犬配方,犬,乾糧,黃金巴頓寵支貿易有限公司,美國,無,無,8,2024-03-04T00:00:00,2024,3,2024-05-29T11:59:39.55,,104年1月至115年6月,1,,
4860,宜蘭縣,BP002,2024/03/13,藤沢築地減鹽沙丁魚、包裝100g/包,犬、貓,零食,奧也股份有限公司,日本,無,無,9,2024-03-13T00:00:00,2024,3,2024-05-29T11:59:39.55,,104年1月至115年6月,1,,
4860,宜蘭縣,BP003,2024/03/13,吶一口無穀貓咪湯罐-鮪魚+鮮甜鰹魚、包裝80g/罐,貓,濕糧,豪翼行銷有限公司,泰國,無,無,9,2024-03-13T00:00:00,2024,3,2024-05-29T11:59:39.55,,104年1月至115年6月,1,,
4860,宜蘭縣,BP004,2024/03/13,耐嚼型潔牙棒-雞肝風味、包裝3支/包,犬,零食,竣百有限公司,泰國,無,無,9,2024-03-13T00:00:00,2024,3,2024-05-29T11:59:39.55,,104年1月至115年6月,1,,
4860,宜蘭縣,BP005,2024/03/13,天然密碼低敏鮭魚、包裝454g/包,犬,乾糧,廣湛有限公司,美國,無,無,9,2024-03-13T00:00:00,2024,3,2024-05-29T11:59:39.55,,104年1月至115年6月,1,,
4860,苗栗縣,EP008,2024/03/15,Bistro Cat特級銀貓健康大罐(鮮嫩雞肉),貓,濕糧,台灣惜時有限公司,泰國,無,無,11,2024-03-15T00:00:00,2024,3,2024-05-29T11:59:39.55,,104年1月至115年6月,1,,
4860,彰化縣,GP006,2024/03/15,HULUCAT卡滋化毛潔牙餅-羊肉,貓,零食,王品寵物用品有限公司,泰國,無,無,12,2024-03-15T00:00:00,2024,3,2024-05-29T11:59:39.55,,104年1月至115年6月,1,,
4860,彰化縣,GP007,2024/03/15,天然優吉化毛貓營養餐-雞肉+鮮魚,貓,乾糧,三明寶寵物用品有限公司,澳洲,違反動保法第22條之3第2項(申報),限期改正,12,2024-03-15T00:00:00,2024,3,2024-05-29T11:59:39.55,,104年1月至115年6月,1,,
4860,南投縣,HP001,2024/03/11,ALPS阿爾卑斯肉醬犬罐鮭魚口味,犬,罐頭,寵兒商貿有限公司,義大利,無,無,13,2024-03-11T00:00:00,2024,3,2024-05-29T11:59:39.55,,104年1月至115年6月,1,,
4860,南投縣,HP002,2024/03/11,狗還要優格QQ條（花生）,犬,零食,博東客企業有限公司,美國,產品疑似發霉,新北市動保處查處,13,2024-03-11T00:00:00,2024,3,2024-05-29T11:59:39.55,,104年1月至115年6月,1,,
4860,嘉義縣,JP001,2024/03/12,IN-Plus超濃縮卵磷脂,犬,補充品,艾澌克企業股份有限公司,美國,無,無,15,2024-03-12T00:00:00,2024,3,2024-05-29T11:59:39.55,,104年1月至115年6月,1,,
4860,屏東縣,MP006,2024/03/13,野性魅力-羊肉鮭魚 配方貓 340g,貓,乾糧,加拿大野性魅力有限公司,加拿大,無,無,16,2024-03-13T00:00:00,2024,3,2024-05-29T11:59:39.55,,104年1月至115年6月,1,,
4860,屏東縣,MP007,2024/03/13,歐娜特-全齡貓腸胃保健 放牧雞肉火雞 300g,貓,乾糧,瀚揚國際企業有限公司,西班牙,無,無,16,2024-03-13T00:00:00,2024,3,2024-05-29T11:59:39.55,,104年1月至115年6月,1,,
4860,花蓮縣,OP001,2024/03/13,LE-TR05-200【LOVE&#39 EM】天然雞肉-犬用,犬,零食,聯享寵物貿易有限公司,澳洲,無,無,18,2024-03-13T00:00:00,2024,3,2024-05-29T11:59:39.55,,104年1月至115年6月,1,,
4860,花蓮縣,OP002,2024/03/13,皇冠大海貓罐-海鮮拼盤,貓,濕糧,皇冠國際企業有限公司,泰國,無,無,18,2024-03-13T00:00:00,2024,3,2024-05-29T11:59:39.55,,104年1月至115年6月,1,,
4860,基隆市,QP001,2024/03/04,純境無穀全齡貓糧-澳洲鮭魚+凍乾,貓,乾糧,原野國際行銷有限公司,澳洲,無,無,20,2024-03-04T00:00:00,2024,3,2024-05-29T11:59:39.55,,104年1月至115年6月,1,,
4860,基隆市,QP002,2024/03/04,樂點-晶健低脂軟雞肉條,犬,零食,竣百有限公司,泰國,無,無,20,2024-03-04T00:00:00,2024,3,2024-05-29T11:59:39.55,,104年1月至115年6月,1,,
4860,新竹市,RP001,2024/03/04,澳洲犬用牛奶幼犬用,犬,補充品,台灣多格漫商貿易(股)公司,澳洲,無,無,21,2024-03-04T00:00:00,2024,3,2024-05-29T11:59:39.55,,104年1月至115年6月,1,,
4860,新竹市,RP002,2024/03/04,德國馬克無穀主食貓罐(鮭魚+雞肉),貓,罐頭,品果國際行銷有限公司,德國,無,無,21,2024-03-04T00:00:00,2024,3,2024-05-29T11:59:39.55,,104年1月至115年6月,1,,
4860,嘉義市,TP001,2024/03/19,真致(ZEAL)天然風乾零食牛肉塊,犬、貓,零食,嵩颺有限公司,紐西蘭,無,無,22,2024-03-19T00:00:00,2024,3,2024-05-29T11:59:39.55,,104年1月至115年6月,1,,
4860,臺北市,VP004,2024/04/16,(分裝)柏萊富腸胃保健犬糧鮭魚+糙米,犬,乾糧,受查商家：貓職人有限公司,美國,未申報及中文標示不完整,通知業者限期改善,1,2024-04-16T00:00:00,2024,4,2024-06-20T11:22:30.22,,104年1月至115年6月,1,,
4860,臺北市,VP005,2024/04/16,(分裝)法米納低穀貓糧羊肉藍莓挑嘴成貓,貓,乾糧,受查商家：貓職人有限公司,義大利,未申報及中文標示不完整,通知業者限期改善,1,2024-04-16T00:00:00,2024,4,2024-06-20T11:22:30.22,,104年1月至115年6月,1,,
4860,臺北市,,2024/04/16,(分裝)法米納無穀貓糧羊肉藍莓,貓,乾糧,受查商家：貓職人有限公司,義大利,未申報及中文標示不完整,通知業者限期改善,1,2024-04-16T00:00:00,2024,4,2024-06-20T11:22:30.22,,104年1月至115年6月,1,,
4860,臺北市,,2024/04/16,(分裝)柏萊富無穀低敏挑嘴犬糧-鮭魚+碗豆,犬,乾糧,受查商家：貓職人有限公司,美國,未申報及中文標示不完整,通知業者限期改善,1,2024-04-16T00:00:00,2024,4,2024-06-20T11:22:30.22,,104年1月至115年6月,1,,
4860,臺北市,,2024/04/16,(分裝)艾雷雅無穀成犬糧(中/大型犬)深海鮮魚+大麻籽&蘆薈,犬,乾糧,受查商家：貓職人有限公司,美國,未申報及中文標示不完整,通知業者限期改善,1,2024-04-16T00:00:00,2024,4,2024-06-20T11:22:30.22,,104年1月至115年6月,1,,
4860,臺北市,,2024/04/16,(分裝)歐睿健無穀貓糧(原渴望&極緻)六種魚,貓,乾糧,受查商家：貓職人有限公司,加拿大,未申報及中文標示不完整,通知業者限期改善,1,2024-04-16T00:00:00,2024,4,2024-06-20T11:22:30.22,,104年1月至115年6月,1,,
4860,臺北市,,2024/04/16,(分裝)自然邏輯天然全齡犬糧經典羊肉,犬,乾糧,受查商家：貓職人有限公司,美國,未申報及中文標示不完整,通知業者限期改善,1,2024-04-16T00:00:00,2024,4,2024-06-20T11:22:30.22,,104年1月至115年6月,1,,
4860,臺北市,,2024/04/16,(分裝)歐睿健無穀貓糧(原渴望&極緻)牧野鮮雞,貓,乾糧,受查商家：貓職人有限公司,加拿大,未申報及中文標示不完整,通知業者限期改善,1,2024-04-16T00:00:00,2024,4,2024-06-20T11:22:30.22,,104年1月至115年6月,1,,
4860,臺北市,,2024/04/16,(分裝)Boreal無穀犬糧帝王鮭魚,犬,乾糧,受查商家：貓職人有限公司,加拿大,未申報及中文標示不完整,通知業者限期改善,1,2024-04-16T00:00:00,2024,4,2024-06-20T11:22:30.22,,104年1月至115年6月,1,,
4860,臺北市,,2024/04/16,(分裝)Boreal無穀小型犬野牧鴨肉,犬,乾糧,受查商家：貓職人有限公司,加拿大,未申報及中文標示不完整,通知業者限期改善,1,2024-04-16T00:00:00,2024,4,2024-06-20T11:22:30.22,,104年1月至115年6月,1,,
4860,臺中市,,2024/04/16,(分裝)CHARM野性魅力-海陸龍蝦盛宴犬,犬,乾糧,受查商家：綠毛果文創有限公司,加拿大,標示不全,已函文勸導,2,2024-04-16T00:00:00,2024,4,2024-06-20T11:22:30.22,,104年1月至115年6月,1,,
4860,臺中市,,2024/04/16,(分裝)野宴-紐西蘭天然寵糧,貓,乾糧,受查商家：綠毛果文創有限公司,紐西蘭,標示不全,已函文勸導,2,2024-04-16T00:00:00,2024,4,2024-06-20T11:22:30.22,,104年1月至115年6月,1,,
4860,臺中市,,2024/04/16,(分裝)GO鴨肉頂級抗敏天然糧單一鴨肉+零穀,犬,乾糧,受查商家：綠毛果文創有限公司,加拿大,標示不全,已函文勸導,2,2024-04-16T00:00:00,2024,4,2024-06-20T11:22:30.22,,104年1月至115年6月,1,,
4860,臺中市,,2024/04/16,(分裝)ADD自然癮食-全犬無穀野牧羊肉,犬,乾糧,受查商家：綠毛果文創有限公司,紐西蘭,標示不全,已函文勸導,2,2024-04-16T00:00:00,2024,4,2024-06-20T11:22:30.22,,104年1月至115年6月,1,,
4860,臺中市,,2024/04/16,(分裝)愛肯拿草原盛宴挑嘴貓放養鴨肉+薑黃,貓,乾糧,受查商家：綠毛果文創有限公司,加拿大,標示不全,已函文勸導,2,2024-04-16T00:00:00,2024,4,2024-06-20T11:22:30.22,,104年1月至115年6月,1,,
4860,臺中市,,2024/04/29,(分裝)格零穀化毛貓五種魚,貓,乾糧,受查商家：老地方國際有限公司,加拿大,標示不全,已函文勸導,2,2024-04-29T00:00:00,2024,4,2024-06-20T11:22:30.22,,104年1月至115年6月,1,,
4860,臺中市,,2024/04/29,(分裝)吉夫特,貓,乾糧,受查商家：老地方國際有限公司,澳洲,標示不全,已函文勸導,2,2024-04-29T00:00:00,2024,4,2024-06-20T11:22:30.22,,104年1月至115年6月,1,,
4860,臺中市,,2024/04/29,(分裝)自然本色小型成犬亮白無殼鮭魚,犬,乾糧,受查商家：老地方國際有限公司,立陶宛,標示不全,已函文勸導,2,2024-04-29T00:00:00,2024,4,2024-06-20T11:22:30.22,,104年1月至115年6月,1,,
4860,臺中市,,2024/04/29,(分裝)monge 瑪恩吉 真野低穀 成犬 山豬肉,犬,乾糧,受查商家：老地方國際有限公司,義大利,標示不全,已函文勸導,2,2024-04-29T00:00:00,2024,4,2024-06-20T11:22:30.22,,104年1月至115年6月,1,,
4860,臺中市,,2024/04/29,(分裝)優康佳 成犬,犬,乾糧,受查商家：老地方國際有限公司,日本,標示不全,已函文勸導,2,2024-04-29T00:00:00,2024,4,2024-06-20T11:22:30.22,,104年1月至115年6月,1,,
4860,臺南市,UP013,2024/02/21,(分裝)希爾思成犬小顆粒(雞肉),犬,乾糧,受查商家：犬貴族寵物用品有限公司,美國,無,無,4,2024-02-21T00:00:00,2024,4,2024-06-20T11:22:30.22,,104年1月至115年6月,1,,
4860,臺南市,UP014,2024/03/18,(分裝)法國皇家寵物食品-挑嘴腸胃敏感貓S33,貓,乾糧,受查商家：犬貴族寵物用品有限公司,法國,無,無,4,2024-03-18T00:00:00,2024,4,2024-06-20T11:22:30.22,,104年1月至115年6月,1,,
4860,高雄市,WP016,2024/03/01,(分裝)希爾思幼貓雞肉,貓,乾糧,受查商家：卡特寵物用品有限公司,美國,違反動保法第22條之3第2項(申報)及第22條之5第1項(標示),限期改正,6,2024-03-01T00:00:00,2024,4,2024-06-20T11:22:30.22,,104年1月至115年6月,1,,
4860,高雄市,WP017,2024/03/01,(分裝)法國皇家小型幼犬MNPP,犬,乾糧,受查商家：卡特寵物用品有限公司,韓國,違反動保法第22條之3第2項(申報)及第22條之5第1項(標示),限期改正,6,2024-03-01T00:00:00,2024,4,2024-06-20T11:22:30.22,,104年1月至115年6月,1,,
4860,高雄市,WP018,2024/03/01,(分裝)新優格成犬羊肉小顆粒,犬,乾糧,受查商家：卡特寵物用品有限公司,美國,違反動保法第22條之3第2項(申報)及第22條之5第1項(標示),限期改正,6,2024-03-01T00:00:00,2024,4,2024-06-20T11:22:30.22,,104年1月至115年6月,1,,
4860,高雄市,,2024/04/01,(分裝)法國皇家中型幼犬MPP,犬,乾糧,受查商家：卡特寵物用品有限公司,韓國,違反動保法第22條之3第2項(申報)及第22條之5第1項(標示),限期改正,6,2024-04-01T00:00:00,2024,4,2024-06-20T11:22:30.22,,104年1月至115年6月,1,,
4860,高雄市,,2024/04/01,(分裝)法國皇家小型成犬MNAP,犬,乾糧,受查商家：卡特寵物用品有限公司,韓國,違反動保法第22條之3第2項(申報)及第22條之5第1項(標示),限期改正,6,2024-04-01T00:00:00,2024,4,2024-06-20T11:22:30.22,,104年1月至115年6月,1,,
4860,高雄市,,2024/04/01,(分裝)法國皇家幼母貓K36,貓,乾糧,受查商家：卡特寵物用品有限公司,韓國,違反動保法第22條之3第2項(申報)及第22條之5第1項(標示),限期改正,6,2024-04-01T00:00:00,2024,4,2024-06-20T11:22:30.22,,104年1月至115年6月,1,,
4860,高雄市,,2024/04/01,(分裝)法國皇家理想體態貓F32,貓,乾糧,受查商家：卡特寵物用品有限公司,韓國,違反動保法第22條之3第2項(申報)及第22條之5第1項(標示),限期改正,6,2024-04-01T00:00:00,2024,4,2024-06-20T11:22:30.22,,104年1月至115年6月,1,,
4860,高雄市,,2024/04/01,(分裝)法國皇家腸胃敏感貓S33,貓,乾糧,受查商家：卡特寵物用品有限公司,韓國,違反動保法第22條之3第2項(申報)及第22條之5第1項(標示),限期改正,6,2024-04-01T00:00:00,2024,4,2024-06-20T11:22:30.22,,104年1月至115年6月,1,,
4860,高雄市,,2024/04/01,(分裝)新優格成犬雞肉,犬,乾糧,受查商家：卡特寵物用品有限公司,美國,違反動保法第22條之3第2項(申報)及第22條之5第1項(標示),限期改正,6,2024-04-01T00:00:00,2024,4,2024-06-20T11:22:30.22,,104年1月至115年6月,1,,
4860,高雄市,,2024/04/01,(分裝)新優格高齡犬羊肉,犬,乾糧,受查商家：卡特寵物用品有限公司,美國,違反動保法第22條之3第2項(申報)及第22條之5第1項(標示),限期改正,6,2024-04-01T00:00:00,2024,4,2024-06-20T11:22:30.22,,104年1月至115年6月,1,,
4860,高雄市,,2024/04/01,(分裝)新優格成幼化毛貓雞肉,貓,乾糧,受查商家：卡特寵物用品有限公司,美國,違反動保法第22條之3第2項(申報)及第22條之5第1項(標示),限期改正,6,2024-04-01T00:00:00,2024,4,2024-06-20T11:22:30.22,,104年1月至115年6月,1,,
4860,高雄市,,2024/04/01,(分裝)LCB藍帶廚坊挑嘴亮毛(海鮮大餐),貓,乾糧,受查商家：卡特寵物用品有限公司,臺灣,違反動保法第22條之3第2項(申報)及第22條之5第1項(標示),限期改正,6,2024-04-01T00:00:00,2024,4,2024-06-20T11:22:30.22,,104年1月至115年6月,1,,
4860,高雄市,,2024/04/01,(分裝)米克斯MIX乾狗糧營養全榖+三,貓,乾糧,受查商家：卡特寵物用品有限公司,臺灣,違反動保法第22條之3第2項(申報)及第22條之5第1項(標示),限期改正,6,2024-04-01T00:00:00,2024,4,2024-06-20T11:22:30.22,,104年1月至115年6月,1,,
4860,桃園市,,2024/04/15,(分裝)皇家幼母貓配方,貓,乾糧,受查商家：大明狗食世界商行,韓國,未完成寵物食品申報；標示無製造業者名稱、電話、地址、原產地,依桃園市政府動物保護處113年4月24日桃動四字第1130003144號函令業者限期改善,8,2024-04-15T00:00:00,2024,4,2024-06-20T11:22:30.22,,104年1月至115年6月,1,,
4860,桃園市,,2024/04/15,(分裝)猋幼母貓配方,貓,乾糧,受查商家：大明狗食世界商行,加拿大,未完成寵物食品申報；標示無製造業者名稱、電話、地址、原產地,依桃園市政府動物保護處113年4月24日桃動四字第1130003144號函令業者限期改善,8,2024-04-15T00:00:00,2024,4,2024-06-20T11:22:30.22,,104年1月至115年6月,1,,
4860,桃園市,,2024/04/15,(分裝)優格成幼貓配方,貓,乾糧,受查商家：大明狗食世界商行,美國,未完成寵物食品申報；標示無製造業者名稱、電話、地址、原產地,依桃園市政府動物保護處113年4月24日桃動四字第1130003144號函令業者限期改善,8,2024-04-15T00:00:00,2024,4,2024-06-20T11:22:30.22,,104年1月至115年6月,1,,
4860,桃園市,CP008,2024/04/15,(分裝)寵愛物語貓飼料-化毛保健,貓,乾糧,受查商家：大明狗食世界商行,臺灣,未完成寵物食品申報；標示無製造業者名稱、電話、地址、原產地,依桃園市政府動物保護處113年4月24日桃動四字第1130003144號函令業者限期改善,8,2024-04-15T00:00:00,2024,4,2024-06-20T11:22:30.22,,104年1月至115年6月,1,,
4860,桃園市,,2024/04/15,(分裝)阿拉卡特鮭魚益生菌貓配方,貓,乾糧,受查商家：大明狗食世界商行,澳洲,未完成寵物食品申報；標示無製造業者名稱、電話、地址、原產地,依桃園市政府動物保護處113年4月24日桃動四字第1130003144號函令業者限期改善,8,2024-04-15T00:00:00,2024,4,2024-06-20T11:22:30.22,,104年1月至115年6月,1,,
4860,桃園市,,2024/04/15,(分裝)猋成犬羊肉配方,犬,乾糧,受查商家：大明狗食世界商行,加拿大,未完成寵物食品申報；標示無製造業者名稱、電話、地址、原產地,依桃園市政府動物保護處113年4月24日桃動四字第1130003144號函令業者限期改善,8,2024-04-15T00:00:00,2024,4,2024-06-20T11:22:30.22,,104年1月至115年6月,1,,
4860,桃園市,,2024/04/15,(分裝)寵愛物語活動犬,犬,乾糧,受查商家：大明狗食世界商行,臺灣,未完成寵物食品申報；標示無製造業者名稱、電話、地址、原產地,依桃園市政府動物保護處113年4月24日桃動四字第1130003144號函令業者限期改善,8,2024-04-15T00:00:00,2024,4,2024-06-20T11:22:30.22,,104年1月至115年6月,1,,
4860,桃園市,,2024/04/15,(分裝)皇家小型成犬配方,犬,乾糧,受查商家：大明狗食世界商行,韓國,未完成寵物食品申報；標示無製造業者名稱、電話、地址、原產地,依桃園市政府動物保護處113年4月24日桃動四字第1130003144號函令業者限期改善,8,2024-04-15T00:00:00,2024,4,2024-06-20T11:22:30.22,,104年1月至115年6月,1,,
4860,桃園市,CP009,2024/04/15,(分裝)親旺成犬雞肉,犬,乾糧,受查商家：大明狗食世界商行,臺灣,未完成寵物食品申報；標示無製造業者名稱、電話、地址、原產地,依桃園市政府動物保護處113年4月24日桃動四字第1130003144號函令業者限期改善,8,2024-04-15T00:00:00,2024,4,2024-06-20T11:22:30.22,,104年1月至115年6月,1,,
4860,桃園市,,2024/04/15,(分裝)2.5吋牛奶打結骨,犬,潔牙骨,受查商家：大明狗食世界商行,臺灣,未完成寵物食品申報；標示無製造業者名稱、電話、地址、原產地,依桃園市政府動物保護處113年4月24日桃動四字第1130003144號函令業者限期改善,8,2024-04-15T00:00:00,2024,4,2024-06-20T11:22:30.22,,104年1月至115年6月,1,,
4860,新竹縣,DP001,2024/04/17,(分裝)葛林菲成犬小顆粒,犬,乾糧,受查商家：狗老板福興店(吉浦興業有限公司),義大利,尚未申報寵物食品,限期令其改善,10,2024-04-17T00:00:00,2024,4,2024-06-20T11:22:30.22,,104年1月至115年6月,1,,
4860,新竹縣,DP002,2024/04/17,(分裝)菲尼斯愛貓-雞肉,貓,乾糧,受查商家：貓樂福竹北店(虹口企業有限公司),臺灣,尚未申報寵物食品,限期令其改善,10,2024-04-17T00:00:00,2024,4,2024-06-20T11:22:30.22,,104年1月至115年6月,1,,
4860,新竹縣,DP003,2024/04/17,(分裝)愛多奇皮膚保健配方(澳洲羊肉+米),犬,乾糧,受查商家：寵物New生活(珍德寵商行),臺灣,尚未申報寵物食品,限期令其改善,10,2024-04-17T00:00:00,2024,4,2024-06-20T11:22:30.22,,104年1月至115年6月,1,,
4860,南投縣,,2024/04/09,（分裝）MY DEAR CAT 親密貓 海洋魚,貓,乾糧,受查商家：草屯 嘉鄉商貿有限公司,泰國,無,,13,2024-04-09T00:00:00,2024,4,2024-06-20T11:22:30.22,,104年1月至115年6月,1,,
4860,南投縣,,2024/04/09,（分裝）雞胸肉片,犬,零食,受查商家：草屯 汪喵寵屋,臺灣,無,,13,2024-04-09T00:00:00,2024,4,2024-06-20T11:22:30.22,,104年1月至115年6月,1,,
4860,南投縣,,2024/04/11,（分裝）原味雞肉片,犬,零食,受查商家：草屯 Sunny寵物美容,臺灣,中文標示不完整,下架，改善後才會上架,13,2024-04-11T00:00:00,2024,4,2024-06-20T11:22:30.22,,104年1月至115年6月,1,,
4860,南投縣,,2024/04/11,（分裝）無品名,貓,乾糧,受查商家：南投市 大群動物醫院,無標示,中文標示不完整,下架，並不再販售,13,2024-04-11T00:00:00,2024,4,2024-06-20T11:22:30.22,,104年1月至115年6月,1,,
4860,南投縣,,2024/04/11,（分裝）無品名,犬,潔牙骨,受查商家：南投市 東南動物醫院,無標示,中文標示不完整,下架，並當贈品送客人,13,2024-04-11T00:00:00,2024,4,2024-06-20T11:22:30.22,,104年1月至115年6月,1,,
4860,雲林縣,IP001,2024/04/19,(分裝)小型成犬專用飼料MNA（分裝包）,犬,乾糧,受查商家：蝦拼寵物團購,韓國,"1.中文標示不完整
2.未完成分裝寵物食品申報","1.請業者標示部分限期改善
2.輔導業者完進行申報",14,2024-04-19T00:00:00,2024,4,2024-06-20T11:22:30.22,,104年1月至115年6月,1,,
4860,雲林縣,IP002,2024/04/22,(分裝)犬飼料(包裝上未標示),犬,乾糧,受查商家：佑晟動物醫院,臺灣,"1.中文標示不完整
2.未完成分裝寵物食品申報",1.輔導業者進行申報，事後業者停止販售分裝飼料,14,2024-04-22T00:00:00,2024,4,2024-06-20T11:22:30.22,,104年1月至115年6月,1,,
4860,雲林縣,IP003,2024/04/22,(分裝)幼母貓 法國皇家,貓,乾糧,受查商家：信安犬貓動物診所,韓國,未完成分裝寵物食品申報,輔導業者進行申報,14,2024-04-22T00:00:00,2024,4,2024-06-20T11:22:30.22,,104年1月至115年6月,1,,
4860,雲林縣,,2024/04/29,(分裝)腸胃敏感貓專用,貓,乾糧,受查商家：斗六動物醫院,韓國,"1.中文標示不完整
2.未完成分裝寵物食品申報","1.請業者標示部分限期改善
3.輔導業者進行申報",14,2024-04-29T00:00:00,2024,4,2024-06-20T11:22:30.22,,104年1月至115年6月,1,,
4860,嘉義縣,JP002,2024/04/15,(分裝)中型幼犬專業用乾糧MPP,犬,乾糧,受查商家：保生動物醫院,韓國,無,無,15,2024-04-15T00:00:00,2024,4,2024-06-20T11:22:30.22,,104年1月至115年6月,1,,
4860,嘉義縣,JP003,2024/04/15,(分裝)博士巧思犬食—幼犬專用配方,犬,乾糧,受查商家：佰吉利愛犬美容屋,臺灣,標示不全,限期改善,15,2024-04-15T00:00:00,2024,4,2024-06-20T11:22:30.22,,104年1月至115年6月,1,,
4860,嘉義縣,JP004,2024/04/17,(分裝)Alleva均衡照護犬(低敏鮮羊深海魚),犬,乾糧,受查商家：素西小姐,義大利,標示不全,限期改善,15,2024-04-17T00:00:00,2024,4,2024-06-20T11:22:30.22,,104年1月至115年6月,1,,
4860,嘉義縣,,2024/04/17,(分裝)法米納全齡犬-野豬蘋果,犬,乾糧,受查商家：素西小姐,義大利,標示不全,限期改善,15,2024-04-17T00:00:00,2024,4,2024-06-20T11:22:30.22,,104年1月至115年6月,1,,
4860,嘉義縣,,2024/04/30,(分裝)皇家腸胃敏感成貓S33,貓,乾糧,受查商家：水上動物醫院,韓國,標示不全,限期改善,15,2024-04-30T00:00:00,2024,4,2024-06-20T11:22:30.22,,104年1月至115年6月,1,,
4860,臺東縣,NP001,2024/04/19,(分裝)冠能雞肉成犬(包裝750g*2),犬,乾糧,受查商家：阿甘寵物王國館,澳洲,無,無,17,2024-04-19T00:00:00,2024,4,2024-06-20T11:22:30.22,,104年1月至115年6月,1,,
4860,臺東縣,NP002,2024/04/19,(分裝)皇家K36幼母貓(包裝850g*2),貓,乾糧,受查商家：阿甘寵物王國館,韓國,無,無,17,2024-04-19T00:00:00,2024,4,2024-06-20T11:22:30.22,,104年1月至115年6月,1,,
4860,基隆市,QP003,2024/04/17,(分裝)皇家小型幼犬專用飼料(1KG分裝包),犬,乾糧,受查商家：小寶貝水族百貨店,韓國,無,無,20,2024-04-17T00:00:00,2024,4,2024-06-20T11:22:30.22,,104年1月至115年6月,1,,
4860,基隆市,QP004,2024/04/17,(分裝)優而沛成犬活力配方牛肉口味小顆粒飼料(1KG分裝包),犬,乾糧,受查商家：小寶貝水族百貨店,臺灣,無,無,20,2024-04-17T00:00:00,2024,4,2024-06-20T11:22:30.22,,104年1月至115年6月,1,,
4860,基隆市,QP005,2024/04/17,(分裝)皇家理想體態成貓專用F32飼料(1KG分裝包),貓,乾糧,受查商家：小寶貝水族百貨店,韓國,無,無,20,2024-04-17T00:00:00,2024,4,2024-06-20T11:22:30.22,,104年1月至115年6月,1,,
4860,新北市,AP028,2024/05/20,(分裝)荒野饗宴 農場雞肉蘋果全齡犬,犬,乾糧,受查商家：金吉利寵物用品店-板橋文化店,澳洲,無,無,0,2024-05-20T00:00:00,2024,5,2024-06-20T15:03:52.627,,104年1月至115年6月,1,,
4860,新北市,AP029,2024/05/20,(分裝)紐頓 挑嘴無穀貓(火雞肉+雞肉),貓,乾糧,受查商家：金吉利寵物用品店-板橋文化店,加拿大,無,無,0,2024-05-20T00:00:00,2024,5,2024-06-20T15:03:52.627,,104年1月至115年6月,1,,
4860,臺北市,,2024/05/22,(分裝)紐頓挑嘴小型犬無榖配方(火雞+雞肉),犬,乾糧,受查商家：光旗寵物精品店,加拿大,未申報,通知業者限期改善,1,2024-05-22T00:00:00,2024,5,2024-06-20T15:03:52.627,,104年1月至115年6月,1,,
4860,臺北市,,2024/05/22,(分裝)陪心寵糧-無榖全齡犬-雞肉鮮蔬,犬,乾糧,受查商家：光旗寵物精品店,臺灣,未申報,通知業者限期改善,1,2024-05-22T00:00:00,2024,5,2024-06-20T15:03:52.627,,104年1月至115年6月,1,,
4860,臺北市,,2024/05/22,(分裝)陪心寵糧無榖低敏犬糧-魚肉鮮蔬,犬,乾糧,受查商家：光旗寵物精品店,臺灣,未申報,通知業者限期改善,1,2024-05-22T00:00:00,2024,5,2024-06-20T15:03:52.627,,104年1月至115年6月,1,,
4860,臺北市,,2024/05/22,(分裝)優格高齡犬-鮮羊肉+米,犬,乾糧,受查商家：光旗寵物精品店,美國,未申報,通知業者限期改善,1,2024-05-22T00:00:00,2024,5,2024-06-20T15:03:52.627,,104年1月至115年6月,1,,
4860,臺北市,,2024/05/22,(分裝)優格成犬-雞肉+米,犬,乾糧,受查商家：光旗寵物精品店,美國,未申報,通知業者限期改善,1,2024-05-22T00:00:00,2024,5,2024-06-20T15:03:52.627,,104年1月至115年6月,1,,
4860,臺北市,,2024/05/22,(分裝)全犬種-藍鮭魚(無榖),犬,乾糧,受查商家：光旗寵物精品店,紐西蘭,未申報,通知業者限期改善,1,2024-05-22T00:00:00,2024,5,2024-06-20T15:03:52.627,,104年1月至115年6月,1,,
4860,臺北市,,2024/05/22,(分裝)法國皇家泌尿道保健貓專用(UC33),貓,乾糧,受查商家：光旗寵物精品店,韓國,未申報,通知業者限期改善,1,2024-05-22T00:00:00,2024,5,2024-06-20T15:03:52.627,,104年1月至115年6月,1,,
4860,臺北市,,2024/05/22,(分裝)法國皇家成貓(F32)可化毛球,貓,乾糧,受查商家：光旗寵物精品店,韓國,未申報,通知業者限期改善,1,2024-05-22T00:00:00,2024,5,2024-06-20T15:03:52.627,,104年1月至115年6月,1,,
4860,臺北市,,2024/05/22,"(分裝)原野優越野生魚低敏無榖貓,鯡魚+蔓越莓",貓,乾糧,受查商家：光旗寵物精品店,美國,未申報,通知業者限期改善,1,2024-05-22T00:00:00,2024,5,2024-06-20T15:03:52.627,,104年1月至115年6月,1,,
4860,臺北市,,2024/05/22,(分裝)原野優越農場低敏無榖貓-雞肉+蔓越莓,貓,乾糧,受查商家：光旗寵物精品店,美國,未申報,通知業者限期改善,1,2024-05-22T00:00:00,2024,5,2024-06-20T15:03:52.627,,104年1月至115年6月,1,,
4860,臺中市,B1130013117,2024/05/15,(分裝)美式優選體態管理嚴選火雞+羊肉900g分裝包,貓,乾糧,分裝商：健康便國際行銷有限公司,臺灣,標示不全、未申報,5/28發文限期改善,2,2024-05-15T00:00:00,2024,5,2024-06-20T15:03:52.627,,104年1月至115年6月,1,,
4860,臺中市,B1130013118,2024/05/15,(分裝)莫比 幼母貓配方(鮮雞+米)900G分裝包,貓,乾糧,分裝商：健康便國際行銷有限公司,美國,標示不全、未申報,5/28發文限期改善,2,2024-05-15T00:00:00,2024,5,2024-06-20T15:03:52.627,,104年1月至115年6月,1,,
4860,臺中市,,2024/05/15,(分裝)天然密碼無穀肌肉&火雞肉 幼貓及高活動浪貓配方900G分裝包,貓,乾糧,分裝商：健康便國際行銷有限公司,美國,標示不全、未申報,5/28發文限期改善,2,2024-05-15T00:00:00,2024,5,2024-06-20T15:03:52.627,,104年1月至115年6月,1,,
4860,臺中市,,2024/05/15,(分裝)NOW鮮肉無穀成貓配方(火雞+鴨肉+鮭魚)900G分裝包,貓,乾糧,分裝商：健康便國際行銷有限公司,加拿大,標示不全、未申報,5/28發文限期改善,2,2024-05-15T00:00:00,2024,5,2024-06-20T15:03:52.627,,104年1月至115年6月,1,,
4860,臺中市,,2024/05/15,(分裝)皇家k36幼母貓(4-12月齡)900G分裝包,貓,乾糧,分裝商：健康便國際行銷有限公司,韓國,標示不全、未申報,5/28發文限期改善,2,2024-05-15T00:00:00,2024,5,2024-06-20T15:03:52.627,,104年1月至115年6月,1,,
4860,臺中市,,2024/05/15,(分裝)NOW鮮肉無穀天然(小型犬配方)900G分裝包,犬,乾糧,分裝商：健康便國際行銷有限公司,加拿大,標示不全、未申報,5/28發文限期改善,2,2024-05-15T00:00:00,2024,5,2024-06-20T15:03:52.627,,104年1月至115年6月,1,,
4860,臺中市,,2024/05/15,(分裝)海陸饗宴Taste of the wild太平洋鮭魚成犬900G分裝包,犬,乾糧,分裝商：健康便國際行銷有限公司,美國,標示不全、未申報,5/28發文限期改善,2,2024-05-15T00:00:00,2024,5,2024-06-20T15:03:52.627,,104年1月至115年6月,1,,
4860,臺中市,,2024/05/15,(分裝)go!低致敏羊肉無穀配方 無穀成犬配方900G分裝包,犬,乾糧,分裝商：健康便國際行銷有限公司,加拿大,標示不全、未申報,5/28發文限期改善,2,2024-05-15T00:00:00,2024,5,2024-06-20T15:03:52.627,,104年1月至115年6月,1,,
4860,臺中市,,2024/05/15,(分裝)伯萊富 無穀全齡低敏純淨犬配方(雞肉+碗豆)900G分裝包,犬,乾糧,分裝商：健康便國際行銷有限公司,美國,標示不全、未申報,5/28發文限期改善,2,2024-05-15T00:00:00,2024,5,2024-06-20T15:03:52.627,,104年1月至115年6月,1,,
4860,臺中市,,2024/05/15,(分裝)ADD自然癮食-草飼羊無穀全齡犬糧900G分裝包,犬,乾糧,分裝商：健康便國際行銷有限公司,紐西蘭,標示不全、未申報,5/28發文限期改善,2,2024-05-15T00:00:00,2024,5,2024-06-20T15:03:52.627,,104年1月至115年6月,1,,
4860,高雄市,,2024/05/02,(分裝)OrijenCat(極緻)鮮雞愛貓,貓,乾糧,受查商家：卡特寵物用品有限公司,加拿大,違反動保法第22條之3第2項(申報)及第22條之5第1項(標示),限期改正,6,2024-05-02T00:00:00,2024,5,2024-06-20T15:03:52.627,,104年1月至115年6月,1,,
4860,高雄市,,2024/05/02,(分裝)希爾思成貓雞肉,貓,乾糧,受查商家：卡特寵物用品有限公司,美國,無,無,6,2024-05-02T00:00:00,2024,5,2024-06-20T15:03:52.627,,104年1月至115年6月,1,,
4860,高雄市,,2024/05/02,(分裝)希爾思幼犬小顆粒雞肉與大麥,犬,乾糧,受查商家：卡特寵物用品有限公司,美國,無,無,6,2024-05-02T00:00:00,2024,5,2024-06-20T15:03:52.627,,104年1月至115年6月,1,,
4860,高雄市,,2024/05/02,(分裝)佳寶-紅心-特級全犬營養飼料,犬,乾糧,受查商家：卡特寵物用品有限公司,臺灣,無,無,6,2024-05-02T00:00:00,2024,5,2024-06-20T15:03:52.627,,104年1月至115年6月,1,,
4860,高雄市,,2024/05/02,(分裝)愛肯拿賽級犬雞肉燕麥,犬,乾糧,受查商家：卡特寵物用品有限公司,加拿大,無,無,6,2024-05-02T00:00:00,2024,5,2024-06-20T15:03:52.627,,104年1月至115年6月,1,,
4860,高雄市,,2024/05/02,(分裝)奧藍多天然無穀貓鮮糧阿拉斯加鱈魚+羊肉,貓,乾糧,受查商家：老地方寵物生活館,臺灣,違反動保法第22條之3第2項(申報)及第22條之5第1項(標示),移臺中市辦理,6,2024-05-02T00:00:00,2024,5,2024-06-20T15:03:52.627,,104年1月至115年6月,1,,
4860,高雄市,,2024/05/02,(分裝)耐吉斯高齡貓無穀配方放養火雞肉,貓,乾糧,受查商家：老地方寵物生活館,加拿大,違反動保法第22條之3第2項(申報)及第22條之5第1項(標示),移臺中市辦理,6,2024-05-02T00:00:00,2024,5,2024-06-20T15:03:52.627,,104年1月至115年6月,1,,
4860,高雄市,,2024/05/02,(分裝)曙光Spring貓無穀鮪魚,貓,乾糧,受查商家：老地方寵物生活館,美國,違反動保法第22條之3第2項(申報)及第22條之5第1項(標示),移臺中市辦理,6,2024-05-02T00:00:00,2024,5,2024-06-20T15:03:52.627,,104年1月至115年6月,1,,
4860,高雄市,,2024/05/02,(分裝)紐崔斯無穀貓+凍乾火雞肉+雞肉+鮭魚,貓,乾糧,受查商家：老地方寵物生活館,加拿大,違反動保法第22條之3第2項(申報)及第22條之5第1項(標示),移臺中市辦理,6,2024-05-02T00:00:00,2024,5,2024-06-20T15:03:52.627,,104年1月至115年6月,1,,
4860,高雄市,,2024/05/02,(分裝)柏萊富無穀全齡低敏挑嘴鮭魚+豌豆,犬,乾糧,受查商家：老地方寵物生活館,美國,違反動保法第22條之3第2項(申報)及第22條之5第1項(標示),移臺中市辦理,6,2024-05-02T00:00:00,2024,5,2024-06-20T15:03:52.627,,104年1月至115年6月,1,,
4860,桃園市,,2024/05/09,(分裝)耐吉斯貓無穀火雞,貓,乾糧,受查商家：楊浦有限公司,加拿大,未完成寵物食品申報；標示無製造業者名稱、電話、地址、原產地。,依桃園市政府動物保護處113年5月28日桃動四字第251130004197號函令業者限期改善,8,2024-05-09T00:00:00,2024,5,2024-06-20T15:03:52.627,,104年1月至115年6月,1,,
4860,桃園市,,2024/05/09,(分裝)渴樂果成貓,貓,乾糧,受查商家：楊浦有限公司,臺灣,未完成寵物食品申報；標示無製造業者名稱、電話、地址、原產地。,依桃園市政府動物保護處113年5月28日桃動四字第251130004197號函令業者限期改善,8,2024-05-09T00:00:00,2024,5,2024-06-20T15:03:52.627,,104年1月至115年6月,1,,
4860,桃園市,,2024/05/09,(分裝)菲爾比成貓鮭魚,貓,乾糧,受查商家：楊浦有限公司,臺灣,未完成寵物食品申報；標示無製造業者名稱、電話、地址、原產地。,依桃園市政府動物保護處113年5月28日桃動四字第251130004197號函令業者限期改善,8,2024-05-09T00:00:00,2024,5,2024-06-20T15:03:52.627,,104年1月至115年6月,1,,
4860,桃園市,,2024/05/09,(分裝)猋泌尿保健化毛配方雞肉,貓,乾糧,受查商家：楊浦有限公司,臺灣,未完成寵物食品申報；標示無製造業者名稱、電話、地址、原產地及適用寵物種類。,依桃園市政府動物保護處113年5月28日桃動四字第251130004197號函令業者限期改善,8,2024-05-09T00:00:00,2024,5,2024-06-20T15:03:52.627,,104年1月至115年6月,1,,
4860,桃園市,,2024/05/09,(分裝)啟蒙－泌尿道保健貓－雞肉,貓,乾糧,受查商家：楊浦有限公司,義大利,未完成寵物食品申報；標示無製造業者名稱、電話、地址、原產地。,依桃園市政府動物保護處113年5月28日桃動四字第251130004197號函令業者限期改善,8,2024-05-09T00:00:00,2024,5,2024-06-20T15:03:52.627,,104年1月至115年6月,1,,
4860,桃園市,,2024/05/09,(分裝)紐崔斯－雞肉+田園蔬菜,犬,乾糧,受查商家：楊浦有限公司,加拿大,未完成寵物食品申報；標示無製造業者名稱、電話、地址、原產地及適用寵物種類。,依桃園市政府動物保護處113年5月28日桃動四字第251130004197號函令業者限期改善,8,2024-05-09T00:00:00,2024,5,2024-06-20T15:03:52.627,,104年1月至115年6月,1,,
4860,桃園市,,2024/05/09,(分裝)葛林菲 關節保健,犬,乾糧,受查商家：楊浦有限公司,加拿大,未完成寵物食品申報；標示無製造業者名稱、電話、地址、原產地及適用寵物種類。,依桃園市政府動物保護處113年5月28日桃動四字第251130004197號函令業者限期改善,8,2024-05-09T00:00:00,2024,5,2024-06-20T15:03:52.627,,104年1月至115年6月,1,,
4860,桃園市,,2024/05/09,(分裝)啟蒙－全齡犬－羊肉,犬,乾糧,受查商家：楊浦有限公司,義大利,未完成寵物食品申報；標示無製造業者名稱、電話、地址、原產地。,依桃園市政府動物保護處113年5月28日桃動四字第251130004197號函令業者限期改善,8,2024-05-09T00:00:00,2024,5,2024-06-20T15:03:52.627,,104年1月至115年6月,1,,
4860,桃園市,,2024/05/09,(分裝)A PRO-雞肉燒（成犬）,犬,乾糧,受查商家：楊浦有限公司,日本,未完成寵物食品申報；標示無製造業者名稱、電話、地址、原產地。,依桃園市政府動物保護處113年5月28日桃動四字第251130004197號函令業者限期改善,8,2024-05-09T00:00:00,2024,5,2024-06-20T15:03:52.627,,104年1月至115年6月,1,,
4860,桃園市,,2024/05/09,(分裝)加好寶－牛肉,犬,乾糧,受查商家：楊浦有限公司,臺灣,未完成寵物食品申報；標示無製造業者名稱、電話、地址、原產地及適用寵物種類。,依桃園市政府動物保護處113年5月28日桃動四字第251130004197號函令業者限期改善,8,2024-05-09T00:00:00,2024,5,2024-06-20T15:03:52.627,,104年1月至115年6月,1,,
4860,宜蘭縣,,2024/05/28,（分裝）皇家離乳犬-PRBA28,犬,乾糧,受查商家：麻吉寵物生活館,臺灣,"1.查無申報紀錄。
2.標示未完整。",通知業者限期改善,9,2024-05-28T00:00:00,2024,5,2024-06-20T15:03:52.627,,104年1月至115年6月,1,,
4860,宜蘭縣,,2024/05/28,（分裝）皇家幼貓飼料-K36,貓,乾糧,受查商家：麻吉寵物生活館,臺灣,"1.查無申報紀錄。
2.標示未完整。",通知業者限期改善,9,2024-05-28T00:00:00,2024,5,2024-06-20T15:03:52.627,,104年1月至115年6月,1,,
4860,南投縣,HP003,2024/05/16,（分裝）皇家理想體態貓分裝飼料F32,貓,乾糧,受查商家：漂亮寶貝寵物家族生活館,法國,無,無,13,2024-05-16T00:00:00,2024,5,2024-06-20T15:03:52.627,,104年1月至115年6月,1,,
4860,南投縣,HP004,2024/05/16,（分裝）Bravo犬食膠原蛋白配方.羊肉,犬,乾糧,受查商家：永佳家畜診所,臺灣,無,無,13,2024-05-16T00:00:00,2024,5,2024-06-20T15:03:52.627,,104年1月至115年6月,1,,
4860,南投縣,HP005,2024/05/16,（分裝）福壽喵喵貓食分裝包,貓,乾糧,受查商家：伯特利寵物水族用品館,臺灣,無,無,13,2024-05-16T00:00:00,2024,5,2024-06-20T15:03:52.627,,104年1月至115年6月,1,,
4860,南投縣,,2024/05/24,（分裝）希爾思  幼貓飼料,貓,乾糧,受查商家：星球寵物動物樂活館,美國,未完成申報,輔導業者改善,13,2024-05-24T00:00:00,2024,5,2024-06-20T15:03:52.627,,104年1月至115年6月,1,,
4860,南投縣,,2024/05/24,（分裝）尊爵  機能天然糧  幼貓飼料,貓,乾糧,受查商家：星球寵物動物樂活館,巴西,未完成申報,輔導業者改善,13,2024-05-24T00:00:00,2024,5,2024-06-20T15:03:52.627,,104年1月至115年6月,1,,
4860,南投縣,,2024/05/24,（分裝）丹DNA 全齡貓 口腔+泌尿道,貓,乾糧,受查商家：晉贊行,臺灣,產品無中文標示,下架，改善後上架,13,2024-05-24T00:00:00,2024,5,2024-06-20T15:03:52.627,,104年1月至115年6月,1,,
4860,南投縣,,2024/05/24,（分裝）寶貝狗 BABY DOG,犬,乾糧,受查商家：聯昌行,臺灣,無,無,13,2024-05-24T00:00:00,2024,5,2024-06-20T15:03:52.627,,104年1月至115年6月,1,,
4860,南投縣,,2024/05/24,（分裝）愛犬食品 GOD FOOD,犬,乾糧,受查商家：聯昌行,臺灣,無,無,13,2024-05-24T00:00:00,2024,5,2024-06-20T15:03:52.627,,104年1月至115年6月,1,,
4860,南投縣,,2024/05/24,（分裝）大地恩典,犬,乾糧,受查商家：聯昌行,臺灣,無,無,13,2024-05-24T00:00:00,2024,5,2024-06-20T15:03:52.627,,104年1月至115年6月,1,,
4860,雲林縣,,2024/05/14,(分裝)柏萊富老犬、體重控制、犬雞肉配方飼料,犬,乾糧,受查商家：佑安動物醫院,美國,"1.中文標示不完整
2.未完成分裝寵物食品申報","1.請業者標示部分限期改善
2.輔導業者完進行申報",14,2024-05-14T00:00:00,2024,5,2024-06-20T15:03:52.627,,104年1月至115年6月,1,,
4860,嘉義縣,,2024/05/15,(分裝)法國皇家小型幼犬MNPP,犬,乾糧,受查商家：大和動物醫院,韓國,標示不全,限期改善,15,2024-05-15T00:00:00,2024,5,2024-06-20T15:03:52.627,,104年1月至115年6月,1,,
4860,嘉義縣,,2024/05/28,(分裝)多奇棒超效潔牙骨,犬,零食、潔牙骨,受查商家：嘉保動物醫院,泰國,標示不全,限期改善,15,2024-05-28T00:00:00,2024,5,2024-06-20T15:03:52.627,,104年1月至115年6月,1,,
4860,嘉義縣,,2024/05/28,(分裝)植物性潔齒嚼片,犬,零食、潔牙骨,受查商家：嘉保動物醫院,越南,標示不全,限期改善,15,2024-05-28T00:00:00,2024,5,2024-06-20T15:03:52.627,,104年1月至115年6月,1,,
4860,嘉義縣,,2024/05/28,(分裝)博士巧思-幼犬專業配方,犬,乾糧,受查商家：隆昌飼料行,臺灣,標示不全,限期改善,15,2024-05-28T00:00:00,2024,5,2024-06-20T15:03:52.627,,104年1月至115年6月,1,,
4860,嘉義縣,,2024/05/31,(分裝)皇家幼貓專業用乾糧,貓,乾糧,受查商家：寵物世界,韓國,標示不全,限期改善,15,2024-05-31T00:00:00,2024,5,2024-06-20T15:03:52.627,,104年1月至115年6月,1,,
4860,屏東縣,MP008,2024/05/02,(分裝)乾糧-丹 成齡貓(口腔+化毛球配方)1KG,貓,乾糧,受查商家：犬屏東寵物用品百貨,臺灣,未確實申報,產品未申報限期於5/31前改善,16,2024-05-02T00:00:00,2024,5,2024-06-20T15:03:52.627,,104年1月至115年6月,1,,
4860,屏東縣,MP009,2024/05/02,(分裝)乾糧-尊爵 化毛貓機能天然糧1KG,貓,乾糧,受查商家：犬屏東寵物用品百貨,臺灣,未確實申報,產品未申報限期於5/31前改善,16,2024-05-02T00:00:00,2024,5,2024-06-20T15:03:52.627,,104年1月至115年6月,1,,
4860,屏東縣,MP010,2024/05/02,(分裝)乾糧-綜合貓飼料-秤重,貓,乾糧,受查商家：新大發寵物用品有限公司,臺灣,無,無,16,2024-05-02T00:00:00,2024,5,2024-06-20T15:03:52.627,,104年1月至115年6月,1,,
4860,屏東縣,,2024/05/02,(分裝)乾糧-尊爵 挑嘴貓機能天然糧1KG,貓,乾糧,受查商家：犬屏東寵物用品百貨,臺灣,未確實申報,產品未申報限期於5/31前改善,16,2024-05-02T00:00:00,2024,5,2024-06-20T15:03:52.627,,104年1月至115年6月,1,,
4860,屏東縣,,2024/05/02,(分裝)乾糧-切爾西 低齡高敏犬(雞+鮭)1KG,犬,乾糧,受查商家：犬屏東寵物用品百貨,臺灣,未確實申報,產品未申報限期於5/31前改善,16,2024-05-02T00:00:00,2024,5,2024-06-20T15:03:52.627,,104年1月至115年6月,1,,
4860,屏東縣,,2024/05/02,(分裝)乾糧-歐克斯 小型熟齡犬(無穀+鮭魚)1KG,犬,乾糧,受查商家：犬屏東寵物用品百貨,臺灣,未確實申報,產品未申報限期於5/31前改善,16,2024-05-02T00:00:00,2024,5,2024-06-20T15:03:52.627,,104年1月至115年6月,1,,
4860,屏東縣,,2024/05/02,(分裝)乾糧-米樂豆(羊肉+糙米+蔬果),犬,乾糧,受查商家：犬屏東寵物用品百貨,臺灣,未確實申報,產品未申報限期於5/31前改善,16,2024-05-02T00:00:00,2024,5,2024-06-20T15:03:52.627,,104年1月至115年6月,1,,
4860,花蓮縣,OP004,2024/05/15,(分裝)尊爵 小型成犬 機能無穀糧,犬,乾糧,受查商家：吉利寵物美容,巴西,標示不全,限期改善,18,2024-05-15T00:00:00,2024,5,2024-06-20T15:03:52.627,,104年1月至115年6月,1,,
4860,花蓮縣,OP003,2024/05/15,(分裝)法國皇家 理想體態成貓專用,貓,乾糧,受查商家：吉利寵物美容,韓國,標示不全,限期改善,18,2024-05-15T00:00:00,2024,5,2024-06-20T15:03:52.627,,104年1月至115年6月,1,,
4860,花蓮縣,,2024/05/16,(分裝)希爾思 成犬小顆粒 雞肉與大麥特調食譜,犬,乾糧,受查商家：千里馬寵物店,美國,標示不全,限期改善,18,2024-05-16T00:00:00,2024,5,2024-06-20T15:03:52.627,,104年1月至115年6月,1,,
4860,花蓮縣,OP005,2024/05/16,(分裝)法國皇家寵物食品 小型成犬,犬,乾糧,受查商家：千里馬寵物店,法國,標示不全,限期改善,18,2024-05-16T00:00:00,2024,5,2024-06-20T15:03:52.627,,104年1月至115年6月,1,,
4860,花蓮縣,,2024/05/29,(分裝)法國皇家 MNA+8小型熟齡犬專用飼料,犬,乾糧,受查商家：花旗寵物美容,韓國,標示不全,限期改善,18,2024-05-29T00:00:00,2024,5,2024-06-20T15:03:52.627,,104年1月至115年6月,1,,
4860,新竹市,RP008,2024/05/02,(分裝)PURE34(猋)挑嘴幼母貓低敏化毛配方,貓,乾糧,受查商家：狗老板寵物-中華店(品言有限公司),加拿大,無保存期限及方法條件、適用寵物種類、方法及注意事項,請店家限期改善,21,2024-05-02T00:00:00,2024,5,2024-06-20T15:03:52.627,,104年1月至115年6月,1,,
4860,新竹市,RP009,2024/05/02,(分裝)自然邏輯  天然貓糧(雞肉),貓,乾糧,受查商家：狗老板寵物-中華店(品言有限公司),美國,無保存期限及方法條件、適用寵物種類、方法及注意事項,請店家限期改善,21,2024-05-02T00:00:00,2024,5,2024-06-20T15:03:52.627,,104年1月至115年6月,1,,
4860,新竹市,RP010,2024/05/02,(分裝)在地經典  牛肉配方,犬,乾糧,受查商家：狗老板寵物-中華店(品言有限公司),臺灣,無保存期限及方法條件、適用寵物種類、方法及注意事項,請店家限期改善,21,2024-05-02T00:00:00,2024,5,2024-06-20T15:03:52.627,,104年1月至115年6月,1,,
4860,新竹市,,2024/05/02,(分裝)吉妮斯 成貓雞肉,貓,乾糧,受查商家：狗老板寵物-中華店(品言有限公司),臺灣,無保存期限及方法條件、適用寵物種類、方法及注意事項,請店家限期改善,21,2024-05-02T00:00:00,2024,5,2024-06-20T15:03:52.627,,104年1月至115年6月,1,,
4860,新竹市,,2024/05/02,(分裝)菲尼斯 雞肉配方,犬,乾糧,受查商家：狗老板寵物-中華店(品言有限公司),臺灣,無保存期限及方法條件、適用寵物種類、方法及注意事項,請店家限期改善,21,2024-05-02T00:00:00,2024,5,2024-06-20T15:03:52.627,,104年1月至115年6月,1,,
4860,新北市,AP032,2024/06/14,香酥脆管,犬、貓,零食,寵多福寵物用品有限公司(代工廠:心食集實業有限公司),臺灣,檢驗出沙門氏菌陽性，違反動保法第22條之4第1項規定。,新北市已於113年7月23日通知業者盤點數量及進行產品回收。,0,2024-06-14T00:00:00,2024,6,2024-08-08T13:30:54.077,,104年1月至115年6月,1,,
4860,新北市,AP033,2024/06/14,香烤豬耳朵條,犬,零食,心食集實業有限公司(代工廠),臺灣,無,無,0,2024-06-14T00:00:00,2024,6,2024-08-08T13:30:54.077,,104年1月至115年6月,1,,
4860,新北市,AP034,2024/06/14,香酥鯊魚骨,犬,零食,毛小三手作坊(代工廠:心食集實業有限公司),臺灣,檢驗出沙門氏菌陽性、重金屬汞、砷超標，違反動保法第22條之4第1項及第2項規定。,新北市已於113年7月23日通知業者盤點數量及進行產品回收。,0,2024-06-14T00:00:00,2024,6,2024-08-08T13:30:54.077,,104年1月至115年6月,1,,
4860,新北市,AP035,2024/06/14,香烤雞里肌,犬、貓,零食,心食集實業有限公司(代工廠),臺灣,無,無,0,2024-06-14T00:00:00,2024,6,2024-08-08T13:30:54.077,,104年1月至115年6月,1,,
4860,新北市,AP036,2024/06/14,嫩Q雞里肌ㄒ ,犬、貓,零食,寵多福寵物用品有限公司(代工廠:心食集實業有限公司),臺灣,無,無,0,2024-06-14T00:00:00,2024,6,2024-08-08T13:30:54.077,,104年1月至115年6月,1,,
4860,新北市,AP037,2024/06/21,卵護罩-腸道養護,犬、貓,營養補充品,健聖興業有限公司(代工廠:亞太動物生技有限公司),臺灣,無,無,0,2024-06-21T00:00:00,2024,6,2024-08-08T13:30:54.077,,104年1月至115年6月,1,,
4860,新北市,AP038,2024/06/21,EFAZOL利美膚散劑                                                                                                                                                                                             ,犬、貓,營養補充品,健聖興業有限公司(代工廠:亞太動物生技有限公司),臺灣,無,無,0,2024-06-21T00:00:00,2024,6,2024-08-08T13:30:54.077,,104年1月至115年6月,1,,
4860,新北市,AP039,2024/06/21,卵護罩-皮膚養護,犬、貓,營養補充品,健聖興業有限公司(代工廠:亞太動物生技有限公司),臺灣,無,無,0,2024-06-21T00:00:00,2024,6,2024-08-08T13:30:54.077,,104年1月至115年6月,1,,
4860,新北市,AP040,2024/06/21,香犬寶,犬、貓,營養補充品,健聖興業有限公司(代工廠:亞太動物生技有限公司),臺灣,無,無,0,2024-06-21T00:00:00,2024,6,2024-08-08T13:30:54.077,,104年1月至115年6月,1,,
4860,新北市,AP041,2024/06/21,福星高鈣磷粉,犬、貓,營養補充品,健聖興業有限公司(代工廠:亞太動物生技有限公司),臺灣,無,無,0,2024-06-21T00:00:00,2024,6,2024-08-08T13:30:54.077,,104年1月至115年6月,1,,
4860,臺北市,,2024/04/22,倍力ANIMATE莓果雙雞配方貓糧,貓,乾糧,盈寶寵物股份有限公司,臺灣,無,無,1,2024-04-22T00:00:00,2024,6,2024-08-08T13:30:54.077,,104年1月至115年6月,1,,
4860,臺北市,,2024/04/22,倍力ANIMATE幼母貓原野雞鴨配方貓糧,貓,乾糧,盈寶寵物股份有限公司,臺灣,無,無,1,2024-04-22T00:00:00,2024,6,2024-08-08T13:30:54.077,,104年1月至115年6月,1,,
4860,臺北市,,2024/04/22,倍力ANIMATE室內貓海魚鮮雞配方貓糧,貓,乾糧,盈寶寵物股份有限公司,臺灣,無,無,1,2024-04-22T00:00:00,2024,6,2024-08-08T13:30:54.077,,104年1月至115年6月,1,,
4860,臺北市,,2024/04/22,倍力EASY成幼貓化毛配方貓糧,貓,乾糧,盈寶寵物股份有限公司,臺灣,無,無,1,2024-04-22T00:00:00,2024,6,2024-08-08T13:30:54.077,,104年1月至115年6月,1,,
4860,臺北市,,2024/04/22,倍力EASY幼母貓亮毛美膚配方貓糧,貓,乾糧,盈寶寵物股份有限公司,臺灣,無,無,1,2024-04-22T00:00:00,2024,6,2024-08-08T13:30:54.077,,104年1月至115年6月,1,,
4860,臺北市,,2024/04/22,倍力心血管保健低敏配方雞肉+燕麥犬糧,犬,乾糧,盈寶寵物股份有限公司,臺灣,無,無,1,2024-04-22T00:00:00,2024,6,2024-08-08T13:30:54.077,,104年1月至115年6月,1,,
4860,臺北市,,2024/04/22,倍力SENSE化毛高纖配方-鮭魚&雞肉貓糧,貓,乾糧,盈寶寵物股份有限公司,臺灣,無,無,1,2024-04-22T00:00:00,2024,6,2024-08-08T13:30:54.077,,104年1月至115年6月,1,,
4860,臺北市,,2024/04/22,倍力SENSE全護低敏貓糧爆毛美膚配方,貓,乾糧,盈寶寵物股份有限公司,臺灣,無,無,1,2024-04-22T00:00:00,2024,6,2024-08-08T13:30:54.077,,104年1月至115年6月,1,,
4860,臺北市,,2024/04/22,倍力ANIMATE挑嘴貓極上海鮮配方貓糧,貓,乾糧,盈寶寵物股份有限公司,臺灣,無,無,1,2024-04-22T00:00:00,2024,6,2024-08-08T13:30:54.077,,104年1月至115年6月,1,,
4860,臺北市,,2024/05/03,莫比自然食雞肉&米成貓化毛配方,貓,乾糧,博東客企業有限公司,美國,無,無,1,2024-05-03T00:00:00,2024,6,2024-08-08T13:30:54.077,,104年1月至115年6月,1,,
4860,臺北市,1,2024/06/05,倍力舒敏護膚配方鮭魚+甜薯犬糧,犬,乾糧,盈寶寵物股份有限公司,臺灣,無,無,1,2024-06-05T00:00:00,2024,6,2024-08-08T13:30:54.077,,104年1月至115年6月,1,,
4860,臺北市,2,2024/06/05,倍力關節保健低敏配方羊肉+南瓜犬糧,犬,乾糧,盈寶寵物股份有限公司,臺灣,無,無,1,2024-06-05T00:00:00,2024,6,2024-08-08T13:30:54.077,,104年1月至115年6月,1,,
4860,臺北市,3,2024/06/05,倍力褐藻防護配方火雞&鴨+台灣紅藜犬糧,犬,乾糧,盈寶寵物股份有限公司,臺灣,無,無,1,2024-06-05T00:00:00,2024,6,2024-08-08T13:30:54.077,,104年1月至115年6月,1,,
4860,臺北市,4,2024/06/05,海陸饗宴峽谷河鱒魚燻鮭配方,貓,乾糧,博東客企業有限公司,美國,無,無,1,2024-06-05T00:00:00,2024,6,2024-08-08T13:30:54.077,,104年1月至115年6月,1,,
4860,臺北市,5,2024/06/05,莫比自然食雞肉&米幼貓/懷孕授乳貓配方,貓,乾糧,博東客企業有限公司,美國,無,無,1,2024-06-05T00:00:00,2024,6,2024-08-08T13:30:54.077,,104年1月至115年6月,1,,
4860,臺北市,6,2024/06/06,倍力優格恰恰 生乳優格凍乾-蟲蟲起司,犬、貓,零食,盈寶寵物股份有限公司,臺灣,無,無,1,2024-06-06T00:00:00,2024,6,2024-08-08T13:30:54.077,,104年1月至115年6月,1,,
4860,臺北市,7,2024/06/06,倍力凍乾鮮糧3次方-鬼頭刀牧牛,犬,乾糧,盈寶寵物股份有限公司,臺灣,標示與申報資料有異,通知業者限期改善,1,2024-06-06T00:00:00,2024,6,2024-08-08T13:30:54.077,,104年1月至115年6月,1,,
4860,臺北市,8,2024/06/06,倍力海島貓咪主食罐-櫻桃鴨胸,貓,罐頭,盈寶寵物股份有限公司,臺灣,標示與申報資料有異,通知業者限期改善,1,2024-06-06T00:00:00,2024,6,2024-08-08T13:30:54.077,,104年1月至115年6月,1,,
4860,臺北市,9,2024/06/06,倍力海島貓咪主食罐-三鮮海瓜子,貓,罐頭,盈寶寵物股份有限公司,臺灣,標示與申報資料有異,通知業者限期改善,1,2024-06-06T00:00:00,2024,6,2024-08-08T13:30:54.077,,104年1月至115年6月,1,,
4860,臺北市,,2024/06/06,倍力優格恰恰 生乳優格凍乾-完熟桑葚,犬、貓,零食,盈寶寵物股份有限公司,臺灣,無,無,1,2024-06-06T00:00:00,2024,6,2024-08-08T13:30:54.077,,104年1月至115年6月,1,,
4860,臺北市,,2024/06/06,倍力優格恰恰 生乳優格凍乾-莓果森林,犬、貓,零食,盈寶寵物股份有限公司,臺灣,無,無,1,2024-06-06T00:00:00,2024,6,2024-08-08T13:30:54.077,,104年1月至115年6月,1,,
4860,臺北市,,2024/06/06,倍力優格恰恰 生乳優格凍乾-純濃羊奶,犬、貓,零食,盈寶寵物股份有限公司,臺灣,無,無,1,2024-06-06T00:00:00,2024,6,2024-08-08T13:30:54.077,,104年1月至115年6月,1,,
4860,臺北市,,2024/06/06,倍力凍乾鮮糧3次方-搖滾鮮雞,犬,乾糧,盈寶寵物股份有限公司,臺灣,標示與申報資料有異,通知業者限期改善,1,2024-06-06T00:00:00,2024,6,2024-08-08T13:30:54.077,,104年1月至115年6月,1,,
4860,臺北市,,2024/06/06,倍力凍乾鮮糧3次方-月亮魚嫩雞,犬,乾糧,盈寶寵物股份有限公司,臺灣,標示與申報資料有異,通知業者限期改善,1,2024-06-06T00:00:00,2024,6,2024-08-08T13:30:54.077,,104年1月至115年6月,1,,
4860,臺北市,,2024/06/06,倍力全護低敏貓糧胃腸保健配方,貓,乾糧,盈寶寵物股份有限公司,臺灣,標示與申報資料有異,通知業者限期改善,1,2024-06-06T00:00:00,2024,6,2024-08-08T13:30:54.077,,104年1月至115年6月,1,,
4860,臺北市,,2024/06/06,倍力護貓胺,貓,補充品,盈寶寵物股份有限公司,臺灣,無,無,1,2024-06-06T00:00:00,2024,6,2024-08-08T13:30:54.077,,104年1月至115年6月,1,,
4860,臺北市,,2024/06/06,倍力億菌排毛粉,犬、貓,補充品,盈寶寵物股份有限公司,臺灣,標示與申報資料有異,通知業者限期改善,1,2024-06-06T00:00:00,2024,6,2024-08-08T13:30:54.077,,104年1月至115年6月,1,,
4860,臺北市,,2024/06/06,倍力優泌力,犬、貓,補充品,盈寶寵物股份有限公司,臺灣,標示與申報資料有異,通知業者限期改善,1,2024-06-06T00:00:00,2024,6,2024-08-08T13:30:54.077,,104年1月至115年6月,1,,
4860,臺北市,,2024/06/06,倍力陽光鈣補,犬、貓,補充品,盈寶寵物股份有限公司,臺灣,標示與申報資料有異,通知業者限期改善,1,2024-06-06T00:00:00,2024,6,2024-08-08T13:30:54.077,,104年1月至115年6月,1,,
4860,臺中市,SP016,2024/05/31,"派庫廚房 機能饗宴貓主食罐(鰻魚雞肉
配方)",貓,罐頭,金派庫國際有限公司,臺灣,無,無,2,2024-05-31T00:00:00,2024,6,2024-08-08T13:30:54.077,,104年1月至115年6月,1,,
4860,臺中市,SP017,2024/05/31,派庫廚房 酥卵地瓜球凍乾,犬、貓,零食,金派庫國際有限公司,臺灣,無,無,2,2024-05-31T00:00:00,2024,6,2024-08-08T13:30:54.077,,104年1月至115年6月,1,,
4860,臺中市,SP018,2024/05/31,"派庫廚房 低溫手工烘焙系列 蔓越莓牛
酥",犬、貓,零食,金派庫國際有限公司,臺灣,標示不全,6/6發勸導公文,2,2024-05-31T00:00:00,2024,6,2024-08-08T13:30:54.077,,104年1月至115年6月,1,,
4860,臺中市,SP019,2024/05/31,派庫廚房 北歐交響鮭凍乾,犬、貓,零食,金派庫國際有限公司,臺灣,無,無,2,2024-05-31T00:00:00,2024,6,2024-08-08T13:30:54.077,,104年1月至115年6月,1,,
4860,臺中市,SP020,2024/05/31,派庫廚房 香檳鳥(鵪鶉)下水凍乾,犬、貓,零食,金派庫國際有限公司,臺灣,無,無,2,2024-05-31T00:00:00,2024,6,2024-08-08T13:30:54.077,,104年1月至115年6月,1,,
4860,臺南市,UP020,2024/02/01,GOMO PET FOOD鮮食餐包-白醬松露燉羊肉 150g,犬、貓,濕糧,大成集團毛能寵物營養生技股份有限公司,臺灣,無,無,4,2024-02-01T00:00:00,2024,6,2024-08-08T13:30:54.077,,104年1月至115年6月,1,,
4860,臺南市,UP021,2024/02/01,GOMO PET FOOD鮮食餐包-根島蝦佐鹿野雞 150g,犬、貓,濕糧,大成集團毛能寵物營養生技股份有限公司,臺灣,無,無,4,2024-02-01T00:00:00,2024,6,2024-08-08T13:30:54.077,,104年1月至115年6月,1,,
4860,臺南市,UP022,2024/02/01,GOMO PET FOOD貓犬專用情緒美麗好心情,犬、貓,營養補充品,大成集團毛能寵物營養生技股份有限公司,臺灣,無,無,4,2024-02-01T00:00:00,2024,6,2024-08-08T13:30:54.077,,104年1月至115年6月,1,,
4860,臺南市,UP023,2024/02/01,GOMO PET FOOD貓犬專用關節健康好活力,犬、貓,營養補充品,大成集團毛能寵物營養生技股份有限公司,臺灣,無,無,4,2024-02-01T00:00:00,2024,6,2024-08-08T13:30:54.077,,104年1月至115年6月,1,,
4860,臺南市,UP015,2024/05/03,雞老大-雞肉丁,犬,零食,壹士達寵物有限公司(代工廠:智新寵物有限公司),臺灣,無,無,4,2024-05-03T00:00:00,2024,6,2024-08-08T13:30:54.077,,104年1月至115年6月,1,,
4860,臺南市,UP016,2024/05/03,雞老大-燻烤美味雞胗,犬,零食,壹士達寵物有限公司(代工廠:智新寵物有限公司),臺灣,無,無,4,2024-05-03T00:00:00,2024,6,2024-08-08T13:30:54.077,,104年1月至115年6月,1,,
4860,臺南市,DU001-01,2024/06/05,雞肉凍乾誘食粉 60g,犬、貓,補充品,弘澤有限公司,臺灣,無,無,4,2024-06-05T00:00:00,2024,6,2024-08-08T13:30:54.077,,104年1月至115年6月,1,,
4860,臺南市,DU001-02,2024/06/05,牛肉寵食凍乾,犬、貓,零食,弘澤有限公司,臺灣,無,無,4,2024-06-05T00:00:00,2024,6,2024-08-08T13:30:54.077,,104年1月至115年6月,1,,
4860,臺南市,DU001-03,2024/06/12,GOMO PET FOOD 鮮食餐包-四季紅藜煨牛雞,犬、貓,濕糧,大成集團 毛能寵物營養生技股份有限公司,臺灣,無,無,4,2024-06-12T00:00:00,2024,6,2024-08-08T13:30:54.077,,104年1月至115年6月,1,,
4860,臺南市,DU001-04,2024/06/12,GOMO PET FOOD 鮮食餐包-番茄鮮牛燉纖薯,犬、貓,濕糧,大成集團 毛能寵物營養生技股份有限公司,臺灣,無,無,4,2024-06-12T00:00:00,2024,6,2024-08-08T13:30:54.077,,104年1月至115年6月,1,,
4860,臺南市,UP017,2024/06/12,膠原嫩汁鹿野雞 80g,貓,濕糧,大成集團毛能寵物營養生技股份有限公司,臺灣,無,無,4,2024-06-12T00:00:00,2024,6,2024-08-08T13:30:54.077,,104年1月至115年6月,1,,
4860,臺南市,UP018,2024/06/12,秘製茄紅牛蛋鮮 165g,犬,濕糧,大成集團毛能寵物營養生技股份有限公司,臺灣,無,無,4,2024-06-12T00:00:00,2024,6,2024-08-08T13:30:54.077,,104年1月至115年6月,1,,
4860,臺南市,UP019,2024/06/12,寵貓專用營養肉泥條(雞肉+蝦),貓,濕糧,大成集團毛能寵物營養生技股份有限公司,臺灣,無,無,4,2024-06-12T00:00:00,2024,6,2024-08-08T13:30:54.077,,104年1月至115年6月,1,,
4860,高雄市,WP025,2024/06/03,鮮烘雞胸薄片,犬、貓,零食,旺宏寵物用品有限公司(代工廠:頂麻吉寵物食品有限公司),臺灣,違反動保法第22條之3第2項(申報)及第22條之5第1項(標示),移請桃園市卓處,6,2024-06-03T00:00:00,2024,6,2024-08-08T13:30:54.077,,104年1月至115年6月,1,,
4860,高雄市,WP026,2024/06/03,Hyperr超躍手作雞肉脆片,犬、貓,零食,聯合夥伴有限公司(代工廠:頂麻吉寵物食品有限公司),臺灣,違反動保法第22條之3第2項(申報)及第22條之5第1項(標示),移請新北市卓處,6,2024-06-03T00:00:00,2024,6,2024-08-08T13:30:54.077,,104年1月至115年6月,1,,
4860,高雄市,WP027,2024/06/03,台灣鮮切雞里肌,犬、貓,零食,悠遊國際實業股份有限公司(代工廠:頂麻吉寵物食品有限公司),臺灣,違反動保法第22條之3第2項(申報)及第22條之5第1項(標示),移請臺北市卓處,6,2024-06-03T00:00:00,2024,6,2024-08-08T13:30:54.077,,104年1月至115年6月,1,,
4860,高雄市,WP028,2024/06/03,犬方位咔咔雞腿肉絲,犬,零食,雲鏈實業有限公司(代工廠:頂麻吉寵物食品有限公司),臺灣,違反動保法第22條之3第2項(申報)及第22條之5第1項(標示),移請臺南市卓處,6,2024-06-03T00:00:00,2024,6,2024-08-08T13:30:54.077,,104年1月至115年6月,1,,
4860,高雄市,WP029,2024/06/03,爆毛鱉蛋丁,貓,零食,拍平方貿易有限公司(代工廠:頂麻吉寵物食品有限公司),臺灣,違反動保法第22條之3第2項(申報)及第22條之5第1項(標示),移請臺中市卓處,6,2024-06-03T00:00:00,2024,6,2024-08-08T13:30:54.077,,104年1月至115年6月,1,,
4860,桃園市,CP030,2024/06/05,汪喵星球天然低敏凍乾主食餐（犬用安心雞肉餐）,犬,乾糧,自力耕生股份有限公司,臺灣,無,無,8,2024-06-05T00:00:00,2024,6,2024-08-08T13:30:54.077,,104年1月至115年6月,1,,
4860,桃園市,CP031,2024/06/05,汪喵星球95％犬用無膠主食罐（鱉蛋雞肉餐）,犬,濕糧,自力耕生股份有限公司,臺灣,無,無,8,2024-06-05T00:00:00,2024,6,2024-08-08T13:30:54.077,,104年1月至115年6月,1,,
4860,桃園市,CP032,2024/06/05,汪喵星球貓用98％無膠鮮肉主食罐（草飼牛肉餐）,貓,濕糧,自力耕生股份有限公司,臺灣,無,無,8,2024-06-05T00:00:00,2024,6,2024-08-08T13:30:54.077,,104年1月至115年6月,1,,
4860,桃園市,CP033,2024/06/05,汪喵星球挑嘴貓無膠主食罐（98％含肉量）秋刀魚雞肉餐,貓,濕糧,自力耕生股份有限公司,臺灣,無,無,8,2024-06-05T00:00:00,2024,6,2024-08-08T13:30:54.077,,104年1月至115年6月,1,,
4860,桃園市,CP034,2024/06/05,汪喵星球貓用98％無膠鮮肉主食罐（田園火雞餐）,貓,濕糧,自力耕生股份有限公司,臺灣,無,無,8,2024-06-05T00:00:00,2024,6,2024-08-08T13:30:54.077,,104年1月至115年6月,1,,
4860,桃園市,CP035,2024/06/19,頂級軟性皮膚毛髮保健主食,犬,乾糧,台灣多格漫商貿股份有限公司,日本,無,無,8,2024-06-19T00:00:00,2024,6,2024-08-08T13:30:54.077,,104年1月至115年6月,1,,
4860,桃園市,CP036,2024/06/19,PETIO褐鐵礦便不臭寵物軟食－貴賓犬專用配方,犬,乾糧,韋民企業股份有限公司,日本,無,無,8,2024-06-19T00:00:00,2024,6,2024-08-08T13:30:54.077,,104年1月至115年6月,1,,
4860,桃園市,CP037,2024/06/19,PETLINE懷石燒津鮪魚口味綜合貓糧,貓,乾糧,凱璜實業有限公司,日本,無,無,8,2024-06-19T00:00:00,2024,6,2024-08-08T13:30:54.077,,104年1月至115年6月,1,,
4860,彰化縣,GP008,2024/06/19,樂妙喵8號15歲-鮪雞,貓,罐頭,東盈實業股份有限公司,日本,無,無,12,2024-06-19T00:00:00,2024,6,2024-08-08T13:30:54.077,,104年1月至115年6月,1,,
4860,彰化縣,GP009,2024/06/19,樂妙喵6號-雞.刎,貓,罐頭,東盈實業股份有限公司,日本,無,無,12,2024-06-19T00:00:00,2024,6,2024-08-08T13:30:54.077,,104年1月至115年6月,1,,
4860,彰化縣,GP010,2024/06/19,CIAO 旨定罐12號(鰹魚+吻仔魚+干貝) 85g -4901133061257,貓,罐頭,季軒有限公司,日本,無,無,12,2024-06-19T00:00:00,2024,6,2024-08-08T13:30:54.077,,104年1月至115年6月,1,,
4860,雲林縣,IP004,2024/06/19,筷子肉乾(鴨肉),犬、貓,零食,台野畜產有限公司,臺灣,無,無,14,2024-06-19T00:00:00,2024,6,2024-08-08T13:30:54.077,,104年1月至115年6月,1,,
4860,雲林縣,IP005,2024/06/19,鴨里肌,犬、貓,零食,台野畜產有限公司,臺灣,無,無,14,2024-06-19T00:00:00,2024,6,2024-08-08T13:30:54.077,,104年1月至115年6月,1,,
4860,雲林縣,IP006,2024/06/19,鴨肉脆脆一口酥,犬、貓,零食,台野畜產有限公司,臺灣,無,無,14,2024-06-19T00:00:00,2024,6,2024-08-08T13:30:54.077,,104年1月至115年6月,1,,
4860,雲林縣,IP007,2024/06/19,雞肉脆脆一口酥,犬、貓,零食,台野畜產有限公司,臺灣,無,無,14,2024-06-19T00:00:00,2024,6,2024-08-08T13:30:54.077,,104年1月至115年6月,1,,
4860,雲林縣,IP008,2024/06/19,雞肉造型Q餅,犬、貓,零食,台野畜產有限公司,臺灣,無,無,14,2024-06-19T00:00:00,2024,6,2024-08-08T13:30:54.077,,104年1月至115年6月,1,,
4860,屏東縣,MP011,2024/06/18,口福-三合一肉角(300g),犬,零食,進口商：東翔實業股份有限公司,日本,無,無,16,2024-06-18T00:00:00,2024,6,2024-08-08T13:30:54.077,,104年1月至115年6月,1,,
4860,屏東縣,MP012,2024/06/18,Petio美味牛肉條-250g(長),犬,零食,進口商：韋民企業股份有限公司,日本,無,無,16,2024-06-18T00:00:00,2024,6,2024-08-08T13:30:54.077,,104年1月至115年6月,1,,
4860,屏東縣,MP013,2024/06/18,Staminol貓專用毛球護理DHA強效化毛膏(50g),貓,"補充品
(化毛膏)",進口商：台灣愛邦仕實業有限公司,日本,無,無,16,2024-06-18T00:00:00,2024,6,2024-08-08T13:30:54.077,,104年1月至115年6月,1,,
4860,屏東縣,,2024/06/26,Twinkling Star鱉蛋爆毛粉,犬、貓,補充品,製造商-耀月企業股份有限公司,臺灣,無,無,16,2024-06-26T00:00:00,2024,6,2024-08-08T13:30:54.077,,104年1月至115年6月,1,,
4860,屏東縣,,2024/06/26,"Chew me凍乾營養拌拌粉-原野風味
(土雞+甲魚)",犬、貓,補充品,製造商-耀月企業股份有限公司,臺灣,無,無,16,2024-06-26T00:00:00,2024,6,2024-08-08T13:30:54.077,,104年1月至115年6月,1,,
4860,屏東縣,,2024/06/26,Chew me貓主食罐(鮪魚佐甲魚),貓,乾糧(半濕性飼糧),製造商-耀月企業股份有限公司,臺灣,無,無,16,2024-06-26T00:00:00,2024,6,2024-08-08T13:30:54.077,,104年1月至115年6月,1,,
4860,屏東縣,,2024/06/26,Chew me凍乾土雞丁+甲魚蛋,犬、貓,零食,製造商-耀月企業股份有限公司,臺灣,無,無,16,2024-06-26T00:00:00,2024,6,2024-08-08T13:30:54.077,,104年1月至115年6月,1,,
4860,屏東縣,,2024/06/26,加拿大渴望-新鮮鮪魚凍乾,犬、貓,零食,委製商-耀月企業股份有限公司,臺灣,無,無,16,2024-06-26T00:00:00,2024,6,2024-08-08T13:30:54.077,,104年1月至115年6月,1,,
4860,屏東縣,,2024/06/26,加拿大渴望-新鮮土雞凍乾,犬、貓,零食,委製商-耀月企業股份有限公司,臺灣,無,無,16,2024-06-26T00:00:00,2024,6,2024-08-08T13:30:54.077,,104年1月至115年6月,1,,
4860,屏東縣,,2024/06/26,野性魅力凍乾-鮪魚塊佐白蝦,犬、貓,零食,委製商-耀月企業股份有限公司,臺灣,無,無,16,2024-06-26T00:00:00,2024,6,2024-08-08T13:30:54.077,,104年1月至115年6月,1,,
4860,屏東縣,,2024/06/26,野性魅力凍乾-鮪魚塊佐干貝,犬、貓,零食,委製商-耀月企業股份有限公司,臺灣,無,無,16,2024-06-26T00:00:00,2024,6,2024-08-08T13:30:54.077,,104年1月至115年6月,1,,
4860,基隆市,,2024/06/19,乖乖吃飯-嚴選超肉感主食餐包：青魽凝鮨100g,貓,罐頭,友伴生活股份有限公司,臺灣,包裝未標示業者地址及電話,通知業者限期改善,20,2024-06-19T00:00:00,2024,6,2024-08-08T13:30:54.077,,104年1月至115年6月,1,,
4860,基隆市,,2024/06/19,CBP-28雞老大 骰子牛,犬,零食,壹士達寵物有限公司,臺灣,無,無,20,2024-06-19T00:00:00,2024,6,2024-08-08T13:30:54.077,,104年1月至115年6月,1,,
4860,基隆市,,2024/06/19,HULUCAT卡滋化毛潔牙餅-鮭魚,貓,零食,王品寵物用品有限公司,泰國,無,無,20,2024-06-19T00:00:00,2024,6,2024-08-08T13:30:54.077,,104年1月至115年6月,1,,
4860,基隆市,,2024/06/19,CAT FEET呼嚕愛乾淨 薄荷潔牙餡餅(鮭魚口味),貓,零食,台灣美期有限公司,泰國,無,無,20,2024-06-19T00:00:00,2024,6,2024-08-08T13:30:54.077,,104年1月至115年6月,1,,
4860,基隆市,,2024/06/19,DS-CW-82【香濃物語】貓用雞肉條-腸胃-恰恰雞,貓,零食,廣湛有限公司,臺灣,無,無,20,2024-06-19T00:00:00,2024,6,2024-08-08T13:30:54.077,,104年1月至115年6月,1,,
4860,基隆市,,2024/06/20,升級版低敏食材天然主食罐-海三仙,貓,罐頭,貓侍股份有限公司,臺灣,無,無,20,2024-06-20T00:00:00,2024,6,2024-08-08T13:30:54.077,,104年1月至115年6月,1,,
4860,基隆市,,2024/06/20,升級版低敏食材天然主食罐-雞肉+牛肉,貓,罐頭,貓侍股份有限公司,臺灣,無,無,20,2024-06-20T00:00:00,2024,6,2024-08-08T13:30:54.077,,104年1月至115年6月,1,,
4860,基隆市,QP011,2024/06/20,升級版低敏食材天然主食罐-雞肉+旗魚+藍莓,貓,罐頭,貓侍股份有限公司,臺灣,無,無,20,2024-06-20T00:00:00,2024,6,2024-08-08T13:30:54.077,,104年1月至115年6月,1,,
4860,基隆市,,2024/06/20,升級版低敏食材天然主食罐-金鎗元貝,貓,罐頭,貓侍股份有限公司,臺灣,無,無,20,2024-06-20T00:00:00,2024,6,2024-08-08T13:30:54.077,,104年1月至115年6月,1,,
4860,基隆市,,2024/06/20,升級版低敏食材天然主食罐-純雞肉,貓,罐頭,貓侍股份有限公司,臺灣,無,無,20,2024-06-20T00:00:00,2024,6,2024-08-08T13:30:54.077,,104年1月至115年6月,1,,
4860,基隆市,QP010,2024/06/20,升級版低敏食材天然主食罐-雞肉+鮪魚+干貝,貓,罐頭,貓侍股份有限公司,臺灣,無,無,20,2024-06-20T00:00:00,2024,6,2024-08-08T13:30:54.077,,104年1月至115年6月,1,,
4860,基隆市,QP012,2024/06/20,Catpool 貓侍罐頭(升級版馬卡龍) -雙魚親子煲,貓,罐頭,貓侍股份有限公司,泰國,包裝營養成分及含量與申報網標示不符,通知業者限期改善,20,2024-06-20T00:00:00,2024,6,2024-08-08T13:30:54.077,,104年1月至115年6月,1,,
4860,基隆市,,2024/06/20,Catpool 貓侍罐頭(升級版馬卡龍) - 海鮮盛宴,貓,罐頭,貓侍股份有限公司,泰國,包裝營養成分及含量與申報網標示不符,通知業者限期改善,20,2024-06-20T00:00:00,2024,6,2024-08-08T13:30:54.077,,104年1月至115年6月,1,,
4860,基隆市,,2024/06/20,Catpool 貓侍罐頭(升級版馬卡龍) - 全魚宴,貓,罐頭,貓侍股份有限公司,泰國,包裝營養成分及含量與申報網標示不符,通知業者限期改善,20,2024-06-20T00:00:00,2024,6,2024-08-08T13:30:54.077,,104年1月至115年6月,1,,
4860,基隆市,,2024/06/20,Catpool 貓侍罐頭(升級版馬卡龍) - 美味雞肉煲,貓,罐頭,貓侍股份有限公司,泰國,包裝營養成分及含量與申報網標示不符,通知業者限期改善,20,2024-06-20T00:00:00,2024,6,2024-08-08T13:30:54.077,,104年1月至115年6月,1,,
4860,基隆市,,2024/06/20,Catpool 貓侍罐頭(升級版馬卡龍) - 香雞鮪魚燉牛肝,貓,罐頭,貓侍股份有限公司,泰國,包裝營養成分及含量與申報網資料不符,通知業者限期改善,20,2024-06-20T00:00:00,2024,6,2024-08-08T13:30:54.077,,104年1月至115年6月,1,,
4860,基隆市,,2024/06/20,成貓食譜主食罐- 奶油鮪魚,貓,罐頭,貓侍股份有限公司,泰國,無,無,20,2024-06-20T00:00:00,2024,6,2024-08-08T13:30:54.077,,104年1月至115年6月,1,,
4860,基隆市,,2024/06/20,成貓食譜主食罐-海鮮狂想,貓,罐頭,貓侍股份有限公司,泰國,無,無,20,2024-06-20T00:00:00,2024,6,2024-08-08T13:30:54.077,,104年1月至115年6月,1,,
4860,基隆市,,2024/06/20,成貓食譜主食罐-海陸四拼,貓,罐頭,貓侍股份有限公司,泰國,無,無,20,2024-06-20T00:00:00,2024,6,2024-08-08T13:30:54.077,,104年1月至115年6月,1,,
4860,基隆市,,2024/06/20,成貓食譜主食罐-奶油雞肉,貓,罐頭,貓侍股份有限公司,泰國,無,無,20,2024-06-20T00:00:00,2024,6,2024-08-08T13:30:54.077,,104年1月至115年6月,1,,
4860,基隆市,,2024/06/20,主食機能罐-泌尿道保健(雞肉+鰻魚+蔓越莓),貓,罐頭,貓侍股份有限公司,臺灣,現已無販售,現場協助輔導下架,20,2024-06-20T00:00:00,2024,6,2024-08-08T13:30:54.077,,104年1月至115年6月,1,,
4860,基隆市,,2024/06/20,主食機能罐-皮毛亮麗(雞肉+鰹魚+鱉蛋粉),貓,罐頭,貓侍股份有限公司,臺灣,現已無販售,現場協助輔導下架,20,2024-06-20T00:00:00,2024,6,2024-08-08T13:30:54.077,,104年1月至115年6月,1,,
4860,基隆市,,2024/06/20,貓侍Catpool 保健品系列-排毛好順暢80g,貓,補助食品,貓侍股份有限公司,臺灣,無,無,20,2024-06-20T00:00:00,2024,6,2024-08-08T13:30:54.077,,104年1月至115年6月,1,,
4860,基隆市,,2024/06/20,貓侍Catpool 保健品系列-腸道好吸收80g,貓,補助食品,貓侍股份有限公司,臺灣,無,無,20,2024-06-20T00:00:00,2024,6,2024-08-08T13:30:54.077,,104年1月至115年6月,1,,
4860,基隆市,,2024/06/20,貓侍Catpool 保健品系列-抗體好強壯80g,貓,補助食品,貓侍股份有限公司,臺灣,包裝製造商與申報網資料不符,通知業者限期改善,20,2024-06-20T00:00:00,2024,6,2024-08-08T13:30:54.077,,104年1月至115年6月,1,,
4860,基隆市,,2024/06/20,貓侍Catpool 保健品系列-關節有彈性70g,貓,補助食品,貓侍股份有限公司,臺灣,"1.包裝製造商與申報網資料不符
2.包裝未標示適用寵物種類",通知業者限期改善,20,2024-06-20T00:00:00,2024,6,2024-08-08T13:30:54.077,,104年1月至115年6月,1,,
4860,基隆市,,2024/06/20,貓侍Catpool 冷凍乾燥零食(凍乾)-牛肉丁35g,犬、貓,零食,貓侍股份有限公司,臺灣,包裝未標示適用寵物種類,通知業者限期改善,20,2024-06-20T00:00:00,2024,6,2024-08-08T13:30:54.077,,104年1月至115年6月,1,,
4860,基隆市,QP006,2024/06/20,貓侍Catpool 冷凍乾燥零食(凍乾)-爆蛋柳葉魚25g,犬、貓,零食,貓侍股份有限公司,臺灣,包裝未標示適用寵物種類,通知業者限期改善,20,2024-06-20T00:00:00,2024,6,2024-08-08T13:30:54.077,,104年1月至115年6月,1,,
4860,基隆市,QP007,2024/06/20,貓侍Catpool 冷凍乾燥零食(凍乾)-鮪魚丁40g,犬、貓,零食,貓侍股份有限公司,臺灣,包裝未標示適用寵物種類,通知業者限期改善,20,2024-06-20T00:00:00,2024,6,2024-08-08T13:30:54.077,,104年1月至115年6月,1,,
4860,基隆市,QP008,2024/06/20,貓侍Catpool 冷凍乾燥零食(凍乾)-鮭鯊丁35g,犬、貓,零食,貓侍股份有限公司,臺灣,"1.包裝未標示適用寵物種類
2.檢驗出重金屬汞超標，違反動保法第22條之4第1項及第2項規定。","1.通知業者限期改善
2.基隆市7/26已請業者盤點數量及進行產品回收。",20,2024-06-20T00:00:00,2024,6,2024-08-08T13:30:54.077,,104年1月至115年6月,1,,
4860,基隆市,QP009,2024/06/20,貓侍Catpool 冷凍乾燥零食(凍乾)-雞肉塊50g,犬、貓,零食,貓侍股份有限公司,臺灣,包裝未標示適用寵物種類,通知業者限期改善,20,2024-06-20T00:00:00,2024,6,2024-08-08T13:30:54.077,,104年1月至115年6月,1,,
4860,基隆市,,2024/06/20,貓侍料-低蛋白無穀貓糧(1.5KG/包)-雞肉+蜂蜜(金貓侍),貓,乾糧,貓侍股份有限公司,臺灣,無,無,20,2024-06-20T00:00:00,2024,6,2024-08-08T13:30:54.077,,104年1月至115年6月,1,,
4860,基隆市,,2024/06/20,貓侍料-天然無穀貓糧(1.5KG/包)-雞肉+羊肉+靈芝+鱉蛋粉+離胺酸(黑貓侍),貓,乾糧,貓侍股份有限公司,臺灣,無,無,20,2024-06-20T00:00:00,2024,6,2024-08-08T13:30:54.077,,104年1月至115年6月,1,,
4860,基隆市,,2024/06/20,貓侍料-天然無穀貓糧(1.5KG/包)-新鮮六種魚肉＋褐藻醣膠(藍貓侍),貓,乾糧,貓侍股份有限公司,臺灣,無,無,20,2024-06-20T00:00:00,2024,6,2024-08-08T13:30:54.077,,104年1月至115年6月,1,,
4860,基隆市,,2024/06/20,貓侍料-天然無穀貓糧(1.5KG/包)-雞肉+鴨肉+靈芝+墨魚汁+離胺酸(白貓侍),貓,乾糧,貓侍股份有限公司,臺灣,無,無,20,2024-06-20T00:00:00,2024,6,2024-08-08T13:30:54.077,,104年1月至115年6月,1,,
4860,基隆市,,2024/06/24,佛跳牆80g－翡翠燉雞,貓,罐頭,怪獸製造有限公司,泰國,包裝適用寵物種類與申報網資料不符,已將資料如實申報完整,20,2024-06-24T00:00:00,2024,6,2024-08-08T13:30:54.077,,104年1月至115年6月,1,,
4860,基隆市,,2024/06/24,汪喵星球 - 犬用鮮食餐包 元氣牛肉佐鵪鶉蛋枸杞 (元氣補血配方),犬,生鮮、冷凍,自力耕生股份有限公司,臺灣,無,無,20,2024-06-24T00:00:00,2024,6,2024-08-08T13:30:54.077,,104年1月至115年6月,1,,
4860,基隆市,,2024/06/24,北歐DODOLA餐盒100g-鱈魚+雞肉+海藻,犬,罐頭,王品寵物用品有限公司,冰島,無,無,20,2024-06-24T00:00:00,2024,6,2024-08-08T13:30:54.077,,104年1月至115年6月,1,,
4860,基隆市,,2024/06/24,Dr. Wish愛犬營養食(雞肉+牛肝+膳食纖維+果寡糖)(泥狀),犬,罐頭,台灣惜時有限公司,泰國,無,無,20,2024-06-24T00:00:00,2024,6,2024-08-08T13:30:54.077,,104年1月至115年6月,1,,
4860,基隆市,,2024/06/25,貓侍料-天然無穀貓糧(7KG/包)大包裝-雞肉+鴨肉+靈芝+墨魚汁+離胺酸(白貓侍),貓,乾糧,貓侍股份有限公司,臺灣,無,無,20,2024-06-25T00:00:00,2024,6,2024-08-08T13:30:54.077,,104年1月至115年6月,1,,
4860,基隆市,,2024/06/25,貓侍料-天然無穀貓糧(7KG/包)大包裝-雞肉+羊肉+靈芝+鱉蛋粉+離胺酸(黑貓侍),貓,乾糧,貓侍股份有限公司,臺灣,無,無,20,2024-06-25T00:00:00,2024,6,2024-08-08T13:30:54.077,,104年1月至115年6月,1,,
4860,基隆市,,2024/06/25,貓侍料-天然無穀貓糧(300g/包)-新鮮六種魚肉＋褐藻醣膠(藍貓侍),貓,乾糧,貓侍股份有限公司,臺灣,無,無,20,2024-06-25T00:00:00,2024,6,2024-08-08T13:30:54.077,,104年1月至115年6月,1,,
4860,基隆市,,2024/06/27,西莎精緻餐盒 雞肉 100g x 24 x 4,犬,罐頭,台灣瑪氏股份有限公司,澳洲,無,無,20,2024-06-27T00:00:00,2024,6,2024-08-08T13:30:54.077,,104年1月至115年6月,1,,
4860,基隆市,,2024/06/27,倍力康 美味極品餐盒 鮮嫩雞肉,犬,罐頭,雄騰國際有限公司,臺灣,包裝營養成分及含量與申報網資料不符,通知業者限期改善,20,2024-06-27T00:00:00,2024,6,2024-08-08T13:30:54.077,,104年1月至115年6月,1,,
4860,基隆市,,2024/06/27,倍力康 美味極品餐盒 雞肉&起司,犬,罐頭,雄騰國際有限公司,臺灣,包裝營養成分及含量與申報網資料不符,通知業者限期改善,20,2024-06-27T00:00:00,2024,6,2024-08-08T13:30:54.077,,104年1月至115年6月,1,,
4860,基隆市,,2024/06/27,保羅叔叔高級經濟狗糧 - 全犬種用 - 牛肉糙米,犬,乾飼糧,大地營養有限公司,臺灣,無,無,20,2024-06-27T00:00:00,2024,6,2024-08-08T13:30:54.077,,104年1月至115年6月,1,,
4860,新北市,AP044,2024/07/11,COOK 純粹煮食系列 雞鴨美胸 15g,犬、貓,零食,威饌股份有限公司,臺灣,標示無製造商電話,另函請該公司限期改善,0,2024-07-11T00:00:00,2024,7,2024-08-29T13:33:57.45,,104年1月至115年6月,1,,
4860,新北市,AP045,2024/07/11,PURE COOKING SERIES｜ORIGINAL熟食凍乾點心 干貝 20g,犬、貓,零食,威饌股份有限公司,臺灣,無申報,另函請該公司限期改善,0,2024-07-11T00:00:00,2024,7,2024-08-29T13:33:57.45,,104年1月至115年6月,1,,
4860,新北市,AP046,2024/07/11,CHEESE CHICKEN 起司雞肉｜丁狀系列 熟食凍乾 30g,犬、貓,零食,威饌股份有限公司,臺灣,無申報,另函請該公司限期改善,0,2024-07-11T00:00:00,2024,7,2024-08-29T13:33:57.45,,104年1月至115年6月,1,,
4860,新北市,AP047,2024/07/11,Meal 蘋果甜菜牛肉 200g,犬,乾糧(半濕性),威饌股份有限公司,臺灣,標示無製造商電話,另函請該公司限期改善,0,2024-07-11T00:00:00,2024,7,2024-08-29T13:33:57.45,,104年1月至115年6月,1,,
4860,新北市,AP048,2024/07/11,Meal 青豆蕈菇羊肉 200g,犬,乾糧(半濕性),威饌股份有限公司,臺灣,標示無製造商電話,另函請該公司限期改善,0,2024-07-11T00:00:00,2024,7,2024-08-29T13:33:57.45,,104年1月至115年6月,1,,
4860,臺中市,SP021,2024/06/27,艾樂斯 牛肉味脆片 50入,犬,零食,代理:承汯有限公司/製造:弘元皮革股份有限公司,臺灣,"1.未申報
2.誇大不實",7/18發文勸導,2,2024-06-27T00:00:00,2024,7,2024-08-29T13:33:57.45,,104年1月至115年6月,1,,
4860,臺中市,SP022,2024/06/27,單身狗寵物 雙效機能潔牙骨 蛋白質心血管低敏配方 雞肉起司+紅趜(長),犬,零食,優合行銷股份有限公司,臺灣,"1.標示不全
2.誇大不實",7/22發文勸導,2,2024-06-27T00:00:00,2024,7,2024-08-29T13:33:57.45,,104年1月至115年6月,1,,
4860,臺中市,SP023,2024/06/27,單身狗寵物 高鈣起司雞肉條,犬,零食,優合行銷股份有限公司,臺灣,申報不符,7/22發文勸導,2,2024-06-27T00:00:00,2024,7,2024-08-29T13:33:57.45,,104年1月至115年6月,1,,
4860,臺中市,SP024,2024/06/27,超越汪喵 鮮肉主食罐 紐西蘭放牧鹿肉餐,貓,濕糧,雅士魚有限公司,臺灣,無,無,2,2024-06-27T00:00:00,2024,7,2024-08-29T13:33:57.45,,104年1月至115年6月,1,,
4860,臺中市,SP025,2024/06/27,超越汪喵 野生鱸魚餐,貓,濕糧,雅士魚有限公司,臺灣,申報不符,8/2同意備查,2,2024-06-27T00:00:00,2024,7,2024-08-29T13:33:57.45,,104年1月至115年6月,1,,
4860,臺中市,SP026,2024/06/27,毛孩舟舟8月雞肉鬆 亮8毛髮,犬,零食,巴斯企業社,臺灣,申報不符,7/16發文勸導,2,2024-06-27T00:00:00,2024,7,2024-08-29T13:33:57.45,,104年1月至115年6月,1,,
4860,臺中市,SP027,2024/06/27,毛孩舟舟夠嫩8水滴肉乾 ,犬,零食,巴斯企業社,臺灣,合格,,2,2024-06-27T00:00:00,2024,7,2024-08-29T13:33:57.45,,104年1月至115年6月,1,,
4860,臺中市,SP028,2024/06/27,好味小姐 1+1奶貓粉 幼母貓主食罐 厚奶虱目魚,貓,濕糧,短捲麻股份有限公司,臺灣,標示不全,7/17發文勸導,2,2024-06-27T00:00:00,2024,7,2024-08-29T13:33:57.45,,104年1月至115年6月,1,,
4860,臺中市,SP029,2024/06/27,好味小姐 1+1益生菌 半濕食主食罐 四種魚．紅肉,貓,濕糧,短捲麻股份有限公司,臺灣,標示不全,7/17發文勸導,2,2024-06-27T00:00:00,2024,7,2024-08-29T13:33:57.45,,104年1月至115年6月,1,,
4860,臺中市,SP030,2024/06/27,雞妖 串燒雞肉潔牙棒(短),犬,零食,進口:鴻娟貿易有限公司,臺灣,無,無,2,2024-06-27T00:00:00,2024,7,2024-08-29T13:33:57.45,,104年1月至115年6月,1,,
4860,臺中市,SP031,2024/07/04,毛爪村貓用紓壓主食罐 貓薄荷南瓜雞(肉泥),貓,濕糧,萊諾亞國際有限公司,泰國,無,無,2,2024-07-04T00:00:00,2024,7,2024-08-29T13:33:57.45,,104年1月至115年6月,1,,
4860,臺南市,UP024,2024/07/17,CHEW BAR啾啾棒 蔓越莓優格潔牙棒65g,犬,零食,皇吉寵物食品有限公司,臺灣,無,無,4,2024-07-17T00:00:00,2024,7,2024-08-29T13:33:57.45,,104年1月至115年6月,1,,
4860,臺南市,UP025,2024/07/17,肉肉傳說-黑酵母小鮮柳,犬、貓,零食,肉肉傳說-黑酵母小鮮柳,臺灣,無,無,4,2024-07-17T00:00:00,2024,7,2024-08-29T13:33:57.45,,104年1月至115年6月,1,,
4860,臺南市,UP026,2024/07/22,搶鮮貓(鮪魚+蟹肉)85g,貓,濕糧,松桀企業社,臺灣,無,無,4,2024-07-22T00:00:00,2024,7,2024-08-29T13:33:57.45,,104年1月至115年6月,1,,
4860,臺南市,UP027,2024/07/22,搶鮮狗(純雞肉)85g,犬,濕糧,松桀企業社,臺灣,無,無,4,2024-07-22T00:00:00,2024,7,2024-08-29T13:33:57.45,,104年1月至115年6月,1,,
4860,臺南市,UP028,2024/08/07,寵介讚 寵物原肉零食-骰子牛100g,犬,零食,海慶企業社,臺灣,無,無,4,2024-08-07T00:00:00,2024,7,2024-08-29T13:33:57.45,,104年1月至115年6月,1,,
4860,臺南市,UP029,2024/08/07,寵介讚 寵物原肉零食-蜜汁雞肉鱈魚條100g,犬,零食,海慶企業社,臺灣,無,無,4,2024-08-07T00:00:00,2024,7,2024-08-29T13:33:57.45,,104年1月至115年6月,1,,
4860,桃園市,CP038,2024/07/08,雙效健鈣,犬,補充品,啟基生技股份有限公司,臺灣,無,無,8,2024-07-08T00:00:00,2024,7,2024-08-29T13:33:57.45,,104年1月至115年6月,1,,
4860,桃園市,CP039,2024/07/17,綜合腸益菌多元平衡配方,犬,補充品,信得生物科技有限公司,臺灣,無,無,8,2024-07-17T00:00:00,2024,7,2024-08-29T13:33:57.45,,104年1月至115年6月,1,,
4860,桃園市,CP040,2024/08/02,貓族1種肉主食罐－純雞肉餐165g,貓,濕糧,怪獸製造有限公司,臺灣,無,無,8,2024-08-02T00:00:00,2024,7,2024-08-29T13:33:57.45,,104年1月至115年6月,1,,
4860,桃園市,CP041,2024/08/02,犬用保健機能主食罐165g薑黃燉牛肉,犬,濕糧,怪獸製造有限公司,臺灣,無,無,8,2024-08-02T00:00:00,2024,7,2024-08-29T13:33:57.45,,104年1月至115年6月,1,,
4860,桃園市,CP042,2024/08/02,犬族寶寶無膠主食罐165g－草飼牛,犬,濕糧,怪獸製造有限公司,臺灣,無,無,8,2024-08-02T00:00:00,2024,7,2024-08-29T13:33:57.45,,104年1月至115年6月,1,,
4860,苗栗縣,,2024/07/03,CR120-雞肉握壽司,犬,零食,珍食堡實業股份有限公司,越南,無,無,11,2024-07-03T00:00:00,2024,7,2024-08-29T13:33:57.45,,104年1月至115年6月,1,,
4860,苗栗縣,,2024/07/03,希爾思寵物食品 成貓1-6歲 完美消化 雞肉食譜 (型號 606864),貓,乾飼糧,台灣希爾思寵物營養品有限公司,美國,無,無,11,2024-07-03T00:00:00,2024,7,2024-08-29T13:33:57.45,,104年1月至115年6月,1,,
4860,苗栗縣,,2024/07/03,小型犬11種肉 無穀配方(野牧鮮雞+野生漁獲),犬,乾飼糧,豪翼行銷有限公司,加拿大,無,無,11,2024-07-03T00:00:00,2024,7,2024-08-29T13:33:57.45,,104年1月至115年6月,1,,
4860,苗栗縣,,2024/07/17,FUSO Pet犬食成犬配方,犬,乾飼糧,福壽實業股份有限公司,臺灣,無,無,11,2024-07-17T00:00:00,2024,7,2024-08-29T13:33:57.45,,104年1月至115年6月,1,,
4860,苗栗縣,,2024/07/17,綺維爾狗飼料3.5kg-牛肉口味,犬,乾飼糧,弘隆食品有限公司,臺灣,無,無,11,2024-07-17T00:00:00,2024,7,2024-08-29T13:33:57.45,,104年1月至115年6月,1,,
4860,苗栗縣,,2024/07/17,綺維爾貓罐-蟹棒,貓,罐頭(濕糧),弘隆食品有限公司,泰國,無,無,11,2024-07-17T00:00:00,2024,7,2024-08-29T13:33:57.45,,104年1月至115年6月,1,,
4860,苗栗縣,,2024/07/17,喵樂 小小肉泥條 靜岡柴魚(綜合口味) 7g x 8入,貓,零食,艾澌克企業股份有限公司,日本,無,無,11,2024-07-17T00:00:00,2024,7,2024-08-29T13:33:57.45,,104年1月至115年6月,1,,
4860,苗栗縣,,2024/07/17,長崎 小魚乾,貓,零食,雍立貿易股份有限公司,日本,無,無,11,2024-07-17T00:00:00,2024,7,2024-08-29T13:33:57.45,,104年1月至115年6月,1,,
4860,嘉義縣,JP005,2024/07/19,比活力綜合營養狗餅乾,犬,零食,台灣銓華寵物科技有限公司,臺灣,無,無,15,2024-07-19T00:00:00,2024,7,2024-08-29T13:33:57.45,,104年1月至115年6月,1,,
4860,嘉義縣,JP006,2024/07/19,膚保康 皮膚健康顆粒粉,犬、貓,補充品,台灣銓華寵物科技有限公司,臺灣,無,無,15,2024-07-19T00:00:00,2024,7,2024-08-29T13:33:57.45,,104年1月至115年6月,1,,
4860,嘉義縣,JP007,2024/07/19,寵物元氣泌尿道保健粉,犬、貓,補充品,台灣銓華寵物科技有限公司,臺灣,無,無,15,2024-07-19T00:00:00,2024,7,2024-08-29T13:33:57.45,,104年1月至115年6月,1,,
4860,嘉義縣,,2024/07/19,骨保力關節活力保養顆粒粉,犬、貓,補充品,台灣銓華寵物科技有限公司,臺灣,無,無,15,2024-07-19T00:00:00,2024,7,2024-08-29T13:33:57.45,,104年1月至115年6月,1,,
4860,嘉義縣,,2024/07/19,寵物元氣關節保健粉,犬、貓,補充品,台灣銓華寵物科技有限公司,臺灣,無,無,15,2024-07-19T00:00:00,2024,7,2024-08-29T13:33:57.45,,104年1月至115年6月,1,,
4860,嘉義縣,,2024/07/19,3吋白色甜甜圈,犬,零食、潔牙骨,弘元皮革股份有限公司,臺灣,無,無,15,2024-07-19T00:00:00,2024,7,2024-08-29T13:33:57.45,,104年1月至115年6月,1,,
4860,嘉義縣,,2024/07/19,4-5吋牛皮咬骨,犬,零食、潔牙骨,弘元皮革股份有限公司,臺灣,無,無,15,2024-07-19T00:00:00,2024,7,2024-08-29T13:33:57.45,,104年1月至115年6月,1,,
4860,嘉義縣,,2024/07/19,脆脆鴨氣管,犬,零食、潔牙骨,弘元皮革股份有限公司,臺灣,無,無,15,2024-07-19T00:00:00,2024,7,2024-08-29T13:33:57.45,,104年1月至115年6月,1,,
4860,嘉義縣,JP008,2024/07/19,耐咬2.5吋雞肉潔牙骨,犬,零食、潔牙骨,弘元皮革股份有限公司,臺灣,無,無,15,2024-07-19T00:00:00,2024,7,2024-08-29T13:33:57.45,,104年1月至115年6月,1,,
4860,嘉義縣,JP009,2024/07/19,手作原肉雞肉片,犬,零食、潔牙骨,弘元皮革股份有限公司,臺灣,無,無,15,2024-07-19T00:00:00,2024,7,2024-08-29T13:33:57.45,,104年1月至115年6月,1,,
4860,基隆市,,2024/07/04,寶路雞肉包25G,犬,零食,台灣瑪氏股份有限公司,泰國,無,無,20,2024-07-04T00:00:00,2024,7,2024-08-29T13:33:57.45,,104年1月至115年6月,1,,
4860,基隆市,,2024/07/04,比活力綜合營養狗餅乾,犬,零食,固才有限公司,臺灣,包裝營養成分及含量與申報網資料不符,移送公司所在地(新北),20,2024-07-04T00:00:00,2024,7,2024-08-29T13:33:57.45,,104年1月至115年6月,1,,
4860,基隆市,,2024/07/04,喵愛餡 火烤嫩雞口味75G,犬,零食,台灣瑪氏股份有限公司,泰國,無,無,20,2024-07-04T00:00:00,2024,7,2024-08-29T13:33:57.45,,104年1月至115年6月,1,,
4860,基隆市,,2024/07/12,倍力ANIMATE 願望無穀天然鮮貓糧 極上海鮮-免疫防護配方 1.5kg,貓,乾飼糧,盈寶寵物股份有限公司,臺灣,無,無,20,2024-07-12T00:00:00,2024,7,2024-08-29T13:33:57.45,,104年1月至115年6月,1,,
4860,基隆市,,2024/07/12,喵饗 貓咪脆餅 - 煙燻鮭魚風味60g,貓,零食,韋民企業股份有限公司,泰國,無,無,20,2024-07-12T00:00:00,2024,7,2024-08-29T13:33:57.45,,104年1月至115年6月,1,,
4860,基隆市,,2024/07/12,K226 汪洽普 狗狗凍乾零食-鮭魚,犬,零食,壹士達寵物有限公司,韓國,無,無,20,2024-07-12T00:00:00,2024,7,2024-08-29T13:33:57.45,,104年1月至115年6月,1,,
4860,基隆市,,2024/07/12,長靴貓-新鮮比目魚 + 乳酸桿菌凍乾,貓,零食,瀚翔寵物有限公司,韓國,無,無,20,2024-07-12T00:00:00,2024,7,2024-08-29T13:33:57.45,,104年1月至115年6月,1,,
4860,基隆市,,2024/07/31,Bistro Cat特級銀貓健康餐罐(白身鮪魚+蟹肉),貓,罐頭,台灣惜時有限公司,泰國,無,無,20,2024-07-31T00:00:00,2024,7,2024-08-29T13:33:57.45,,104年1月至115年6月,1,,
4860,基隆市,,2024/07/31,Bistro Cat特級銀貓健康餐罐(白身鮪魚+蔬菜),貓,罐頭,台灣惜時有限公司,泰國,無,無,20,2024-07-31T00:00:00,2024,7,2024-08-29T13:33:57.45,,104年1月至115年6月,1,,
4860,基隆市,,2024/07/31,Bistro Cat特級銀貓健康餐罐(白身鮪魚+柴魚),貓,罐頭,台灣惜時有限公司,泰國,無,無,20,2024-07-31T00:00:00,2024,7,2024-08-29T13:33:57.45,,104年1月至115年6月,1,,
4860,基隆市,,2024/07/31,Bistro Cat特級銀貓健康餐罐(鮮嫩雞肉),貓,罐頭,台灣惜時有限公司,泰國,無,無,20,2024-07-31T00:00:00,2024,7,2024-08-29T13:33:57.45,,104年1月至115年6月,1,,
4860,新北市,,2024/08/14,黃金雞菲力,犬、貓,零食,寵鮮灶腳有限公司,臺灣,使用「無添加」未載明產品成分或其種類名稱,因製造商位處臺中，擬另函請臺中市動保處依動保法辦理後續查處。,0,2024-08-14T00:00:00,2024,8,2024-10-18T17:30:51.367,,104年1月至115年6月,1,,
4860,新北市,,2024/08/14,CIAO啾嚕肉泥綜合營養食(鰹魚),貓,零食,強普股份有限公司,日本,無,無,0,2024-08-14T00:00:00,2024,8,2024-10-18T17:30:51.367,,104年1月至115年6月,1,,
4860,新北市,,2024/08/14,潔牙鯊魚軟骨,犬、貓,零食,寵鮮灶腳有限公司,臺灣,使用「無添加」未載明產品成分或其種類名稱,因製造商位處臺中，擬另函請臺中市動保處依動保法辦理後續查處。,0,2024-08-14T00:00:00,2024,8,2024-10-18T17:30:51.367,,104年1月至115年6月,1,,
4860,新北市,,2024/08/14,蜜汁香Q雞肉條,犬,零食,聯信寵物有限公司,臺灣,無,無,0,2024-08-14T00:00:00,2024,8,2024-10-18T17:30:51.367,,104年1月至115年6月,1,,
4860,新北市,,2024/08/14,銀湯匙幼貓餐包 鮪魚.鰹魚,貓,乾糧(半濕性),嬌聯股份有限公司,泰國,無,無,0,2024-08-14T00:00:00,2024,8,2024-10-18T17:30:51.367,,104年1月至115年6月,1,,
4860,新北市,,2024/08/14,驕傲貓雞肉丁凍乾罐裝,貓,零食,琦信企業有限公司,臺灣,查無申報資料,該委製商位處基隆，擬另函請該公司限期改善申報，並副知基隆動防所。,0,2024-08-14T00:00:00,2024,8,2024-10-18T17:30:51.367,,104年1月至115年6月,1,,
4860,新北市,,2024/08/14,犬心臟病配方 EC26,犬,處方食品,台灣皇家寵物食品有限公司,法國,無,無,0,2024-08-14T00:00:00,2024,8,2024-10-18T17:30:51.367,,104年1月至115年6月,1,,
4860,新北市,,2024/08/14,希爾思處方食品貓用 C/D 全效舒解緊迫 10372HG,貓,處方食品,台灣希爾思寵物營養品有限公司,美國,無,無,0,2024-08-14T00:00:00,2024,8,2024-10-18T17:30:51.367,,104年1月至115年6月,1,,
4860,新北市,,2024/08/14,V.O.H U/H 狗食 泌尿道及低過敏配方,犬,處方食品,韋民企業股份有限公司,韓國,無,無,0,2024-08-14T00:00:00,2024,8,2024-10-18T17:30:51.367,,104年1月至115年6月,1,,
4860,新北市,,2024/08/14,尊爵 特級熟齡犬 機能天然糧,犬,乾糧(乾飼糧),鴻騏國際有限公司,巴西,無,無,0,2024-08-14T00:00:00,2024,8,2024-10-18T17:30:51.367,,104年1月至115年6月,1,,
4860,新北市,,2024/08/14,希爾思處方食品貓用 z/d ,貓,處方食品,台灣希爾思寵物營養品有限公司,美國,無,無,0,2024-08-14T00:00:00,2024,8,2024-10-18T17:30:51.367,,104年1月至115年6月,1,,
4860,新北市,AP051,2024/08/14,比活力 脆皮軟酥條,犬,零食,固才有限公司,埃及,無,無,0,2024-08-14T00:00:00,2024,8,2024-10-18T17:30:51.367,,104年1月至115年6月,1,,
4860,新北市,,2024/08/14,生活良好犬用雞柳條,犬,零食,台灣生活良好國際股份有限公司,日本,無,無,0,2024-08-14T00:00:00,2024,8,2024-10-18T17:30:51.367,,104年1月至115年6月,1,,
4860,新北市,,2024/08/14,野性魅力凍乾 大西洋鮪魚條,犬、貓,零食,加拿大野性魅力有限公司,臺灣,無,無,0,2024-08-14T00:00:00,2024,8,2024-10-18T17:30:51.367,,104年1月至115年6月,1,,
4860,新北市,,2024/08/14,西莎蒸鮮包 成犬低脂雞肉口味,犬,罐頭,台灣瑪氏股份有限公司,泰國,無,無,0,2024-08-14T00:00:00,2024,8,2024-10-18T17:30:51.367,,104年1月至115年6月,1,,
4860,新北市,AP049,2024/08/14,IAMS 愛慕思 健康優活 成貓營養配方 鮪魚及鮭魚口味,貓,乾糧(乾飼糧),台灣瑪氏股份有限公司,泰國,無,無,0,2024-08-14T00:00:00,2024,8,2024-10-18T17:30:51.367,,104年1月至115年6月,1,,
4860,新北市,AP050,2024/08/14,Cat Mind成貓餐罐 鮪魚+一夜干,貓,罐頭,彼得有限公司,泰國,無,無,0,2024-08-14T00:00:00,2024,8,2024-10-18T17:30:51.367,,104年1月至115年6月,1,,
4860,新北市,,2024/08/14,偉嘉 妙鮮包 鮪魚(吞拿魚),貓,罐頭,台灣瑪氏股份有限公司,泰國,無,無,0,2024-08-14T00:00:00,2024,8,2024-10-18T17:30:51.367,,104年1月至115年6月,1,,
4860,新北市,,2024/08/14,SHEBA 誘惑泥 雞肉口味.雞肉&白身魚口味,貓,罐頭,台灣瑪氏股份有限公司,泰國,無,無,0,2024-08-14T00:00:00,2024,8,2024-10-18T17:30:51.367,,104年1月至115年6月,1,,
4860,新北市,,2024/08/15,台灣皇家貓過敏控制配方 SC27,貓,處方食品,台灣皇家寵物食品有限公司,法國,無,無,0,2024-08-15T00:00:00,2024,8,2024-10-18T17:30:51.367,,104年1月至115年6月,1,,
4860,臺北市,VP006,2024/08/20,吶一口貓肉泥-鮪魚+蟹肉,貓,零食,豪翼行銷有限公司,泰國,無,無,1,2024-08-20T00:00:00,2024,8,2024-10-18T17:30:51.367,,104年1月至115年6月,1,,
4860,臺北市,VP007,2024/08/20,銀湯匙貓餐包 鮪魚鰹魚柴魚片,貓,罐頭,嬌聯股份有限公司,泰國,無,無,1,2024-08-20T00:00:00,2024,8,2024-10-18T17:30:51.367,,104年1月至115年6月,1,,
4860,臺北市,VP008,2024/08/20,天然密碼-永恆無榖主食罐(貓薄荷),貓,罐頭,廣湛有限公司,泰國,無,無,1,2024-08-20T00:00:00,2024,8,2024-10-18T17:30:51.367,,104年1月至115年6月,1,,
4860,臺北市,,2024/08/20,皮特先生-成犬關節強化照護配方,犬,乾糧,沅豐企業有限公司,臺灣,無,無,1,2024-08-20T00:00:00,2024,8,2024-10-18T17:30:51.367,,104年1月至115年6月,1,,
4860,臺北市,,2024/08/20,特百滋凍乾三重奏成犬低敏火雞配方,犬,乾糧,艾澌克企業股份有限公司,臺灣,無,無,1,2024-08-20T00:00:00,2024,8,2024-10-18T17:30:51.367,,104年1月至115年6月,1,,
4860,臺北市,,2024/08/20,優格吃貨拼盤老饕海陸拼盤全齡貓0穀畫毛配方,貓,乾糧,艾澌克企業股份有限公司,臺灣,無,無,1,2024-08-20T00:00:00,2024,8,2024-10-18T17:30:51.367,,104年1月至115年6月,1,,
4860,臺北市,,2024/08/20,PETLINE懷石瀨戶內海之味綜合貓糧,貓,乾糧,凱璜實業有限公司,日本,無,無,1,2024-08-20T00:00:00,2024,8,2024-10-18T17:30:51.367,,104年1月至115年6月,1,,
4860,臺北市,,2024/08/20,成犬用軟性飼料(羊肉),犬,乾糧,王品寵物用品有限公司,韓國,無,無,1,2024-08-20T00:00:00,2024,8,2024-10-18T17:30:51.367,,104年1月至115年6月,1,,
4860,臺北市,,2024/08/20,紐西蘭K9 feline Natural鮮嫩生肉主食罐(無穀雞+羊),貓,罐頭,極寵有限公司,紐西蘭,無,無,1,2024-08-20T00:00:00,2024,8,2024-10-18T17:30:51.367,,104年1月至115年6月,1,,
4860,臺北市,,2024/08/20,ZiwiPeak巔峰鮮肉貓罐頭-牛肉,貓,罐頭,極寵有限公司,紐西蘭,無,無,1,2024-08-20T00:00:00,2024,8,2024-10-18T17:30:51.367,,104年1月至115年6月,1,,
4860,臺北市,,2024/08/20,Go!天然主食貓罐高肉量豐醬無榖四種肉,貓,罐頭,極寵有限公司,德國,無,無,1,2024-08-20T00:00:00,2024,8,2024-10-18T17:30:51.367,,104年1月至115年6月,1,,
4860,臺北市,,2024/08/20,義士大廚豐味鮮燉主食罐-雞肉鴨肉,貓,罐頭,極寵有限公司,泰國,無,無,1,2024-08-20T00:00:00,2024,8,2024-10-18T17:30:51.367,,104年1月至115年6月,1,,
4860,臺北市,,2024/08/20,超躍 肉絲無榖主食罐,貓,罐頭,聯合夥伴有限公司,泰國,無,無,1,2024-08-20T00:00:00,2024,8,2024-10-18T17:30:51.367,,104年1月至115年6月,1,,
4860,臺北市,,2024/08/20,GOOTOE每朝活力無榖鮮肉糧-雞肉,犬,乾糧,珍食堡實業股份有限公司,越南,無,無,1,2024-08-20T00:00:00,2024,8,2024-10-18T17:30:51.367,,104年1月至115年6月,1,,
4860,臺北市,,2024/08/20,澳克騎士 雞肉&袋鼠肉無穀全齡貓糧,貓,乾糧,維逸有限公司,澳洲,無,無,1,2024-08-20T00:00:00,2024,8,2024-10-18T17:30:51.367,,104年1月至115年6月,1,,
4860,臺北市,,2024/08/20,ADD野生袋鼠無穀全齡犬,犬,乾糧,聯享寵物貿易有限公司,紐西蘭,無,無,1,2024-08-20T00:00:00,2024,8,2024-10-18T17:30:51.367,,104年1月至115年6月,1,,
4860,臺北市,,2024/08/20,奇境 澳洲鮭魚+紐西蘭羊肺凍乾 無穀全貓糧,貓,乾糧,維逸有限公司,澳洲,無,無,1,2024-08-20T00:00:00,2024,8,2024-10-18T17:30:51.367,,104年1月至115年6月,1,,
4860,臺北市,,2024/08/20,囍碗無穀天然糧-全齡貓-頂級鯡魚&鮭魚&大西洋龍蝦,貓,乾糧,聯誠寵物有限公司,加拿大,無,無,1,2024-08-20T00:00:00,2024,8,2024-10-18T17:30:51.367,,104年1月至115年6月,1,,
4860,臺北市,,2024/08/20,MDARYN喵樂貓罐(嫩雞鮪魚燒),貓,罐頭,艾澌克企業股份有限公司,泰國,無,無,1,2024-08-20T00:00:00,2024,8,2024-10-18T17:30:51.367,,104年1月至115年6月,1,,
4860,臺北市,,2024/08/20,Hello Fresh 好鮮原汁湯罐,貓,罐頭,台灣惜食有限公司,泰國,無,無,1,2024-08-20T00:00:00,2024,8,2024-10-18T17:30:51.367,,104年1月至115年6月,1,,
4860,臺北市,,2024/08/20,肉球世界歪嘴貓主食罐-雞肉鮪魚,貓,罐頭,金富錸國際寵物有限公司,臺灣,無,無,1,2024-08-20T00:00:00,2024,8,2024-10-18T17:30:51.367,,104年1月至115年6月,1,,
4860,臺北市,,2024/08/20,喵皇奴/貓咪經典主食罐(純雞肉),貓,罐頭,逆風飛翔股份有限公司,臺灣,申報資訊有誤,通知業者限期改善,1,2024-08-20T00:00:00,2024,8,2024-10-18T17:30:51.367,,104年1月至115年6月,1,,
4860,臺北市,,2024/08/20,紐崔克/貓罐 香滑鰹魚肉泥(糊狀),貓,罐頭,寵物王國有限公司,臺灣,無,無,1,2024-08-20T00:00:00,2024,8,2024-10-18T17:30:51.367,,104年1月至115年6月,1,,
4860,臺中市,,2024/06/27,卡滋kazi元氣骰子牛,犬,零食,籐濱實業有限公司,臺灣,未申報、標示不全,7/16函轉臺北市,2,2024-06-27T00:00:00,2024,8,2024-10-18T17:30:51.367,,104年1月至115年6月,1,,
4860,臺中市,,2024/06/27,香濃の物語 雞肉 棒棒捲(9入),犬,零食,展聖寵物用品有限公司,臺灣,未申報,8/27同意備查,2,2024-06-27T00:00:00,2024,8,2024-10-18T17:30:51.367,,104年1月至115年6月,1,,
4860,臺中市,,2024/06/27,小鮮肉寵物零食 鱈魚絲雞肉棒,犬,零食,辛巴國際行銷有限公司,臺灣,無,無,2,2024-06-27T00:00:00,2024,8,2024-10-18T17:30:51.367,,104年1月至115年6月,1,,
4860,臺中市,,2024/06/27,肉球世界歪嘴貓主食罐-鮪魚,貓,罐頭,金富錸國際寵物有限公司,臺灣,標示不全、誇大不實,8/23同意備查,2,2024-06-27T00:00:00,2024,8,2024-10-18T17:30:51.367,,104年1月至115年6月,1,,
4860,臺中市,,2024/06/27,5km stick 犬貓用 營養蔬果肉泥-長尾鱈魚(骨關節),犬、貓,零食,豐奕達實業有限公司,韓國,無,無,2,2024-06-27T00:00:00,2024,8,2024-10-18T17:30:51.367,,104年1月至115年6月,1,,
4860,臺中市,,2024/06/27,寵心出發 泥好！南助褐,犬、貓,零食,慶宇生技股份有限公司,臺灣,無,無,2,2024-06-27T00:00:00,2024,8,2024-10-18T17:30:51.367,,104年1月至115年6月,1,,
4860,臺中市,,2024/06/27,乖乖吃飯 嚴選超肉感主食餐包 香煨嫩雞,貓,罐頭,友伴生活股份有限公司,臺灣,未申報、標示不全,7/15函轉基隆市,2,2024-06-27T00:00:00,2024,8,2024-10-18T17:30:51.367,,104年1月至115年6月,1,,
4860,臺中市,,2024/07/04,優沛特-犬用大狗罐(馬鈴薯+羊肉風味)400g,犬,零食,全慶寵物用品有限公司,臺灣,無,無,2,2024-07-04T00:00:00,2024,8,2024-10-18T17:30:51.367,,104年1月至115年6月,1,,
4860,臺中市,,2024/07/04,歐司特 特級餐包 鮪魚干貝,貓,零食,東森寵物雲股份有限公司,泰國,無,無,2,2024-07-04T00:00:00,2024,8,2024-10-18T17:30:51.367,,104年1月至115年6月,1,,
4860,臺中市,SP032,2024/07/19,北海道蝦夷鹿肉罐,犬、貓,罐頭,鎧帛實業有限公司,日本,未完成寵物食品申報,8/12同意備查,2,2024-07-19T00:00:00,2024,8,2024-10-18T17:30:51.367,,104年1月至115年6月,1,,
4860,臺中市,SP033,2024/07/30,Plaiaden南瓜雞肉 SIEBEN美食7- 犬主食罐,犬,罐頭,鎧帛實業有限公司,德國,未完成寵物食品申報,9/3同意備查,2,2024-07-30T00:00:00,2024,8,2024-10-18T17:30:51.367,,104年1月至115年6月,1,,
4860,臺中市,SP034,2024/07/30,韓國 NATURAL CORE 自然核心 乳酸菌餅乾棒-起司 ,犬,零食,新寵兒寵物股份有限公司,韓國,標示不全,8/15函文勸導,2,2024-07-30T00:00:00,2024,8,2024-10-18T17:30:51.367,,104年1月至115年6月,1,,
4860,臺中市,SP035,2024/07/30,韓國NATURAL CORE自然核心 狗狗營養湯雙袋-菠菜&雞肉 40gx2入,犬,罐頭,新寵兒寵物股份有限公司,泰國,未完成寵物食品申報,8/15函文勸導,2,2024-07-30T00:00:00,2024,8,2024-10-18T17:30:51.367,,104年1月至115年6月,1,,
4860,臺中市,SP036,2024/07/30,韓國 NATURAL CORE 自然核心 美味營養粥-鴨肉鱈魚粥 120g,犬,罐頭,新寵兒寵物股份有限公司,韓國,未完成寵物食品申報,8/15函文勸導,2,2024-07-30T00:00:00,2024,8,2024-10-18T17:30:51.367,,104年1月至115年6月,1,,
4860,臺中市,,2024/07/30,伊瑞思主食罐餐包 雞、鮪、雞肝三拼,貓,罐頭,派脆客有限公司,泰國,未申報、標示不全,8/9函轉新北市,2,2024-07-30T00:00:00,2024,8,2024-10-18T17:30:51.367,,104年1月至115年6月,1,,
4860,臺中市,,2024/07/30,那卡貓用主食罐 雞肉口味,貓,罐頭,寵兒商貿有限公司,德國,未申報、標示不全,8/9函轉高雄市,2,2024-07-30T00:00:00,2024,8,2024-10-18T17:30:51.367,,104年1月至115年6月,1,,
4860,臺中市,,2024/07/30,健康海岸野生鱈魚主食罐 (肉泥) ,貓,罐頭,緯豪實業股份有限公司,加拿大,標示不全,8/9函轉新北市,2,2024-07-30T00:00:00,2024,8,2024-10-18T17:30:51.367,,104年1月至115年6月,1,,
4860,臺中市,,2024/07/30,亞米 鮮鮪白金大餐,貓,罐頭,沛特國際股份有限公司,泰國,未申報、誇大不實,8/9函轉新北市,2,2024-07-30T00:00:00,2024,8,2024-10-18T17:30:51.367,,104年1月至115年6月,1,,
4860,臺中市,,2024/07/30,小犬威利Meal 紫薯蕃茄牛肉 200g,犬,乾糧,威饌股份有限公司,臺灣,無,無,2,2024-07-30T00:00:00,2024,8,2024-10-18T17:30:51.367,,104年1月至115年6月,1,,
4860,臺中市,,2024/07/30,馬卡兒 低脂首選-雞肉薄片,犬、貓,零食,元晨國際有限公司,臺灣,未申報、標示不全,8/13函轉臺北市,2,2024-07-30T00:00:00,2024,8,2024-10-18T17:30:51.367,,104年1月至115年6月,1,,
4860,臺中市,,2024/07/30,狗狗主食餐-狗式骰子牛,犬,罐頭,翔芮寵物行,臺灣,未申報,8/15函文勸導,2,2024-07-30T00:00:00,2024,8,2024-10-18T17:30:51.367,,104年1月至115年6月,1,,
4860,臺中市,,2024/07/30,紐西蘭K9 Feline Natural 鮮燉生肉主食罐-無穀牛肉鱈魚,貓,罐頭,極寵有限公司,紐西蘭,未申報,8/30同意備查,2,2024-07-30T00:00:00,2024,8,2024-10-18T17:30:51.367,,104年1月至115年6月,1,,
4860,臺中市,,2024/07/30,麥卡登自由放養火雞佐ASC挪威鮭魚(犬),犬,罐頭,毛寧有限公司,奧地利,未申報、標示不全,8/13函轉基隆市,2,2024-07-30T00:00:00,2024,8,2024-10-18T17:30:51.367,,104年1月至115年6月,1,,
4860,臺中市,,2024/07/30,漢方潔牙棒-豬肉藜麥甘露飲,犬,零食,東方中宇國際有限公司,臺灣,未申報、標示不全,8/13函轉臺北市,2,2024-07-30T00:00:00,2024,8,2024-10-18T17:30:51.367,,104年1月至115年6月,1,,
4860,臺南市,UP030,2024/08/23,astkatta 放養嫩雞肉 80g,貓,罐頭,碩達豐易有限公司,泰國,無,無,4,2024-08-23T00:00:00,2024,8,2024-10-18T17:30:51.367,,104年1月至115年6月,1,,
4860,臺南市,UP031,2024/08/23,Hulucat 卡滋化毛潔牙餅-鮪魚,貓,零食,王品寵物用品有限公司,泰國,無,無,4,2024-08-23T00:00:00,2024,8,2024-10-18T17:30:51.367,,104年1月至115年6月,1,,
4860,臺南市,UP032,2024/08/23,義大利啟蒙主食貓罐-鮭魚+蝦,貓,罐頭,品果國際行銷有限公司,義大利,無,無,4,2024-08-23T00:00:00,2024,8,2024-10-18T17:30:51.367,,104年1月至115年6月,1,,
4860,高雄市,,2024/08/01,FUSO Pets福壽貓食鮪魚+蟹肉口味,貓,乾糧,福壽實業股份有限公司,臺灣,第22條之5第2項(廣告宣稱),移請臺中市卓處,6,2024-08-01T00:00:00,2024,8,2024-10-18T17:30:51.367,,104年1月至115年6月,1,,
4860,高雄市,,2024/08/01,席瑞思貓食鮪魚蟹肉口味,貓,乾糧,福壽實業股份有限公司,臺灣,第22條之5第2項(廣告宣稱),移請臺中市卓處,6,2024-08-01T00:00:00,2024,8,2024-10-18T17:30:51.367,,104年1月至115年6月,1,,
4860,高雄市,,2024/08/01,健康紀元寵食 挑嘴貓專用配方-鰹魚口味,貓,乾糧,福壽實業股份有限公司,臺灣,無,無,6,2024-08-01T00:00:00,2024,8,2024-10-18T17:30:51.367,,104年1月至115年6月,1,,
4860,高雄市,,2024/08/01,博士巧思犬食羊肉+米專業配方,犬,乾糧,福壽實業股份有限公司,臺灣,第22條之5第2項(廣告宣稱),移請臺中市卓處,6,2024-08-01T00:00:00,2024,8,2024-10-18T17:30:51.367,,104年1月至115年6月,1,,
4860,高雄市,,2024/08/01,葛莉思犬罐雞肉口味,犬,罐頭,福壽實業股份有限公司,臺灣,無,無,6,2024-08-01T00:00:00,2024,8,2024-10-18T17:30:51.367,,104年1月至115年6月,1,,
4860,高雄市,WP030,2024/08/01,森鮮天然無穀物低敏乾糧全貓配方450g,貓,乾糧,紐西蘭森鮮有限公司,紐西蘭,第22條之3第2項(申報)及第22條之5第1項(標示),移請臺南市卓處,6,2024-08-01T00:00:00,2024,8,2024-10-18T17:30:51.367,,104年1月至115年6月,1,,
4860,高雄市,WP031,2024/08/01,Us Cat愛貓餐罐(鮪魚+蟹肉),貓,罐頭,台灣惜時有限公司,泰國,無,無,6,2024-08-01T00:00:00,2024,8,2024-10-18T17:30:51.367,,104年1月至115年6月,1,,
4860,高雄市,WP032,2024/08/01,LOVE EM幼犬訓練零食+鈣（牛豬口味）,犬,零食,聯享寵物貿易有限公司,澳洲,無,無,6,2024-08-01T00:00:00,2024,8,2024-10-18T17:30:51.367,,104年1月至115年6月,1,,
4860,高雄市,,2024/08/01,東森寵物毛視優,犬、貓,補充品,好適陪寵物食品有限公司,臺灣,第22條之3第2項(申報),限期改正,6,2024-08-01T00:00:00,2024,8,2024-10-18T17:30:51.367,,104年1月至115年6月,1,,
4860,高雄市,,2024/08/01,東森寵物毛暢快,犬、貓,補充品,好適陪寵物食品有限公司,臺灣,第22條之3第2項(申報),限期改正,6,2024-08-01T00:00:00,2024,8,2024-10-18T17:30:51.367,,104年1月至115年6月,1,,
4860,高雄市,,2024/08/01,Carl卡爾貓用離胺酸,貓,補充品,全慶寵物用品有限公司,臺灣,無,無,6,2024-08-01T00:00:00,2024,8,2024-10-18T17:30:51.367,,104年1月至115年6月,1,,
4860,高雄市,,2024/08/01,C.C.P犬貓關節保健,犬、貓,補充品,全慶寵物用品有限公司,臺灣,第22條之3第2項(申報)及第22條之5第1項(標示),移請臺南市卓處,6,2024-08-01T00:00:00,2024,8,2024-10-18T17:30:51.367,,104年1月至115年6月,1,,
4860,高雄市,,2024/08/01,丹DAN 寵物食品全貓齡配方鮪魚牛肉+蔓越莓口味(1.5KG),貓,乾糧,寶榮開發企業股份有限公司,臺灣,第22條之5第1項(標示),移請臺南市卓處,6,2024-08-01T00:00:00,2024,8,2024-10-18T17:30:51.367,,104年1月至115年6月,1,,
4860,高雄市,,2024/08/01,加好寶經典乾貓糧化毛配方,貓,乾糧,好侶股份有限公司,臺灣,第22條之5第2項(廣告宣稱),移請臺北市卓處,6,2024-08-01T00:00:00,2024,8,2024-10-18T17:30:51.367,,104年1月至115年6月,1,,
4860,高雄市,WP033,2024/08/01,處方皇家LP18C犬泌尿道配方罐頭,犬,罐頭(處方食品),台灣皇家寵物食品有限公司,奧地利,第22條之3第2項(申報)及第22條之5第1項(標示),移請臺北市卓處,6,2024-08-01T00:00:00,2024,8,2024-10-18T17:30:51.367,,104年1月至115年6月,1,,
4860,高雄市,,2024/08/01,處方皇家LP18W犬泌尿道配方濕糧,犬,罐頭(處方食品),台灣皇家寵物食品有限公司,奧地利,第22條之3第2項(申報)及第22條之5第1項(標示),移請臺北市卓處,6,2024-08-01T00:00:00,2024,8,2024-10-18T17:30:51.367,,104年1月至115年6月,1,,
4860,高雄市,,2024/08/01,希爾思處方食品 貓用m/d,貓,乾糧(處方食品),台灣希爾思寵物營養品有限公司,美國,無,無,6,2024-08-01T00:00:00,2024,8,2024-10-18T17:30:51.367,,104年1月至115年6月,1,,
4860,高雄市,,2024/08/01,希爾思寵物食品 成貓敏感胃腸與皮膚 鮪魚佐蔬菜 主食罐,貓,罐頭(處方食品),台灣希爾思寵物營養品有限公司,美國,無,無,6,2024-08-01T00:00:00,2024,8,2024-10-18T17:30:51.367,,104年1月至115年6月,1,,
4860,高雄市,,2024/08/01,星巴哈尼寵物泌尿道&舒壓保健,貓,補充品,家得健康股份有限公司,臺灣,第22條之3第2項(申報)及第22條之5第1項(標示),移請臺中市卓處,6,2024-08-01T00:00:00,2024,8,2024-10-18T17:30:51.367,,104年1月至115年6月,1,,
4860,高雄市,,2024/08/01,Hi-Q pets lmmuArmor 藻康留(大劑量),犬、貓,補充品,中華海洋生技股份有限公司,臺灣,第22條之3第2項(申報)及第22條之5第1項(標示),移請臺北市卓處,6,2024-08-01T00:00:00,2024,8,2024-10-18T17:30:51.367,,104年1月至115年6月,1,,
4860,高雄市,,2024/08/01,寵心出發-義式白醬嫩雞佐時蔬,犬、貓,零食,慶宇生技股份有限公司,臺灣,第22條之3第2項(申報)及第22條之5第1項(標示),移請桃園市卓處,6,2024-08-01T00:00:00,2024,8,2024-10-18T17:30:51.367,,104年1月至115年6月,1,,
4860,高雄市,,2024/08/15,Zenith頂級無穀高齡體控犬軟飼料,犬,乾糧,品果國際行銷有限公司,韓國,第22條之3第2項(申報)及第22條之5第1項(標示),移請桃園市卓處,6,2024-08-15T00:00:00,2024,8,2024-10-18T17:30:51.367,,104年1月至115年6月,1,,
4860,桃園市,CP043,2024/08/01,CIAO全魚宴餐包（鮪魚＋鰹魚＋雞肉）,貓,罐頭,強普股份有限公司,日本,無,無,8,2024-08-01T00:00:00,2024,8,2024-10-18T17:30:51.367,,104年1月至115年6月,1,,
4860,桃園市,CP044,2024/08/01,德國勃肯特主食鮮肉包（雞肉，犬用）,犬,罐頭,麥可貿易有限公司,德國,無,無,8,2024-08-01T00:00:00,2024,8,2024-10-18T17:30:51.367,,104年1月至115年6月,1,,
4860,桃園市,CP045,2024/08/01,犬用絹紗雞胸肉塊（原味）,犬,零食,台灣多格漫商貿股份有限公司,日本,無,無,8,2024-08-01T00:00:00,2024,8,2024-10-18T17:30:51.367,,104年1月至115年6月,1,,
4860,桃園市,,2024/08/14,維齊益力膳犬餐罐－雞肉南瓜,犬,罐頭,竣百有限公司,泰國,無,無,8,2024-08-14T00:00:00,2024,8,2024-10-18T17:30:51.367,,104年1月至115年6月,1,,
4860,桃園市,,2024/08/14,維齊益力膳貓餐罐－雞肉,貓,罐頭,竣百有限公司,泰國,無,無,8,2024-08-14T00:00:00,2024,8,2024-10-18T17:30:51.367,,104年1月至115年6月,1,,
4860,桃園市,,2024/08/14,博士巧思－成犬專用配方,犬,乾糧,福壽實業股份有限公司,臺灣,無,無,8,2024-08-14T00:00:00,2024,8,2024-10-18T17:30:51.367,,104年1月至115年6月,1,,
4860,桃園市,,2024/08/14,博士巧思無穀犬食－鮭魚馬鈴薯,犬,乾糧,福壽實業股份有限公司,臺灣,未完成寵物食品申報,113年8月19日桃動四字第1130006634號函令業者限期改善。,8,2024-08-14T00:00:00,2024,8,2024-10-18T17:30:51.367,,104年1月至115年6月,1,,
4860,桃園市,,2024/08/14,皇家犬泌尿道配方,犬,處方食品,臺灣皇家寵物食品股份有限公司,韓國,無,無,8,2024-08-14T00:00:00,2024,8,2024-10-18T17:30:51.367,,104年1月至115年6月,1,,
4860,桃園市,,2024/08/14,皇家貓泌尿道低卡路里配方,貓,處方食品,臺灣皇家寵物食品股份有限公司,韓國,無,無,8,2024-08-14T00:00:00,2024,8,2024-10-18T17:30:51.367,,104年1月至115年6月,1,,
4860,桃園市,,2024/08/14,寵特寶歐善鋅,犬、貓,補充品,孟唐股份有限公司,臺灣,無,無,8,2024-08-14T00:00:00,2024,8,2024-10-18T17:30:51.367,,104年1月至115年6月,1,,
4860,桃園市,,2024/08/14,晶骨力,犬、貓,補充品,賽恩威特股份有限公司,臺灣,無,無,8,2024-08-14T00:00:00,2024,8,2024-10-18T17:30:51.367,,104年1月至115年6月,1,,
4860,桃園市,,2024/08/15,日式紅豆飯－櫻桃鴨,犬,生鮮、冷凍,寵愛有家股份有限公司,臺灣,無,無,8,2024-08-15T00:00:00,2024,8,2024-10-18T17:30:51.367,,104年1月至115年6月,1,,
4860,桃園市,,2024/08/15,飛毛術雞肉軟骨丸,犬、貓,零食,寵愛有家股份有限公司,臺灣,未完成寵物食品申報,113年8月19日桃動四字第1130006635號函令業者限期改善。,8,2024-08-15T00:00:00,2024,8,2024-10-18T17:30:51.367,,104年1月至115年6月,1,,
4860,桃園市,,2024/08/15,喜樂寵宴－小叼饞御用凍乾小丁－櫻桃鴨,貓,零食,螢火蟲原創有限公司,臺灣,無,無,8,2024-08-15T00:00:00,2024,8,2024-10-18T17:30:51.367,,104年1月至115年6月,1,,
4860,桃園市,,2024/08/15,牛肉丁純肉凍乾,貓,零食,奧也股份有限公司,臺灣,無,無,8,2024-08-15T00:00:00,2024,8,2024-10-18T17:30:51.367,,104年1月至115年6月,1,,
4860,桃園市,,2024/08/15,BRIT咘莉－搖！搖！超級水果脆迪酥零食－黑水虻＋椰子油＋玫瑰果,貓,零食,展飛股份有限公司,捷克,無,無,8,2024-08-15T00:00:00,2024,8,2024-10-18T17:30:51.367,,104年1月至115年6月,1,,
4860,桃園市,,2024/08/15,浦霞無鹽瑤貝貝柱,貓,零食,寵物百事達商行,臺灣,無,無,8,2024-08-15T00:00:00,2024,8,2024-10-18T17:30:51.367,,104年1月至115年6月,1,,
4860,桃園市,,2024/08/15,小玉貓餐包－純鰹魚,貓,零食,四季全球貿易股份有限公司,日本,無,無,8,2024-08-15T00:00:00,2024,8,2024-10-18T17:30:51.367,,104年1月至115年6月,1,,
4860,桃園市,,2024/08/15,KITCAT呼嚕嚕肉泥－雞肉、纖維素（化毛配方）,貓,零食,四季全球貿易股份有限公司,泰國,無,無,8,2024-08-15T00:00:00,2024,8,2024-10-18T17:30:51.367,,104年1月至115年6月,1,,
4860,桃園市,,2024/08/15,星晴湯罐－鮪魚＋鮮蝦,貓,罐頭,台灣美期有限公司,泰國,無,無,8,2024-08-15T00:00:00,2024,8,2024-10-18T17:30:51.367,,104年1月至115年6月,1,,
4860,桃園市,,2024/08/15,BOREAL無穀沃野火雞全犬配方,犬,乾糧,浤全貿易有限公司,加拿大,無,無,8,2024-08-15T00:00:00,2024,8,2024-10-18T17:30:51.367,,104年1月至115年6月,1,,
4860,桃園市,,2024/08/15,柏萊富無穀全齡低敏挑嘴配方（鮭魚＋碗豆）,犬,乾糧,柏希菲克股份有限公司,美國,無,無,8,2024-08-15T00:00:00,2024,8,2024-10-18T17:30:51.367,,104年1月至115年6月,1,,
4860,桃園市,,2024/08/15,烘焙客－成犬草飼羊,犬,乾糧,宜輝企業有限公司,加拿大,無,無,8,2024-08-15T00:00:00,2024,8,2024-10-18T17:30:51.367,,104年1月至115年6月,1,,
4860,宜蘭縣,BP006,2024/08/06,GREENS葛莉思貓食鮪魚嫩雞口味,貓,乾糧,福壽實業股份有限公司,臺灣,查無產品申報紀錄,通知業者限期改善(09/10),9,2024-08-06T00:00:00,2024,8,2024-10-18T17:30:51.367,,104年1月至115年6月,1,,
4860,宜蘭縣,BP007,2024/08/06,倍力斯愛犬狗糧410g羊肉風味,犬,罐頭,昇鼎企業有限公司,臺灣,查無產品申報紀錄,通知業者限期改善(09/10),9,2024-08-06T00:00:00,2024,8,2024-10-18T17:30:51.367,,104年1月至115年6月,1,,
4860,宜蘭縣,BP009,2024/08/08,頂級犬用營養膏,犬,補充品,裕寶國際股份有限公司,美國,無,無,9,2024-08-08T00:00:00,2024,8,2024-10-18T17:30:51.367,,104年1月至115年6月,1,,
4860,宜蘭縣,BP010,2024/08/08,1031 澳洲犬用牛奶 老犬用,犬,補充品,台灣多格漫商貿股份有限公司,澳洲,無,無,9,2024-08-08T00:00:00,2024,8,2024-10-18T17:30:51.367,,104年1月至115年6月,1,,
4860,宜蘭縣,未抽樣,2024/08/09,DANLO(丹露)機能潔牙骨護膚亮毛-S,犬,潔牙骨,豪翼行銷有限公司,臺灣,查無產品申報紀錄,"通知業者限期改善(09/10)
*8/21 複查：已改善完成",9,2024-08-09T00:00:00,2024,8,2024-10-18T17:30:51.367,,104年1月至115年6月,1,,
4860,宜蘭縣,未抽樣,2024/08/09,ZE-AD-0165　ZEAL真致天然風乾零食-紐西蘭鱈魚塊,犬、貓,零食,嵩颺有限公司,紐西蘭,無,無,9,2024-08-09T00:00:00,2024,8,2024-10-18T17:30:51.367,,104年1月至115年6月,1,,
4860,宜蘭縣,未抽樣,2024/08/09,卵護罩 腸道養護 120G,犬、貓,補充品,健聖興業有限公司,臺灣,無,無,9,2024-08-09T00:00:00,2024,8,2024-10-18T17:30:51.367,,104年1月至115年6月,1,,
4860,宜蘭縣,BP011,2024/08/15,爵士貓吧肉泥罐雞肉肉泥*,貓,罐頭,達飛國際有限公司,泰國,無,無,9,2024-08-15T00:00:00,2024,8,2024-10-18T17:30:51.367,,104年1月至115年6月,1,,
4860,宜蘭縣,BP012,2024/08/15,寶多福-健康機能系列 無憂好心情配方(全齡犬),犬,乾糧,統一企業股份有限公司,臺灣,無,無,9,2024-08-15T00:00:00,2024,8,2024-10-18T17:30:51.367,,104年1月至115年6月,1,,
4860,宜蘭縣,未抽樣,2024/08/15,CBP-11雞老大 耐咬雞柳條,犬,處方食品,壹士達寵物有限公司,臺灣,無,無,9,2024-08-15T00:00:00,2024,8,2024-10-18T17:30:51.367,,104年1月至115年6月,1,,
4860,宜蘭縣,BP013,2024/08/21,Salmon Oil-純鮭魚油,犬、貓,補充品,緯豪實業股份有限公司,挪威,查無產品申報紀錄,通知業者限期改善(09/20),9,2024-08-21T00:00:00,2024,8,2024-10-18T17:30:51.367,,104年1月至115年6月,1,,
4860,新竹縣,DP001,2024/08/13,西沙精緻乾糧澳洲牛肉與鮮嫩鮭魚(三文魚)口味,犬,乾糧,台灣瑪氏股份有限公司,澳洲,無,無,10,2024-08-13T00:00:00,2024,8,2024-10-18T17:30:51.367,,104年1月至115年6月,1,,
4860,新竹縣,,2024/08/26,野性魅力模擬犬貓野外多元獵食成貓配方,貓,乾糧,加拿大野性魅力有限公司,加拿大,無,無,10,2024-08-26T00:00:00,2024,8,2024-10-18T17:30:51.367,,104年1月至115年6月,1,,
4860,新竹縣,DP002,2024/08/29,歐力無穀天然寵糧,貓,乾糧,珍荃有限公司,美國,無,無,10,2024-08-29T00:00:00,2024,8,2024-10-18T17:30:51.367,,104年1月至115年6月,1,,
4860,新竹縣,,2024/09/03,博朗氏全齡貓,貓,乾糧,寶榮開發企業股份有限公司,臺灣,無,無,10,2024-09-03T00:00:00,2024,8,2024-10-18T17:30:51.367,,104年1月至115年6月,1,,
4860,新竹縣,,2024/09/03,kitekat貓乾糧鮪魚,貓,乾糧,台灣瑪氏股份有限公司,泰國,無,無,10,2024-09-03T00:00:00,2024,8,2024-10-18T17:30:51.367,,104年1月至115年6月,1,,
4860,新竹縣,,2024/09/03,倍力肌肉燕麥心血管保健低敏配方,犬,乾糧,盈保寵物股份有限公司,臺灣,無,無,10,2024-09-03T00:00:00,2024,8,2024-10-18T17:30:51.367,,104年1月至115年6月,1,,
4860,新竹縣,,2024/09/03,慢烘鮮食蔬肉糧 (犬用)-鮮蔬嫩雞餐,犬,乾糧,自力耕生股份有限公司,臺灣,無,無,10,2024-09-03T00:00:00,2024,8,2024-10-18T17:30:51.367,,104年1月至115年6月,1,,
4860,新竹縣,,2024/09/10,安柏希雅無穀鮮肉成犬糧 -雞肉+鮭魚,犬,乾糧,王品寵物用品有限公司,荷蘭,無,無,10,2024-09-10T00:00:00,2024,8,2024-10-18T17:30:51.367,,104年1月至115年6月,1,,
4860,新竹縣,,2024/09/10,ADD自然癮食 草飼羊　無穀全齡犬,犬,乾糧,聯享寵物貿易有限公司,紐西蘭,無,無,10,2024-09-10T00:00:00,2024,8,2024-10-18T17:30:51.367,,104年1月至115年6月,1,,
4860,新竹縣,,2024/09/10,席瑞思貓食鱈魚干貝風味-,貓,乾糧,福壽實業股份有限公司,臺灣,無,無,10,2024-09-10T00:00:00,2024,8,2024-10-18T17:30:51.367,,104年1月至115年6月,1,,
4860,新竹縣,,2024/09/10,GD-02天然頂級無穀糧-雞肉石榴-小顆粒,犬,乾糧,聯信寵物有限公司,義大利,無,無,10,2024-09-10T00:00:00,2024,8,2024-10-18T17:30:51.367,,104年1月至115年6月,1,,
4860,新竹縣,,2024/09/10,阿提拉無穀全齡犬糧(黑牛+鮭魚+蘋果),犬,乾糧,富崴飼料有限公司,臺灣,無,無,10,2024-09-10T00:00:00,2024,8,2024-10-18T17:30:51.367,,104年1月至115年6月,1,,
4860,苗栗縣,,2024/08/05,1463 LSD22 腸胃道低脂小型犬配方 3.5KG,犬,乾糧(處方飼料),台灣皇家寵物食品有限公司,法國,無,無,11,2024-08-05T00:00:00,2024,8,2024-10-18T17:30:51.367,,104年1月至115年6月,1,,
4860,苗栗縣,,2024/08/05,骨力勁-SILVER ADVANCED(肌力up配方) 30錠,犬、貓,補充品,百世生物科技有限公司,臺灣,無,無,11,2024-08-05T00:00:00,2024,8,2024-10-18T17:30:51.367,,104年1月至115年6月,1,,
4860,苗栗縣,,2024/08/05,寶路牛肉400GX24,犬,罐頭,台灣瑪氏股份有限公司,澳洲,無,無,11,2024-08-05T00:00:00,2024,8,2024-10-18T17:30:51.367,,104年1月至115年6月,1,,
4860,苗栗縣,,2024/08/05,CIAO啾嚕肉泥鰹魚+柴魚片 4SC75,貓,零食,寵兒商貿有限公司,日本,無,無,11,2024-08-05T00:00:00,2024,8,2024-10-18T17:30:51.367,,104年1月至115年6月,1,,
4860,苗栗縣,,2024/08/05,健康紀元寵食 挑嘴貓專用配方-鰹魚口味,貓,乾糧,福壽實業股份有限公司,臺灣,無,無,11,2024-08-05T00:00:00,2024,8,2024-10-18T17:30:51.367,,104年1月至115年6月,1,,
4860,苗栗縣,,2024/08/27,LV藍帶精選‧健康成犬,犬,乾糧,保生實業股份有限公司,臺灣,無,無,11,2024-08-27T00:00:00,2024,8,2024-10-18T17:30:51.367,,104年1月至115年6月,1,,
4860,苗栗縣,,2024/08/27,LOVE無穀犬罐(鮮雞+Q彈鵪鶉蛋),犬,罐頭,豪翼行銷有限公司,泰國,無,無,11,2024-08-27T00:00:00,2024,8,2024-10-18T17:30:51.367,,104年1月至115年6月,1,,
4860,苗栗縣,,2024/08/27,CBS39雞老大軟性羊肉點心棒(羊肉+雞肉),犬,零食,壹士達寵物有限公司,臺灣,無,無,11,2024-08-27T00:00:00,2024,8,2024-10-18T17:30:51.367,,104年1月至115年6月,1,,
4860,彰化縣,GP011,2024/08/02,妙喵濃厚主食軟包1號-鮪魚,貓,罐頭,東盈實業股份有限公司,泰國,無,無,12,2024-08-02T00:00:00,2024,8,2024-10-18T17:30:51.367,,104年1月至115年6月,1,,
4860,彰化縣,GP012,2024/08/02,SHEBA® 鮮饌包™ 鮪魚(吞拿魚)及蟹肉口味,貓,罐頭,台灣瑪氏股份有限公司,泰國,無,無,12,2024-08-02T00:00:00,2024,8,2024-10-18T17:30:51.367,,104年1月至115年6月,1,,
4860,彰化縣,GP013,2024/08/02,希爾思™寵物食品 健康美饌 成貓 香煎鮪魚燴胡蘿蔔(型號00010443),貓,罐頭,台灣希爾思寵物營養品有限公司,美國,無,無,12,2024-08-02T00:00:00,2024,8,2024-10-18T17:30:51.367,,104年1月至115年6月,1,,
4860,彰化縣,GP014,2024/08/02,Health iN機能湯澆汁貓餐罐(白身鮪魚&吻仔魚&澆汁),貓,罐頭,台灣惜時有限公司,泰國,無,無,12,2024-08-02T00:00:00,2024,8,2024-10-18T17:30:51.367,,104年1月至115年6月,1,,
4860,彰化縣,GP015,2024/08/02,Livin Wild野宴放養鴨&草飼鹿,犬,乾糧,悠遊國際實業股份有限公司,紐西蘭,無,無,12,2024-08-02T00:00:00,2024,8,2024-10-18T17:30:51.367,,104年1月至115年6月,1,,
4860,彰化縣,,2024/08/08,CIAO鰹魚燒魚柳條 宗田鰹魚風味 YK-07,貓,零食,寵兒商貿有限公司,日本,無,無,12,2024-08-08T00:00:00,2024,8,2024-10-18T17:30:51.367,,104年1月至115年6月,1,,
4860,彰化縣,,2024/08/08,原町奶酪雞肉潔牙棒,犬,零食,八犬國際行銷有限公司,臺灣,無,無,12,2024-08-08T00:00:00,2024,8,2024-10-18T17:30:51.367,,104年1月至115年6月,1,,
4860,彰化縣,,2024/08/08,博朗氏幼母犬寵物乾糧 牛肉+海魚+蘋果(1.8KG),犬,乾糧,寶榮開發企業股份有限公司,臺灣,無,無,12,2024-08-08T00:00:00,2024,8,2024-10-18T17:30:51.367,,104年1月至115年6月,1,,
4860,彰化縣,,2024/08/08,多納結紮貓貓糧海鮮牛肉口味(9KG),貓,乾糧,寶榮開發企業股份有限公司,臺灣,無,無,12,2024-08-08T00:00:00,2024,8,2024-10-18T17:30:51.367,,104年1月至115年6月,1,,
4860,彰化縣,,2024/08/08,GEITUI雞本饗宴田園雞肉成犬乾糧-3.5KG,犬,乾糧,毛能寵物營養生技股份有限公司,臺灣,無,無,12,2024-08-08T00:00:00,2024,8,2024-10-18T17:30:51.367,,104年1月至115年6月,1,,
4860,彰化縣,,2024/08/21,HYPERR超躍手作起士雞肉條,犬貓,零食,聯合夥伴有限公司,臺灣,無,無,12,2024-08-21T00:00:00,2024,8,2024-10-18T17:30:51.367,,104年1月至115年6月,1,,
4860,彰化縣,,2024/08/21,銀湯匙三星美食喵湯匙肉泥鮪魚雞胸肉兩口味,貓,零食,嬌聯股份有限公司,臺灣,無,無,12,2024-08-21T00:00:00,2024,8,2024-10-18T17:30:51.367,,104年1月至115年6月,1,,
4860,彰化縣,,2024/08/21,嗷嗷待補-回春膠原蛋白,犬,零食,悠遊國際實業股份有限公司,臺灣,無,無,12,2024-08-21T00:00:00,2024,8,2024-10-18T17:30:51.367,,104年1月至115年6月,1,,
4860,彰化縣,,2024/08/21,台灣鵪鶉肉,犬貓,零食,寵鮮灶腳有限公司,臺灣,無,無,12,2024-08-21T00:00:00,2024,8,2024-10-18T17:30:51.367,,104年1月至115年6月,1,,
4860,彰化縣,,2024/08/21,頂級原肉零食 黃金雞筋片,犬,零食,寵愛有家股份有限公司,臺灣,無,無,12,2024-08-21T00:00:00,2024,8,2024-10-18T17:30:51.367,,104年1月至115年6月,1,,
4860,彰化縣,,2024/08/21,Kitcat呼嚕嚕肉泥-關節保健配方(鮪魚),貓,零食,四季全球貿易股份有限公司,臺灣,無,無,12,2024-08-21T00:00:00,2024,8,2024-10-18T17:30:51.367,,104年1月至115年6月,1,,
4860,彰化縣,,2024/08/28,毛能寵物營養生技股份有限公司,貓,零食,毛能寵物營養生技股份有限公司,臺灣,無,無,12,2024-08-28T00:00:00,2024,8,2024-10-18T17:30:51.367,,104年1月至115年6月,1,,
4860,南投縣,HP006,2024/08/08,生活良好犬用雞柳條,犬,零食,台灣生活良好國際股份有限公司,日本,無,無,13,2024-08-08T00:00:00,2024,8,2024-10-18T17:30:51.367,,104年1月至115年6月,1,,
4860,南投縣,,2024/08/08,Cat Mind愛貓餐罐（鮪魚+小魚乾）,貓,罐頭,彼得有限公司,泰國,無,無,13,2024-08-08T00:00:00,2024,8,2024-10-18T17:30:51.367,,104年1月至115年6月,1,,
4860,南投縣,,2024/08/08,樂益活寵物綜合維他命+葡萄糖胺,犬、貓,補充品,英屬維爾京群島商可娜國際有限公司 臺灣分公司,美國,無,無,13,2024-08-08T00:00:00,2024,8,2024-10-18T17:30:51.367,,104年1月至115年6月,1,,
4860,南投縣,,2024/08/08,健康紀元寵食 挑嘴貓專用配方.鮪魚口味,貓,乾糧,福壽實業股份有限公司,臺灣,無,無,13,2024-08-08T00:00:00,2024,8,2024-10-18T17:30:51.367,,104年1月至115年6月,1,,
4860,南投縣,,2024/08/20,博朗氏BALANCE 高齡犬寵物乾糧 雞肉+鱈魚+亞麻籽,犬,乾糧,寶榮開發企業股份有限公司,臺灣,無,無,13,2024-08-20T00:00:00,2024,8,2024-10-18T17:30:51.367,,104年1月至115年6月,1,,
4860,南投縣,,2024/08/20,貓薄荷草,貓,零食,夢工廠寵物有限公司,臺灣,無,無,13,2024-08-20T00:00:00,2024,8,2024-10-18T17:30:51.367,,104年1月至115年6月,1,,
4860,南投縣,,2024/08/20,喵愛陷火烤嫩雞口味,貓,零食,台灣瑪氏股份有限公司,泰國,無,無,13,2024-08-20T00:00:00,2024,8,2024-10-18T17:30:51.367,,104年1月至115年6月,1,,
4860,南投縣,,2024/08/20,肉食無穀罐（雞肉+牛肉+地瓜+維生素B群）,犬,罐頭,莫尼國際貿易有限公司,泰國,無,無,13,2024-08-20T00:00:00,2024,8,2024-10-18T17:30:51.367,,104年1月至115年6月,1,,
4860,南投縣,,2024/08/20,葛莉思犬食 雞肉口味,犬,乾糧,福壽實業股份有限公司,臺灣,無,無,13,2024-08-20T00:00:00,2024,8,2024-10-18T17:30:51.367,,104年1月至115年6月,1,,
4860,南投縣,,2024/08/20,伊必富DPE全犬種珍愛紅牌愛犬食品,犬,乾糧,伊必富實業商行,臺灣,無,無,13,2024-08-20T00:00:00,2024,8,2024-10-18T17:30:51.367,,104年1月至115年6月,1,,
4860,南投縣,,2024/08/20,佳寶PET MQRT全齡犬優質羊肉風味配方,犬,乾糧,全慶寵物用品有限公司,臺灣,無,無,13,2024-08-20T00:00:00,2024,8,2024-10-18T17:30:51.367,,104年1月至115年6月,1,,
4860,雲林縣,,2024/08/07,「丹」愛犬罐頭雞肉口味,犬,罐頭,實榮開發企業股份有限公司,澳洲,無,無,14,2024-08-07T00:00:00,2024,8,2024-10-18T17:30:51.367,,104年1月至115年6月,1,,
4860,雲林縣,,2024/08/07,嚴選GEITUI大雞腿,犬、貓,零食,全能營養技術股份有限公司,臺灣,無,無,14,2024-08-07T00:00:00,2024,8,2024-10-18T17:30:51.367,,104年1月至115年6月,1,,
4860,雲林縣,,2024/08/07,潔牙雞肉捲,犬,零食,聯誠寵有限公司,臺灣,無,無,14,2024-08-07T00:00:00,2024,8,2024-10-18T17:30:51.367,,104年1月至115年6月,1,,
4860,雲林縣,IP010,2024/08/14,嘿囉 小型成犬無穀肌肉配方,犬,乾糧,盛茂寵物股份有限公司,美國,無,無,14,2024-08-14T00:00:00,2024,8,2024-10-18T17:30:51.367,,104年1月至115年6月,1,,
4860,雲林縣,,2024/08/14,怪獸部落OK!葉黃素,犬、貓,補充品,怪獸製造有限公司,臺灣,無,無,14,2024-08-14T00:00:00,2024,8,2024-10-18T17:30:51.367,,104年1月至115年6月,1,,
4860,雲林縣,IP009,2024/08/14,西沙蒸鮮包成犬用低脂雞肉口味,犬,罐頭,台灣瑪氏股份有限公司,泰國,無,無,14,2024-08-14T00:00:00,2024,8,2024-10-18T17:30:51.367,,104年1月至115年6月,1,,
4860,雲林縣,,2024/08/14,生活良好貓用鱈魚蟹肉絲,貓,零食,臺灣生活良好國際股份有限公司,日本,無,無,14,2024-08-14T00:00:00,2024,8,2024-10-18T17:30:51.367,,104年1月至115年6月,1,,
4860,雲林縣,,2024/08/30,MS.PET母乳化寵物奶粉,貓,補充品,王品寵物用品有限公司,臺灣,無,無,14,2024-08-30T00:00:00,2024,8,2024-10-18T17:30:51.367,,104年1月至115年6月,1,,
4860,雲林縣,,2024/08/30,瑪恩吉無榖優戶泌尿道及磷酸胺鎂處方貓糧,貓,處方食品,柏希菲克股份有限公司,義大利,無,無,14,2024-08-30T00:00:00,2024,8,2024-10-18T17:30:51.367,,104年1月至115年6月,1,,
4860,嘉義縣,,2024/08/21,柏妮絲健康膳食犬用雞肉棒棒糖,犬,零食,台灣銓華寵物科技有限公司,臺灣,無,無,15,2024-08-21T00:00:00,2024,8,2024-10-18T17:30:51.367,,104年1月至115年6月,1,,
4860,嘉義縣,JP011,2024/08/21,吶一口貓肉泥-鮪魚+雞肉,貓,零食,豪翼行銷有限公司,泰國,無,無,15,2024-08-21T00:00:00,2024,8,2024-10-18T17:30:51.367,,104年1月至115年6月,1,,
4860,嘉義縣,,2024/08/21,Bone Plus貓專用魚造型薄荷潔牙骨,貓,潔牙骨,台灣愛邦仕實業有限公司,新加坡,無,無,15,2024-08-21T00:00:00,2024,8,2024-10-18T17:30:51.367,,104年1月至115年6月,1,,
4860,嘉義縣,,2024/08/21,偉嘉妙鮮包鮪魚,貓,罐頭,美商瑪氏食品股份有限公司台灣分公司,泰國,無,無,15,2024-08-21T00:00:00,2024,8,2024-10-18T17:30:51.367,,104年1月至115年6月,1,,
4860,嘉義縣,,2024/08/21,席瑞思貓食鮪魚蟹肉風味,貓,乾糧,福壽實業股份有限公司,臺灣,無,無,15,2024-08-21T00:00:00,2024,8,2024-10-18T17:30:51.367,,104年1月至115年6月,1,,
4860,嘉義縣,,2024/08/21,健康紀元頂級純肉犬罐-香嫩雞排+地瓜,犬,罐頭,福壽實業股份有限公司,臺灣,無,無,15,2024-08-21T00:00:00,2024,8,2024-10-18T17:30:51.367,,104年1月至115年6月,1,,
4860,嘉義縣,,2024/08/21,西莎經典嫩烤火雞,犬,罐頭,台灣瑪氏股份有限公司,澳洲,無,無,15,2024-08-21T00:00:00,2024,8,2024-10-18T17:30:51.367,,104年1月至115年6月,1,,
4860,嘉義縣,JP010,2024/08/21,西莎點心主廚嚴選香軟牛肉切塊,犬,零食,台灣瑪氏股份有限公司,日本,無,無,15,2024-08-21T00:00:00,2024,8,2024-10-18T17:30:51.367,,104年1月至115年6月,1,,
4860,嘉義縣,,2024/08/21,樂倍黑酵母挑嘴貓保健糧,貓,處方食品,寶榮開發企業股份有限公司,臺灣,無,無,15,2024-08-21T00:00:00,2024,8,2024-10-18T17:30:51.367,,104年1月至115年6月,1,,
4860,嘉義縣,,2024/08/21,犬腸胃道低脂小型犬配方,犬,處方食品,台灣皇家寵物食品有限公司,法國,無,無,15,2024-08-21T00:00:00,2024,8,2024-10-18T17:30:51.367,,104年1月至115年6月,1,,
4860,嘉義縣,,2024/08/21,毛孩好朋友-關節保健,犬、貓,補充品,摩斯派特有限公司,臺灣,無,無,15,2024-08-21T00:00:00,2024,8,2024-10-18T17:30:51.367,,104年1月至115年6月,1,,
4860,嘉義縣,,2024/08/21,希爾斯處方食品貓用c/d全效,貓,處方食品,台灣希爾斯寵物營養品有限公司,美國,無,無,15,2024-08-21T00:00:00,2024,8,2024-10-18T17:30:51.367,,104年1月至115年6月,1,,
4860,嘉義縣,,2024/08/21,PV羊奶潔牙軟骨結,犬,潔牙骨,琦信企業有限公司,泰國,未申報,限期改善,15,2024-08-21T00:00:00,2024,8,2024-10-18T17:30:51.367,,104年1月至115年6月,1,,
4860,嘉義縣,,2024/08/21,鱈魚嫩雞條,犬、貓,零食,定展有限公司,臺灣,標示不全及未申報,限期改善,15,2024-08-21T00:00:00,2024,8,2024-10-18T17:30:51.367,,104年1月至115年6月,1,,
4860,屏東縣,,2024/08/02,機能雙效麻花捲-葉綠素+葡萄糖胺+益生菌,犬,潔牙骨,壹士達有限公司,臺灣,無,無,16,2024-08-02T00:00:00,2024,8,2024-10-18T17:30:51.367,,104年1月至115年6月,1,,
4860,屏東縣,,2024/08/02,旺得福-原味牛肉(狗罐頭),犬,罐頭,柏揚貿易有限公司,臺灣,無,無,16,2024-08-02T00:00:00,2024,8,2024-10-18T17:30:51.367,,104年1月至115年6月,1,,
4860,屏東縣,,2024/08/02,旺得福-原味雞肉(狗罐頭),犬,罐頭,柏揚貿易有限公司,臺灣,無,無,16,2024-08-02T00:00:00,2024,8,2024-10-18T17:30:51.367,,104年1月至115年6月,1,,
4860,屏東縣,,2024/08/02,蒸鮮之味餐盒-牛肉,犬,罐頭,夢工場寵物有限公司,臺灣,無,無,16,2024-08-02T00:00:00,2024,8,2024-10-18T17:30:51.367,,104年1月至115年6月,1,,
4860,屏東縣,,2024/08/02,蒸鮮之味餐盒-雞肉,犬,罐頭,夢工場寵物有限公司,臺灣,無,無,16,2024-08-02T00:00:00,2024,8,2024-10-18T17:30:51.367,,104年1月至115年6月,1,,
4860,屏東縣,,2024/08/02,博士巧思氣冷雞排犬罐-厚切嫩雞排+板栗南瓜,犬,罐頭,福壽實業股份有限公司,臺灣,無,無,16,2024-08-02T00:00:00,2024,8,2024-10-18T17:30:51.367,,104年1月至115年6月,1,,
4860,屏東縣,,2024/08/02,靖特級貓罐-鮪魚+雞肉+沙丁魚,貓,罐頭,竣百有限公司,泰國,保存期限標示不全,本府已於7月份查獲「竣百有限公司」委製之商品遇有相同問題，並於113年7月11日以屏府農動字第1130059583號函移請新北市政府動物保護防疫處依規定辦理。,16,2024-08-02T00:00:00,2024,8,2024-10-18T17:30:51.367,,104年1月至115年6月,1,,
4860,屏東縣,,2024/08/02,靖特級貓罐-鮪魚+雞肉+蝦子,貓,罐頭,竣百有限公司,泰國,保存期限標示不全,本府已於7月份查獲「竣百有限公司」委製之商品遇有相同問題，並於113年7月11日以屏府農動字第1130059583號函移請新北市政府動物保護防疫處依規定辦理。,16,2024-08-02T00:00:00,2024,8,2024-10-18T17:30:51.367,,104年1月至115年6月,1,,
4860,屏東縣,,2024/08/02,CIAO近海鮪魚罐91號(鰹魚+鮪魚片),貓,罐頭,強普股份有限公司,日本,無,無,16,2024-08-02T00:00:00,2024,8,2024-10-18T17:30:51.367,,104年1月至115年6月,1,,
4860,屏東縣,,2024/08/02,CIAO特齡罐14歲54號(鮪魚+吻仔魚),貓,罐頭,強普股份有限公司,日本,無,無,16,2024-08-02T00:00:00,2024,8,2024-10-18T17:30:51.367,,104年1月至115年6月,1,,
4860,屏東縣,,2024/08/08,維爾滋-天然無穀寵物糧(全齡貓鮭魚食譜),貓,乾糧,韋民企業股份有限公司,韓國,無,無,16,2024-08-08T00:00:00,2024,8,2024-10-18T17:30:51.367,,104年1月至115年6月,1,,
4860,屏東縣,,2024/08/08,維爾滋-天然無穀寵物糧(幼貓食譜),貓,乾糧,韋民企業股份有限公司,韓國,無,無,16,2024-08-08T00:00:00,2024,8,2024-10-18T17:30:51.367,,104年1月至115年6月,1,,
4860,屏東縣,,2024/08/08,森鮮天然無穀物低敏乾糧-全貓配方,貓,乾糧,紐西蘭森鮮有限公司,紐西蘭,未標示製造商地址,經查進口商公司登記地址位於臺南市，本府已於113年9月3日以屏府農動字第1130108311號函移請臺南市動物防疫保護處依規定辦理。,16,2024-08-08T00:00:00,2024,8,2024-10-18T17:30:51.367,,104年1月至115年6月,1,,
4860,屏東縣,,2024/08/08,森鮮天然無穀物低敏乾糧-全貓鴨肉配方,貓,乾糧,紐西蘭森鮮有限公司,紐西蘭,未標示製造商地址,經查進口商公司登記地址位於臺南市，本府已於113年9月3日以屏府農動字第1130108311號函移請臺南市動物防疫保護處依規定辦理。,16,2024-08-08T00:00:00,2024,8,2024-10-18T17:30:51.367,,104年1月至115年6月,1,,
4860,屏東縣,,2024/08/08,野宴-全齡貓野生無穀配方(野生帝王鮭魚),貓,乾糧,悠遊國際實業股份有限公司,紐西蘭,無,無,16,2024-08-08T00:00:00,2024,8,2024-10-18T17:30:51.367,,104年1月至115年6月,1,,
4860,屏東縣,,2024/08/08,野宴-全齡犬放養無穀配方(放養雞&放養火雞),犬,乾糧,悠遊國際實業股份有限公司,紐西蘭,無,無,16,2024-08-08T00:00:00,2024,8,2024-10-18T17:30:51.367,,104年1月至115年6月,1,,
4860,屏東縣,,2024/08/08,野宴-全齡犬草飼無穀配方(放養鴨&草飼鹿),犬,乾糧,悠遊國際實業股份有限公司,紐西蘭,無,無,16,2024-08-08T00:00:00,2024,8,2024-10-18T17:30:51.367,,104年1月至115年6月,1,,
4860,屏東縣,,2024/08/08,德國竣寶-護膚亮毛鮭魚餡餅,貓,零食,八犬國際行銷有限公司,德國,無,無,16,2024-08-08T00:00:00,2024,8,2024-10-18T17:30:51.367,,104年1月至115年6月,1,,
4860,屏東縣,,2024/08/08,德國竣寶-潔牙薄荷維他餡餅,貓,零食,八犬國際行銷有限公司,德國,無,無,16,2024-08-08T00:00:00,2024,8,2024-10-18T17:30:51.367,,104年1月至115年6月,1,,
4860,屏東縣,,2024/08/08,波奇益生元貓肉泥-雞肉起司(維持免疫力),貓,零食,兆宣貿易企業有限公司,德國,無,無,16,2024-08-08T00:00:00,2024,8,2024-10-18T17:30:51.367,,104年1月至115年6月,1,,
4860,屏東縣,,2024/08/08,波奇益生元貓肉泥-鱘龍魚卵甜菜(免疫維護),貓,零食,兆宣貿易企業有限公司,德國,無,無,16,2024-08-08T00:00:00,2024,8,2024-10-18T17:30:51.367,,104年1月至115年6月,1,,
4860,屏東縣,,2024/08/08,"紐頓無穀雞肉和火雞肉全能犬糧 
全齡犬、迷你犬適用",犬,乾糧,展聖寵物用品有限公司,加拿大,無,無,16,2024-08-08T00:00:00,2024,8,2024-10-18T17:30:51.367,,104年1月至115年6月,1,,
4860,屏東縣,,2024/08/08,"紐頓無穀鱒魚和鮭魚全能天然犬糧 
全齡犬、迷你犬適用",犬,乾糧,展聖寵物用品有限公司,加拿大,無,無,16,2024-08-08T00:00:00,2024,8,2024-10-18T17:30:51.367,,104年1月至115年6月,1,,
4860,屏東縣,MP015,2024/08/09,傑羅愛香腸-鮪魚,犬、貓,零食,沃森國際行銷管理顧問有限公司,韓國,製造商未依規定申報,進口商未依規定申報，本府已於113年9月3日以屏府農動字第1130108229號函限期於10月3日前完成申報。,16,2024-08-09T00:00:00,2024,8,2024-10-18T17:30:51.367,,104年1月至115年6月,1,,
4860,臺東縣,,2024/08/13,猋犬用狗罐-牛肉風味(包裝400g),犬,罐頭,雍立貿易股份有限公司,紐西蘭,無,無,17,2024-08-13T00:00:00,2024,8,2024-10-18T17:30:51.367,,104年1月至115年6月,1,,
4860,臺東縣,,2024/08/13,自然物語犬用罐-雞肉風味(包裝80g),犬,罐頭,協鴻有限公司,泰國,無,無,17,2024-08-13T00:00:00,2024,8,2024-10-18T17:30:51.367,,104年1月至115年6月,1,,
4860,臺東縣,,2024/08/13,燒鳥一番-雞腿肉風味潔牙骨(包裝200g),犬,零食,浣慶企業有限公司,臺灣,無,無,17,2024-08-13T00:00:00,2024,8,2024-10-18T17:30:51.367,,104年1月至115年6月,1,,
4860,臺東縣,,2024/08/13,活力零食-火雞風味筋環(包裝200g),犬,零食,珍食堡實業股份有限公司,臺灣,無,無,17,2024-08-13T00:00:00,2024,8,2024-10-18T17:30:51.367,,104年1月至115年6月,1,,
4860,臺東縣,,2024/08/13,森鮮天然無穀貓糧-鴨肉風味(包裝1816g),貓,乾糧,紐西蘭森鮮有限公司,紐西蘭,無,無,17,2024-08-13T00:00:00,2024,8,2024-10-18T17:30:51.367,,104年1月至115年6月,1,,
4860,臺東縣,,2024/08/13,美士貓糧(幼.懷孕)-雞肉風味(包裝1360g),貓,乾糧,柏希菲克股份有限公司,美國,無,無,17,2024-08-13T00:00:00,2024,8,2024-10-18T17:30:51.367,,104年1月至115年6月,1,,
4860,臺東縣,,2024/08/13,歐司特鮮湯杯-鮪魚風味(包裝1360g),貓,罐頭,東森寵物雲股份有限公司,泰國,無,無,17,2024-08-13T00:00:00,2024,8,2024-10-18T17:30:51.367,,104年1月至115年6月,1,,
4860,臺東縣,,2024/08/13,優沛特犬用大罐頭-羊肉風味(包裝400g),犬,罐頭,全慶寵物用品有限公司,臺灣,無,無,17,2024-08-13T00:00:00,2024,8,2024-10-18T17:30:51.367,,104年1月至115年6月,1,,
4860,臺東縣,,2024/08/13,菲凌貓罐頭-鮮魚風味(包裝400g),貓,罐頭,加展事業有限公司,泰國,無,無,17,2024-08-13T00:00:00,2024,8,2024-10-18T17:30:51.367,,104年1月至115年6月,1,,
4860,臺東縣,,2024/08/13,飽得旺犬用狗罐-雞肉風味(包裝400g),犬,罐頭,建立寵物精品有限公司,臺灣,無,無,17,2024-08-13T00:00:00,2024,8,2024-10-18T17:30:51.367,,104年1月至115年6月,1,,
4860,花蓮縣,,2024/08/06,Kit Cat呼嚕嚕肉泥-關節保健配方(雞肉),貓,零食,四季全球貿易股份有限公司,泰國,無,無,18,2024-08-06T00:00:00,2024,8,2024-10-18T17:30:51.367,,104年1月至115年6月,1,,
4860,花蓮縣,,2024/08/06,泥好！南助褐,貓,零食,慶宇生技股份有限公司,臺灣,無,無,18,2024-08-06T00:00:00,2024,8,2024-10-18T17:30:51.367,,104年1月至115年6月,1,,
4860,花蓮縣,,2024/08/06,牠喵的 成齡喵食系列 牧牛燉雞 15g,貓,乾糧,威饌股份有限公司,臺灣,無,無,18,2024-08-06T00:00:00,2024,8,2024-10-18T17:30:51.367,,104年1月至115年6月,1,,
4860,花蓮縣,,2024/08/23,寵愛物語犬飼料-深色犬,犬,乾糧,竣百有限公司,臺灣,無,無,18,2024-08-23T00:00:00,2024,8,2024-10-18T17:30:51.367,,104年1月至115年6月,1,,
4860,花蓮縣,,2024/08/23,新QT 香濃雞肉甜甜圈,犬,零食,豪翼行銷有限公司,臺灣,無,無,18,2024-08-23T00:00:00,2024,8,2024-10-18T17:30:51.367,,104年1月至115年6月,1,,
4860,花蓮縣,,2024/08/27,多納室內犬狗乾糧雞肉鮭魚口味,犬,乾糧,寶榮開發企業股份有限公司,臺灣,無,無,18,2024-08-27T00:00:00,2024,8,2024-10-18T17:30:51.367,,104年1月至115年6月,1,,
4860,花蓮縣,,2024/08/27,博朗氏高齡犬寵物乾糧 雞肉+鱈魚+亞麻籽(1.8KG),犬,乾糧,寶榮開發企業股份有限公司,臺灣,無,無,18,2024-08-27T00:00:00,2024,8,2024-10-18T17:30:51.367,,104年1月至115年6月,1,,
4860,花蓮縣,,2024/08/29,特百滋凍乾佐餐杯犬用 雞肉+草莓+菠菜,犬,零食,艾澌克企業股份有限公司,臺灣,無,無,18,2024-08-29T00:00:00,2024,8,2024-10-18T17:30:51.367,,104年1月至115年6月,1,,
4860,花蓮縣,,2024/08/29,喵樂#5 嫩雞鮪魚燒 80g,貓,罐頭,艾澌克企業股份有限公司,泰國,無,無,18,2024-08-29T00:00:00,2024,8,2024-10-18T17:30:51.367,,104年1月至115年6月,1,,
4860,花蓮縣,,2024/08/29,丹露手作零食-牛肉方舟,犬,零食,瀚翔寵物有限公司,臺灣,無,無,18,2024-08-29T00:00:00,2024,8,2024-10-18T17:30:51.367,,104年1月至115年6月,1,,
4860,澎湖縣,PP002,2024/08/22,貓主子御用鮮湯包-鮮美鰹魚+雞肉,貓,濕糧,螢火蟲原創有限公司,臺灣,無,無,19,2024-08-22T00:00:00,2024,8,2024-10-18T17:30:51.367,,104年1月至115年6月,1,,
4860,澎湖縣,PP001,2024/08/22,C.C.P寵物奶粉隨身包10g,犬、貓,營養補充品,全慶寵物用品有限公司,紐西蘭,無,無,19,2024-08-22T00:00:00,2024,8,2024-10-18T17:30:51.367,,104年1月至115年6月,1,,
4860,澎湖縣,,2024/09/18,CIAO啾嚕肉泥綜合營養食(雞肉),貓,濕糧,稻葉寵物食品股份有限公司,日本,無,無,19,2024-09-18T00:00:00,2024,8,2024-10-18T17:30:51.367,,104年1月至115年6月,1,,
4860,澎湖縣,,2024/09/18,汪喵冷凍乾燥小零嘴-魷魚雞肉鬆,貓,乾糧,八犬國際行銷有限公司,臺灣,無,無,19,2024-09-18T00:00:00,2024,8,2024-10-18T17:30:51.367,,104年1月至115年6月,1,,
4860,澎湖縣,,2024/09/18,Mr.凍乾 貓用天然原肉凍乾-鴨肉,貓,乾糧,自力耕生股份有限公司,臺灣,無,無,19,2024-09-18T00:00:00,2024,8,2024-10-18T17:30:51.367,,104年1月至115年6月,1,,
4860,澎湖縣,,2024/09/19,丹尼爾先為零食系列-里肌薄片(雞胸肉片),犬,零食,長呈實業股份有限公司,日本,無,無,19,2024-09-19T00:00:00,2024,8,2024-10-18T17:30:51.367,,104年1月至115年6月,1,,
4860,澎湖縣,,2024/09/19,PetBest動物造型餅/起司+養樂多,犬,零食,寵物百事達商行,日本,無,無,19,2024-09-19T00:00:00,2024,8,2024-10-18T17:30:51.367,,104年1月至115年6月,1,,
4860,基隆市,,2024/08/13,咪歐啾咪棒-鮭魚口味肉泥15G(4入袋裝),貓,補助食品,好侶股份有限公司,泰國,"1.申報網適用寵物種類標示不全
2.廣告宣稱誇大不實、易生誤解",通知業者限期改善,20,2024-08-13T00:00:00,2024,8,2024-10-18T17:30:51.367,,104年1月至115年6月,1,,
4860,基隆市,,2024/08/13,寵貓專用營養肉泥條(鮪魚),貓,零食,毛能寵物營養生技股份有限公司,臺灣,無,無,20,2024-08-13T00:00:00,2024,8,2024-10-18T17:30:51.367,,104年1月至115年6月,1,,
4860,基隆市,,2024/08/13,香烤頂級柳葉魚,犬、貓,零食,毛毛爸爸寵物食品有限公司,臺灣,包裝水份及灰份與申報網資料不符,通知業者限期改善,20,2024-08-13T00:00:00,2024,8,2024-10-18T17:30:51.367,,104年1月至115年6月,1,,
4860,基隆市,,2024/08/13,貓愛吃貓薄荷(粗葉)30G,貓,零食,達酆國際股份有限公司,臺灣,"1.包裝未標示產品保存方法及條件
2.未申報
3.包裝文宣涉及醫療效能","1.通知業者限期改善
2.函請業者陳述意見",20,2024-08-13T00:00:00,2024,8,2024-10-18T17:30:51.367,,104年1月至115年6月,1,,
4860,基隆市,QP014,2024/08/16,莫比L25羊肉米成犬食譜1.5kg,犬,乾糧,博東客企業有限公司,美國,無,無,20,2024-08-16T00:00:00,2024,8,2024-10-18T17:30:51.367,,104年1月至115年6月,1,,
4860,基隆市,QP013,2024/08/16,2520FHN皇家理想體態成貓F32 2kg,貓,乾糧,台灣皇家寵物食品有限公司,大韓民國,"1.包裝粗灰分與申報網資料不符
2.申報網未標示添加物",通知業者限期改善,20,2024-08-16T00:00:00,2024,8,2024-10-18T17:30:51.367,,104年1月至115年6月,1,,
4860,基隆市,,2024/08/19,健康紀元寵食挑嘴犬專用配方-牛肉口味,犬,乾糧,福壽實業股份有限公司,臺灣,"1.包裝未標示乾燥全蛋
2.申報網未標示葉酸、生物素、菸鹼酸",通知業者限期改善,20,2024-08-19T00:00:00,2024,8,2024-10-18T17:30:51.367,,104年1月至115年6月,1,,
4860,基隆市,,2024/08/19,西莎主廚風味鄉村嫩燒小羊肉6入裝(100g*6),犬,罐頭,台灣瑪氏股份有限公司,澳洲,無,無,20,2024-08-19T00:00:00,2024,8,2024-10-18T17:30:51.367,,104年1月至115年6月,1,,
4860,基隆市,,2024/08/30,慢烘鮮食蔬肉糧 (犬用)-鮮蔬嫩雞餐 0.5lb,犬,乾糧,自力耕生股份有限公司,臺灣,無,無,20,2024-08-30T00:00:00,2024,8,2024-10-18T17:30:51.367,,104年1月至115年6月,1,,
4860,基隆市,,2024/08/30,VCD020每朝活力無穀鮮肉糧-雞肉+鮭魚,犬,乾糧,珍食堡實業股份有限公司,越南,無,無,20,2024-08-30T00:00:00,2024,8,2024-10-18T17:30:51.367,,104年1月至115年6月,1,,
4860,基隆市,,2024/08/30,什錦MIX-雞肉凍乾主食餐,犬,罐頭,福壽實業股份有限公司,臺灣,無,無,20,2024-08-30T00:00:00,2024,8,2024-10-18T17:30:51.367,,104年1月至115年6月,1,,
4860,基隆市,,2024/08/30,肉鮮生貓凍乾主食-鮪魚,貓,乾糧,品果國際行銷有限公司,臺灣,無,無,20,2024-08-30T00:00:00,2024,8,2024-10-18T17:30:51.367,,104年1月至115年6月,1,,
4860,新竹市,,2024/08/20,曙光天然老犬專用餐,犬,乾糧,昱碩國際事業股份有限公司,美國,無,無 ,21,2024-08-20T00:00:00,2024,8,2024-10-18T17:30:51.367,,104年1月至115年6月,1,,
4860,新竹市,,2024/08/20,我愛有機山羊奶-雞胸肉,犬、貓,零食,豐奕達實業有限公司,韓國,無,無 ,21,2024-08-20T00:00:00,2024,8,2024-10-18T17:30:51.367,,104年1月至115年6月,1,,
4860,新竹市,,2024/08/20,關鍵時刻-漢方食補養生主食罐（心血管養護）,貓,罐頭,珍食堡實業股份有限公司,越南,無 ,無 ,21,2024-08-20T00:00:00,2024,8,2024-10-18T17:30:51.367,,104年1月至115年6月,1,,
4860,新竹市,,2024/08/20,野宴-野生帝王鮭魚,貓,乾糧,悠遊國際實業股份有限公司,紐西蘭,所有包裝皆已修改為維持免疫力，唯獨1包(增加免疫力)漏未改到。,店家已先行下架，並通知業者修正。,21,2024-08-20T00:00:00,2024,8,2024-10-18T17:30:51.367,,104年1月至115年6月,1,,
4860,新竹市,,2024/08/20,Propure猋 無穀天然糧 鮭魚口味,貓,乾糧,雍立貿易股份有限公司,加拿大,包裝背面敍述寫到增加自然抵抗力...，廠商表示漏未改到。,店家已先下架，並通知業者修正。,21,2024-08-20T00:00:00,2024,8,2024-10-18T17:30:51.367,,104年1月至115年6月,1,,
4860,新竹市,,2024/08/20,凱特美廚 金雞燻鮭魚90G,貓,罐頭,沛緹雅股份有限公司,泰國,無 ,無 ,21,2024-08-20T00:00:00,2024,8,2024-10-18T17:30:51.367,,104年1月至115年6月,1,,
4860,新竹市,,2024/08/20,超越顛峰鮮食肉片,犬,乾糧,王品寵物用品有限公司,紐西蘭,無 ,無 ,21,2024-08-20T00:00:00,2024,8,2024-10-18T17:30:51.367,,104年1月至115年6月,1,,
4860,新竹市,,2024/08/20,CIAO啾嚕肉泥-鮪魚＆干貝 14G4入,貓,零食,強普股份有限公司,日本,無 ,無 ,21,2024-08-20T00:00:00,2024,8,2024-10-18T17:30:51.367,,104年1月至115年6月,1,,
4860,新竹市,,2024/08/20,藤澤 鰹魚薄片＋沙丁魚,貓,零食,弘友股份有限公司,日本,無 ,無 ,21,2024-08-20T00:00:00,2024,8,2024-10-18T17:30:51.367,,104年1月至115年6月,1,,
4860,新竹市,,2024/08/20,海陸饗宴 -落磯山鹿肉鮭魚配方,貓,乾糧,博東客企業有限公司,美國,無,無,21,2024-08-20T00:00:00,2024,8,2024-10-18T17:30:51.367,,104年1月至115年6月,1,,
4860,嘉義市,,2024/08/02,荒野饗宴犬用雞肉蘋果,犬,乾糧,沛緹雅股份有限公司,澳洲,無,無,22,2024-08-02T00:00:00,2024,8,2024-10-18T17:30:51.367,,104年1月至115年6月,1,,
4860,嘉義市,,2024/08/02,純境-無穀全齡犬糧-澳洲羊肉+凍乾,犬,乾糧,原野國際行銷有限公司,澳洲,無,無,22,2024-08-02T00:00:00,2024,8,2024-10-18T17:30:51.367,,104年1月至115年6月,1,,
4860,嘉義市,,2024/08/02,毛孩站起來-軟罐頭-幼母貓主食包-厚奶鱸魚,貓,罐頭,飛起來行銷股份有限公司,臺灣,無,無,22,2024-08-02T00:00:00,2024,8,2024-10-18T17:30:51.367,,104年1月至115年6月,1,,
4860,嘉義市,,2024/08/02,貓倍麗-香烤鮮鮭特尚品味主食餐包,貓,濕糧,台灣雀巢股份有限公司,泰國,無,無,22,2024-08-02T00:00:00,2024,8,2024-10-18T17:30:51.367,,104年1月至115年6月,1,,
4860,嘉義市,,2024/08/02,唯潔-牙型潔牙骨,犬,潔牙骨,逸寶國際股份有限公司,荷蘭,無,無,22,2024-08-02T00:00:00,2024,8,2024-10-18T17:30:51.367,,104年1月至115年6月,1,,
4860,嘉義市,,2024/08/02,阿姆阿姆-潔牙棒(南非國寶茶),犬,潔牙骨,莫奧數位股份有限公司,臺灣,無,無,22,2024-08-02T00:00:00,2024,8,2024-10-18T17:30:51.367,,104年1月至115年6月,1,,
4860,嘉義市,,2024/08/05,CIAO肉泥夾心餅-鮪魚+螃蟹,貓,零食,強普股份有限公司,日本,無,無,22,2024-08-05T00:00:00,2024,8,2024-10-18T17:30:51.367,,104年1月至115年6月,1,,
4860,嘉義市,,2024/08/21,野宴全齡犬草飼無齡配方,犬,乾糧,悠遊國際實業股份有限公司,紐西蘭,無,無,22,2024-08-21T00:00:00,2024,8,2024-10-18T17:30:51.367,,104年1月至115年6月,1,,
4860,嘉義市,TP002,2024/08/21,卡咪哇(Kaniva)全齡犬-鮭.鮪.米配方,犬,乾糧,東盈實業股份有限公司,泰國,無,無,22,2024-08-21T00:00:00,2024,8,2024-10-18T17:30:51.367,,104年1月至115年6月,1,,
4860,嘉義市,TP003,2024/08/21,野宴3.0全齡犬草飼無穀配方 草飼牛&野牧山羊,犬,乾糧,悠遊國際實業股份有限公司,紐西蘭,無,無,22,2024-08-21T00:00:00,2024,8,2024-10-18T17:30:51.367,,104年1月至115年6月,1,,
4860,嘉義市,TP004,2024/08/21,瑪恩吉(Monge)天然全能室內成貓配方,貓,乾糧,柏希菲克股份有限公司,義大利,無,無,22,2024-08-21T00:00:00,2024,8,2024-10-18T17:30:51.367,,104年1月至115年6月,1,,
4860,嘉義市,,2024/08/30,貓倍麗-鰹魚鮮雞雙拼餐盒,貓,半濕性飼糧,台灣雀巢股份有限公司,泰國,無,無,22,2024-08-30T00:00:00,2024,8,2024-10-18T17:30:51.367,,104年1月至115年6月,1,,
4860,嘉義市,,2024/08/30,咬咬骨-潔牙骨(草本顆粒),犬,潔牙骨,台灣愛邦仕實業有限公司,新加玻,無,無,22,2024-08-30T00:00:00,2024,8,2024-10-18T17:30:51.367,,104年1月至115年6月,1,,
4860,金門縣,,2024/09/25,西莎 犬用-鄉村嫩燒小羊肉 (包裝100g),犬,罐頭,台灣瑪氏股份有限公司,澳洲,無,無,23,2024-09-25T00:00:00,2024,8,2024-10-18T17:30:51.367,,104年1月至115年6月,1,,
4860,金門縣,,2024/09/25,CIAO 啾嚕肉泥,貓,零食,稻葉寵物食品股份有限公司,日本,無,無,23,2024-09-25T00:00:00,2024,8,2024-10-18T17:30:51.367,,104年1月至115年6月,1,,
4860,金門縣,,2024/09/25,寶路 犬用-牛肉及蔬菜口味(包裝4公斤),犬,乾糧,台灣瑪氏股份有限公司,泰國,無,無,23,2024-09-25T00:00:00,2024,8,2024-10-18T17:30:51.367,,104年1月至115年6月,1,,
4860,金門縣,,2024/09/25,家樂福貓乾糧 雞肉海鮮風味(包裝7公斤),貓,乾糧,家福股份有限公司,臺灣,無,無,23,2024-09-25T00:00:00,2024,8,2024-10-18T17:30:51.367,,104年1月至115年6月,1,,
4860,金門縣,,2024/09/25,汪用潔牙骨香蕉口味(包裝100g),犬,潔牙骨,獸寵生物科技股份有限公司,韓國,無,無,23,2024-09-25T00:00:00,2024,8,2024-10-18T17:30:51.367,,104年1月至115年6月,1,,
4860,臺北市,VP009,2024/09/24,汪喵星球-貓用冷凍生食餐櫻桃鴨,貓,生鮮、冷凍,自力耕生股份有限公司,臺灣,無,無,1,2024-09-24T00:00:00,2024,9,2024-10-30T09:52:45.837,,104年1月至115年6月,1,,
4860,臺北市,,2024/09/24,汪喵星球-貓用冷凍生食餐澳洲羊,貓,生鮮、冷凍,自力耕生股份有限公司,臺灣,無,無,1,2024-09-24T00:00:00,2024,9,2024-10-30T09:52:45.837,,104年1月至115年6月,1,,
4860,臺北市,VP010,2024/09/25,melo dog 鮮燉飯(鴨肉),犬,生鮮、冷凍,優異識股份有限公司,臺灣,無,無,1,2024-09-25T00:00:00,2024,9,2024-10-30T09:52:45.837,,104年1月至115年6月,1,,
4860,臺北市,,2024/09/25,無榖餐包-妙鮮鯊,犬,生鮮、冷凍,優異識股份有限公司,臺灣,無,無,1,2024-09-25T00:00:00,2024,9,2024-10-30T09:52:45.837,,104年1月至115年6月,1,,
4860,臺北市,,2024/09/25,無榖餐包-妙鮮鴨,犬,生鮮、冷凍,優異識股份有限公司,臺灣,無,無,1,2024-09-25T00:00:00,2024,9,2024-10-30T09:52:45.837,,104年1月至115年6月,1,,
4860,臺北市,,2024/09/25,無榖餐包-妙鮮鹿,犬,生鮮、冷凍,優異識股份有限公司,臺灣,無,無,1,2024-09-25T00:00:00,2024,9,2024-10-30T09:52:45.837,,104年1月至115年6月,1,,
4860,臺北市,,2024/09/25,無榖餐包-妙鮮羊,犬,生鮮、冷凍,優異識股份有限公司,臺灣,無,無,1,2024-09-25T00:00:00,2024,9,2024-10-30T09:52:45.837,,104年1月至115年6月,1,,
4860,臺北市,,2024/09/25,無榖餐包-妙鮮豚,犬,生鮮、冷凍,優異識股份有限公司,臺灣,無,無,1,2024-09-25T00:00:00,2024,9,2024-10-30T09:52:45.837,,104年1月至115年6月,1,,
4860,臺北市,,2024/09/25,無榖餐包-妙鮮牛,犬,生鮮、冷凍,優異識股份有限公司,臺灣,無,無,1,2024-09-25T00:00:00,2024,9,2024-10-30T09:52:45.837,,104年1月至115年6月,1,,
4860,臺北市,,2024/09/25,無榖餐包-妙鮮雞,犬,生鮮、冷凍,優異識股份有限公司,臺灣,無,無,1,2024-09-25T00:00:00,2024,9,2024-10-30T09:52:45.837,,104年1月至115年6月,1,,
4860,臺中市,,2024/09/10,Schesir幼貓寶寶餐,貓,生鮮、冷凍,兆宣貿易企業有限公司,泰國,未依規申報及標示,9/20函轉台北動保處,2,2024-09-10T00:00:00,2024,9,2024-10-30T09:52:45.837,,104年1月至115年6月,1,,
4860,臺中市,,2024/09/10,SouPURR 喵湯寶貓餐包 高湯鮪魚佐柴魚,貓,生鮮、冷凍,鑫欣豐股份有限公司,泰國,未依規申報,9/19函文業者限期改善,2,2024-09-10T00:00:00,2024,9,2024-10-30T09:52:45.837,,104年1月至115年6月,1,,
4860,臺中市,,2024/09/10,銀湯匙幼貓餐包 鮪魚鰹魚,貓,生鮮、冷凍,嬌聯股份有限公司,泰國,無,無,2,2024-09-10T00:00:00,2024,9,2024-10-30T09:52:45.837,,104年1月至115年6月,1,,
4860,臺中市,,2024/09/10,日本Sunrise NaturaHa 無穀鮪魚主食餐包 喵樂事,貓,生鮮、冷凍,勤翔國際股份有限公司,越南,未依規標示,9/20函轉台北動保處,2,2024-09-10T00:00:00,2024,9,2024-10-30T09:52:45.837,,104年1月至115年6月,1,,
4860,臺中市,,2024/09/10,極鮮餐包-極鮮牛,犬,生鮮、冷凍,伸美科技有限公司,臺灣,無,無,2,2024-09-10T00:00:00,2024,9,2024-10-30T09:52:45.837,,104年1月至115年6月,1,,
4860,臺中市,,2024/09/10,慢燉番茄牛(關節配方),犬,生鮮、冷凍,莫奧數位股份有限公司,臺灣,無,無,2,2024-09-10T00:00:00,2024,9,2024-10-30T09:52:45.837,,104年1月至115年6月,1,,
4860,臺中市,,2024/09/10,好饗盈養生餐包-雞胸肉+蔬果(肉泥),犬、貓,生鮮、冷凍,朝鴻國際有限公司,韓國,未依規標示,2024/9/18函文業者限期改善,2,2024-09-10T00:00:00,2024,9,2024-10-30T09:52:45.837,,104年1月至115年6月,1,,
4860,臺中市,,2024/09/10,奇啃保健雞腿,犬、貓,生鮮、冷凍,勤翔國際股份有限公司,臺灣,未依規標示,2024/9/18函文業者限期改善,2,2024-09-10T00:00:00,2024,9,2024-10-30T09:52:45.837,,104年1月至115年6月,1,,
4860,臺中市,,2024/09/10,雞肉大香腸,犬、貓,生鮮、冷凍,創奕貿易有限公司,臺灣,無,無,2,2024-09-10T00:00:00,2024,9,2024-10-30T09:52:45.837,,104年1月至115年6月,1,,
4860,臺中市,,2024/09/10,綿綿雞腿,犬、貓,生鮮、冷凍,食寵町國際企業有限公司,臺灣,未依規標示,2024/9/18函文業者限期改善,2,2024-09-10T00:00:00,2024,9,2024-10-30T09:52:45.837,,104年1月至115年6月,1,,
4860,高雄市,,2024/09/12,汪喵冷凍乾燥小零嘴 - 頂級骰子牛 17g,犬、貓,零食,自力耕生股份有限公司,臺灣,無,無,6,2024-09-12T00:00:00,2024,9,2024-10-30T09:52:45.837,,104年1月至115年6月,1,,
4860,高雄市,,2024/09/12,汪喵冷凍乾燥小零嘴 - 爆蛋柳葉魚 20g,犬、貓,零食,自力耕生股份有限公司,臺灣,無,無,6,2024-09-12T00:00:00,2024,9,2024-10-30T09:52:45.837,,104年1月至115年6月,1,,
4860,高雄市,,2024/09/12,金嬌貓-綠標,貓,生鮮、冷凍,新武國際有限公司,紐西蘭,無,無,6,2024-09-12T00:00:00,2024,9,2024-10-30T09:52:45.837,,104年1月至115年6月,1,,
4860,高雄市,,2024/09/12,金男孩-紅標,犬,生鮮、冷凍,新武國際有限公司,紐西蘭,無,無,6,2024-09-12T00:00:00,2024,9,2024-10-30T09:52:45.837,,104年1月至115年6月,1,,
4860,高雄市,,2024/09/12,嗜口大餐-黃標,犬、貓,生鮮、冷凍,新武國際有限公司,紐西蘭,無,無,6,2024-09-12T00:00:00,2024,9,2024-10-30T09:52:45.837,,104年1月至115年6月,1,,
4860,高雄市,,2024/09/12,嗜口大餐-黃標,犬、貓,生鮮、冷凍,新武國際有限公司,紐西蘭,無,無,6,2024-09-12T00:00:00,2024,9,2024-10-30T09:52:45.837,,104年1月至115年6月,1,,
4860,高雄市,,2024/09/12,白標,犬,生鮮、冷凍,新武國際有限公司,紐西蘭,無,無,6,2024-09-12T00:00:00,2024,9,2024-10-30T09:52:45.837,,104年1月至115年6月,1,,
4860,高雄市,,2024/09/12,藍標,犬,生鮮、冷凍,新武國際有限公司,紐西蘭,無,無,6,2024-09-12T00:00:00,2024,9,2024-10-30T09:52:45.837,,104年1月至115年6月,1,,
4860,高雄市,,2024/09/12,牛肉極鮮包,犬,半溼性飼糧,悠遊國際實業股份有限公司,臺灣,第22條之5第1項(標示),移請臺北市卓處,6,2024-09-12T00:00:00,2024,9,2024-10-30T09:52:45.837,,104年1月至115年6月,1,,
4860,高雄市,,2024/09/12,雞肉極鮮包,犬,半溼性飼糧,悠遊國際實業股份有限公司,臺灣,第22條之5第1項(標示),移請臺北市卓處,6,2024-09-12T00:00:00,2024,9,2024-10-30T09:52:45.837,,104年1月至115年6月,1,,
4860,高雄市,,2024/09/12,義大利麵迷迭香嫩雞,犬,生鮮、冷凍,寵愛有家股份有限公司,臺灣,第22條之3第2項(申報),限期改正,6,2024-09-12T00:00:00,2024,9,2024-10-30T09:52:45.837,,104年1月至115年6月,1,,
4860,高雄市,,2024/09/12,無穀主餐丼 親子丼,犬,生鮮、冷凍,寵愛有家股份有限公司,臺灣,第22條之3第2項(申報),限期改正,6,2024-09-12T00:00:00,2024,9,2024-10-30T09:52:45.837,,104年1月至115年6月,1,,
4860,高雄市,,2024/09/12,純粹吃肉肉 草飼牛,犬、貓,生鮮、冷凍,寵愛有家股份有限公司,臺灣,第22條之3第2項(申報),限期改正,6,2024-09-12T00:00:00,2024,9,2024-10-30T09:52:45.837,,104年1月至115年6月,1,,
4860,高雄市,,2024/09/12,雞肉捲捲-鮮蔬黃綠紅,犬、貓,生鮮、冷凍,寵愛有家股份有限公司,臺灣,第22條之3第2項(申報),限期改正,6,2024-09-12T00:00:00,2024,9,2024-10-30T09:52:45.837,,104年1月至115年6月,1,,
4860,桃園市,CP024,2024/09/02,BUTCH GINDER TOM FRESH LAMB（金嬌貓－綠標）,貓,生鮮、冷凍,新武國際有限公司,紐西蘭,無,無,8,2024-09-02T00:00:00,2024,9,2024-10-30T09:52:45.837,,104年1月至115年6月,1,,
4860,桃園市,CP023,2024/09/02,純粹吃肉肉－櫻桃鴨,犬、貓,生鮮、冷凍,寵愛有家股份有限公司,臺灣,無,無,8,2024-09-02T00:00:00,2024,9,2024-10-30T09:52:45.837,,104年1月至115年6月,1,,
4860,桃園市,,2024/09/20,BUTCH GOLDEN VITALITY（金男孩－橘標）,犬,生鮮、冷凍,新武國際有限公司,紐西蘭,無,無,8,2024-09-20T00:00:00,2024,9,2024-10-30T09:52:45.837,,104年1月至115年6月,1,,
4860,桃園市,,2024/09/20,BUTCH TASTI DINNER SELECT MEATS（嗜口大餐－藍標）,犬、貓,生鮮、冷凍,新武國際有限公司,紐西蘭,無,無,8,2024-09-20T00:00:00,2024,9,2024-10-30T09:52:45.837,,104年1月至115年6月,1,,
4860,桃園市,,2024/09/20,BUTCH TASTI DINNER ONIGINAL（嗜口大餐－白標）,犬、貓,生鮮、冷凍,新武國際有限公司,紐西蘭,無,無,8,2024-09-20T00:00:00,2024,9,2024-10-30T09:52:45.837,,104年1月至115年6月,1,,
4860,桃園市,,2024/09/20,BUTCH HOUND LOG BBQ（黃標－烤肉口味）,犬、貓,生鮮、冷凍,新武國際有限公司,紐西蘭,無,無,8,2024-09-20T00:00:00,2024,9,2024-10-30T09:52:45.837,,104年1月至115年6月,1,,
4860,桃園市,,2024/09/20,B博士冰鮮生食－羊肉食譜（犬用）,犬,生鮮、冷凍,嵩颺有限公司,澳洲,無,無,8,2024-09-20T00:00:00,2024,9,2024-10-30T09:52:45.837,,104年1月至115年6月,1,,
4860,桃園市,,2024/09/20,B博士冰鮮生食－輕食食譜（犬用）,犬,生鮮、冷凍,嵩颺有限公司,澳洲,無,無,8,2024-09-20T00:00:00,2024,9,2024-10-30T09:52:45.837,,104年1月至115年6月,1,,
4860,桃園市,,2024/09/20,B博士冰鮮生食－雞肉食譜（犬用）,犬,生鮮、冷凍,嵩颺有限公司,澳洲,無,無,8,2024-09-20T00:00:00,2024,9,2024-10-30T09:52:45.837,,104年1月至115年6月,1,,
4860,桃園市,,2024/09/20,B博士冰鮮生食－火雞食譜（貓用）,貓,生鮮、冷凍,嵩颺有限公司,澳洲,無,無,8,2024-09-20T00:00:00,2024,9,2024-10-30T09:52:45.837,,104年1月至115年6月,1,,
4860,宜蘭縣,BP014,2024/09/19,BF-D06_B博士冰鮮生食-輕食食譜(犬用),犬,生鮮、冷凍_濕糧,嵩颺有限公司,澳洲,無,無,9,2024-09-19T00:00:00,2024,9,2024-10-30T09:52:45.837,,104年1月至115年6月,1,,
4860,宜蘭縣,BP015,2024/09/19,翻滾吧！蛋炒飯 補鈣鈣蛋炒飯,犬,生鮮、冷凍,寵愛有家股份有限公司,臺灣,無,無,9,2024-09-19T00:00:00,2024,9,2024-10-30T09:52:45.837,,104年1月至115年6月,1,,
4860,宜蘭縣,BP016,2024/09/19,卡尼生肉餐 鴨肉生肉餐-犬貓生食(小),犬、貓,生鮮、冷凍,圓寵有限公司,臺灣,無,無,9,2024-09-19T00:00:00,2024,9,2024-10-30T09:52:45.837,,104年1月至115年6月,1,,
4860,苗栗縣,,2024/09/10,艾雷亞守護健康處方糧-腎臟‧抗氧化配方-貓用,貓,乾糧(處方飼料),展飛股份有限公司,義大利,無,無,11,2024-09-10T00:00:00,2024,9,2024-10-30T09:52:45.837,,104年1月至115年6月,1,,
4860,苗栗縣,,2024/09/10,毛孩每日健康賞-魚油EPA+DHA機能賞,犬、貓,補充品,莫奧數位股份有限公司,臺灣,無,無,11,2024-09-10T00:00:00,2024,9,2024-10-30T09:52:45.837,,104年1月至115年6月,1,,
4860,彰化縣,GP016,2024/09/03,藍標Butch Blue Label,犬、貓,生鮮、冷凍,新武國際有限公司,紐西蘭,無,無,12,2024-09-03T00:00:00,2024,9,2024-10-30T09:52:45.837,,104年1月至115年6月,1,,
4860,彰化縣,GP017,2024/09/03,"嗜口大餐-白標
白標Tasti Dinner Oniginal",犬、貓,生鮮、冷凍,新武國際有限公司,紐西蘭,無,無,12,2024-09-03T00:00:00,2024,9,2024-10-30T09:52:45.837,,104年1月至115年6月,1,,
4860,彰化縣,GP018,2024/09/03,汪喵星球 - 貓用冷凍生食餐 放牧鹿｜98%專業生食餐｜汪喵沙西米 300g,貓,生鮮、冷凍,自力耕生股份有限公司,臺灣,無,無,12,2024-09-03T00:00:00,2024,9,2024-10-30T09:52:45.837,,104年1月至115年6月,1,,
4860,雲林縣,IP013,2024/09/10,強壯雞腿佐花椰菜小魚,犬,生鮮、冷凍,自力耕生股份有限公司,臺灣,無,無,14,2024-09-10T00:00:00,2024,9,2024-10-30T09:52:45.837,,104年1月至115年6月,1,,
4860,雲林縣,,2024/09/10,南極磷蝦大肉包 草原羊小排,犬,罐頭,金富錸國際寵物有限公司,臺灣,無,無,14,2024-09-10T00:00:00,2024,9,2024-10-30T09:52:45.837,,104年1月至115年6月,1,,
4860,雲林縣,IP011,2024/09/11,嚐口大餐-黃標,犬、貓,生鮮、冷凍,新武國際份有限公司,紐西蘭,無,無,14,2024-09-11T00:00:00,2024,9,2024-10-30T09:52:45.837,,104年1月至115年6月,1,,
4860,雲林縣,IP012,2024/09/12,嚐口大餐-藍標,犬、貓,生鮮、冷凍,新武國際份有限公司,紐西蘭,無,無,14,2024-09-12T00:00:00,2024,9,2024-10-30T09:52:45.837,,104年1月至115年6月,1,,
4860,雲林縣,,2024/09/25,貓皇族 自身鮪魚+鯛魚,貓,罐頭,韋民企業股份有限公司,泰國,無,無,14,2024-09-25T00:00:00,2024,9,2024-10-30T09:52:45.837,,104年1月至115年6月,1,,
4860,雲林縣,,2024/09/25,RT3-洛特夫紐西蘭風乾主食糧-羊肉,犬,乾糧,聯信寵物有限公司,紐西蘭,無,無,14,2024-09-25T00:00:00,2024,9,2024-10-30T09:52:45.837,,104年1月至115年6月,1,,
4860,雲林縣,,2024/09/27,牛肉極鮮包,犬、貓,生鮮、冷凍,悠遊國際實業股份有限公司,臺灣,無,無,14,2024-09-27T00:00:00,2024,9,2024-10-30T09:52:45.837,,104年1月至115年6月,1,,
4860,雲林縣,,2024/09/28,豚肉極鮮包,犬、貓,生鮮、冷凍,悠遊國際實業股份有限公司,臺灣,無,無,14,2024-09-28T00:00:00,2024,9,2024-10-30T09:52:45.837,,104年1月至115年6月,1,,
4860,嘉義縣,JP012,2024/09/18,嗜口大餐-黃標,犬、貓,生鮮、冷凍,新武國際有限公司,紐西蘭,無,無,15,2024-09-18T00:00:00,2024,9,2024-10-30T09:52:45.837,,104年1月至115年6月,1,,
4860,嘉義縣,,2024/09/18,嗜口大餐-黑標,犬,生鮮、冷凍,新武國際有限公司,紐西蘭,無,無,15,2024-09-18T00:00:00,2024,9,2024-10-30T09:52:45.837,,104年1月至115年6月,1,,
4860,嘉義縣,JP013,2024/09/18,嗜口大餐-白標,犬,生鮮、冷凍,新武國際有限公司,紐西蘭,無,無,15,2024-09-18T00:00:00,2024,9,2024-10-30T09:52:45.837,,104年1月至115年6月,1,,
4860,嘉義縣,,2024/09/18,嗜口大餐-藍標,犬、貓,生鮮、冷凍,新武國際有限公司,紐西蘭,無,無,15,2024-09-18T00:00:00,2024,9,2024-10-30T09:52:45.837,,104年1月至115年6月,1,,
4860,嘉義縣,,2024/09/18,嗜口大餐-烤肉口味,犬、貓,生鮮、冷凍,新武國際有限公司,紐西蘭,無,無,15,2024-09-18T00:00:00,2024,9,2024-10-30T09:52:45.837,,104年1月至115年6月,1,,
4860,嘉義縣,JP014,2024/09/18,OKi生鮮食肉骨餅(彩色均衡機能),犬、貓,生鮮、冷凍,法娃國際股份有限公司,臺灣,檢驗結果染有病原微生物,移交製造商所在地動保機關裁處,15,2024-09-18T00:00:00,2024,9,2024-10-30T09:52:45.837,,104年1月至115年6月,1,,
4860,屏東縣,MP016,2024/09/05,飼糧倉-原味雞肉乾,犬、貓,零食,食尚好國際企業有限公司,臺灣,無,無,16,2024-09-05T00:00:00,2024,9,2024-10-30T09:52:45.837,,104年1月至115年6月,1,,
4860,屏東縣,MP017,2024/09/05,飼時候-海陸套餐凍晶寵糧,貓,乾糧,食尚好國際企業有限公司,臺灣,無,無,16,2024-09-05T00:00:00,2024,9,2024-10-30T09:52:45.837,,104年1月至115年6月,1,,
4860,屏東縣,,2024/09/25,咪芙好鮮餐包-鮪魚慕斯佐山羊奶與鮭魚,貓,罐頭,力高企業社,泰國,無,無,16,2024-09-25T00:00:00,2024,9,2024-10-30T09:52:45.837,,104年1月至115年6月,1,,
4860,屏東縣,,2024/09/25,咪芙好鮮餐包-鮪魚魩仔魚濃湯,貓,罐頭,力高企業社,泰國,無,無,16,2024-09-25T00:00:00,2024,9,2024-10-30T09:52:45.837,,104年1月至115年6月,1,,
4860,屏東縣,,2024/09/25,西莎蒸鮮包-14歲以上特細切雞肉與蔬菜口味,犬,罐頭,台灣瑪氏股份有限公司,泰國,無,無,16,2024-09-25T00:00:00,2024,9,2024-10-30T09:52:45.837,,104年1月至115年6月,1,,
4860,屏東縣,,2024/09/25,西莎蒸鮮包-成犬牛肉與蔬菜口味,犬,罐頭,台灣瑪氏股份有限公司,泰國,無,無,16,2024-09-25T00:00:00,2024,9,2024-10-30T09:52:45.837,,104年1月至115年6月,1,,
4860,屏東縣,,2024/09/25,"Boby 特級機能愛犬餐杯
(角切牛肉&鵪鶉蛋&南瓜)",犬,罐頭,台灣惜時有限公司,泰國,無,無,16,2024-09-25T00:00:00,2024,9,2024-10-30T09:52:45.837,,104年1月至115年6月,1,,
4860,花蓮縣,,2024/09/11,博士冰鮮生食-袋鼠食譜(貓用),貓,生鮮、冷凍,嵩颺有限公司,澳洲,無,無,18,2024-09-11T00:00:00,2024,9,2024-10-30T09:52:45.837,,104年1月至115年6月,1,,
4860,花蓮縣,,2024/09/11,博士冰鮮生食-雞肉食譜(犬用),犬,生鮮、冷凍,嵩颺有限公司,澳洲,無,無,18,2024-09-11T00:00:00,2024,9,2024-10-30T09:52:45.837,,104年1月至115年6月,1,,
4860,花蓮縣,,2024/09/23,GOMO PET FOOD鮮食餐包- 根島蝦佐鹿野雞,犬、貓,罐頭,毛能寵物營養生技股份有限公司,臺灣,無,無,18,2024-09-23T00:00:00,2024,9,2024-10-30T09:52:45.837,,104年1月至115年6月,1,,
4860,花蓮縣,,2024/09/23,FOOD CHAIN全方位貓主食餐包 - 鮪魚鴨肉配方,貓,半溼性飼糧,聯合東方國際股份有限公司,泰國,無,無,18,2024-09-23T00:00:00,2024,9,2024-10-30T09:52:45.837,,104年1月至115年6月,1,,
4860,花蓮縣,,2024/09/23,貓腎臟病配方濕糧-魚,貓,罐頭,台灣皇家寵物食品有限公司,奧地利,無,無,18,2024-09-23T00:00:00,2024,9,2024-10-30T09:52:45.837,,104年1月至115年6月,1,,
4860,澎湖縣,,2024/09/18,CIAO啾嚕肉泥綜合營養食(雞肉),貓,零食,強普股份有限公司,日本,無,無,19,2024-09-18T00:00:00,2024,9,2024-10-30T09:52:45.837,,104年1月至115年6月,1,,
4860,澎湖縣,,2024/09/18,汪喵冷凍乾燥小零嘴-魷魚雞肉鬆,貓,零食,自力耕生股份有限公司,臺灣,無,無,19,2024-09-18T00:00:00,2024,9,2024-10-30T09:52:45.837,,104年1月至115年6月,1,,
4860,澎湖縣,,2024/09/18,Mr.凍乾 貓用天然原肉凍乾-鴨肉,貓,零食,八犬國際行銷有限公司,臺灣,無,無,19,2024-09-18T00:00:00,2024,9,2024-10-30T09:52:45.837,,104年1月至115年6月,1,,
4860,澎湖縣,,2024/09/19,丹尼爾零食系列-里肌薄片(雞胸肉片),犬,零食,長呈實業股份有限公司,臺灣,無,無,19,2024-09-19T00:00:00,2024,9,2024-10-30T09:52:45.837,,104年1月至115年6月,1,,
4860,澎湖縣,,2024/09/19,PetBest動物造型餅/起司+養樂多,犬,零食,寵物百事達商行,臺灣,無,無,19,2024-09-19T00:00:00,2024,9,2024-10-30T09:52:45.837,,104年1月至115年6月,1,,
4860,澎湖縣,,2024/09/25,Bernlce柏妮絲-4吋捲棒裏肉,犬,零食,峰揚貿易有限公司,臺灣,無,無,19,2024-09-25T00:00:00,2024,9,2024-10-30T09:52:45.837,,104年1月至115年6月,1,,
4860,澎湖縣,,2024/09/25,Bernlce柏妮絲-豬耳朵切條,犬,零食,峰揚貿易有限公司,臺灣,無,無,19,2024-09-25T00:00:00,2024,9,2024-10-30T09:52:45.837,,104年1月至115年6月,1,,
4860,澎湖縣,,2024/09/25,風味燒-小魚乾,犬、貓,零食,竣百有限公司,臺灣,無,無,19,2024-09-25T00:00:00,2024,9,2024-10-30T09:52:45.837,,104年1月至115年6月,1,,
4860,澎湖縣,,2024/09/25,快吃丼飯 醬燒親子丼,犬,罐頭,艾澌克企業股份有限公司,泰國,無,無,19,2024-09-25T00:00:00,2024,9,2024-10-30T09:52:45.837,,104年1月至115年6月,1,,
4860,澎湖縣,,2024/09/25,Boby特級機能愛犬餐杯-角切牛肉＆鵪鶉蛋＆南瓜,犬,罐頭,台灣惜時有限公司,泰國,無,無,19,2024-09-25T00:00:00,2024,9,2024-10-30T09:52:45.837,,104年1月至115年6月,1,,
4860,澎湖縣,,2024/09/25,PAPMIR帕米爾-軟骨嫩雞腿(全犬貓種用),犬、貓,零食,創奕貿易有限公司,臺灣,無,無,19,2024-09-25T00:00:00,2024,9,2024-10-30T09:52:45.837,,104年1月至115年6月,1,,
4860,基隆市,QP015,2024/09/09,嗜口大餐-白標,犬,生鮮、冷凍,新武國際有限公司,紐西蘭,無,無,20,2024-09-09T00:00:00,2024,9,2024-10-30T09:52:45.837,,104年1月至115年6月,1,,
4860,基隆市,QP016,2024/09/09,嗜口大餐-藍標,犬,生鮮、冷凍,新武國際有限公司,紐西蘭,無,無,20,2024-09-09T00:00:00,2024,9,2024-10-30T09:52:45.837,,104年1月至115年6月,1,,
4860,基隆市,QP017,2024/09/09,嗜口大餐-黃標,犬,生鮮、冷凍,新武國際有限公司,紐西蘭,無,無,20,2024-09-09T00:00:00,2024,9,2024-10-30T09:52:45.837,,104年1月至115年6月,1,,
4860,基隆市,,2024/09/09,凍物鮮友會(大蝦仁哥哥)20g,犬、貓,零食,志飛企業有限公司,臺灣,"1.包裝未標示適用寵物種類
2.主要營養成分及含量標示與申報網不符",通知業者限期改善,20,2024-09-09T00:00:00,2024,9,2024-10-30T09:52:45.837,,104年1月至115年6月,1,,
4860,基隆市,,2024/09/24,燒肉燒-軟香雞肉手擰絲,犬,零食,星岳行銷有限公司,臺灣,無,無,20,2024-09-24T00:00:00,2024,9,2024-10-30T09:52:45.837,,104年1月至115年6月,1,,
4860,基隆市,,2024/09/24,奇啃天然原型凍乾零食-骰子鹿,犬、貓,零食,勤翔國際股份有限公司,臺灣,申報網未標示灰分及碳水化合物,通知業者限期改善,20,2024-09-24T00:00:00,2024,9,2024-10-30T09:52:45.837,,104年1月至115年6月,1,,
4860,基隆市,,2024/09/24,田野雞肉魔方C27,貓,零食,冠閎實業有限公司,臺灣,未申報,函請業者陳述意見並通知限期改善,20,2024-09-24T00:00:00,2024,9,2024-10-30T09:52:45.837,,104年1月至115年6月,1,,
4860,基隆市,,2024/09/24,貓薄荷餅-干貝風味,貓,零食,台灣愛邦仕實業有限公司,新加坡,無,無,20,2024-09-24T00:00:00,2024,9,2024-10-30T09:52:45.837,,104年1月至115年6月,1,,
4860,基隆市,,2024/09/30,偉嘉®貓食濕糧 海洋鮮魚餐 185g,貓,罐頭,台灣瑪氏股份有限公司,泰國,主要營養成分及含量、主要原料及添加物標示與申報網不符,通知業者限期改善,20,2024-09-30T00:00:00,2024,9,2024-10-30T09:52:45.837,,104年1月至115年6月,1,,
4860,基隆市,,2024/09/30,Cat Mind-愛貓餐罐(鮪魚+雞肉),貓,罐頭,彼得有限公司,泰國,無,無,20,2024-09-30T00:00:00,2024,9,2024-10-30T09:52:45.837,,104年1月至115年6月,1,,
4860,基隆市,,2024/09/30,葛莉思CAT CARE貓罐-鮪魚鮭魚,貓,罐頭,福壽實業股份有限公司,泰國,無,無,20,2024-09-30T00:00:00,2024,9,2024-10-30T09:52:45.837,,104年1月至115年6月,1,,
4860,基隆市,,2024/09/30,比活力 低脂β胡蘿蔔牛條,犬,零食,固才有限公司,臺灣,無,無,20,2024-09-30T00:00:00,2024,9,2024-10-30T09:52:45.837,,104年1月至115年6月,1,,
4860,新竹市,,2024/09/24,CIAO燒鰹魚柳條,貓,零食,臺灣生活良好國際股份有限公司,日本,無,無,21,2024-09-24T00:00:00,2024,9,2024-10-30T09:52:45.837,,104年1月至115年6月,1,,
4860,新竹市,,2024/09/24,巴絲特嫩雞腿,犬、貓,零食,峰揚貿易有限公司,臺灣,無,無,21,2024-09-24T00:00:00,2024,9,2024-10-30T09:52:45.837,,104年1月至115年6月,1,,
4860,新竹市,,2024/09/24,蒸鮮棒棒腿,犬、貓,零食,飛輪寵物有限公司,臺灣,無,無,21,2024-09-24T00:00:00,2024,9,2024-10-30T09:52:45.837,,104年1月至115年6月,1,,
4860,新竹市,,2024/09/24,貝蘿塔貓鮮包,貓,罐頭,正暉股份有限公司,泰國,無,無,21,2024-09-24T00:00:00,2024,9,2024-10-30T09:52:45.837,,104年1月至115年6月,1,,
4860,新竹市,,2024/09/24,貓倍麗 珍饌雞里肌肉餐盒,貓,罐頭,台灣雀巢股份有限公司,泰國,無,無,21,2024-09-24T00:00:00,2024,9,2024-10-30T09:52:45.837,,104年1月至115年6月,1,,
4860,連江縣,,2024/08/02,偉嘉whiskas-貓用乾糧-鮪魚(吞拿魚)總匯口味(7kg*1包),貓,乾糧,台灣瑪氏股份有限公司,泰國,無,無,24,2024-08-02T00:00:00,2024,9,2024-10-30T09:52:45.837,,104年1月至115年6月,1,,
4860,連江縣,,2024/08/02,偉嘉whiskas-貓用乾糧-海洋魚類口味(1.2kg*1包),貓,乾糧,台灣瑪氏股份有限公司,泰國,無,無,24,2024-08-02T00:00:00,2024,9,2024-10-30T09:52:45.837,,104年1月至115年6月,1,,
4860,連江縣,,2024/08/02,葛莉思GREENS犬罐-雞肉口味(400g*1罐),犬,罐頭,福壽實業股份有限公司,臺灣,無,無,24,2024-08-02T00:00:00,2024,9,2024-10-30T09:52:45.837,,104年1月至115年6月,1,,
4860,連江縣,,2024/08/02,葛莉思GREENS貓罐-鮪魚+鮭魚口味(170g*1罐),貓,罐頭,福壽實業股份有限公司,臺灣,無,無,24,2024-08-02T00:00:00,2024,9,2024-10-30T09:52:45.837,,104年1月至115年6月,1,,
4860,連江縣,,2024/08/02,葛莉思GREENS貓罐-鮪魚沙丁魚口味(170g*1罐),貓,罐頭,福壽實業股份有限公司,臺灣,無,無,24,2024-08-02T00:00:00,2024,9,2024-10-30T09:52:45.837,,104年1月至115年6月,1,,
4860,連江縣,,2024/08/02,葛莉思GREENS犬食-牛肉口味(8kg*1包),犬,乾糧,福壽實業股份有限公司,臺灣,無,無,24,2024-08-02T00:00:00,2024,9,2024-10-30T09:52:45.837,,104年1月至115年6月,1,,
4860,新北市,,2025/01/03,莫比自然食 雞肉&米 幼貓/懷孕授乳貓配方 (包裝3kg),貓,乾飼糧,鑽石寵物食品/博東客企業有限公司,美國,產品包裝名稱與寵物食品申報網不符,通知業者限期改善,0,2025-01-03T00:00:00,2025,1,2025-02-25T15:56:44.9,,104年1月至115年6月,1,,
4860,新北市,,2025/01/03,自然平衡 NB 低敏無穀地瓜雞肉 小型成犬 (小顆粒) 4.5 磅(狗飼料),犬,乾飼糧,Natural Balance pet foods/ 黃金巴頓寵支貿易有限公司,美國,未申報,通知業者限期改善,0,2025-01-03T00:00:00,2025,1,2025-02-25T15:56:44.9,,104年1月至115年6月,1,,
4860,新北市,,2025/01/03,纖嚼 無穀健齒棒 S號(南瓜+山藥) -150g,犬,潔牙骨,Yappy Pets Pte. Ltd./奧也股份有限公司,新加坡,無,無,0,2025-01-03T00:00:00,2025,1,2025-02-25T15:56:44.9,,104年1月至115年6月,1,,
4860,新北市,,2025/01/03,希爾思寵物食品 小型及迷你成犬 雞肉與糙米特調食譜 (型號 603833),犬,乾飼糧,Hills Pet Nutrition Inc/台灣希爾思寵物營養品有限公司,美國,無,無,0,2025-01-03T00:00:00,2025,1,2025-02-25T15:56:44.9,,104年1月至115年6月,1,,
4860,新北市,,2025/01/03,Kitcat貓罐-雞肉.牛肉,貓,罐頭,Kit Cat International Pte Ltd/四季全球貿易股份有限公司,泰國,未申報,通知業者限期改善,0,2025-01-03T00:00:00,2025,1,2025-02-25T15:56:44.9,,104年1月至115年6月,1,,
4860,新北市,,2025/01/03,Thrive 脆樂芙營養滿分貓罐 鮪魚+蝦+魷魚,貓,罐頭,Petproject Ltd./四季全球貿易股份有限公司,泰國,無,無,0,2025-01-03T00:00:00,2025,1,2025-02-25T15:56:44.9,,104年1月至115年6月,1,,
4860,新北市,,2025/01/03,GOLDEN CAT健康機能特級金貓餐罐  白身鮪魚+蔬菜+蛋黃 (80g),貓,罐頭,i-tail corporation public company limited /台灣惜時有限公,泰國,未申報,通知業者限期改善,0,2025-01-03T00:00:00,2025,1,2025-02-25T15:56:44.9,,104年1月至115年6月,1,,
4860,新北市,,2025/01/03,82363 犬用紗雞肉泥(14gX4)-起司,犬,零食,DoggyMan H.A. Co. Ltd/台灣多格漫商貿股份有限公司,日本,申報網上製造業者名稱有誤,通知業者限期改善,0,2025-01-03T00:00:00,2025,1,2025-02-25T15:56:44.9,,104年1月至115年6月,1,,
4860,新北市,,2025/01/03,Denti健齒 全方位機能潔牙棒(M),犬,潔牙骨,FORCANS INC./四季全球貿易股份有限公司,韓國,無,無,0,2025-01-03T00:00:00,2025,1,2025-02-25T15:56:44.9,,104年1月至115年6月,1,,
4860,新北市,,2025/01/03,克瑞斯天然紐西蘭點心 - 鹿肋排,犬,零食,KENWARD INTERNATIONAL LIMITED/昱碩國際事業股份有限公司,紐西蘭,無,無,0,2025-01-03T00:00:00,2025,1,2025-02-25T15:56:44.9,,104年1月至115年6月,1,,
4860,新北市,,2025/01/03,美國天使牌淚腺通,犬,補充品,MOJIN LLC Sugar Land /盟郡事業股份有限公司,美國,"1.未申報
2.包裝未標示:
(1)製造廠商電話和地址
(2)輸入業者地址
(3)原產地",通知業者限期改善,0,2025-01-03T00:00:00,2025,1,2025-02-25T15:56:44.9,,104年1月至115年6月,1,,
4860,新北市,,2025/01/03,優格零穀全齡犬 羊肉鮭魚配方 5.5lb,犬,乾飼糧,Elmira Pet Products Ltd./艾澌克企業股份有限公司,加拿大,申報重量有誤,通知業者限期改善,0,2025-01-03T00:00:00,2025,1,2025-02-25T15:56:44.9,,104年1月至115年6月,1,,
4860,新北市,,2025/01/03,1305 FHNW 皇家室內熟齡貓專用濕糧IN+7W 85G,貓,半濕性飼糧,Mars Austria OG/台灣皇家寵物食品有限公司,奧地利,產品類別非罐頭,通知業者限期改善,0,2025-01-03T00:00:00,2025,1,2025-02-25T15:56:44.9,,104年1月至115年6月,1,,
4860,新北市,,2025/01/03,喵樂 小小肉泥條 南九州雞 7g x 8入,貓,零食,テイクイ．エビス株式會社/艾澌克企業股份有限公司,日本,無,無,0,2025-01-03T00:00:00,2025,1,2025-02-25T15:56:44.9,,104年1月至115年6月,1,,
4860,新北市,,2025/01/03,貝克進階優護貓用奶粉 Plus 300g,貓,補助食品,PetAg/裕寶國際股份有限公司,美國,無,無,0,2025-01-03T00:00:00,2025,1,2025-02-25T15:56:44.9,,104年1月至115年6月,1,,
4860,臺北市,VP001,2025/01/20,紐西蘭狂饗 海洋多種魚 無穀全齡犬,犬,乾飼糧,嵩颺有限公司,紐西蘭,無,無,1,2025-01-20T00:00:00,2025,1,2025-02-25T15:56:44.9,,104年1月至115年6月,1,,
4860,臺北市,VP002,2025/01/20,Kit Cat主食餐包-經典鮪魚,貓,罐頭(濕糧),四季全球貿易股份有限公司,泰國,無,無,1,2025-01-20T00:00:00,2025,1,2025-02-25T15:56:44.9,,104年1月至115年6月,1,,
4860,臺北市,VP003,2025/01/20,犬用絹紗雞胸肉塊-原味100g,犬,零食,台灣多格漫商貿股份有限公司,日本,無,無,1,2025-01-20T00:00:00,2025,1,2025-02-25T15:56:44.9,,104年1月至115年6月,1,,
4860,臺北市,,2025/01/24,低敏原肉狗凍乾 放養雞,犬,乾飼糧,沛緹雅股份有限公司,澳洲,無,無,1,2025-01-24T00:00:00,2025,1,2025-02-25T15:56:44.9,,104年1月至115年6月,1,,
4860,臺北市,,2025/01/24,燉煮牛舌,犬、貓,零食,乾杯股份有限公司,臺灣,無,無,1,2025-01-24T00:00:00,2025,1,2025-02-25T15:56:44.9,,104年1月至115年6月,1,,
4860,臺北市,,2025/01/24,國產雞-雞肉捲起士條,犬,零食,東翔實業股份有限公司,日本,無,無,1,2025-01-24T00:00:00,2025,1,2025-02-25T15:56:44.9,,104年1月至115年6月,1,,
4860,臺北市,,2025/01/24,LuLu Kitchen爆蛋柳葉魚,犬、貓,零食,愛貓寒舍有限公司,臺灣,無,無,1,2025-01-24T00:00:00,2025,1,2025-02-25T15:56:44.9,,104年1月至115年6月,1,,
4860,臺北市,,2025/01/24,毛孩每日 腎臟好代謝賞,犬、貓,補助食品,莫奧數位股份有限公司,臺灣,無,無,1,2025-01-24T00:00:00,2025,1,2025-02-25T15:56:44.9,,104年1月至115年6月,1,,
4860,臺北市,,2025/01/24,克瑞斯羊肚,犬,零食,昱碩國際事業股份有限公司,紐西蘭,無,無,1,2025-01-24T00:00:00,2025,1,2025-02-25T15:56:44.9,,104年1月至115年6月,1,,
4860,臺北市,,2025/01/24,低敏原肉狗貓凍乾 草飼牛肉,貓,乾飼糧,沛緹雅股份有限公司,澳洲,無,無,1,2025-01-24T00:00:00,2025,1,2025-02-25T15:56:44.9,,104年1月至115年6月,1,,
4860,臺北市,,2025/01/24,RT2-洛特夫紐西蘭風乾主食糧-雞肉,犬,乾飼糧,聯信寵物有限公司,紐西蘭,無,無,1,2025-01-24T00:00:00,2025,1,2025-02-25T15:56:44.9,,104年1月至115年6月,1,,
4860,臺北市,,2025/01/24,新金缶芳醇餐包8號 低納-鮪、柴,貓,罐頭(濕糧),東盈實業股份有限公司,日本,無,無,1,2025-01-24T00:00:00,2025,1,2025-02-25T15:56:44.9,,104年1月至115年6月,1,,
4860,臺北市,,2025/01/24,全方位饗健健康鮮肉餐包 -多汁碎肉 雞肉+火雞肉,貓,罐頭(濕糧),貓職人有限公司,美國,無,無,1,2025-01-24T00:00:00,2025,1,2025-02-25T15:56:44.9,,104年1月至115年6月,1,,
4860,臺北市,,2025/01/24,鮮開凍meow貓咪冷凍乾燥鮮食餐 雞+帝王鮭,貓,乾飼糧,咆陪喵有限公司,紐西蘭,無,無,1,2025-01-24T00:00:00,2025,1,2025-02-25T15:56:44.9,,104年1月至115年6月,1,,
4860,臺北市,,2025/01/24,CIAO全魚宴餐包,貓,零食,強普股份有限公司,泰國,無,無,1,2025-01-24T00:00:00,2025,1,2025-02-25T15:56:44.9,,104年1月至115年6月,1,,
4860,臺中市,SP001,2025/01/08,奇境 澳洲鮭魚+紐西蘭羊肺凍乾 無穀全貓糧,貓,乾飼糧,維逸有限公司(進口),澳洲,無,無,2,2025-01-08T00:00:00,2025,1,2025-02-25T15:56:44.9,,104年1月至115年6月,1,,
4860,臺中市,SP002,2025/01/08,ADD放牧鹿 無穀全齡貓,貓,乾飼糧,聯享寵物貿易有限公司,紐西蘭,無,無,2,2025-01-08T00:00:00,2025,1,2025-02-25T15:56:44.9,,104年1月至115年6月,1,,
4860,臺中市,SP003,2025/01/08,安柏希雅 無穀 鮮肉犬糧全齡犬 火雞肉&鴨肉,犬,乾飼糧,王品寵物用品有限公司,荷蘭,未標示有效日期閱讀方式及未標示使用方法,已依中市動稽字第1140000551號函轉桃園市政府動物保護處,2,2025-01-08T00:00:00,2025,1,2025-02-25T15:56:44.9,,104年1月至115年6月,1,,
4860,臺中市,,2025/01/08,葛林菲 舒壓 樂活 主食貓罐,貓,罐頭,朝鴻國際有限公司,義大利,未完成申報,已依中市動稽字第1140000553號函請業者限期改善,2,2025-01-08T00:00:00,2025,1,2025-02-25T15:56:44.9,,104年1月至115年6月,1,,
4860,臺中市,,2025/01/08,朝貢 鄰居貓全方位營養主食罐 (雞胸肉、鮪魚),貓,罐頭,豐奕達實業有限公司,韓國,無,無,2,2025-01-08T00:00:00,2025,1,2025-02-25T15:56:44.9,,104年1月至115年6月,1,,
4860,臺中市,,2025/01/08,ZiwiPeak巔峰鮮肉雞肉罐頭,貓,罐頭,極寵有限公司,紐西蘭,標示「符合國際標準」應提供相關作證資料,已依中市動稽字第1140000552號函轉新北市政府動物保護防疫處,2,2025-01-08T00:00:00,2025,1,2025-02-25T15:56:44.9,,104年1月至115年6月,1,,
4860,臺中市,,2025/01/08,Nutri Plan 韓國純純肉貓泥14*4入(鮪魚),貓,零食,安布莉有限公司,韓國,未完成申報,已依中市動稽字第1140000554號函請業者限期改善,2,2025-01-08T00:00:00,2025,1,2025-02-25T15:56:44.9,,104年1月至115年6月,1,,
4860,臺中市,,2025/01/08,30DAYS 肉泥-鮭魚,犬、貓,零食,晨飛股份有限公司,未標示,輸入者未以中文標示產地及未完成申報,已依中市動稽字第1140000555號函轉臺北市動物保護處,2,2025-01-08T00:00:00,2025,1,2025-02-25T15:56:44.9,,104年1月至115年6月,1,,
4860,臺中市,,2025/01/08,皇家 犬飽足感體重管理配方SAT30,犬,乾飼糧,台灣皇家寵物食品有限公司,韓國,無,無,2,2025-01-08T00:00:00,2025,1,2025-02-25T15:56:44.9,,104年1月至115年6月,1,,
4860,臺中市,,2025/01/08,ADD蘭鮭魚 無穀幼犬,犬,乾飼糧,聯享寵物貿易有限公司,紐西蘭,無,無,2,2025-01-08T00:00:00,2025,1,2025-02-25T15:56:44.9,,104年1月至115年6月,1,,
4860,臺中市,,2025/01/08,馳走御膳 成犬主食,犬,罐頭(濕糧),東翔實業股份有限公司,日本,無,無,2,2025-01-08T00:00:00,2025,1,2025-02-25T15:56:44.9,,104年1月至115年6月,1,,
4860,臺中市,,2025/01/08,YOYO愛犬機能罐(牛肉醬佐雞肉野菜),犬,罐頭,台灣惜時有限公司,泰國,無,無,2,2025-01-08T00:00:00,2025,1,2025-02-25T15:56:44.9,,104年1月至115年6月,1,,
4860,臺中市,,2025/01/08,US DOG 愛犬主食餐罐(火雞肉&蔬菜風味),犬,罐頭,台灣惜時有限公司,義大利,標示「符合國際標準」應提供相關作證資料,已依中市動稽字第1140000552號函轉新北市政府動物保護防疫處,2,2025-01-08T00:00:00,2025,1,2025-02-25T15:56:44.9,,104年1月至115年6月,1,,
4860,高雄市,WP001,2025/01/06,瑪恩吉 Grill炙燒肉塊 無穀主食犬餐包 成犬(牛肉),犬,罐頭,柏希菲克股份有限公司,義大利,無,無,6,2025-01-06T00:00:00,2025,1,2025-02-25T15:56:44.9,,104年1月至115年6月,1,,
4860,高雄市,WP002,2025/01/06,Brit咘莉/酥脆黑水虻狗餅乾系列/薄荷+鮪魚,犬,零食,展飛股份有限公司,捷克,無,無,6,2025-01-06T00:00:00,2025,1,2025-02-25T15:56:44.9,,104年1月至115年6月,1,,
4860,高雄市,WP003,2025/01/06,A star 多效雙頭潔牙骨大包-SS,犬,潔牙骨,台灣愛邦仕實業股份有限公司,新加坡,產品無申報,通知業者限期改善,6,2025-01-06T00:00:00,2025,1,2025-02-25T15:56:44.9,,104年1月至115年6月,1,,
4860,高雄市,WP004,2025/01/06,貓專用深海鮮魚棒,貓,零食,台灣愛邦仕實業股份有限公司,泰國,產品無申報,通知業者限期改善,6,2025-01-06T00:00:00,2025,1,2025-02-25T15:56:44.9,,104年1月至115年6月,1,,
4860,高雄市,,2025/01/06,無IN-雞肉塊,犬,零食,八犬國際行銷有限公司,韓國,無,無,6,2025-01-06T00:00:00,2025,1,2025-02-25T15:56:44.9,,104年1月至115年6月,1,,
4860,高雄市,,2025/01/06,Catit嘿卡堤 海鑽貓餐包-鮪魚佐雞肉,貓,罐頭,竣百有限公司,泰國,無,無,6,2025-01-06T00:00:00,2025,1,2025-02-25T15:56:44.9,,104年1月至115年6月,1,,
4860,高雄市,,2025/01/06,Catit嘿卡堤 海鑽貓餐包-鮪魚佐鮭魚,貓,罐頭,竣百有限公司,泰國,無,無,6,2025-01-06T00:00:00,2025,1,2025-02-25T15:56:44.9,,104年1月至115年6月,1,,
4860,高雄市,,2025/01/06,皇貓經典鮪魚&雞肉&鮮蝦,貓,罐頭,茂捷有限公司,泰國,申報內容與標示不一,移請新北市卓處,6,2025-01-06T00:00:00,2025,1,2025-02-25T15:56:44.9,,104年1月至115年6月,1,,
4860,高雄市,,2025/01/06,CIAO 全魚宴餐包 (鮪魚+鰹魚+吻仔魚) 60g*3入,貓,零食,強普股份有限公司,泰國,無,無,6,2025-01-06T00:00:00,2025,1,2025-02-25T15:56:44.9,,104年1月至115年6月,1,,
4860,高雄市,,2025/01/06,哇酷洋芋片起司雞肉洋芋片,犬,零食,艾澌克企業股份有限公司,泰國,無,無,6,2025-01-06T00:00:00,2025,1,2025-02-25T15:56:44.9,,104年1月至115年6月,1,,
4860,桃園市,CP001,2025/01/19,海洋盛宴貓 無穀配方 多種魚＋玫瑰果,貓,乾飼糧,豪翼行銷有限公司,加拿大,無,無,8,2025-01-19T00:00:00,2025,1,2025-02-25T15:56:44.9,,104年1月至115年6月,1,,
4860,桃園市,CP002,2025/01/19,鮮雞愛貓 無穀配方,貓,乾飼糧,豪翼行銷有限公司,加拿大,無,無,8,2025-01-19T00:00:00,2025,1,2025-02-25T15:56:44.9,,104年1月至115年6月,1,,
4860,桃園市,CP003,2025/01/19,維爾滋 天然無榖寵物糧 化毛貓食譜,貓,乾飼糧,韋民企業股份有限公司,韓國,無,無,8,2025-01-19T00:00:00,2025,1,2025-02-25T15:56:44.9,,104年1月至115年6月,1,,
4860,桃園市,,2025/01/19,紐頓無穀雞肉和火雞肉全能天然貓糧,貓,乾飼糧,展聖寵物用品有限公司,加拿大,無,無,8,2025-01-19T00:00:00,2025,1,2025-02-25T15:56:44.9,,104年1月至115年6月,1,,
4860,桃園市,,2025/01/19,海人直達 五種野生鮮魚食譜 全齡貓糧,貓,乾飼糧,展聖寵物用品有限公司,美國,無,無,8,2025-01-19T00:00:00,2025,1,2025-02-25T15:56:44.9,,104年1月至115年6月,1,,
4860,桃園市,,2025/01/19,紐頓均衡健康營養高齡犬糧,犬,乾飼糧,展聖寵物用品有限公司,加拿大,無,無,8,2025-01-19T00:00:00,2025,1,2025-02-25T15:56:44.9,,104年1月至115年6月,1,,
4860,桃園市,,2025/01/19,澳克騎士 羊肉＆袋鼠肉 無榖成犬糧,犬,乾飼糧,維逸有限公司,澳洲,無,無,8,2025-01-19T00:00:00,2025,1,2025-02-25T15:56:44.9,,104年1月至115年6月,1,,
4860,桃園市,,2025/01/19,超級8 嚴選80％火雞肉無榖全齡犬糧（免疫力食譜）,犬,乾飼糧,聯享寵物貿易有限公司,西班牙,無,無,8,2025-01-19T00:00:00,2025,1,2025-02-25T15:56:44.9,,104年1月至115年6月,1,,
4860,桃園市,,2025/01/19,令鱻 野生精選海鮮 全齡犬糧,犬,乾飼糧,展聖寵物用品有限公司,美國,無,無,8,2025-01-19T00:00:00,2025,1,2025-02-25T15:56:44.9,,104年1月至115年6月,1,,
4860,桃園市,,2025/01/19,自然平衡 低敏無榖馬鈴薯鴨肉成犬配方,犬,乾飼糧,黃金巴頓寵支貿易有限公司,美國,無,無,8,2025-01-19T00:00:00,2025,1,2025-02-25T15:56:44.9,,104年1月至115年6月,1,,
4860,宜蘭縣,BP001,2025/01/14,Hyperr超躍主食 低敏無穀田園雞肉貓糧,貓,乾飼糧,聯合夥伴有限公司,加拿大,無,無,9,2025-01-14T00:00:00,2025,1,2025-02-25T15:56:44.9,,104年1月至115年6月,1,,
4860,宜蘭縣,BP002,2025/01/14,沛滋露 貓用魚肉亭(鮪魚+鰹魚) 30顆,貓,零食,宸瑋興業有限公司,日本,無,無,9,2025-01-14T00:00:00,2025,1,2025-02-25T15:56:44.9,,104年1月至115年6月,1,,
4860,宜蘭縣,,2025/01/14,"O,Bli! 噢，比利！軟式潔牙骨 - 可口蜂蜜+香甜香蕉(犬用)",犬,零食,原野國際行銷有限公司,韓國,無,無,9,2025-01-14T00:00:00,2025,1,2025-02-25T15:56:44.9,,104年1月至115年6月,1,,
4860,宜蘭縣,,2025/01/14,喜躍 Party Mix香酥餅海洋風味,貓,零食,台灣雀巢股份有限公司,泰國,無,無,9,2025-01-14T00:00:00,2025,1,2025-02-25T15:56:44.9,,104年1月至115年6月,1,,
4860,宜蘭縣,,2025/01/14,Astar貓薄荷鮪魚鮭魚夾心餡餅,貓,零食,台灣愛邦仕實業股份有限公司,新加坡,無,無,9,2025-01-14T00:00:00,2025,1,2025-02-25T15:56:44.9,,104年1月至115年6月,1,,
4860,新竹縣,,2025/02/10,偉嘉 乾糧 化毛配方 鮪魚(吞拿魚)及雞肉口味,貓,乾飼糧,台灣瑪氏股份有限公司,泰國,無,無,10,2025-02-10T00:00:00,2025,1,2025-02-25T15:56:44.9,,104年1月至115年6月,1,,
4860,新竹縣,,2025/02/10,iq+ 貓咪樂泥棒 - 雞肉口味 ,貓,補助食品,好侶股份有限公司,泰國,無,無,10,2025-02-10T00:00:00,2025,1,2025-02-25T15:56:44.9,,104年1月至115年6月,1,,
4860,新竹縣,,2025/02/10,IAMS 愛慕思 健康優活 小型成犬配方 雞肉口味,犬,乾飼糧,台灣瑪氏股份有限公司,泰國,無,無,10,2025-02-10T00:00:00,2025,1,2025-02-25T15:56:44.9,,104年1月至115年6月,1,,
4860,新竹縣,,2025/02/10,Cat Mind-愛貓餐罐(鮪魚+雞肉),貓,罐頭,彼得有限公司,泰國,無,無,10,2025-02-10T00:00:00,2025,1,2025-02-25T15:56:44.9,,104年1月至115年6月,1,,
4860,新竹縣,,2025/02/10,生活良好犬用綜合口味雞丁,犬,零食,臺灣生活良好國際股份有限公司,日本,無,無,10,2025-02-10T00:00:00,2025,1,2025-02-25T15:56:44.9,,104年1月至115年6月,1,,
4860,苗栗縣,,2025/01/06,自然本色 小型成犬亮白無榖白魚+磷蝦配方,犬,乾飼糧,三奇國際生物科技有限公司,立陶宛,無,無,11,2025-01-06T00:00:00,2025,1,2025-02-25T15:56:44.9,,104年1月至115年6月,1,,
4860,苗栗縣, EP001,2025/01/06,瑪恩吉 倍愛滿滿 鱈魚主食犬餐盒,犬,罐頭(濕糧),柏希菲克股份有限公司,義大利,無,無,11,2025-01-06T00:00:00,2025,1,2025-02-25T15:56:44.9,,104年1月至115年6月,1,,
4860,苗栗縣,,2025/01/06,CIAO啾嚕管狀肉泥-化毛配方(鮪魚) 80g,貓,零食,臺灣生活良好國際股份有限公司,日本,申報資訊有誤,函轉新北市動保處辦理,11,2025-01-06T00:00:00,2025,1,2025-02-25T15:56:44.9,,104年1月至115年6月,1,,
4860,苗栗縣, EP002,2025/01/06,Kittles-貓愛呷 鮪魚+蔓越莓,貓,乾飼糧,逸寶國際股份有限公司,美國,無,無,11,2025-01-06T00:00:00,2025,1,2025-02-25T15:56:44.9,,104年1月至115年6月,1,,
4860,苗栗縣, EP003,2025/01/06,美味小牛肉,犬,罐頭(濕糧),沛特國際股份有限公司,義大利,申報資訊有誤,函轉新北市動保處辦理,11,2025-01-06T00:00:00,2025,1,2025-02-25T15:56:44.9,,104年1月至115年6月,1,,
4860,彰化縣,,2025/01/07,"O,Bli! 噢,比利！水果潔牙好棒棒 皮膚保健 ( 藍莓口味)",犬,零食,原野國際行銷有限公司,韓國,無,無,12,2025-01-07T00:00:00,2025,1,2025-02-25T15:56:44.9,,104年1月至115年6月,1,,
4860,彰化縣,,2025/01/07,"O,Bli! 噢,比利！水果潔牙好棒棒 消化功能維護(鳳梨口味)",犬,零食,原野國際行銷有限公司,韓國,無,無,12,2025-01-07T00:00:00,2025,1,2025-02-25T15:56:44.9,,104年1月至115年6月,1,,
4860,彰化縣,,2025/01/07,LOLO烘焙點心-綜合口味(S),犬,零食,八犬國際,波蘭,無,無,12,2025-01-07T00:00:00,2025,1,2025-02-25T15:56:44.9,,104年1月至115年6月,1,,
4860,彰化縣,,2025/01/07,"O,Bli! 噢,比利！水果潔牙好棒棒 消化功能維護(鳳梨口味)",犬,零食,原野國際行銷有限公司,韓國,無,無,12,2025-01-07T00:00:00,2025,1,2025-02-25T15:56:44.9,,104年1月至115年6月,1,,
4860,彰化縣,,2025/01/08,1051 紗餐盒 日本博多放牧雞 六種穀物雞胸肉成分,犬,半溼性飼糧,台灣多格漫商貿股份有限公司,日本,無,無,12,2025-01-08T00:00:00,2025,1,2025-02-25T15:56:44.9,,104年1月至115年6月,1,,
4860,彰化縣,,2025/01/08,Catit嘿卡堤 鮮溜肉泥-雞肉佐柴魚片,貓,零食,竣百有限公司,泰國,無,無,12,2025-01-08T00:00:00,2025,1,2025-02-25T15:56:44.9,,104年1月至115年6月,1,,
4860,彰化縣,,2025/01/08,Catit嘿卡堤 鮮溜肉泥-鮭魚鮪魚佐螃蟹,貓,零食,竣百有限公司,泰國,無,無,12,2025-01-08T00:00:00,2025,1,2025-02-25T15:56:44.9,,104年1月至115年6月,1,,
4860,彰化縣,,2025/01/10,本牧 犬用凍乾生食餐 紐西蘭 雞+鹿 100g,犬,零食,奧也股份有限公司,紐西蘭,無,無,12,2025-01-10T00:00:00,2025,1,2025-02-25T15:56:44.9,,104年1月至115年6月,1,,
4860,彰化縣,,2025/01/10,本牧 犬用凍乾生食餐 紐西蘭 牛+鱈魚 100g,犬,零食,奧也股份有限公司,紐西蘭,無,無,12,2025-01-10T00:00:00,2025,1,2025-02-25T15:56:44.9,,104年1月至115年6月,1,,
4860,彰化縣,,2025/01/10,LE-CO01-250【LOVE&#39 EM】關節保養牛肝餅-犬用,犬,零食,聯享寵物貿易有限公司,澳洲,無,無,12,2025-01-10T00:00:00,2025,1,2025-02-25T15:56:44.9,,104年1月至115年6月,1,,
4860,彰化縣,,2025/01/10,4.5吋 牛奶打結骨2入,犬,零食,沛貝兒有限公司,泰國,無,無,12,2025-01-10T00:00:00,2025,1,2025-02-25T15:56:44.9,,104年1月至115年6月,1,,
4860,彰化縣,,2025/01/13,燒肉工房#1 蜜汁香醇雞腿片,犬,零食,艾澌克企業股份有限公司,泰國,無,無,12,2025-01-13T00:00:00,2025,1,2025-02-25T15:56:44.9,,104年1月至115年6月,1,,
4860,彰化縣,,2025/01/16,經典維齊 (雞肉+鮭魚),犬,罐頭,竣百有限公司,泰國,無,無,12,2025-01-16T00:00:00,2025,1,2025-02-25T15:56:44.9,,104年1月至115年6月,1,,
4860,彰化縣,,2025/01/16,經典維齊 (雞肉絲),犬,罐頭,竣百有限公司,泰國,無,無,12,2025-01-16T00:00:00,2025,1,2025-02-25T15:56:44.9,,104年1月至115年6月,1,,
4860,彰化縣,,2025/01/16,BOWWOW 愛貓四合一起司捲45g,貓,零食,王品寵物用品有限公司,韓國,違反動物保護法第22條之3第1項規定,彰動防字第1140000367號發文給業者限期改善,12,2025-01-16T00:00:00,2025,1,2025-02-25T15:56:44.9,,104年1月至115年6月,1,,
4860,彰化縣,,2025/01/16,BOWWOW 愛貓雞肉點心棒,貓,零食,王品寵物用品有限公司,韓國,無,無,12,2025-01-16T00:00:00,2025,1,2025-02-25T15:56:44.9,,104年1月至115年6月,1,,
4860,彰化縣,,2025/01/16,Cat one日式化毛護眼配方-鮭魚+鰹魚+雞肉,犬,乾飼糧,富崴飼料有限公司,臺灣,無,無,12,2025-01-16T00:00:00,2025,1,2025-02-25T15:56:44.9,,104年1月至115年6月,1,,
4860,彰化縣,,2025/01/16,莫莫塔香酥雞2吋紅蘿蔔骨H45-208,犬,零食,莫莫塔企業社,臺灣,違反動物保護法第22條之3第1項規定,彰動防字第1140000369號發文給業者限期改善,12,2025-01-16T00:00:00,2025,1,2025-02-25T15:56:44.9,,104年1月至115年6月,1,,
4860,南投縣,HP001,2025/01/14,藍摯原野精靈鮭魚無穀配方,貓,乾飼糧,盛貿寵物股份有限公司,美國,無,無,13,2025-01-14T00:00:00,2025,1,2025-02-25T15:56:44.9,,104年1月至115年6月,1,,
4860,南投縣,HP002,2025/01/14,CIAO啾嚕肉泥（奢華鮪魚）,貓,零食,強普股份有限公司,日本,無,無,13,2025-01-14T00:00:00,2025,1,2025-02-25T15:56:44.9,,104年1月至115年6月,1,,
4860,南投縣,,2025/01/14,雙刷高齡犬用潔牙骨大包,犬,潔牙骨,台灣愛邦仕實業有限公司,新加坡,無,無,13,2025-01-14T00:00:00,2025,1,2025-02-25T15:56:44.9,,104年1月至115年6月,1,,
4860,南投縣,,2025/01/14,THE DOG新鮮蒸蛋-紅蘿蔔,犬,零食,瀚翔寵物有限公司,韓國,無,無,13,2025-01-14T00:00:00,2025,1,2025-02-25T15:56:44.9,,104年1月至115年6月,1,,
4860,南投縣,,2025/01/14,快吃丼飯  月見牛丼,犬,罐頭(濕糧),艾澌克企業股份有限公司,泰國,無,無,13,2025-01-14T00:00:00,2025,1,2025-02-25T15:56:44.9,,104年1月至115年6月,1,,
4860,雲林縣,,2025/01/08,iki Kiti紐西蘭天然風乾貓用主食肉乾（羊肉+鱸魚）,貓,乾飼糧,四季全球貿易股份有限公司,紐西蘭,動保法第22條之5第1項第6款，包裝標示有效日期逾其保存期限一日。,移送責任廠商所在地管轄機關進行查處。,14,2025-01-08T00:00:00,2025,1,2025-02-25T15:56:44.9,,104年1月至115年6月,1,,
4860,雲林縣,,2025/01/08,曙光冷凍乾燥生食貓用點心-米諾魚,貓,零食,昱碩國際有限公司,美國,無,無,14,2025-01-08T00:00:00,2025,1,2025-02-25T15:56:44.9,,104年1月至115年6月,1,,
4860,雲林縣,,2025/01/08,自然牧場單支系列-牛腿骨,犬,零食,澳新美有限公司,紐西蘭,動保法第22條之5第1項第2款，包裝未標示淨重。,移送責任廠商所在地管轄機關進行查處。,14,2025-01-08T00:00:00,2025,1,2025-02-25T15:56:44.9,,104年1月至115年6月,1,,
4860,雲林縣,,2025/01/10,德國竣寶潔牙薄維他餡餅,貓,零食,八犬國際行銷有限公司,德國,無,無,14,2025-01-10T00:00:00,2025,1,2025-02-25T15:56:44.9,,104年1月至115年6月,1,,
4860,雲林縣,,2025/01/10,元氣犬（雞肉+起司）,犬,罐頭(濕糧),茂捷有限公司,泰國,動保法第22條之5第1項第6款，包裝標示有效日期逾其保存期限一日。,移送責任廠商所在地管轄機關進行查處。,14,2025-01-10T00:00:00,2025,1,2025-02-25T15:56:44.9,,104年1月至115年6月,1,,
4860,嘉義縣,,2025/01/14,慧心犬糧口味全系列(雞肉+雞蛋口味),犬,乾糧,好侶股份有限公司,泰國,無,無,15,2025-01-14T00:00:00,2025,1,2025-02-25T15:56:44.9,,104年1月至115年6月,1,,
4860,嘉義縣,,2025/01/14,自然牧場紐西蘭訓練軟零食-綠唇貝牛,犬,零食,澳新美有限公司,紐西蘭,無,無,15,2025-01-14T00:00:00,2025,1,2025-02-25T15:56:44.9,,104年1月至115年6月,1,,
4860,嘉義縣,,2025/01/14,貓倍麗(鰹魚鮮雞雙拼餐盒),貓,罐頭(濕糧),台灣雀巢股份有限公司,泰國,無,無,15,2025-01-14T00:00:00,2025,1,2025-02-25T15:56:44.9,,104年1月至115年6月,1,,
4860,嘉義縣,,2025/01/14,西莎鄉村嫩燒小羊肉口味,犬,罐頭(濕糧),美商瑪氏食品股份有限公司台灣分公司,澳洲,無,無,15,2025-01-14T00:00:00,2025,1,2025-02-25T15:56:44.9,,104年1月至115年6月,1,,
4860,嘉義縣,,2025/01/14,AB饗食無穀低敏罐(雞肉+銀魚),犬、貓,罐頭(濕糧),台灣美期有限公司,新加坡,無,無,15,2025-01-14T00:00:00,2025,1,2025-02-25T15:56:44.9,,104年1月至115年6月,1,,
4860,嘉義縣,,2025/01/14,Mr.Bone潔牙骨(蘋果+蜂蜜),犬,零食,品果國際行銷有限公司,新加坡,無,無,15,2025-01-14T00:00:00,2025,1,2025-02-25T15:56:44.9,,104年1月至115年6月,1,,
4860,屏東縣,,2025/01/07,貓倍麗上等鮮嫩鮪魚餐盒,貓,半濕性飼糧,進口商-台灣雀巢股份有限公司,泰國,無,無,16,2025-01-07T00:00:00,2025,1,2025-02-25T15:56:44.9,,104年1月至115年6月,1,,
4860,屏東縣,,2025/01/07,貓倍麗極上餐包-鮮鮪比目魚,貓,半濕性飼糧,進口商-台灣雀巢股份有限公司,泰國,無,無,16,2025-01-07T00:00:00,2025,1,2025-02-25T15:56:44.9,,104年1月至115年6月,1,,
4860,屏東縣,,2025/01/07,極饌介護期愛貓鮪魚主食包30g,貓,濕糧,進口商-韋民企業股份有限公司,日本,未依規定申報,業於114年1月17日以屏府農動字第1140013453號函限期於114年1月24日前完成改善(1月23日複查，已完成申報)。,16,2025-01-07T00:00:00,2025,1,2025-02-25T15:56:44.9,,104年1月至115年6月,1,,
4860,屏東縣,,2025/01/07,極饌幼齡愛貓鮪魚主食包30g,貓,濕糧,進口商-韋民企業股份有限公司,日本,未依規定申報,業於114年1月17日以屏府農動字第1140013453號函限期於114年1月24日前完成改善(1月23日複查，已完成申報)。,16,2025-01-07T00:00:00,2025,1,2025-02-25T15:56:44.9,,104年1月至115年6月,1,,
4860,屏東縣,,2025/01/14,喵樂小小肉泥條 南九州雞7g*8入,貓,零食,進口商-艾凘克企業股份有限公司,日本,無,無,16,2025-01-14T00:00:00,2025,1,2025-02-25T15:56:44.9,,104年1月至115年6月,1,,
4860,屏東縣,,2025/01/14,喵樂小小肉泥條 靜岡柴魚&南九州雞7g*8入,貓,零食,進口商-艾凘克企業股份有限公司,日本,無,無,16,2025-01-14T00:00:00,2025,1,2025-02-25T15:56:44.9,,104年1月至115年6月,1,,
4860,屏東縣,MP001,2025/01/14,自然牧場單支系列-牛蹄,犬,零食,進口商-澳新美有限公司,紐西蘭,未標示重量(數量)及適用寵物種類,經查進口商公司登記地址位於南投縣，本府已於114年1月22日以屏府農動字第1140019502號函移請南投縣家畜疾病防治所依規定查處,16,2025-01-14T00:00:00,2025,1,2025-02-25T15:56:44.9,,104年1月至115年6月,1,,
4860,屏東縣,,2025/01/14,自然牧場單支系列-羊腿骨,犬,零食,進口商-澳新美有限公司,紐西蘭,未標示重量(數量)及適用寵物種類,經查進口商公司登記地址位於南投縣，本府已於114年1月22日以屏府農動字第1140019502號函移請南投縣家畜疾病防治所依規定查處,16,2025-01-14T00:00:00,2025,1,2025-02-25T15:56:44.9,,104年1月至115年6月,1,,
4860,屏東縣,,2025/01/14,芮格爾天然寵糧-全齡犬-火雞,犬,乾飼糧,進口商-聯誠寵物有限公司,美國,無,無,16,2025-01-14T00:00:00,2025,1,2025-02-25T15:56:44.9,,104年1月至115年6月,1,,
4860,屏東縣,,2025/01/14,芮格爾天然寵糧-全齡犬-雞肉&鴨肉,犬,乾飼糧,進口商-聯誠寵物有限公司,美國,無,無,16,2025-01-14T00:00:00,2025,1,2025-02-25T15:56:44.9,,104年1月至115年6月,1,,
4860,屏東縣,,2025/01/14,哈姆三兄弟-羊弟,犬,零食,委製商-聯享寵物貿易有限公司,臺灣,無,無,16,2025-01-14T00:00:00,2025,1,2025-02-25T15:56:44.9,,104年1月至115年6月,1,,
4860,屏東縣,,2025/01/14,老北團團牛肉圓片,犬、貓,零食,委製商-水膜婗有限公司,臺灣,未依規定申報、製造商資訊標示不全,經查委製商公司登記地址位於臺中市，本府已於114年1月22日以屏府農動字第1140019599號函移請臺中市動物保護防疫處依規定查處,16,2025-01-14T00:00:00,2025,1,2025-02-25T15:56:44.9,,104年1月至115年6月,1,,
4860,屏東縣,,2025/01/14,老北蘋果雞肉乾,犬、貓,零食,委製商-水膜婗有限公司,臺灣,未依規定申報、製造商資訊標示不全、未標示重量及適用寵物種類,經查委製商公司登記地址位於臺中市，本府已於114年1月22日以屏府農動字第1140019599號函移請臺中市動物保護防疫處依規定查處,16,2025-01-14T00:00:00,2025,1,2025-02-25T15:56:44.9,,104年1月至115年6月,1,,
4860,屏東縣,,2025/01/15,紐萃寶 鰻魚&鮮草鹿肚無膠主食犬罐,犬,罐頭,進口商-八犬國際行銷有限公司,紐西蘭,未依規定申報,業於114年1月12日以屏府農動字第1140019343號函限期於114年2月7日前完成改善(2月4日複查，已完成申報)。,16,2025-01-15T00:00:00,2025,1,2025-02-25T15:56:44.9,,104年1月至115年6月,1,,
4860,屏東縣,,2025/01/15,Us Dog 愛犬主食餐罐(牛肉風味),犬,罐頭,進口商-台灣惜時有限公司,義大利,無,無,16,2025-01-15T00:00:00,2025,1,2025-02-25T15:56:44.9,,104年1月至115年6月,1,,
4860,屏東縣,,2025/01/15,Us Dog 愛犬主食餐罐(小牛肉&蔬菜風味),犬,罐頭,進口商-台灣惜時有限公司,義大利,無,無,16,2025-01-15T00:00:00,2025,1,2025-02-25T15:56:44.9,,104年1月至115年6月,1,,
4860,屏東縣,,2025/01/15,"MiiT有雞愛犬機能湯罐
(鮮嫩雞丁鮮雞湯佐番茄玉米筍通心麵)",犬,罐頭,進口商-台灣惜時有限公司,泰國,無,無,16,2025-01-15T00:00:00,2025,1,2025-02-25T15:56:44.9,,104年1月至115年6月,1,,
4860,屏東縣,,2025/01/15,"MiiT有雞愛犬機能湯罐
(鮮嫩雞丁蔬菜湯佐炒蛋番薯胡蘿蔔)",犬,罐頭,進口商-台灣惜時有限公司,泰國,無,無,16,2025-01-15T00:00:00,2025,1,2025-02-25T15:56:44.9,,104年1月至115年6月,1,,
4860,臺東縣,,2025/01/10,猋犬用狗罐-牛肉風味(包裝400g),犬,罐頭,雍立貿易股份有限公司,紐西蘭,無,無,17,2025-01-10T00:00:00,2025,1,2025-02-25T15:56:44.9,,104年1月至115年6月,1,,
4860,臺東縣,,2025/01/10,自然物語犬用罐-雞肉風味(包裝80g),犬,罐頭,協鴻有限公司,泰國,無,無,17,2025-01-10T00:00:00,2025,1,2025-02-25T15:56:44.9,,104年1月至115年6月,1,,
4860,臺東縣,,2025/01/10,森鮮天然無穀貓糧-鴨肉風味(包裝1816g),貓,乾飼糧,紐西蘭森鮮有限公司,紐西蘭,無,無,17,2025-01-10T00:00:00,2025,1,2025-02-25T15:56:44.9,,104年1月至115年6月,1,,
4860,臺東縣,,2025/01/10,美士貓糧(幼.懷孕)-雞肉風味(包裝1360g),貓,乾飼糧,柏希菲克股份有限公司,美國,無,無,17,2025-01-10T00:00:00,2025,1,2025-02-25T15:56:44.9,,104年1月至115年6月,1,,
4860,臺東縣,,2025/01/10,歐斯特鮮湯杯-鮪魚風味(包裝1360g),貓,罐頭,東森寵物雲股份有限公司,泰國,無,無,17,2025-01-10T00:00:00,2025,1,2025-02-25T15:56:44.9,,104年1月至115年6月,1,,
4860,花蓮縣,,2025/01/09,時光鮮廚饗鮮食犬零食-雞肉條,犬,零食,樺隆有限公司,泰國,無,無,18,2025-01-09T00:00:00,2025,1,2025-02-25T15:56:44.9,,104年1月至115年6月,1,,
4860,花蓮縣,OP001,2025/01/09,貓Bar全能貓餐罐-鮪魚+鮭魚,貓,罐頭,寶聯商行,泰國,無,無,18,2025-01-09T00:00:00,2025,1,2025-02-25T15:56:44.9,,104年1月至115年6月,1,,
4860,花蓮縣,OP002,2025/01/16,"O,Bli! 噢，比利！潔牙點心-初戀莓果+蕃烤甜薯(犬用)",犬,零食,原野國際行銷有限公司,韓國,無,無,18,2025-01-16T00:00:00,2025,1,2025-02-25T15:56:44.9,,104年1月至115年6月,1,,
4860,花蓮縣,,2025/01/16,凱萊自然物語-和牛,犬,罐頭,協鴻有限公司,泰國,無,無,18,2025-01-16T00:00:00,2025,1,2025-02-25T15:56:44.9,,104年1月至115年6月,1,,
4860,花蓮縣,,2025/01/16,美味關係狗罐-鮮雞肉,犬,罐頭,王品寵物用品有限公司,泰國,無,無,18,2025-01-16T00:00:00,2025,1,2025-02-25T15:56:44.9,,104年1月至115年6月,1,,
4860,花蓮縣,OP003,2025/01/17,喜躍貓乾糧 鮮魚四重奏口味,貓,乾飼糧,台灣雀巢股份有限公司,泰國,包裝成分與申報網不符,通知業者限期改善,18,2025-01-17T00:00:00,2025,1,2025-02-25T15:56:44.9,,104年1月至115年6月,1,,
4860,花蓮縣,,2025/01/17,生活良好犬用綜合口味雞丁,犬,零食,臺灣生活良好國際股份有限公司,日本,無,無,18,2025-01-17T00:00:00,2025,1,2025-02-25T15:56:44.9,,104年1月至115年6月,1,,
4860,澎湖縣,,2025/01/02,喵洽普 貓咪凍乾-低脂鮪魚,貓,零食,壹士達寵物有限公司,韓國,無,無,19,2025-01-02T00:00:00,2025,1,2025-02-25T15:56:44.9,,104年1月至115年6月,1,,
4860,澎湖縣,,2025/01/02,CIAD燒湯杯 NC-71(宗田鰹魚+柴魚片+干貝+雞肉口味),貓,罐頭(濕糧),稻葉寵物食品股份有限公司,日本,無,無,19,2025-01-02T00:00:00,2025,1,2025-02-25T15:56:44.9,,104年1月至115年6月,1,,
4860,澎湖縣,,2025/01/02,天然密碼-永恆無穀主食罐(貓薄荷)雞肉與白鰹魚,貓,罐頭(濕糧),廣湛有限公司,泰國,無,無,19,2025-01-02T00:00:00,2025,1,2025-02-25T15:56:44.9,,104年1月至115年6月,1,,
4860,澎湖縣,,2025/01/02,喵洽普 貓咪肉泥-雞肉＆蔓越莓,貓,零食,壹士達寵物有限公司,韓國,無,無,19,2025-01-02T00:00:00,2025,1,2025-02-25T15:56:44.9,,104年1月至115年6月,1,,
4860,澎湖縣,,2025/01/02,奇境-羅姆尼羊肺原肉凍乾,貓,零食,維逸有限公司,紐西蘭,無,無,19,2025-01-02T00:00:00,2025,1,2025-02-25T15:56:44.9,,104年1月至115年6月,1,,
4860,澎湖縣,,2025/01/02,AIXIA愛喜雅妙喵主食軟包32-比目魚,貓,零食,東盈實業股份有限公司,泰國,無,無,19,2025-01-02T00:00:00,2025,1,2025-02-25T15:56:44.9,,104年1月至115年6月,1,,
4860,澎湖縣,,2025/01/02,MDARYN喵樂貓罐(鮭魚鮪魚燒),貓,罐頭(濕糧),艾澌克企業股份有限公司,泰國,無,無,19,2025-01-02T00:00:00,2025,1,2025-02-25T15:56:44.9,,104年1月至115年6月,1,,
4860,澎湖縣,,2025/01/02,貓姬成貓肉泥杯-雞肉+扇貝,貓,罐頭(濕糧),聯享寵物貿易有限公司,日本,無,無,19,2025-01-02T00:00:00,2025,1,2025-02-25T15:56:44.9,,104年1月至115年6月,1,,
4860,澎湖縣,,2025/01/02,奇境 無穀成貓 慕斯主食罐-牧場純雞,貓,罐頭(濕糧),維逸有限公司,泰國,無,無,19,2025-01-02T00:00:00,2025,1,2025-02-25T15:56:44.9,,104年1月至115年6月,1,,
4860,澎湖縣,,2025/01/02,貓倍麗美國經典主食罐香烤鮮鮪,貓,罐頭(濕糧),台灣雀巢股份有限公司,美國,無,無,19,2025-01-02T00:00:00,2025,1,2025-02-25T15:56:44.9,,104年1月至115年6月,1,,
4860,基隆市,,2025/01/08,喵愛餡火烤嫩雞口味 160g,貓,零食,台灣瑪氏股份有限公司,泰國,無,無,20,2025-01-08T00:00:00,2025,1,2025-02-25T15:56:44.9,,104年1月至115年6月,1,,
4860,基隆市,,2025/01/08,好朋朋肉泥-跑跑雞,貓,零食,艾澌克企業股份有限公司,泰國,無,無,20,2025-01-08T00:00:00,2025,1,2025-02-25T15:56:44.9,,104年1月至115年6月,1,,
4860,基隆市,,2025/01/08,喵樂小小肉泥條 南九州雞7g*8入,貓,零食,艾澌克企業股份有限公司,泰國,無,無,20,2025-01-08T00:00:00,2025,1,2025-02-25T15:56:44.9,,104年1月至115年6月,1,,
4860,基隆市,,2025/01/24,強品犬罐-雞肉+肝風味,犬,罐頭,竣百有限公司,泰國,無,無,20,2025-01-24T00:00:00,2025,1,2025-02-25T15:56:44.9,,104年1月至115年6月,1,,
4860,基隆市,,2025/01/24,貓倍麗珍饌餐盒－雞里肌肉,貓,罐頭,台灣雀巢股份有限公司,泰國,包裝未標示灰分含量,通知業者限期改善,20,2025-01-24T00:00:00,2025,1,2025-02-25T15:56:44.9,,104年1月至115年6月,1,,
4860,基隆市,,2025/01/24,野性魅力羊肉鮭魚配方犬,犬,乾飼糧,加拿大野性魅力有限公司,加拿大,"1.包裝營養成分及含量與申報網資料不符
2.申報網上該產品資料重複",通知業者限期改善,20,2025-01-24T00:00:00,2025,1,2025-02-25T15:56:44.9,,104年1月至115年6月,1,,
4860,新竹市,,2025/01/14,亞米（鮮鮪白金主食罐）,貓,罐頭(濕糧),沛特國際股份有限公司,泰國,無,無,21,2025-01-14T00:00:00,2025,1,2025-02-25T15:56:44.9,,104年1月至115年6月,1,,
4860,新竹市,,2025/01/14,CIAO魚柳條YK-05燒烤鰹魚風味,貓,零食,歐維氏企業社,日本,無,無,21,2025-01-14T00:00:00,2025,1,2025-02-25T15:56:44.9,,104年1月至115年6月,1,,
4860,新竹市,RP001,2025/01/14,芮格爾天然寵糧-全齡犬（無穀雞肉）,犬,乾糧,聯誠寵物有限公司,美國,無,無,21,2025-01-14T00:00:00,2025,1,2025-02-25T15:56:44.9,,104年1月至115年6月,1,,
4860,新竹市,RP002,2025/01/14,犬用低脂短切軟牛肉條,犬,零食,台灣多格漫商貿（股）公司,日本,無,無,21,2025-01-14T00:00:00,2025,1,2025-02-25T15:56:44.9,,104年1月至115年6月,1,,
4860,新竹市,RP003,2025/01/14,美味雞肉+蔬菜,犬,罐頭(濕糧),沛特國際股份有限公司,義大利,無,無,21,2025-01-14T00:00:00,2025,1,2025-02-25T15:56:44.9,,104年1月至115年6月,1,,
4860,嘉義市,,2025/01/10,Rrannk 機能主食罐-白身鮪魚+雞肉,貓,罐頭,統冠生活事業股份有限公司,泰國,無,無,22,2025-01-10T00:00:00,2025,1,2025-02-25T15:56:44.9,,104年1月至115年6月,1,,
4860,嘉義市,,2025/01/10,希爾思寵物食品成貓11歲以上雞肉特調食譜,貓,乾飼糧,台灣希爾思寵物營養品有限公司,美國,無,無,22,2025-01-10T00:00:00,2025,1,2025-02-25T15:56:44.9,,104年1月至115年6月,1,,
4860,嘉義市,,2025/01/10,A-star多效螺旋五星棒大包,犬,潔牙骨,台灣愛邦仕實業股份有限公司,新加坡,無,無,22,2025-01-10T00:00:00,2025,1,2025-02-25T15:56:44.9,,104年1月至115年6月,1,,
4860,嘉義市,,2025/01/15,朵利納機能配方犬罐,犬,罐頭,寵兒商貿有限公司,波蘭,無,無,22,2025-01-15T00:00:00,2025,1,2025-02-25T15:56:44.9,,104年1月至115年6月,1,,
4860,嘉義市,,2025/01/15,犬用起司動物造型餅乾,犬,零食,英凱國際有限公司,日本,無,無,22,2025-01-15T00:00:00,2025,1,2025-02-25T15:56:44.9,,104年1月至115年6月,1,,
4860,金門縣,,2025/02/24,Pedigree寶路雞肉包(25g),犬,潔牙骨,台灣瑪氏股份有限公司,泰國,無,無,23,2025-02-24T00:00:00,2025,1,2025-02-25T15:56:44.9,,104年1月至115年6月,1,,
4860,金門縣,,2025/02/24,whiskas偉嘉什錦珍味(70g),貓,零食,台灣瑪氏股份有限公司,泰國,無,無,23,2025-02-24T00:00:00,2025,1,2025-02-25T15:56:44.9,,104年1月至115年6月,1,,
4860,金門縣,,2025/02/24,GREENS葛莉思-犬罐牛肉口味(400g),犬,罐頭,福壽實業股份有限公司,泰國,無,無,23,2025-02-24T00:00:00,2025,1,2025-02-25T15:56:44.9,,104年1月至115年6月,1,,
4860,金門縣,,2025/02/24,SmartHeart慧心愛犬餅乾(100g),犬,零食,好侶股份有限公司,泰國,無,無,23,2025-02-24T00:00:00,2025,1,2025-02-25T15:56:44.9,,104年1月至115年6月,1,,
4860,金門縣,,2025/02/24,Temptations喵愛餡火烤嫩雞味貓餡餅(75g),貓,零食,台灣瑪氏股份有限公司,泰國,無,無,23,2025-02-24T00:00:00,2025,1,2025-02-25T15:56:44.9,,104年1月至115年6月,1,,
4860,連江縣,,2025/01/20,偉嘉whiskas-貓用乾糧-鮪魚(吞拿魚)總匯口味(7kg*1包),貓,乾糧,瑪氏食品Mars ,泰國,無,無,24,2025-01-20T00:00:00,2025,1,2025-02-25T15:56:44.9,,104年1月至115年6月,1,,
4860,連江縣,,2025/01/20,偉嘉whiskas-貓用乾糧-海洋魚類口味(1.2kg*1包),貓,乾糧,瑪氏食品Mars,泰國,無,無,24,2025-01-20T00:00:00,2025,1,2025-02-25T15:56:44.9,,104年1月至115年6月,1,,
4860,連江縣,,2025/01/20,西莎Cesar-犬罐頭-牛肉及肝口味(100g*1罐),犬,罐頭,台灣瑪氏Mars Petcare,澳洲,無,無,24,2025-01-20T00:00:00,2025,1,2025-02-25T15:56:44.9,,104年1月至115年6月,1,,
4860,連江縣,,2025/01/20,西莎Cesar-犬罐頭-南法野菜燉雞口味(100g*1罐),犬,罐頭,台灣瑪氏Mars Petcare,澳洲,無,無,24,2025-01-20T00:00:00,2025,1,2025-02-25T15:56:44.9,,104年1月至115年6月,1,,
4860,連江縣,,2025/01/20,寶路Pedigree-狗罐頭-牛肉口味(400g*1罐),犬,罐頭,台灣瑪氏Mars Petcare,澳洲,無,無,24,2025-01-20T00:00:00,2025,1,2025-02-25T15:56:44.9,,104年1月至115年6月,1,,
4860,新北市,AP049,2025/10/08,阿特拉斯 鮮湯包〔鮪魚&鰹魚〕,貓,罐頭,貓狗甜心數位科技有限公司,泰國,"1.申報網主要原料及添加物不符
2.有效期限逾一日",移請台北動保處協助妥處,0,2025-10-08T00:00:00,2025,10,2026-01-05T10:28:33.533,,104年1月至115年6月,1,,
4860,新北市,AP050,2025/10/08,爵士貓吧 機能化毛餐 鰹魚白肉+小白魚,貓,罐頭,黑逗國際有限公司,泰國,"1.申報網主要成分及含量不符
2.申報網業者名稱與包裝不符",通知業者限期改善,0,2025-10-08T00:00:00,2025,10,2026-01-05T10:28:33.533,,104年1月至115年6月,1,,
4860,新北市,AP051,2025/10/08,Canidae 良善 全齡犬糧-四種肉,犬,乾飼糧,嵩颺有限公司,美國,無,無,0,2025-10-08T00:00:00,2025,10,2026-01-05T10:28:33.533,,104年1月至115年6月,1,,
4860,新北市,,2025/10/08,KIMURA SHOJI 鮮嫩柴魚大沙丁魚條 5入,貓,零食,偶遇喜有限公司,日本,無,無,0,2025-10-08T00:00:00,2025,10,2026-01-05T10:28:33.533,,104年1月至115年6月,1,,
4860,新北市,,2025/10/08,國產雞-鰹魚雪花雞肉片,貓,零食,東翔實業有限公司,日本,無,無,0,2025-10-08T00:00:00,2025,10,2026-01-05T10:28:33.533,,104年1月至115年6月,1,,
4860,新北市,,2025/10/08,沛特拉醫生-貓咪潔牙棒(雞肉口味),貓,潔牙骨,逸寶國際股份有限公司,韓國,申報網主要成分及含量不符,移請台北動保處協助妥處,0,2025-10-08T00:00:00,2025,10,2026-01-05T10:28:33.533,,104年1月至115年6月,1,,
4860,新北市,,2025/10/08,CAT FEET呼嚕愛乾淨 蔓越莓化毛潔牙餅(鮪魚口味),貓,零食,台灣美期有限公司,泰國,未申報,通知業者限期改善,0,2025-10-08T00:00:00,2025,10,2026-01-05T10:28:33.533,,104年1月至115年6月,1,,
4860,新北市,,2025/10/08,Hulucat 卡滋化毛潔牙餅-鮪魚,貓,零食,王品寵物用品有限公司,泰國,無,無,0,2025-10-08T00:00:00,2025,10,2026-01-05T10:28:33.533,,104年1月至115年6月,1,,
4860,新北市,,2025/10/08,【貓姬】成貓肉泥杯-雞肉+鮪魚+鰹魚片,貓,罐頭,聯享寵物貿易有限公司,日本,無,無,0,2025-10-08T00:00:00,2025,10,2026-01-05T10:28:33.533,,104年1月至115年6月,1,,
4860,新北市,,2025/10/08,鮮開凍woof狗狗冷凍乾燥生食餐(羊肉),犬,乾飼糧,咆陪喵有限公司,紐西蘭,無,無,0,2025-10-08T00:00:00,2025,10,2026-01-05T10:28:33.533,,104年1月至115年6月,1,,
4860,新北市,,2025/10/08,NB自然平衡 低敏羊肉糙米成犬配方,犬,乾飼糧,黃金巴頓寵支貿易有限公司,美國,"1.申報網製造商與包裝不符
2.申報網產品外觀照與包裝實體不符",移請台北動保處協助妥處,0,2025-10-08T00:00:00,2025,10,2026-01-05T10:28:33.533,,104年1月至115年6月,1,,
4860,新北市,,2025/10/08,澳野 守護無穀主食成犬餐盒-羊肉低敏護膚配方,犬,罐頭,維逸有限公司,澳洲,無,無,0,2025-10-08T00:00:00,2025,10,2026-01-05T10:28:33.533,,104年1月至115年6月,1,,
4860,新北市,,2025/10/08,超級SP大口吃鮮肉罐-精燉羊肉,犬,罐頭,壹士達寵物有限公司,泰國,無,無,0,2025-10-08T00:00:00,2025,10,2026-01-05T10:28:33.533,,104年1月至115年6月,1,,
4860,新北市,,2025/10/08,法樂食狗狗主食餐盒-豬肉與蔬菜口味,犬,罐頭,逸寶國際股份有限公司,法國,無,無,0,2025-10-08T00:00:00,2025,10,2026-01-05T10:28:33.533,,104年1月至115年6月,1,,
4860,新北市,,2025/10/08,貓咪營養起司球50g,貓,零食,八犬國際行銷有限公司,德國,申報網主要成分及含量不符,通知業者限期改善,0,2025-10-08T00:00:00,2025,10,2026-01-05T10:28:33.533,,104年1月至115年6月,1,,
4860,新北市,,2025/10/16,HYPERR超躍100%冷凍乾燥鮮草羊肚犬貓用生食200G,犬、貓,乾飼糧,古迪寵物食品有限公司,紐西蘭,無,無,0,2025-10-16T00:00:00,2025,10,2026-01-05T10:28:33.533,,104年1月至115年6月,1,,
4860,新北市,,2025/10/16,凍塊一點(罐)-鰹魚丁,犬、貓,零食,巴斯企業社,臺灣,無,無,0,2025-10-16T00:00:00,2025,10,2026-01-05T10:28:33.533,,104年1月至115年6月,1,,
4860,新北市,,2025/10/16,加好寶狗罐 - 雞肉總匯口味 400G,犬,罐頭,好侶股份有限公司,美國,無,無,0,2025-10-16T00:00:00,2025,10,2026-01-05T10:28:33.533,,104年1月至115年6月,1,,
4860,新北市,,2025/10/16,EXPERT艾思柏無穀犬食-毛皮維護配方,犬,乾飼糧,福壽實業股份有限公司,臺灣,無,無,0,2025-10-16T00:00:00,2025,10,2026-01-05T10:28:33.533,,104年1月至115年6月,1,,
4860,新北市,,2025/10/16,汪汪寶貝增亮麗+營養升級350g,犬、貓,補助食品,台灣培寶股份有限公司,臺灣,無,無,0,2025-10-16T00:00:00,2025,10,2026-01-05T10:28:33.533,,104年1月至115年6月,1,,
4860,新北市,,2025/10/16,沛樂芙化毛潔牙錠-鰹魚,貓,潔牙骨,夢工場寵物有限公司,臺灣,無,無,0,2025-10-16T00:00:00,2025,10,2026-01-05T10:28:33.533,,104年1月至115年6月,1,,
4860,新北市,,2025/10/16,貝斯-鴨肉脆笛棒棒糖,犬、貓,零食,台野畜產有限公司,臺灣,無,無,0,2025-10-16T00:00:00,2025,10,2026-01-05T10:28:33.533,,104年1月至115年6月,1,,
4860,新北市,,2025/10/16,鮮食餐包-燉牛三寶,犬、貓,零食,食寵町國際企業有限公司,臺灣,無,無,0,2025-10-16T00:00:00,2025,10,2026-01-05T10:28:33.533,,104年1月至115年6月,1,,
4860,新北市,,2025/10/16,汪喵星球 - 85% omega-3機能魚油(心臟PLUS),犬、貓,補助食品,自力耕生股份有限公司,臺灣,無,無,0,2025-10-16T00:00:00,2025,10,2026-01-05T10:28:33.533,,104年1月至115年6月,1,,
4860,新北市,,2025/10/16,鮪魚肉湯,貓,零食,安捷星物流股份有限公司,泰國,無,無,0,2025-10-16T00:00:00,2025,10,2026-01-05T10:28:33.533,,104年1月至115年6月,1,,
4860,臺北市,,2025/10/13,天然原肉凍乾-活水放牧鴨菲力(輕享包)（專案一）,犬、貓,零食,營饗未來股份有限公司,臺灣,無,無,1,2025-10-13T00:00:00,2025,10,2026-01-05T10:28:33.533,,104年1月至115年6月,1,,
4860,臺北市,,2025/10/13,毛起來吃－毛食事計畫－護膚低敏鮮肉主食罐(貓) 牧野田園雞（專案一）,貓,罐頭,莫奧數位股份有限公司,臺灣,無,無,1,2025-10-13T00:00:00,2025,10,2026-01-05T10:28:33.533,,104年1月至115年6月,1,,
4860,臺北市,,2025/10/13,CIAO啾嚕肉泥-雞胸綜合營養食（專案一）,貓,罐頭,臺灣生活良好國際股份有限公司,日本,無,無,1,2025-10-13T00:00:00,2025,10,2026-01-05T10:28:33.533,,104年1月至115年6月,1,,
4860,臺北市,,2025/10/13,CIAO啾嚕肉泥-雞胸綜合營養食（專案一）,貓,罐頭,臺灣生活良好國際股份有限公司,日本,無,無,1,2025-10-13T00:00:00,2025,10,2026-01-05T10:28:33.533,,104年1月至115年6月,1,,
4860,臺北市,,2025/10/13,汪喵星球 - 熟齡犬銀養無膠主食罐（95%肉含量）鮮蒸鮭魚雞 80G 銀養罐（專案一）,犬,罐頭,自力耕生股份有限公司,臺灣,無,無,1,2025-10-13T00:00:00,2025,10,2026-01-05T10:28:33.533,,104年1月至115年6月,1,,
4860,臺北市,,2025/10/13,毛掌醫學狗貓保健肉泥(魚油)6g*30包（專案一）,犬、貓,補助食品,飛輪寵物有限公司,臺灣,無,無,1,2025-10-13T00:00:00,2025,10,2026-01-05T10:28:33.533,,104年1月至115年6月,1,,
4860,臺北市,,2025/10/14,特百滋開胃三層杯 犬用 鄉村海陸冷盤 80g（專案一）,犬,罐頭,艾澌克企業股份有限公司,泰國,無,無,1,2025-10-14T00:00:00,2025,10,2026-01-05T10:28:33.533,,104年1月至115年6月,1,,
4860,臺北市,,2025/10/14,銀湯匙三明治脆餅海鮮（專案一）,貓,零食,嬌聯股份有限公司,日本,無,無,1,2025-10-14T00:00:00,2025,10,2026-01-05T10:28:33.533,,104年1月至115年6月,1,,
4860,臺北市,,2025/10/14,海洋之星鮮魚蔬菜犬罐 白身魚-南瓜&豌豆（專案一）,犬,罐頭,傑安答國際有限公司,英國,無,無,1,2025-10-14T00:00:00,2025,10,2026-01-05T10:28:33.533,,104年1月至115年6月,1,,
4860,臺北市,,2025/10/14,德國竣寶-護膚亮毛鮭魚餡餅（專案一）,貓,零食,八犬國際行銷有限公司,德國,無,無,1,2025-10-14T00:00:00,2025,10,2026-01-05T10:28:33.533,,104年1月至115年6月,1,,
4860,臺北市,,2025/10/14,COMBO 口腔保健海鮮零食（專案一）,貓,零食,萌萌選物工作室,日本,無,無,1,2025-10-14T00:00:00,2025,10,2026-01-05T10:28:33.533,,104年1月至115年6月,1,,
4860,臺北市,VP023,2025/10/16,犬貓用嚴選小魚乾4種MIX 100g,犬、貓,零食,台灣多格漫商貿股份有限公司,日本,無,無,1,2025-10-16T00:00:00,2025,10,2026-01-05T10:28:33.533,,104年1月至115年6月,1,,
4860,臺北市,VP024,2025/10/16,原點 雞肉無穀全犬主食罐,犬,罐頭,四季全球貿易股份有限公司,美國,無,無,1,2025-10-16T00:00:00,2025,10,2026-01-05T10:28:33.533,,104年1月至115年6月,1,,
4860,臺北市,VP025,2025/10/16,小玉貓罐(純雞肉),貓,罐頭,四季全球貿易股份有限公司,日本,無,無,1,2025-10-16T00:00:00,2025,10,2026-01-05T10:28:33.533,,104年1月至115年6月,1,,
4860,臺北市,,2025/10/16,【歐娜特】Prime 頂級系列-室內貓《化毛挑嘴》多種魚,貓,乾飼糧,瀚揚國際企業有限公司,西班牙,無,無,1,2025-10-16T00:00:00,2025,10,2026-01-05T10:28:33.533,,104年1月至115年6月,1,,
4860,臺北市,,2025/10/16,原點皇極鮮雞成貓配方(噴灑凍乾鱈魚肉),貓,乾飼糧,四季全球貿易股份有限公司,美國,無,無,1,2025-10-16T00:00:00,2025,10,2026-01-05T10:28:33.533,,104年1月至115年6月,1,,
4860,臺北市,,2025/10/16,藍摯 成貓原野精靈 去骨雞肉無穀配方,貓,乾飼糧,盛貿寵物股份有限公司,美國,無,無,1,2025-10-16T00:00:00,2025,10,2026-01-05T10:28:33.533,,104年1月至115年6月,1,,
4860,臺北市,,2025/10/16,SS名廚特選 肉泥主食貓罐 鮮鮪魚泥,貓,罐頭,逸寶國際股份有限公司,泰國,無,無,1,2025-10-16T00:00:00,2025,10,2026-01-05T10:28:33.533,,104年1月至115年6月,1,,
4860,臺北市,,2025/10/16,Feline Natural 牛肉+鱈魚 貓咪冷凍乾燥鮮肉餐,貓,乾飼糧,四季全球貿易股份有限公司,紐西蘭,無,無,1,2025-10-16T00:00:00,2025,10,2026-01-05T10:28:33.533,,104年1月至115年6月,1,,
4860,臺北市,,2025/10/16,瑪恩吉 倍愛滿滿 羔羊 主食犬餐盒,犬,罐頭,柏希菲克股份有限公司,義大利,無,無,1,2025-10-16T00:00:00,2025,10,2026-01-05T10:28:33.533,,104年1月至115年6月,1,,
4860,臺北市,,2025/10/16,原點 鮭魚鮮食犬餐包3oz,犬,罐頭,四季全球貿易股份有限公司,美國,無,無,1,2025-10-16T00:00:00,2025,10,2026-01-05T10:28:33.533,,104年1月至115年6月,1,,
4860,臺北市,,2025/10/16,K9 Natural 嚴選牛肉 鮮燉狗無穀主食罐,犬,罐頭,四季全球貿易股份有限公司,紐西蘭,無,無,1,2025-10-16T00:00:00,2025,10,2026-01-05T10:28:33.533,,104年1月至115年6月,1,,
4860,臺北市,,2025/10/16,自然本色 小型成犬亮白羊肉配方,犬,乾飼糧,三奇國際生物科技有限公司,立陶宛,無,無,1,2025-10-16T00:00:00,2025,10,2026-01-05T10:28:33.533,,104年1月至115年6月,1,,
4860,臺北市,,2025/10/16,Halo 嘿囉 熟齡犬無穀雞肉,犬,乾飼糧,盛貿寵物股份有限公司,美國,無,無,1,2025-10-16T00:00:00,2025,10,2026-01-05T10:28:33.533,,104年1月至115年6月,1,,
4860,臺北市,,2025/10/16,第一饗宴 無穀低敏 澳洲羊肉全犬配方,犬,乾飼糧,四季全球貿易股份有限公司,加拿大,無,無,1,2025-10-16T00:00:00,2025,10,2026-01-05T10:28:33.533,,104年1月至115年6月,1,,
4860,臺北市,,2025/10/16,Now鮮肉無穀成貓配方,貓,乾飼糧,古迪寵物食品有限公司,加拿大,無,無,1,2025-10-16T00:00:00,2025,10,2026-01-05T10:28:33.533,,104年1月至115年6月,1,,
4860,臺中市,,2025/09/15,毛姐夫原系列牛肉凍乾,犬、貓,零食,毅帆企業有限公司,臺灣,無,無,2,2025-09-15T00:00:00,2025,10,2026-01-05T10:28:33.533,,104年1月至115年6月,1,,
4860,臺中市,,2025/09/15,派莫 原獵生食 凍乾主食磚(犬用)鹿肉,犬,乾飼糧,廣湛有限公司,美國,申報重量與包裝標示不符。,已依中市動稽字第1140009402號函轉臺北市動物保護處,2,2025-09-15T00:00:00,2025,10,2026-01-05T10:28:33.533,,104年1月至115年6月,1,,
4860,臺中市,,2025/09/26,寵心出發-澳洲香嫩羊佐南瓜,犬、貓,濕食,慶宇生技股份有限公司,臺灣,無,無,2,2025-09-26T00:00:00,2025,10,2026-01-05T10:28:33.533,,104年1月至115年6月,1,,
4860,臺中市,,2025/09/26,莫比 L25羊肉米成犬食譜,犬,乾飼糧,博東客企業有限公司,美國,"1.國內負責廠商地址與商業登記地不同。
2.使用「符合國際標準」詞句或類似詞句，產品未符合對應標準之要求：前揭產品標有「依據AFFCO犬糧營養標準設計，符合成犬日常營養需求」。",已依中市動稽字第1140009402號函轉臺北市動物保護處,2,2025-09-26T00:00:00,2025,10,2026-01-05T10:28:33.533,,104年1月至115年6月,1,,
4860,臺中市,,2025/09/26,渴望 鴨肉蘋果犬,犬,乾飼糧,加拿大渴望寵物食品股份有限公司,加拿大,無,無,2,2025-09-26T00:00:00,2025,10,2026-01-05T10:28:33.533,,104年1月至115年6月,1,,
4860,臺中市,,2025/09/26,環遊犬世界鮮寵包-阿根廷燉牛肉,犬,濕食,唯寵股份有限公司,臺灣,無,無,2,2025-09-26T00:00:00,2025,10,2026-01-05T10:28:33.533,,104年1月至115年6月,1,,
4860,臺中市,,2025/09/26,怪獸部落 1種肉無膠主食罐-犬用黑豬肉餐,犬,罐頭,怪獸製造有限公司,臺灣,使用「符合國際標準」詞句或類似詞句，產品未符合對應標 準之要求：前揭產品標有「依據AFFCO成幼犬營養標準設計」。,已依中市動稽字第1140009402號函轉臺北市動物保護處,2,2025-09-26T00:00:00,2025,10,2026-01-05T10:28:33.533,,104年1月至115年6月,1,,
4860,臺中市,,2025/09/26,汪喵星球 95%犬用無膠主食罐,犬,罐頭,自力耕生股份有限公司,臺灣,"1.申報品名、主要原料及添加物與包裝標示不符。
2.使用「符合國際標準」詞句或類似詞句，產品未符合對應標準之要求：前揭產品標有「符合AAFCO&NRC建議之全齡貓營養標準」。",已依中市動稽字第1140009402號函轉臺北市動物保護處,2,2025-09-26T00:00:00,2025,10,2026-01-05T10:28:33.533,,104年1月至115年6月,1,,
4860,臺中市,,2025/09/26,爵士貓吧 美味肉泥罐 雞肉肉泥,貓,罐頭,黑逗國際有限公司,泰國,無,無,2,2025-09-26T00:00:00,2025,10,2026-01-05T10:28:33.533,,104年1月至115年6月,1,,
4860,臺中市,,2025/09/26,迷幻喵 鮮肉主食罐 迷幻10號 野鹿+火雞+蔓越莓,貓,罐頭,壹士達寵物有限公司,德國,無,無,2,2025-09-26T00:00:00,2025,10,2026-01-05T10:28:33.533,,104年1月至115年6月,1,,
4860,臺中市,,2025/09/26,奇境 澳洲牛肉+紐西蘭羊肺凍乾 無穀全貓糧,貓,乾飼糧,維逸有限公司,澳洲,國內負責廠商地址與商業登記地址不同,已依中市動稽字第1140009515號函轉新北市政府動物保護防疫處,2,2025-09-26T00:00:00,2025,10,2026-01-05T10:28:33.533,,104年1月至115年6月,1,,
4860,臺中市,SP041,2025/10/17,口福-高齡犬魚骨雞肉角,犬,零食,東翔實業股份有限公司,日本,"1.申報營養成分及含量與包裝標示不符。
2.製造日期及有效日期之間逾保存期限18個月。",已依中市動稽字第1140009402號函轉臺北市動物保護處,2,2025-10-17T00:00:00,2025,10,2026-01-05T10:28:33.533,,104年1月至115年6月,1,,
4860,臺中市,SP042,2025/10/17,威隆獸醫配方 全補營養膏(貓用),貓,補助食品,國歡企業有限公司,加拿大,申報主要營養成分及含量與包裝標示不符,已依中市動稽字第1140009517號函轉高雄市動物保護處,2,2025-10-17T00:00:00,2025,10,2026-01-05T10:28:33.533,,104年1月至115年6月,1,,
4860,臺中市,SP043,2025/10/17,鮮時高蛋白無穀主食罐-雞菲力+牛肉(肉絲),貓,罐頭,兆宣貿易企業有限公司,泰國,"1.申報品名、主要原料及添加物、營養成分及含量與包裝標示不符。
2. 月日排列不明。",已依中市動稽字第1140009402號函轉臺北市動物保護處,2,2025-10-17T00:00:00,2025,10,2026-01-05T10:28:33.533,,104年1月至115年6月,1,,
4860,臺中市,SP044,2025/10/17,挪威鮭魚凍乾粒皮毛健康-全齡貓配方,貓,乾飼糧,珍荃有限公司,韓國,"1.申報主要原料及添加物與包裝標示不符
2.使用「經(特定單位)檢驗/認證/核可/認可/批准/通過推薦」詞句或類似詞句，與事實不符或無法提供證明：前揭產品標有「USDA美國有機認證」及「韓國有機認證」",已依中市動稽字第1140009519號函轉桃園市政府動物保護處,2,2025-10-17T00:00:00,2025,10,2026-01-05T10:28:33.533,,104年1月至115年6月,1,,
4860,臺中市,,2025/10/17,CHOGONG 朝貢 營養蔬果肉泥 慢燉系列-山藥雞胸肉,犬、貓,零食,豐奕達實業有限公司,韓國,申報主要營養成分及含量與包裝標示不符,已依中市動稽字第1140009523號函轉臺北市動物保護處,2,2025-10-17T00:00:00,2025,10,2026-01-05T10:28:33.533,,104年1月至115年6月,1,,
4860,臺中市,,2025/10/17,銀湯匙貓湯匙化毛配方肉泥 鮪魚鰹魚兩口味,貓,零食,嬌聯股份有限公司,泰國,無,無,2,2025-10-17T00:00:00,2025,10,2026-01-05T10:28:33.533,,104年1月至115年6月,1,,
4860,臺中市,,2025/10/17,鮮時 薛先生乾糧系列．低碳水無穀成貓乾糧 雞肉+蛋,貓,乾飼糧,兆宣貿易企業有限公司,加拿大,"1.申報品名與包裝標示不符。
2.月日排列不明。",已依中市動稽字第1140009402號函轉臺北市動物保護處,2,2025-10-17T00:00:00,2025,10,2026-01-05T10:28:33.533,,104年1月至115年6月,1,,
4860,臺中市,,2025/10/17,幼丁香魚,犬、貓,零食,錦帛實業有限公司,日本,"1.於寵物食品申報網申報“重量”及“製造或加工業者工廠名稱”與包裝標示不符。
2.未標示適用寵物種類。",已依中市動稽字第1140009527號函請業者限期改善,2,2025-10-17T00:00:00,2025,10,2026-01-05T10:28:33.533,,104年1月至115年6月,1,,
4860,臺中市,,2025/10/17,JEJU KANG 濟州快樂馬「馬米花」凍乾,犬、貓,零食,奧豐網路科技有限公司,韓國,"1.申報主要營養成分及含量與包裝標示不符。
2.未標示製造業者電話。
3.使用「符合國際標準」詞句或類似詞句，產品未符合對應標準之要求：前揭產品標有「HACCP安全製造」。",已依中市動稽字第1140009402號函轉臺北市動物保護處,2,2025-10-17T00:00:00,2025,10,2026-01-05T10:28:33.533,,104年1月至115年6月,1,,
4860,臺中市,,2025/10/30,寵物益生菌 3合1複方腸胃保健 專利成分 狗狗益生菌 貓咪益生菌 寵物保健食品 寵立善 消化酵素 酵素益生菌 自然食,犬、貓,補助食品,原合股份有限公司,臺灣,無,無,2,2025-10-30T00:00:00,2025,10,2026-01-05T10:28:33.533,,104年1月至115年6月,1,,
4860,臺中市,,2025/10/30,汪喵星球 馬修嚴選x機能優格丁 犬貓適用 營養雙莓/高纖南瓜 22g,犬、貓,零食,自力耕生股份有限公司,臺灣,無,無,2,2025-10-30T00:00:00,2025,10,2026-01-05T10:28:33.533,,104年1月至115年6月,1,,
4860,臺中市,,2025/10/30,【瑞威寵糧】全犬3號 海洋魚貝 舒敏護膚配方 4kg 好食小顆粒,犬、貓,乾糧,瑞威動物科技股份有限公司,臺灣,無,無,2,2025-10-30T00:00:00,2025,10,2026-01-05T10:28:33.533,,104年1月至115年6月,1,,
4860,臺中市,,2025/11/11,VEGDOG德國蔬狗 蔬食成犬主食利樂包 200G*10入,犬、貓,濕食,傑安答國際有限公司,德國,無,無,2,2025-11-11T00:00:00,2025,10,2026-01-05T10:28:33.533,,104年1月至115年6月,1,,
4860,臺中市,,2025/11/11,【嗨寵物們】小食獸 鮮嫩化骨雞腿 零食 零嘴,犬、貓,零食,嗨寵物們股份有限公司,臺灣,無,無,2,2025-11-11T00:00:00,2025,10,2026-01-05T10:28:33.533,,104年1月至115年6月,1,,
4860,臺中市,,2025/11/11,【喵食喵事】滴雞精肉泥-鮮嫩七星鱸健康版14g 貓狗可食/台灣製造//犬貓適用/無添加,犬、貓,零食,美利食材有限公司,臺灣,無,無,2,2025-11-11T00:00:00,2025,10,2026-01-05T10:28:33.533,,104年1月至115年6月,1,,
4860,臺中市,,2025/11/11,香港品牌｜毛肉毛求｜低溫烤烘原肉零食系列｜【貓狗適合】,犬、貓,零食,毛肉毛求有限公司,臺灣,無,無,2,2025-11-11T00:00:00,2025,10,2026-01-05T10:28:33.533,,104年1月至115年6月,1,,
4860,臺中市,,2025/11/11,*COCO*香饌零食《膠原牛筋絲150g》紐澳牧場系列犬用點心/訓練零食/耐嚼狗零食,犬,零食,茂捷有限公司,臺灣,無,無,2,2025-11-11T00:00:00,2025,10,2026-01-05T10:28:33.533,,104年1月至115年6月,1,,
4860,臺中市,,2025/11/11,GreenPetfood德國綠自然低敏成犬飼料（紅扁豆、馬鈴薯、昆蟲蛋白、昆蟲蛋白＋大米）900g 素食狗飼料 素食狗,犬,乾飼糧,傑安答國際有限公司,德國,無,無,2,2025-11-11T00:00:00,2025,10,2026-01-05T10:28:33.533,,104年1月至115年6月,1,,
4860,臺中市,,2025/11/11,【派比樂寵物鮮食】白芝麻雞肉鬆 90g 拌飯神器 隨口包/另有販賣20g小包裝 純肉製成 寵物零食 貓狗零食,犬、貓,零食,飯島生技股份有限公司,臺灣,無,無,2,2025-11-11T00:00:00,2025,10,2026-01-05T10:28:33.533,,104年1月至115年6月,1,,
4860,高雄市,WP031,2025/10/08,猋罐頭-牛肉(AU),犬,罐頭,雍立貿易股份有限公司,澳洲,無,無,6,2025-10-08T00:00:00,2025,10,2026-01-05T10:28:33.533,,104年1月至115年6月,1,,
4860,高雄市,WP032,2025/10/08,火雞鮮味角燒大餐,犬,罐頭,沛特國際股份有限公司,泰國,產品標示有誤,移請新北市卓處,6,2025-10-08T00:00:00,2025,10,2026-01-05T10:28:33.533,,104年1月至115年6月,1,,
4860,高雄市,WP033,2025/10/08,國產雞-炙燒雞柳條 100g,犬,零食,東翔實業股份有限公司,日本,產品標示有誤,移請臺北市卓處,6,2025-10-08T00:00:00,2025,10,2026-01-05T10:28:33.533,,104年1月至115年6月,1,,
4860,高雄市,WP034,2025/10/08,馳走-國產牛肉長條 160g,犬,零食,東翔實業股份有限公司,日本,無,無,6,2025-10-08T00:00:00,2025,10,2026-01-05T10:28:33.533,,104年1月至115年6月,1,,
4860,高雄市,,2025/10/08,銀湯匙三星美食喵湯匙肉泥鮪魚鰹魚兩口味,貓,零食,嬌聯股份有限公司,泰國,產品標示有誤,移請新北市卓處,6,2025-10-08T00:00:00,2025,10,2026-01-05T10:28:33.533,,104年1月至115年6月,1,,
4860,高雄市,,2025/10/08,營養夾心雞肉條(心血管保健配方),犬,零食,珍食堡實業股份有限公司,越南,無,無,6,2025-10-08T00:00:00,2025,10,2026-01-05T10:28:33.533,,104年1月至115年6月,1,,
4860,高雄市,,2025/10/08,小小肉泥柴魚綜合口味,貓,零食,艾澌克企業股份有限公司,日本,產品未申報,通知業者限期改善,6,2025-10-08T00:00:00,2025,10,2026-01-05T10:28:33.533,,104年1月至115年6月,1,,
4860,高雄市,,2025/10/14,"NAS Omega 3, 6 & 9鱈魚肝油",犬、貓,補助食品,立健寵愛商行,澳洲,無,無,6,2025-10-14T00:00:00,2025,10,2026-01-05T10:28:33.533,,104年1月至115年6月,1,,
4860,高雄市,,2025/10/14,Yumove 加強版軟咀嚼片 180顆 犬用,犬,補助食品,立健寵愛商行,英國,無,無,6,2025-10-14T00:00:00,2025,10,2026-01-05T10:28:33.533,,104年1月至115年6月,1,,
4860,高雄市,,2025/10/14,YuMOVE 犬用關節錠 Senior版 240錠,犬,補助食品,立健寵愛商行,英國,無,無,6,2025-10-14T00:00:00,2025,10,2026-01-05T10:28:33.533,,104年1月至115年6月,1,,
4860,高雄市,,2025/10/14,日本全藥 泌尿營養加強錠,犬、貓,補助食品,立健寵愛商行,日本,無,無,6,2025-10-14T00:00:00,2025,10,2026-01-05T10:28:33.533,,104年1月至115年6月,1,,
4860,高雄市,,2025/10/14,日本專科皮膚魚油 OMEGA3 蝦紅素 寵物營養保健,犬、貓,補助食品,立健寵愛商行,日本,無,無,6,2025-10-14T00:00:00,2025,10,2026-01-05T10:28:33.533,,104年1月至115年6月,1,,
4860,高雄市,,2025/10/14,Antinol 安適得 60顆-紐西蘭版 貓,貓,補助食品,哈囉佩特商行,紐西蘭,無,無,6,2025-10-14T00:00:00,2025,10,2026-01-05T10:28:33.533,,104年1月至115年6月,1,,
4860,高雄市,,2025/10/14,Protexin 貓泌尿道保健膠囊,貓,補助食品,哈囉佩特商行,英國,無,無,6,2025-10-14T00:00:00,2025,10,2026-01-05T10:28:33.533,,104年1月至115年6月,1,,
4860,高雄市,,2025/10/14,Protexin 寵物腸道保健益生菌膠囊,犬、貓,補助食品,哈囉佩特商行,英國,無,無,6,2025-10-14T00:00:00,2025,10,2026-01-05T10:28:33.533,,104年1月至115年6月,1,,
4860,高雄市,,2025/10/14,日本 Parasol 肌關大師錠 犬貓關節保養,犬、貓,補助食品,哈囉佩特商行,日本,無,無,6,2025-10-14T00:00:00,2025,10,2026-01-05T10:28:33.533,,104年1月至115年6月,1,,
4860,高雄市,,2025/10/14,Nutramax Dasuquin MSM 加強版 關節保健,犬,補助食品,哈囉佩特商行,美國,無,無,6,2025-10-14T00:00:00,2025,10,2026-01-05T10:28:33.533,,104年1月至115年6月,1,,
4860,高雄市,,2025/10/17,阿拉斯加鱈魚凍乾粒腸胃健康-全齡犬300g,犬,乾飼糧,珍荃有限公司,韓國,無,無,6,2025-10-17T00:00:00,2025,10,2026-01-05T10:28:33.533,,104年1月至115年6月,1,,
4860,高雄市,,2025/10/17,歐娜特無穀天然鮮肉糧多種魚化毛挑嘴,貓,乾飼糧,瀚揚國際企業有限公司,西班牙,無,無,6,2025-10-17T00:00:00,2025,10,2026-01-05T10:28:33.533,,104年1月至115年6月,1,,
4860,高雄市,,2025/10/17,貝節益,犬、貓,補助食品,圓融生物科技有限公司,日本,無,無,6,2025-10-17T00:00:00,2025,10,2026-01-05T10:28:33.533,,104年1月至115年6月,1,,
4860,桃園市,,2025/10/03,凍乾拌拌粉-蝦仁干貝,犬、貓 ,零食,嗨寵物們股份有限公司,臺灣,無,無,8,2025-10-03T00:00:00,2025,10,2026-01-05T10:28:33.533,,104年1月至115年6月,1,,
4860,桃園市,,2025/10/03, 咔嗞凍乾-日本生食干貝,犬、貓 ,零食,嗨寵物們股份有限公司,臺灣,無,無,8,2025-10-03T00:00:00,2025,10,2026-01-05T10:28:33.533,,104年1月至115年6月,1,,
4860,桃園市,,2025/10/09,AM無鹽無調味零食-鱈魚香絲袋裝,貓,零食,琦信企業有限公司,臺灣,無,無,8,2025-10-09T00:00:00,2025,10,2026-01-05T10:28:33.533,,104年1月至115年6月,1,,
4860,桃園市,,2025/10/09,小口食-薄烤雞肉片,貓,零食,琦信企業有限公司,臺灣,無,無,8,2025-10-09T00:00:00,2025,10,2026-01-05T10:28:33.533,,104年1月至115年6月,1,,
4860,桃園市,,2025/10/09,卡默-香Q牛切條,貓,零食,耐維滋寵物食品有限公司,臺灣,無,無,8,2025-10-09T00:00:00,2025,10,2026-01-05T10:28:33.533,,104年1月至115年6月,1,,
4860,桃園市,,2025/10/09,台灣牛肺片,犬,零食,寵物灶腳有限公司,臺灣,無,無,8,2025-10-09T00:00:00,2025,10,2026-01-05T10:28:33.533,,104年1月至115年6月,1,,
4860,桃園市,,2025/10/09,帕米爾-蔬菜雞肉絲,犬,零食,創奕貿易有限公司,臺灣,無,無,8,2025-10-09T00:00:00,2025,10,2026-01-05T10:28:33.533,,104年1月至115年6月,1,,
4860,桃園市,,2025/10/09,長靴貓-鱈魚凍乾肉鬆,貓,零食,瀚翔寵物有限公司,臺灣,無,無,8,2025-10-09T00:00:00,2025,10,2026-01-05T10:28:33.533,,104年1月至115年6月,1,,
4860,桃園市,,2025/10/09,柏斯女王主食包,貓,零食,鑫欣豐股份有限公司,德國,無,無,8,2025-10-09T00:00:00,2025,10,2026-01-05T10:28:33.533,,104年1月至115年6月,1,,
4860,桃園市,,2025/10/09,倆小丁-鮮魚丁X雞肉丁,犬、貓 ,零食,飛輪寵物有限公司,臺灣,無,無,8,2025-10-09T00:00:00,2025,10,2026-01-05T10:28:33.533,,104年1月至115年6月,1,,
4860,桃園市,,2025/10/09,原町燒肉-香烤美味雞胗,貓,零食,八犬國際行銷有限公司,臺灣,無,無,8,2025-10-09T00:00:00,2025,10,2026-01-05T10:28:33.533,,104年1月至115年6月,1,,
4860,桃園市,,2025/10/09,鮮烘骰子鹿,犬,零食,悠遊國際實業股份有限公司,臺灣,無,無,8,2025-10-09T00:00:00,2025,10,2026-01-05T10:28:33.533,,104年1月至115年6月,1,,
4860,桃園市,,2025/10/09,驕傲貓-雞肉丁凍乾,貓,零食,琦信企業股份有限公司,臺灣,無,無,8,2025-10-09T00:00:00,2025,10,2026-01-05T10:28:33.533,,104年1月至115年6月,1,,
4860,桃園市,,2025/10/13,怪獸部落 貓開胃慕斯主食罐 虱目魚鬼頭刀,貓,罐頭,牧羊人生技有限公司,臺灣,無,無,8,2025-10-13T00:00:00,2025,10,2026-01-05T10:28:33.533,,104年1月至115年6月,1,,
4860,桃園市,,2025/10/13,希爾思 成貓 口腔保健 雞肉特調食譜,貓,乾飼糧,台灣希爾思寵物營養品有限公司,美國,無,無,8,2025-10-13T00:00:00,2025,10,2026-01-05T10:28:33.533,,104年1月至115年6月,1,,
4860,桃園市,,2025/10/13,幼貓專用濕糧 K36W,貓,罐頭,台灣皇家寵物食品有限公司,奧地利,無,無,8,2025-10-13T00:00:00,2025,10,2026-01-05T10:28:33.533,,104年1月至115年6月,1,,
4860,桃園市,,2025/10/13,多納熟齡犬狗乾糧牛肉雞肉口味,犬,乾飼糧,寶榮寵物企業股份有限公司,臺灣,無,無,8,2025-10-13T00:00:00,2025,10,2026-01-05T10:28:33.533,,104年1月至115年6月,1,,
4860,桃園市,,2025/10/13,倍力 鮭魚甜薯低敏,犬,乾飼糧,保生實業股份有限公司,臺灣,無,無,8,2025-10-13T00:00:00,2025,10,2026-01-05T10:28:33.533,,104年1月至115年6月,1,,
4860,桃園市,,2025/10/13,新優格室內貓雞肉配方,貓,乾飼糧,艾澌克企業股份有限公司,美國,無,無,8,2025-10-13T00:00:00,2025,10,2026-01-05T10:28:33.533,,104年1月至115年6月,1,,
4860,桃園市,,2025/10/13,原點 健康體態低脂雞肉凍乾成貓配方,貓,乾飼糧,四季全球貿易股份有限公司,美國,無,無,8,2025-10-13T00:00:00,2025,10,2026-01-05T10:28:33.533,,104年1月至115年6月,1,,
4860,桃園市,,2025/10/13,原點 鮭魚低敏成貓配方,貓,乾飼糧,四季全球貿易股份有限公司,美國,無,無,8,2025-10-13T00:00:00,2025,10,2026-01-05T10:28:33.533,,104年1月至115年6月,1,,
4860,桃園市,,2025/10/13,鮮樂嚐 成幼貓 雞&鮭魚(營養化毛配方),貓,乾飼糧,保生實業股份有限公司,臺灣,無,無,8,2025-10-13T00:00:00,2025,10,2026-01-05T10:28:33.533,,104年1月至115年6月,1,,
4860,桃園市,,2025/10/13,驕傲貓貓犬共享鮭魚生肉凍乾主食餐,貓,零食,台灣愛邦仕實業股份有限公司,泰國,無,無,8,2025-10-13T00:00:00,2025,10,2026-01-05T10:28:33.533,,104年1月至115年6月,1,,
4860,桃園市,,2025/10/13,喜躍 經典原味香酥餅 60克,貓,零食,台灣雀巢股份有限公司,美國,無,無,8,2025-10-13T00:00:00,2025,10,2026-01-05T10:28:33.533,,104年1月至115年6月,1,,
4860,桃園市,,2025/10/14,汪喵星球貓用冷凍生食餐,貓,罐頭,自力耕生股份有限公司,臺灣,無,無,8,2025-10-14T00:00:00,2025,10,2026-01-05T10:28:33.533,,104年1月至115年6月,1,,
4860,桃園市,,2025/10/14,帕米爾-極鮮凍乾,貓,零食,自力耕生股份有限公司,臺灣,無,無,8,2025-10-14T00:00:00,2025,10,2026-01-05T10:28:33.533,,104年1月至115年6月,1,,
4860,桃園市,,2025/10/14,ParkCat無敵100%原肉凍乾-【豐富牛磺酸】台南虱目魚,犬、貓 ,零食,麗斯居有限公司,臺灣,無,無,8,2025-10-14T00:00:00,2025,10,2026-01-05T10:28:33.533,,104年1月至115年6月,1,,
4860,桃園市,,2025/10/14,汪喵星球貓用冷凍生食餐-櫻桃鴨,貓,罐頭,自力耕生股份有限公司,臺灣,無,無,8,2025-10-14T00:00:00,2025,10,2026-01-05T10:28:33.533,,104年1月至115年6月,1,,
4860,桃園市,,2025/10/14,汪洽普狗狗凍乾-阿拉斯加蝶魚,犬,零食,壹士達寵物有限公司,韓國,無保存方法及條件,發文函轉台南市,8,2025-10-14T00:00:00,2025,10,2026-01-05T10:28:33.533,,104年1月至115年6月,1,,
4860,桃園市,,2025/10/14,寵心出發-泥豪桑威爾．史泌虱,犬、貓 ,乾飼糧,慶宇生技有限公司,臺灣,無,無,8,2025-10-14T00:00:00,2025,10,2026-01-05T10:28:33.533,,104年1月至115年6月,1,,
4860,宜蘭縣,BP016,2025/10/14,"優格零穀全齡犬 五種魚配方 2.5lb
Toma Pro Five Fish Flavor & Peas Formula Grain Free Dog Food",犬,乾飼糧,艾澌克企業股份有限公司,加拿大,無,無,9,2025-10-14T00:00:00,2025,10,2026-01-05T10:28:33.533,,104年1月至115年6月,1,,
4860,宜蘭縣,BP017,2025/10/14,PETTY MAN 烘焙點心-水果夾心餅 (500g),犬,補助食品,王品寵物用品有限公司,荷蘭,無,無,9,2025-10-14T00:00:00,2025,10,2026-01-05T10:28:33.533,,104年1月至115年6月,1,,
4860,宜蘭縣,,2025/10/14,K-026 汪洽普 狗狗凍乾－蝶魚80g,犬、貓,零食,壹士達寵物有限公司,韓國,無,無,9,2025-10-14T00:00:00,2025,10,2026-01-05T10:28:33.533,,104年1月至115年6月,1,,
4860,宜蘭縣,,2025/10/14,富力鮮貓罐85克 鮪魚&蔬菜,貓,罐頭,雄騰國際有限公司,泰國,無,無,9,2025-10-14T00:00:00,2025,10,2026-01-05T10:28:33.533,,104年1月至115年6月,1,,
4860,宜蘭縣,,2025/10/14,"歐姆貓乳酸菌貽貝爆脆餅-袋裝
OM-344-0801",貓,零食,台灣愛邦仕實業股份有限公司,新加玻,無,無,9,2025-10-14T00:00:00,2025,10,2026-01-05T10:28:33.533,,104年1月至115年6月,1,,
4860,宜蘭縣,,2025/10/14,"歐格登(雞肉+鮭魚+蔬果)
ogden",犬,乾飼糧,弘將國際企業有限公司,臺灣,"該產品未申報不完全:
產品重量15kg與實際商品不符。","10/20通知業者限期改善

*10/27複查：已完成改善。",9,2025-10-14T00:00:00,2025,10,2026-01-05T10:28:33.533,,104年1月至115年6月,1,,
4860,宜蘭縣,,2025/10/14,"歐姆貓蜂王乳益生菌凍乾飼料-虱目魚
OM-39A-500F2",貓,乾飼糧,台灣愛邦仕實業股份有限公司,臺灣,無,無,9,2025-10-14T00:00:00,2025,10,2026-01-05T10:28:33.533,,104年1月至115年6月,1,,
4860,宜蘭縣,,2025/10/14,毛起來吃－毛孩每日健康賞－ 7歲+銀養好活力賞,犬、貓,補助食品,莫奧數位股份有限公司,臺灣,無,無,9,2025-10-14T00:00:00,2025,10,2026-01-05T10:28:33.533,,104年1月至115年6月,1,,
4860,宜蘭縣,,2025/10/14,Pet Best動物造形餅-牛奶+天然鈣,犬,零食,寵物百事達商行,臺灣,無,無,9,2025-10-14T00:00:00,2025,10,2026-01-05T10:28:33.533,,104年1月至115年6月,1,,
4860,宜蘭縣,,2025/10/14,奧茲原肉鮮凍乾(犬)鮪魚雞肉丁100g,犬,零食,柏宜斯寵物國際有限公司,臺灣,無,無,9,2025-10-14T00:00:00,2025,10,2026-01-05T10:28:33.533,,104年1月至115年6月,1,,
4860,新竹縣,,2025/11/10,葛莉思犬罐牛肉口味,犬,罐頭,福壽實業股份有限公司,泰國,無,無,10,2025-11-10T00:00:00,2025,10,2026-01-05T10:28:33.533,,104年1月至115年6月,1,,
4860,新竹縣,,2025/11/10,席瑞思貓食-鮪魚蟹肉口味1.5kg,貓,乾飼糧,福壽實業股份有限公司,臺灣,該產品已在申報網下架,函轉台中動保處,10,2025-11-10T00:00:00,2025,10,2026-01-05T10:28:33.533,,104年1月至115年6月,1,,
4860,新竹縣,,2025/11/10,席瑞思貓食-鮭魚明蝦口味1.5kg,貓,乾飼糧,福壽實業股份有限公司,臺灣,該產品未申報,函轉台中動保處,10,2025-11-10T00:00:00,2025,10,2026-01-05T10:28:33.533,,104年1月至115年6月,1,,
4860,新竹縣,,2025/11/10,寶路雞肉,犬,罐頭,台灣瑪氏股份有限公司,澳洲,無,無,10,2025-11-10T00:00:00,2025,10,2026-01-05T10:28:33.533,,104年1月至115年6月,1,,
4860,新竹縣,,2025/11/10,席瑞思貓食-鱈魚干貝風味1.5kg,犬,乾飼糧,福壽實業股份有限公司,臺灣,無,無,10,2025-11-10T00:00:00,2025,10,2026-01-05T10:28:33.533,,104年1月至115年6月,1,,
4860,新竹縣,,2025/11/13,優格零穀全齡貓 鮭魚配方 2.5lb,貓,乾飼糧,艾澌克企業股份有限公司,加拿大,無,無,10,2025-11-13T00:00:00,2025,10,2026-01-05T10:28:33.533,,104年1月至115年6月,1,,
4860,新竹縣,,2025/11/13,優格零穀全齡犬 羊肉鮭魚配方 5.5lb,犬,乾飼糧,艾澌克企業股份有限公司,加拿大,無,無,10,2025-11-13T00:00:00,2025,10,2026-01-05T10:28:33.533,,104年1月至115年6月,1,,
4860,新竹縣,,2025/11/13,3059 BHN 皇家臘腸成犬DSA 1.5KG,犬,乾飼糧,台灣皇家寵物食品有限公司,法國,無,無,10,2025-11-13T00:00:00,2025,10,2026-01-05T10:28:33.533,,104年1月至115年6月,1,,
4860,新竹縣,,2025/11/13,超越巔峰 無穀犬罐 - 雞肉+羊肉,犬,罐頭,王品寵物用品有限公司,泰國,無,無,10,2025-11-13T00:00:00,2025,10,2026-01-05T10:28:33.533,,104年1月至115年6月,1,,
4860,新竹縣,,2025/11/13,莫比自然食 雞肉&米 成貓化毛配方 1.5kg,貓,乾飼糧,博東客企業有限公司,美國,無,無,10,2025-11-13T00:00:00,2025,10,2026-01-05T10:28:33.533,,104年1月至115年6月,1,,
4860,苗栗縣,EP010,2025/10/15,西莎點心 主廚嚴選香軟牛肉切塊口味 100g,犬,零食,台灣瑪氏股份有限公司,日本,無,無,11,2025-10-15T00:00:00,2025,10,2026-01-05T10:28:33.533,,104年1月至115年6月,1,,
4860,苗栗縣,EP011,2025/10/15,Kent肯特犬罐-羊肉,犬,罐頭,王品寵物用品有限公司,奧地利,無,無,11,2025-10-15T00:00:00,2025,10,2026-01-05T10:28:33.533,,104年1月至115年6月,1,,
4860,苗栗縣,,2025/10/15,犬用Hello角切乳香牛奶塊100g,犬,零食,台灣多格漫商貿股份有限公司,日本,無,無,11,2025-10-15T00:00:00,2025,10,2026-01-05T10:28:33.533,,104年1月至115年6月,1,,
4860,苗栗縣,,2025/10/15,偉嘉 什錦珍味 雞肉、鮭魚(三文魚)及海藻湯汁口味四入裝 (70gx4)x20 ,貓,罐頭,台灣瑪氏股份有限公司,泰國,無,無,11,2025-10-15T00:00:00,2025,10,2026-01-05T10:28:33.533,,104年1月至115年6月,1,,
4860,苗栗縣,,2025/10/15,加好寶乾貓糧 - 化毛配方 1.5KG,貓,乾飼糧,好侶股份有限公司,泰國,無,無,11,2025-10-15T00:00:00,2025,10,2026-01-05T10:28:33.533,,104年1月至115年6月,1,,
4860,苗栗縣,,2025/10/17,自然牧場—紐西蘭天然零食—牛肉捲棒100g,犬,零食,茂捷有限公司,紐西蘭,無,無,11,2025-10-17T00:00:00,2025,10,2026-01-05T10:28:33.533,,104年1月至115年6月,1,,
4860,苗栗縣,,2025/10/28,F-102 比利夫成貓飼料－泌尿道保健配方 2.5KG,貓,乾糧,壹士達寵物有限公司,立陶宛, 「主要原料及添加物」申報與包裝標示不符,本所函請業者改善,11,2025-10-28T00:00:00,2025,10,2026-01-05T10:28:33.533,,104年1月至115年6月,1,,
4860,苗栗縣,,2025/10/30,保羅叔叔高級經濟貓糧-海鮮燕麥-114年,貓,乾飼糧,保生實業股份有限公司,臺灣,無,無,11,2025-10-30T00:00:00,2025,10,2026-01-05T10:28:33.533,,104年1月至115年6月,1,,
4860,苗栗縣,,2025/10/30,博士巧思-護膚亮毛保健配方,犬,乾飼糧,福壽實業股份有限公司,臺灣,無,無,11,2025-10-30T00:00:00,2025,10,2026-01-05T10:28:33.533,,104年1月至115年6月,1,,
4860,苗栗縣,,2025/10/30,優格鮮肉佐餐凍乾 雞肉+鮭魚 化毛輔助配方 60g,貓,零食,艾澌克企業股份有限公司,美國,無,無,11,2025-10-30T00:00:00,2025,10,2026-01-05T10:28:33.533,,104年1月至115年6月,1,,
4860,苗栗縣,,2025/10/30,燒肉工房#2 蜜汁香醇雞腿柳,犬,零食,艾澌克企業股份有限公司,美國,無,無,11,2025-10-30T00:00:00,2025,10,2026-01-05T10:28:33.533,,104年1月至115年6月,1,,
4860,苗栗縣,,2025/10/30,KI PAI肉肉食客 雞肉,犬,零食,崧曜國際有限公司,泰國,無,無,11,2025-10-30T00:00:00,2025,10,2026-01-05T10:28:33.533,,104年1月至115年6月,1,,
4860,彰化縣,GP023,2025/10/02,Rrannk機能主食罐-白身鮪魚+雞肉,貓,罐頭,統冠生活事業股份有限公司,泰國,無,無,12,2025-10-02T00:00:00,2025,10,2026-01-05T10:28:33.533,,104年1月至115年6月,1,,
4860,彰化縣,,2025/10/02,Rrannk機能主食罐-雞肉口味,貓,罐頭,統冠生活事業股份有限公司,泰國,無,無,12,2025-10-02T00:00:00,2025,10,2026-01-05T10:28:33.533,,104年1月至115年6月,1,,
4860,彰化縣,GP024,2025/10/02,口福-牛肉起士肉角,犬,零食,東翔實業股份有限公司,日本,無,無,12,2025-10-02T00:00:00,2025,10,2026-01-05T10:28:33.533,,104年1月至115年6月,1,,
4860,彰化縣,,2025/10/02,口福-起士雞肉角,犬,零食,東翔實業股份有限公司,日本,無,無,12,2025-10-02T00:00:00,2025,10,2026-01-05T10:28:33.533,,104年1月至115年6月,1,,
4860,彰化縣,,2025/10/14,CIAO 啾嚕肉泥- 下尿道保健配方 SC-105 (鮪魚口味)4p,貓,零食,喬治兄弟企業股份有限公司,日本,無,無,12,2025-10-14T00:00:00,2025,10,2026-01-05T10:28:33.533,,104年1月至115年6月,1,,
4860,彰化縣,,2025/10/14,CIAO 啾嚕肉泥 SC-177 (鮪魚&國產真鯛口味)4p,貓,零食,喬治兄弟企業股份有限公司,日本,無,無,12,2025-10-14T00:00:00,2025,10,2026-01-05T10:28:33.533,,104年1月至115年6月,1,,
4860,彰化縣,,2025/10/14,81343 犬用Hello角切起司塊 110g,犬,零食,台灣多格漫商貿股份有限公司,日本,無,無,12,2025-10-14T00:00:00,2025,10,2026-01-05T10:28:33.533,,104年1月至115年6月,1,,
4860,彰化縣,,2025/10/14,82020 Hello 角切低脂起司塊 100g,犬,零食,台灣多格漫商貿股份有限公司,日本,無,無,12,2025-10-14T00:00:00,2025,10,2026-01-05T10:28:33.533,,104年1月至115年6月,1,,
4860,彰化縣,,2025/10/14,81469 犬用Hello角切野菜起司塊100g,犬,零食,台灣多格漫商貿股份有限公司,日本,無,無,12,2025-10-14T00:00:00,2025,10,2026-01-05T10:28:33.533,,104年1月至115年6月,1,,
4860,彰化縣,,2025/10/14,82364 犬用紗雞肉泥(14gX4)-甜薯,犬,零食,台灣多格漫商貿股份有限公司,日本,無,無,12,2025-10-14T00:00:00,2025,10,2026-01-05T10:28:33.533,,104年1月至115年6月,1,,
4860,彰化縣,,2025/10/14,82361 犬用紗雞肉泥(14gX4)-野菜,犬,零食,台灣多格漫商貿股份有限公司,日本,無,無,12,2025-10-14T00:00:00,2025,10,2026-01-05T10:28:33.533,,104年1月至115年6月,1,,
4860,彰化縣,,2025/10/14,82360 犬用紗雞肉泥(14gX4)-原味,犬,零食,台灣多格漫商貿股份有限公司,日本,無,無,12,2025-10-14T00:00:00,2025,10,2026-01-05T10:28:33.533,,104年1月至115年6月,1,,
4860,彰化縣,,2025/10/14,E3咪芙(犬)好鮮餐包-鮪魚鱒魚濃湯75g,犬,罐頭,力高企業社,泰國,無,無,12,2025-10-14T00:00:00,2025,10,2026-01-05T10:28:33.533,,104年1月至115年6月,1,,
4860,彰化縣,,2025/10/14,P4咪芙(犬)好鮮餐包-鮭魚末雞肝馬鈴薯佐山羊奶75g,犬,罐頭,力高企業社,泰國,無,無,12,2025-10-14T00:00:00,2025,10,2026-01-05T10:28:33.533,,104年1月至115年6月,1,,
4860,彰化縣,,2025/10/14,P3咪芙(犬)好鮮餐包-鮪魚末雞肝馬鈴薯佐山羊奶75g,犬,罐頭,力高企業社,泰國,無,無,12,2025-10-14T00:00:00,2025,10,2026-01-05T10:28:33.533,,104年1月至115年6月,1,,
4860,彰化縣,,2025/10/14,P2咪芙(犬)好鮮餐包-雞肉末雞肝馬鈴薯佐山羊奶75g,犬,罐頭,力高企業社,泰國,無,無,12,2025-10-14T00:00:00,2025,10,2026-01-05T10:28:33.533,,104年1月至115年6月,1,,
4860,彰化縣,,2025/10/14,德國柏肯特主食 鮮肉包-火雞肉,犬,罐頭,麥可貿易有限公司,德國,無,無,12,2025-10-14T00:00:00,2025,10,2026-01-05T10:28:33.533,,104年1月至115年6月,1,,
4860,彰化縣,,2025/10/14,德國柏肯特主食 鮮肉包-鹿肉,犬,罐頭,麥可貿易有限公司,德國,無,無,12,2025-10-14T00:00:00,2025,10,2026-01-05T10:28:33.533,,104年1月至115年6月,1,,
4860,彰化縣,,2025/10/14,德國柏肯特主食 鮮肉包-鴨肉,犬,罐頭,麥可貿易有限公司,德國,無,無,12,2025-10-14T00:00:00,2025,10,2026-01-05T10:28:33.533,,104年1月至115年6月,1,,
4860,彰化縣,,2025/10/14,德國柏肯特主食 鮮肉包-兔肉,犬,罐頭,麥可貿易有限公司,德國,"本項商品部分產品,未依規定標示中文說明",彰動防字第1140005522號發文給業者限期改善,12,2025-10-14T00:00:00,2025,10,2026-01-05T10:28:33.533,,104年1月至115年6月,1,,
4860,彰化縣,,2025/10/14,瑪恩吉 Grill炙燒肉塊 無穀主食犬餐包 成犬(豬肉),犬,罐頭,柏希菲克股份有限公司,義大利,無,無,12,2025-10-14T00:00:00,2025,10,2026-01-05T10:28:33.533,,104年1月至115年6月,1,,
4860,彰化縣,,2025/10/14,瑪恩吉 Grill炙燒肉塊 無穀主食犬餐包 成犬(雞肉+火雞肉),犬,罐頭,柏希菲克股份有限公司,義大利,無,無,12,2025-10-14T00:00:00,2025,10,2026-01-05T10:28:33.533,,104年1月至115年6月,1,,
4860,彰化縣,,2025/10/14,瑪恩吉 Grill炙燒肉塊 無穀主食犬餐包 成犬(鱈魚),犬,罐頭,柏希菲克股份有限公司,義大利,無,無,12,2025-10-14T00:00:00,2025,10,2026-01-05T10:28:33.533,,104年1月至115年6月,1,,
4860,彰化縣,,2025/10/27,奧沛貓用腸沛錠,貓,補助食品,騰勢股份有限公司,日本,無,無,12,2025-10-27T00:00:00,2025,10,2026-01-05T10:28:33.533,,104年1月至115年6月,1,,
4860,彰化縣,,2025/10/27,木入森 好眼力 60粒,犬,補助食品,仁和生物科技股份有限公司,臺灣,無,無,12,2025-10-27T00:00:00,2025,10,2026-01-05T10:28:33.533,,104年1月至115年6月,1,,
4860,彰化縣,,2025/10/27,SN-OD-02【心寵】全齡犬糧水解鮭魚| 腸胃保健食譜2kg,犬,乾飼糧,廣湛有限公司,韓國,無,無,12,2025-10-27T00:00:00,2025,10,2026-01-05T10:28:33.533,,104年1月至115年6月,1,,
4860,彰化縣,,2025/10/27,PM-FN-02【派莫】原獵生食_凍乾主食磚(貓用)_雞肉&鮭魚,貓,乾飼糧,廣湛有限公司,美國,無,無,12,2025-10-27T00:00:00,2025,10,2026-01-05T10:28:33.533,,104年1月至115年6月,1,,
4860,彰化縣,,2025/10/28,超越巔峰 無穀犬罐 - 雞肉+牛肉,犬,罐頭,王品寵物用品有限公司,泰國,無,無,12,2025-10-28T00:00:00,2025,10,2026-01-05T10:28:33.533,,104年1月至115年6月,1,,
4860,彰化縣,,2025/10/28,毛孩時代95%頂級深海魚油,犬、貓,補助食品,騰勢股份有限公司,臺灣,無,無,12,2025-10-28T00:00:00,2025,10,2026-01-05T10:28:33.533,,104年1月至115年6月,1,,
4860,彰化縣,,2025/10/28,ZE-PM-380　ZEAL真致 紐西蘭犬貓專用鮮乳 (不含乳糖),犬、貓,補助食品,嵩颺有限公司,紐西蘭,無,無,12,2025-10-28T00:00:00,2025,10,2026-01-05T10:28:33.533,,104年1月至115年6月,1,,
4860,南投縣,,2025/10/14,汪喵星球－無膠慢燉純湯罐：鮮甜鰹魚湯 80g,犬、貓,罐頭,自力耕生股份有限公司,臺灣,無,無,13,2025-10-14T00:00:00,2025,10,2026-01-05T10:28:33.533,,104年1月至115年6月,1,,
4860,南投縣,,2025/10/14,ZE-PM-380　ZEAL真致 紐西蘭犬貓專用鮮乳 (不含乳糖),犬、貓,補助食品,嵩颺有限公司,紐西蘭,無,無,13,2025-10-14T00:00:00,2025,10,2026-01-05T10:28:33.533,,104年1月至115年6月,1,,
4860,南投縣,,2025/10/14,"KIRKLAND SIGNATURE特級成犬乾狗糧 羊肉,米,蔬菜配方",犬,乾飼糧,好市多股份有限公司,美國,無,無,13,2025-10-14T00:00:00,2025,10,2026-01-05T10:28:33.533,,104年1月至115年6月,1,,
4860,南投縣,,2025/10/14,ADD-79922　ADD自然癮食 藍鮭魚　無穀全齡貓,貓,乾飼糧,聯享寵物貿易有限公司,紐西蘭,無,無,13,2025-10-14T00:00:00,2025,10,2026-01-05T10:28:33.533,,104年1月至115年6月,1,,
4860,南投縣,,2025/10/14,CIAO啾嚕管狀肉泥-鮪魚&化毛照護,貓,零食,臺灣生活良好國際股份有限公司,日本,無,無,13,2025-10-14T00:00:00,2025,10,2026-01-05T10:28:33.533,,104年1月至115年6月,1,,
4860,南投縣,,2025/10/14,CIAO啾嚕管狀肉泥-鮪魚&化毛照護,貓,零食,臺灣生活良好國際股份有限公司,日本,無,無,13,2025-10-14T00:00:00,2025,10,2026-01-05T10:28:33.533,,104年1月至115年6月,1,,
4860,南投縣,,2025/10/22,"O,Bli! 噢，比利！軟式潔牙骨 - 清爽藍莓+酸甜蔓越莓(犬用)",犬,零食,品果國際行銷有限公司,韓國,無,無,13,2025-10-22T00:00:00,2025,10,2026-01-05T10:28:33.533,,104年1月至115年6月,1,,
4860,南投縣,,2025/10/22,唯寶機能潔牙餅-泌尿道保健配方,貓,零食,原野國際行銷有限公司,泰國,無,無,13,2025-10-22T00:00:00,2025,10,2026-01-05T10:28:33.533,,104年1月至115年6月,1,,
4860,南投縣,,2025/10/22,ZEAL真致天然風乾零食-鹿小腿,犬、貓 ,零食,嵩颺有限公司,紐西蘭,無,無,13,2025-10-22T00:00:00,2025,10,2026-01-05T10:28:33.533,,104年1月至115年6月,1,,
4860,南投縣,,2025/10/22,LBD-3014-囍碗無穀天然糧-全齡犬-鮭魚&雪蟹,犬,乾飼糧,聯誠寵物有限公司,加拿大,無,無,13,2025-10-22T00:00:00,2025,10,2026-01-05T10:28:33.533,,104年1月至115年6月,1,,
4860,南投縣,,2025/10/22,新歡-純享低敏犬罐-1號溫和雞肉,犬,罐頭,裕昌寵物有限公司,德國,無,無,13,2025-10-22T00:00:00,2025,10,2026-01-05T10:28:33.533,,104年1月至115年6月,1,,
4860,南投縣,,2025/10/22,日本Sunrise NaturaHa無榖鮪魚+竹筴魚主食餐包-喵樂事,貓,罐頭,勤翔國際股份有限公司,越南,無,無,13,2025-10-22T00:00:00,2025,10,2026-01-05T10:28:33.533,,104年1月至115年6月,1,,
4860,南投縣,,2025/10/22,歐力化毛主食罐-鮪魚＋鯷魚＋低升糖燕麥OW32239,貓,罐頭,珍荃有限公司,韓國,無,無,13,2025-10-22T00:00:00,2025,10,2026-01-05T10:28:33.533,,104年1月至115年6月,1,,
4860,南投縣,,2025/10/22,愛肯拿室內開胃貓 雞肉鯡魚+蔓越莓(分裝包) 750g,貓,乾飼糧,綠毛果文創有限公司,加拿大,無,無,13,2025-10-22T00:00:00,2025,10,2026-01-05T10:28:33.533,,104年1月至115年6月,1,,
4860,雲林縣,,2025/10/09,狗老大-寵物零食-鴨筋,犬,零食,拍平方貿易有限公司,臺灣,無,無,14,2025-10-09T00:00:00,2025,10,2026-01-05T10:28:33.533,,104年1月至115年6月,1,,
4860,雲林縣,,2025/10/15,好利德NO.3,犬、貓,補助食品,合台生化股份有限公司,臺灣,包裝營養標示與申報網不符、包裝無原料成分及有效日期或製造日期標示涉及違法動保法第22條之5；另50片裝規格產品無申報資料，已涉及違反同法第22條之3。,依同法第29條第1項第8款及第31條第1項第10款規定請該公司限期完成改善並以公文檢附完成改善證明文件至本所。,14,2025-10-15T00:00:00,2025,10,2026-01-05T10:28:33.533,,104年1月至115年6月,1,,
4860,雲林縣,,2025/10/20,耐嚼行潔牙棒-牛肉風味,犬,潔牙骨,竣百有限公司,泰國,無,無,14,2025-10-20T00:00:00,2025,10,2026-01-05T10:28:33.533,,104年1月至115年6月,1,,
4860,雲林縣,IP015,2025/10/20,My Tail愛貓餐罐（鮪魚+南瓜）,貓,罐頭,台灣惜時有限公司,泰國,無,無,14,2025-10-20T00:00:00,2025,10,2026-01-05T10:28:33.533,,104年1月至115年6月,1,,
4860,雲林縣,IP016,2025/10/27,寶路雞肉400GX24,犬,罐頭,台灣瑪氏股份有限公司,澳洲,無,無,14,2025-10-27T00:00:00,2025,10,2026-01-05T10:28:33.533,,104年1月至115年6月,1,,
4860,雲林縣,IP017,2025/10/27,Kent肯特犬罐-羊肉口味,犬,罐頭,王品寵物用品有限公司,奧地利,無,無,14,2025-10-27T00:00:00,2025,10,2026-01-05T10:28:33.533,,104年1月至115年6月,1,,
4860,雲林縣,,2025/10/27,Mr.Bone潔牙骨360g-蘋果+蜂蜜,犬,潔牙骨,品果國際行銷有限公司,新加坡,無,無,14,2025-10-27T00:00:00,2025,10,2026-01-05T10:28:33.533,,104年1月至115年6月,1,,
4860,雲林縣,,2025/10/27,蔬菜牛肉條,犬,零食,朋生國際有限公司,臺灣,無,無,14,2025-10-27T00:00:00,2025,10,2026-01-05T10:28:33.533,,104年1月至115年6月,1,,
4860,雲林縣,,2025/10/27,貓咪海陸派對主食罐-鰹魚雞80g,貓,罐頭,飛輪寵物有限公司,臺灣,無,無,14,2025-10-27T00:00:00,2025,10,2026-01-05T10:28:33.533,,104年1月至115年6月,1,,
4860,雲林縣,,2025/10/27,WELLNESS寵物健康CORE無穀小型成犬低卡新鮮火雞肉,犬,乾飼糧,逸寶國際股份有限公司,美國,無,無,14,2025-10-27T00:00:00,2025,10,2026-01-05T10:28:33.533,,104年1月至115年6月,1,,
4860,雲林縣,,2025/10/27,法國皇家小型幼犬專用飼料（MNP）,犬,乾飼糧,台灣皇家寵物食品有限公司,韓國,無,無,14,2025-10-27T00:00:00,2025,10,2026-01-05T10:28:33.533,,104年1月至115年6月,1,,
4860,雲林縣,,2025/10/27,老北A腿,犬、貓,零食,水膜婗有限公司,臺灣,無,無,14,2025-10-27T00:00:00,2025,10,2026-01-05T10:28:33.533,,104年1月至115年6月,1,,
4860,嘉義縣,,2025/10/28,耐嚼型潔牙棒-雞肉風味,犬,零食,竣百有限公司,泰國,無,無,15,2025-10-28T00:00:00,2025,10,2026-01-05T10:28:33.533,,104年1月至115年6月,1,,
4860,嘉義縣,,2025/10/28,啾嚕肉泥-鰹魚,貓,零食,臺灣生活良好國際股份有限公司,日本,無,無,15,2025-10-28T00:00:00,2025,10,2026-01-05T10:28:33.533,,104年1月至115年6月,1,,
4860,嘉義縣,,2025/10/28,啾嚕肉泥-鰹魚,貓,零食,臺灣生活良好國際股份有限公司,日本,無,無,15,2025-10-28T00:00:00,2025,10,2026-01-05T10:28:33.533,,104年1月至115年6月,1,,
4860,嘉義縣,,2025/10/28,啾嚕迷你捲心塊(鮪魚+干貝),貓,零食,強普股份有限公司,日本,無,無,15,2025-10-28T00:00:00,2025,10,2026-01-05T10:28:33.533,,104年1月至115年6月,1,,
4860,嘉義縣,,2025/10/28,加好寶乾貓糧-海鮮口味,貓,乾飼糧,好侶股份有限公司,泰國,無,無,15,2025-10-28T00:00:00,2025,10,2026-01-05T10:28:33.533,,104年1月至115年6月,1,,
4860,嘉義縣,,2025/10/28,葛莉思貓罐-鮪魚沙丁魚,貓,罐頭,福壽實業股份有限公司,泰國,無,無,15,2025-10-28T00:00:00,2025,10,2026-01-05T10:28:33.533,,104年1月至115年6月,1,,
4860,嘉義縣,,2025/10/28,脆迪雞肉棒棒糖,貓,零食,台野畜產有限公司,臺灣,無,無,15,2025-10-28T00:00:00,2025,10,2026-01-05T10:28:33.533,,104年1月至115年6月,1,,
4860,嘉義縣,,2025/10/28,貓犬專用情緒美麗好心情,犬、貓,補充品,全能營養技術股份有限公司,臺灣,無,無,15,2025-10-28T00:00:00,2025,10,2026-01-05T10:28:33.533,,104年1月至115年6月,1,,
4860,嘉義縣,,2025/10/28,咕咕鱉香鬆,犬、貓,零食,食尚好國際企業有限公司,臺灣,無,無,15,2025-10-28T00:00:00,2025,10,2026-01-05T10:28:33.533,,104年1月至115年6月,1,,
4860,嘉義縣,,2025/10/28,耐吉斯E13能量海陸餐-全齡貓配方,貓,乾飼糧,艾澌克企業股份有限公司,美國,無,無,15,2025-10-28T00:00:00,2025,10,2026-01-05T10:28:33.533,,104年1月至115年6月,1,,
4860,嘉義縣,,2025/10/28,毛孩舟舟-尬麻貓薄荷花苞,貓,補助食品,巴斯企業社,臺灣,無,無,15,2025-10-28T00:00:00,2025,10,2026-01-05T10:28:33.533,,104年1月至115年6月,1,,
4860,屏東縣,,2025/10/02,ruff.系列 低敏鹿肉條,犬,零食,松宇國際事務有限公司,臺灣,未依規定申報,已於114年10月8日以屏府農動字第1140271543號函限期於114年10月16日前完成改善(10月16日複查，已完成申報)。,16,2025-10-02T00:00:00,2025,10,2026-01-05T10:28:33.533,,104年1月至115年6月,1,,
4860,屏東縣,,2025/10/02,ruff.系列 炙燒鱈魚條,犬,零食,松宇國際事務有限公司,臺灣,未依規定申報,已於114年10月8日以屏府農動字第1140271543號函限期於114年10月16日前完成改善(10月16日複查，已完成申報)。,16,2025-10-02T00:00:00,2025,10,2026-01-05T10:28:33.533,,104年1月至115年6月,1,,
4860,屏東縣,,2025/10/02,ruff.系列 南瓜雞肉捲,犬,零食,松宇國際事務有限公司,臺灣,未依規定申報,已於114年10月8日以屏府農動字第1140271543號函限期於114年10月16日前完成改善(10月16日複查，已完成申報)。,16,2025-10-02T00:00:00,2025,10,2026-01-05T10:28:33.533,,104年1月至115年6月,1,,
4860,屏東縣,,2025/10/02,ruff.系列 柳葉魚凍乾,犬,零食,松宇國際事務有限公司,臺灣,未依規定申報,已於114年10月8日以屏府農動字第1140271543號函限期於114年10月16日前完成改善(10月16日複查，已完成申報)。,16,2025-10-02T00:00:00,2025,10,2026-01-05T10:28:33.533,,104年1月至115年6月,1,,
4860,屏東縣,,2025/10/02,ruff.系列 雞蛋黃凍乾,犬,零食,松宇國際事務有限公司,臺灣,未依規定申報,已於114年10月8日以屏府農動字第1140271543號函限期於114年10月16日前完成改善(10月16日複查，已完成申報)。,16,2025-10-02T00:00:00,2025,10,2026-01-05T10:28:33.533,,104年1月至115年6月,1,,
4860,屏東縣,,2025/10/02,ruff.系列 雞胸丁凍乾,犬,零食,松宇國際事務有限公司,臺灣,未依規定申報,已於114年10月8日以屏府農動字第1140271543號函限期於114年10月16日前完成改善(10月16日複查，已完成申報)。,16,2025-10-02T00:00:00,2025,10,2026-01-05T10:28:33.533,,104年1月至115年6月,1,,
4860,屏東縣,,2025/10/02,ruff.系列 雞裡機凍乾,犬,零食,松宇國際事務有限公司,臺灣,未依規定申報,已於114年10月8日以屏府農動字第1140271543號函限期於114年10月16日前完成改善(10月16日複查，已完成申報)。,16,2025-10-02T00:00:00,2025,10,2026-01-05T10:28:33.533,,104年1月至115年6月,1,,
4860,屏東縣,,2025/10/02,ruff.系列 亞麻籽雞餅乾,犬,零食,松宇國際事務有限公司,臺灣,未依規定申報,已於114年10月8日以屏府農動字第1140271543號函限期於114年10月16日前完成改善(10月16日複查，已完成申報)。,16,2025-10-02T00:00:00,2025,10,2026-01-05T10:28:33.533,,104年1月至115年6月,1,,
4860,屏東縣,,2025/10/02,ruff.系列 原塊牛腱片,犬,零食,松宇國際事務有限公司,臺灣,未依規定申報,已於114年10月8日以屏府農動字第1140271543號函限期於114年10月16日前完成改善(10月16日複查，已完成申報)。,16,2025-10-02T00:00:00,2025,10,2026-01-05T10:28:33.533,,104年1月至115年6月,1,,
4860,屏東縣,,2025/10/02,ruff.系列 卡滋雞柳條,犬,零食,松宇國際事務有限公司,臺灣,無,無,16,2025-10-02T00:00:00,2025,10,2026-01-05T10:28:33.533,,104年1月至115年6月,1,,
4860,屏東縣,,2025/10/02,ruff.系列 火烤雞脆片,犬,零食,松宇國際事務有限公司,臺灣,無,無,16,2025-10-02T00:00:00,2025,10,2026-01-05T10:28:33.533,,104年1月至115年6月,1,,
4860,屏東縣,,2025/10/02,ruff.系列 蛋白雞薯條,犬,零食,松宇國際事務有限公司,臺灣,無,無,16,2025-10-02T00:00:00,2025,10,2026-01-05T10:28:33.533,,104年1月至115年6月,1,,
4860,屏東縣,,2025/10/02,ruff.系列 原味土雞冠,犬,零食,松宇國際事務有限公司,臺灣,無,無,16,2025-10-02T00:00:00,2025,10,2026-01-05T10:28:33.533,,104年1月至115年6月,1,,
4860,屏東縣,,2025/10/02,ruff.系列 低脂嫩雞條,犬,零食,松宇國際事務有限公司,臺灣,未依規定申報,已於114年10月8日以屏府農動字第1140271543號函限期於114年10月16日前完成改善(10月16日複查，已完成申報)。,16,2025-10-02T00:00:00,2025,10,2026-01-05T10:28:33.533,,104年1月至115年6月,1,,
4860,屏東縣,,2025/10/02,ruff.系列 蛋白雞肉捲,犬,零食,松宇國際事務有限公司,臺灣,未依規定申報,已於114年10月8日以屏府農動字第1140271543號函限期於114年10月16日前完成改善(10月16日複查，已完成申報)。,16,2025-10-02T00:00:00,2025,10,2026-01-05T10:28:33.533,,104年1月至115年6月,1,,
4860,屏東縣,,2025/10/02,ruff.系列 羊咩串燒捲,犬,零食,松宇國際事務有限公司,臺灣,無,無,16,2025-10-02T00:00:00,2025,10,2026-01-05T10:28:33.533,,104年1月至115年6月,1,,
4860,屏東縣,,2025/10/02,ruff.系列 彈牙牛肉丸,犬,零食,松宇國際事務有限公司,臺灣,無,無,16,2025-10-02T00:00:00,2025,10,2026-01-05T10:28:33.533,,104年1月至115年6月,1,,
4860,屏東縣,,2025/10/02,ruff.系列 純鮭魚鬆鬆,犬,零食,松宇國際事務有限公司,臺灣,未依規定申報,已於114年10月8日以屏府農動字第1140271543號函限期於114年10月16日前完成改善(10月16日複查，已完成申報)。,16,2025-10-02T00:00:00,2025,10,2026-01-05T10:28:33.533,,104年1月至115年6月,1,,
4860,屏東縣,,2025/10/02,ruff.系列 純粹牛肉條,犬,零食,松宇國際事務有限公司,臺灣,未依規定申報,已於114年10月8日以屏府農動字第1140271543號函限期於114年10月16日前完成改善(10月16日複查，已完成申報)。,16,2025-10-02T00:00:00,2025,10,2026-01-05T10:28:33.533,,104年1月至115年6月,1,,
4860,屏東縣,,2025/10/02,ruff.系列 純雞肉鬆鬆,犬,零食,松宇國際事務有限公司,臺灣,未依規定申報,已於114年10月8日以屏府農動字第1140271543號函限期於114年10月16日前完成改善(10月16日複查，已完成申報)。,16,2025-10-02T00:00:00,2025,10,2026-01-05T10:28:33.533,,104年1月至115年6月,1,,
4860,屏東縣,,2025/10/02,ruff.系列 羊咩厚肉乾,犬,零食,松宇國際事務有限公司,臺灣,未依規定申報,已於114年10月8日以屏府農動字第1140271543號函限期於114年10月16日前完成改善(10月16日複查，已完成申報)。,16,2025-10-02T00:00:00,2025,10,2026-01-05T10:28:33.533,,104年1月至115年6月,1,,
4860,屏東縣,MP025,2025/10/09,BISCAL 必吃客 消臭餅乾300g,犬,零食,韋民企業股份有限公司,日本,製造商資訊標示不全,經查進口商公司登記地址位於新北市，本府已於114年10月14日以屏府農動字第1140277812號函移請新北市政府動物保護防疫處依規定查處,16,2025-10-09T00:00:00,2025,10,2026-01-05T10:28:33.533,,104年1月至115年6月,1,,
4860,屏東縣,,2025/10/13,肉食獸-大貓配方,貓,生鮮、冷凍,新武國際有限公司,紐西蘭,無,無,16,2025-10-13T00:00:00,2025,10,2026-01-05T10:28:33.533,,104年1月至115年6月,1,,
4860,屏東縣,,2025/10/13,黑標,犬,生鮮、冷凍,新武國際有限公司,紐西蘭,無,無,16,2025-10-13T00:00:00,2025,10,2026-01-05T10:28:33.533,,104年1月至115年6月,1,,
4860,屏東縣,,2025/10/14,貓咪主食糧-鮮雞鱈魚15kg,貓,乾飼糧,食寵町國際企業有限公司,臺灣,無,無,16,2025-10-14T00:00:00,2025,10,2026-01-05T10:28:33.533,,104年1月至115年6月,1,,
4860,屏東縣,,2025/10/14,犬貓好泌尿保健營養粉,犬、貓,補助食品,食尚好國際企業有限公司,臺灣,無,無,16,2025-10-14T00:00:00,2025,10,2026-01-05T10:28:33.533,,104年1月至115年6月,1,,
4860,屏東縣,,2025/10/15,纖嚼 無穀健齒棒 S號(酪梨)-150g,犬,潔牙骨,奧也股份有限公司,新加坡,無,無,16,2025-10-15T00:00:00,2025,10,2026-01-05T10:28:33.533,,104年1月至115年6月,1,,
4860,屏東縣,,2025/10/15,CAIO啾嚕迷你肉泥夾心捲 CS-174(雞肉口味),貓,零食,喬治兄弟企業股份有限公司,日本,無,無,16,2025-10-15T00:00:00,2025,10,2026-01-05T10:28:33.533,,104年1月至115年6月,1,,
4860,屏東縣,,2025/10/15,AIXIA愛喜雅系列 免疫力餐包3號-雞泥狀,貓,零食,東盈實業股份有限公司,泰國,無,無,16,2025-10-15T00:00:00,2025,10,2026-01-05T10:28:33.533,,104年1月至115年6月,1,,
4860,屏東縣,,2025/10/15,AIXIA愛喜雅系列 健康8號軟包-尿路,貓,零食,東盈實業股份有限公司,泰國,無,無,16,2025-10-15T00:00:00,2025,10,2026-01-05T10:28:33.533,,104年1月至115年6月,1,,
4860,屏東縣,,2025/10/15,德國竣寶-顧眼護心牛磺酸營養膏,貓,補助食品,八犬國際行銷有限公司,德國,無,無,16,2025-10-15T00:00:00,2025,10,2026-01-05T10:28:33.533,,104年1月至115年6月,1,,
4860,屏東縣,,2025/10/22,帶毛兔腳,犬、貓,零食,製造個人業者-王湘棉,臺灣,申報資訊不完整、申報資訊與包裝標示不符、包裝未依規定標示(營養成分及含量、製造業者資訊、適用寵物種類及方法),經查個人業者登記地址位於新北市，本府已於114年10月27日以屏府農動字第1140288159號函移請新北市政府動物保護防疫處依規定查處,16,2025-10-22T00:00:00,2025,10,2026-01-05T10:28:33.533,,104年1月至115年6月,1,,
4860,屏東縣,,2025/10/22,帶毛牛耳朵(切半),犬,零食,製造個人業者-王湘棉,臺灣,申報資訊不完整、申報資訊與包裝標示不符、包裝未依規定標示(營養成分及含量、製造業者資訊、適用寵物種類及方法),經查個人業者登記地址位於新北市，本府已於114年10月27日以屏府農動字第1140288159號函移請新北市政府動物保護防疫處依規定查處,16,2025-10-22T00:00:00,2025,10,2026-01-05T10:28:33.533,,104年1月至115年6月,1,,
4860,臺東縣,,2025/10/07,艾肯拿海洋盛宴無穀貓糧-多種魚風味(包裝2Kg),貓,乾飼糧,豪翼行銷有限公司,加拿大,無,無,17,2025-10-07T00:00:00,2025,10,2026-01-05T10:28:33.533,,104年1月至115年6月,1,,
4860,臺東縣,,2025/10/07,歐斯特無穀貓罐-鮪魚風味(包裝80g),貓,罐頭,東森寵物雲股份有限公司,泰國,無,無,17,2025-10-07T00:00:00,2025,10,2026-01-05T10:28:33.533,,104年1月至115年6月,1,,
4860,臺東縣,,2025/10/07,野性魅力貓罐-雞肉+鮭魚風味(包裝85g),貓,罐頭,加拿大野性魅力有限公司,加拿大,無,無,17,2025-10-07T00:00:00,2025,10,2026-01-05T10:28:33.533,,104年1月至115年6月,1,,
4860,臺東縣,,2025/10/07,法麗小型犬全營養配方-雞肉+南瓜風味(包裝80g),犬,罐頭,派脆克有限公司,泰國,無,無,17,2025-10-07T00:00:00,2025,10,2026-01-05T10:28:33.533,,104年1月至115年6月,1,,
4860,臺東縣,,2025/10/07,COCO PLUS犬罐-雞肉風味(包裝160g),犬,罐頭,台灣惜時有限公司,泰國,無,無,17,2025-10-07T00:00:00,2025,10,2026-01-05T10:28:33.533,,104年1月至115年6月,1,,
4860,臺東縣,,2025/10/07,優格高齡犬糧-羊肉+米風味(包裝7Kg),犬,乾飼糧,愛澌克企業股份有限公司,美國,無,無,17,2025-10-07T00:00:00,2025,10,2026-01-05T10:28:33.533,,104年1月至115年6月,1,,
4860,臺東縣,,2025/10/07,厚肉肉有料湯肉罐-雞肉風味(包裝80g),貓,罐頭,悠遊國際實業股份有限公司,美國,無,無,17,2025-10-07T00:00:00,2025,10,2026-01-05T10:28:33.533,,104年1月至115年6月,1,,
4860,臺東縣,,2025/10/07,奧奇天然無穀成犬糧-鮭魚+火雞肉風味(包裝3.5Kg),犬,罐頭,放心初有限公司,美國,無,無,17,2025-10-07T00:00:00,2025,10,2026-01-05T10:28:33.533,,104年1月至115年6月,1,,
4860,臺東縣,,2025/10/07,奇境幼貓慕斯-雞肉風味(包裝85g),貓,罐頭,維逸有限公司,泰國,無,無,17,2025-10-07T00:00:00,2025,10,2026-01-05T10:28:33.533,,104年1月至115年6月,1,,
4860,臺東縣,,2025/10/07,VE凍乾鮮肉取用生食餐-牛肉風味(包裝14OZ),犬,乾飼糧,壹士達寵物有限公司,美國,無,無,17,2025-10-07T00:00:00,2025,10,2026-01-05T10:28:33.533,,104年1月至115年6月,1,,
4860,臺東縣,,2025/10/07,紐西蘭本牧全齡貓無穀糧-鯖魚風味(包裝1.36Kg),貓,乾飼糧,奧也股份有限公司,紐西蘭,無,無,17,2025-10-07T00:00:00,2025,10,2026-01-05T10:28:33.533,,104年1月至115年6月,1,,
4860,臺東縣,,2025/10/07,皇家成犬量-牛肉風味(包裝1.5Kg),犬,乾飼糧,台灣皇家寵物食品有限公司,韓國,無,無,17,2025-10-07T00:00:00,2025,10,2026-01-05T10:28:33.533,,104年1月至115年6月,1,,
4860,臺東縣,,2025/10/07,希爾思幼犬小顆粒-雞肉風味(包裝1.5Kg),犬,乾飼糧,台灣希爾思寵物營養品有限公司,美國,無,無,17,2025-10-07T00:00:00,2025,10,2026-01-05T10:28:33.533,,104年1月至115年6月,1,,
4860,臺東縣,,2025/10/07,超躍凍乾全齡犬糧-雞肉+牛肉風味(包裝1.5Kg),犬,乾飼糧,聯合夥伴有限公司,加拿大,無,無,17,2025-10-07T00:00:00,2025,10,2026-01-05T10:28:33.533,,104年1月至115年6月,1,,
4860,臺東縣,,2025/10/07,吶一口主食罐-鮪魚+藍莓風味(包裝60g),貓,罐頭,豪翼行銷有限公司,泰國,無,無,17,2025-10-07T00:00:00,2025,10,2026-01-05T10:28:33.533,,104年1月至115年6月,1,,
4860,臺東縣,,2025/10/07,愛情貴族貓罐-鮪魚+起司風味(包裝80g),貓,罐頭,八犬國際行銷有限公司,泰國,無,無,17,2025-10-07T00:00:00,2025,10,2026-01-05T10:28:33.533,,104年1月至115年6月,1,,
4860,花蓮縣,,2025/10/15, TG-02180 奇境 澳洲尖吻鱸&鮪魚＋紐西蘭羊肺凍乾 無穀全貓糧,貓,乾飼糧,維逸有限公司,澳洲,無,無,18,2025-10-15T00:00:00,2025,10,2026-01-05T10:28:33.533,,104年1月至115年6月,1,,
4860,花蓮縣,,2025/10/15,"IV-CAN-D11 澳野-守護無穀主食成犬餐盒-羊肉 低敏護膚配方100g""",犬,罐頭,維逸有限公司,澳洲,無,無,18,2025-10-15T00:00:00,2025,10,2026-01-05T10:28:33.533,,104年1月至115年6月,1,,
4860,花蓮縣,,2025/10/15,ZE-CAN-D05【ZEAL】 野牧無穀94%鮮肉主食狗罐170G-野雞鮭,犬,罐頭,嵩颺有限公司,紐西蘭,無,無,18,2025-10-15T00:00:00,2025,10,2026-01-05T10:28:33.533,,104年1月至115年6月,1,,
4860,花蓮縣,,2025/10/15,ZE-AD-0226　ZEAL真致天然風乾零食-牛尾巴,犬、貓 ,零食,嵩颺有限公司,紐西蘭,無,無,18,2025-10-15T00:00:00,2025,10,2026-01-05T10:28:33.533,,104年1月至115年6月,1,,
4860,花蓮縣,,2025/10/15,NP-330272天然密碼 無穀羊肉和鯡魚 全齡犬配方272g,犬,乾飼糧,廣湛有限公司,美國,"申報與標示不一
有效日期標示錯誤",移送責任廠商所在地管轄機關卓處,18,2025-10-15T00:00:00,2025,10,2026-01-05T10:28:33.533,,104年1月至115年6月,1,,
4860,花蓮縣,,2025/10/22,阿培育犬(全犬)飼料18公斤裝,犬,乾飼糧,阿培育犬育喵社,臺灣,無,無,18,2025-10-22T00:00:00,2025,10,2026-01-05T10:28:33.533,,104年1月至115年6月,1,,
4860,花蓮縣,,2025/10/22,阿培育貓（田園放牧去骨雞）無榖貓食,貓,乾飼糧,阿培育犬育喵社,臺灣,無,無,18,2025-10-22T00:00:00,2025,10,2026-01-05T10:28:33.533,,104年1月至115年6月,1,,
4860,花蓮縣,,2025/10/22,好味貓肉泥條－大比目魚,貓,零食,短捲麻股份有限公司,臺灣,無,無,18,2025-10-22T00:00:00,2025,10,2026-01-05T10:28:33.533,,104年1月至115年6月,1,,
4860,花蓮縣,,2025/10/22,好味貓肉泥條－肥美鮪魚,貓,零食,短捲麻股份有限公司,臺灣,無,無,18,2025-10-22T00:00:00,2025,10,2026-01-05T10:28:33.533,,104年1月至115年6月,1,,
4860,花蓮縣,,2025/10/22,1+1原肉塊+貓鮮食主食罐-白醬嫩雞配方,貓,罐頭,短捲麻股份有限公司,臺灣,無,無,18,2025-10-22T00:00:00,2025,10,2026-01-05T10:28:33.533,,104年1月至115年6月,1,,
4860,澎湖縣,,2025/10/09,K-023 喵洽普 貓咪凍乾小顆粒－比目魚75g,貓,零食,壹士達寵物有限公司,韓國,無,無,19,2025-10-09T00:00:00,2025,10,2026-01-05T10:28:33.533,,104年1月至115年6月,1,,
4860,澎湖縣,,2025/10/09,Hulucat卡滋化毛潔牙餅-海鮮 ,貓,零食,王品寵物用品有限公司,泰國,無,無,19,2025-10-09T00:00:00,2025,10,2026-01-05T10:28:33.533,,104年1月至115年6月,1,,
4860,澎湖縣,,2025/10/09,喵愛餡 香誘鮮鮪口味,貓,零食,台灣瑪氏股份有限公司,泰國,無,無,19,2025-10-09T00:00:00,2025,10,2026-01-05T10:28:33.533,,104年1月至115年6月,1,,
4860,澎湖縣,,2025/10/09,NP-N903天然密碼 永恆貓無穀主食罐(蔓越莓),貓,罐頭,廣湛有限公司,泰國,無,無,19,2025-10-09T00:00:00,2025,10,2026-01-05T10:28:33.533,,104年1月至115年6月,1,,
4860,澎湖縣,,2025/10/09,2544 FHN 皇家離乳貓與母貓BC34 ,貓,乾飼糧,台灣皇家寵物食品有限公司,韓國,無,無,19,2025-10-09T00:00:00,2025,10,2026-01-05T10:28:33.533,,104年1月至115年6月,1,,
4860,基隆市,,2025/10/14,CHICKEN愛狗天然食(純鮮嫩雞肉),犬,罐頭,台灣惜時有限公司,泰國,無,無,20,2025-10-14T00:00:00,2025,10,2026-01-05T10:28:33.533,,104年1月至115年6月,1,,
4860,基隆市,,2025/10/14,皮特牧場香濃起司磚99g,犬,零食,竣百有限公司,尼泊爾,無,無,20,2025-10-14T00:00:00,2025,10,2026-01-05T10:28:33.533,,104年1月至115年6月,1,,
4860,基隆市,,2025/10/14,皮特牧場香濃起司磚99g,犬,零食,竣百有限公司,尼泊爾,無,無,20,2025-10-14T00:00:00,2025,10,2026-01-05T10:28:33.533,,104年1月至115年6月,1,,
4860,基隆市,,2025/10/14,德國竣寶-三合一化毛錠,貓,零食,八犬國際行銷有限公司,德國,無,無,20,2025-10-14T00:00:00,2025,10,2026-01-05T10:28:33.533,,104年1月至115年6月,1,,
4860,基隆市,,2025/10/14,派地奧貓咪零食-蟹肉絲,貓,零食,韋民企業股份有限公司,日本,包裝原料與申報網資料不符,通知業者限期改善,20,2025-10-14T00:00:00,2025,10,2026-01-05T10:28:33.533,,104年1月至115年6月,1,,
4860,基隆市,,2025/10/21,德皇后成貓專用乾糧,貓,乾飼糧,貓侍股份有限公司,德國,無,無,20,2025-10-21T00:00:00,2025,10,2026-01-05T10:28:33.533,,104年1月至115年6月,1,,
4860,基隆市,,2025/10/21,萌老大巴沙魚堡,犬、貓,生鮮、冷凍,森田生技企業社,臺灣,無,無,20,2025-10-21T00:00:00,2025,10,2026-01-05T10:28:33.533,,104年1月至115年6月,1,,
4860,基隆市,,2025/10/21,乖乖吃飯-豬豬主食罐：豬肉鯖魚,貓,罐頭,友伴生活股份有限公司,臺灣,無,無,20,2025-10-21T00:00:00,2025,10,2026-01-05T10:28:33.533,,104年1月至115年6月,1,,
4860,基隆市,,2025/10/21,PV羊奶潔牙小鈣骨,犬,潔牙骨,台灣愛邦仕實業股份有限公司,泰國,無,無,20,2025-10-21T00:00:00,2025,10,2026-01-05T10:28:33.533,,104年1月至115年6月,1,,
4860,基隆市,,2025/10/21,雞肉鮪魚空氣肉醬捲耳朵,犬,零食,台灣愛邦仕實業股份有限公司,臺灣,無,無,20,2025-10-21T00:00:00,2025,10,2026-01-05T10:28:33.533,,104年1月至115年6月,1,,
4860,新竹市,,2025/10/30,自然牧場100℅紐西蘭天然零食-牛肚,犬,零食,澳新美有限公司,紐西蘭,無,無,21,2025-10-30T00:00:00,2025,10,2026-01-05T10:28:33.533,,104年1月至115年6月,1,,
4860,新竹市,,2025/10/30,奇境 澳洲牛肉+紐西蘭羊肺凍乾 無穀全貓糧,貓,乾飼糧,維逸有限公司,澳洲,無,無,21,2025-10-30T00:00:00,2025,10,2026-01-05T10:28:33.533,,104年1月至115年6月,1,,
4860,新竹市,,2025/10/30,Dr.Wish 愛犬營養食（雞肉+蔬菜+鮪魚油）,犬,罐頭,台灣惜時有限公司,泰國,無,無,21,2025-10-30T00:00:00,2025,10,2026-01-05T10:28:33.533,,104年1月至115年6月,1,,
4860,新竹市,,2025/10/30,Water Go ！鮪魚Mousse 肉泥罐,貓,罐頭,四葉草國際行銷有限公司,泰國,無,無,21,2025-10-30T00:00:00,2025,10,2026-01-05T10:28:33.533,,104年1月至115年6月,1,,
4860,新竹市,,2025/10/30,森仕成犬小顆粒無穀鮭魚,犬,乾飼糧,博東客企業有限公司,西班牙,無,無,21,2025-10-30T00:00:00,2025,10,2026-01-05T10:28:33.533,,104年1月至115年6月,1,,
4860,新竹市,,2025/10/31,自然主義 草本犬糧 雞肉碗豆,犬,乾飼糧,東森寵物雲股份有限公司,荷蘭,無,無,21,2025-10-31T00:00:00,2025,10,2026-01-05T10:28:33.533,,104年1月至115年6月,1,,
4860,新竹市,,2025/10/31,Hills希爾思 處方犬用c/d 全效泌尿道護理 雞肉燉蔬菜罐頭,犬,處方食品,台灣希爾思寵物營養品有限公司,美國,無,無,21,2025-10-31T00:00:00,2025,10,2026-01-05T10:28:33.533,,104年1月至115年6月,1,,
4860,新竹市,,2025/10/31,東森寵物 毛魚油 ,犬、貓,補助食品,好適陪寵物食品有限公司,日本,無,無,21,2025-10-31T00:00:00,2025,10,2026-01-05T10:28:33.533,,104年1月至115年6月,1,,
4860,新竹市,,2025/10/31,優格成幼化毛貓雞肉配方貓飼料,貓,乾飼糧,艾澌克企業股份有限公司,美國,無,無,21,2025-10-31T00:00:00,2025,10,2026-01-05T10:28:33.533,,104年1月至115年6月,1,,
4860,新竹市,,2025/10/31,LION獅王 親親潔牙護理貓零食 小魚乾,貓,零食,瑞邦網路有限公司,日本,無,無,21,2025-10-31T00:00:00,2025,10,2026-01-05T10:28:33.533,,104年1月至115年6月,1,,
4860,金門縣,,2025/11/10,CIAO 啾嚕肉泥-化毛配方 (雞肉口味)-14g*4,貓,零食,喬治兄弟企業股份有限公司,日本,無,無,23,2025-11-10T00:00:00,2025,10,2026-01-05T10:28:33.533,,104年1月至115年6月,1,,
4860,金門縣,,2025/11/10,咪歐啾咪棒 - 鮭魚口味肉泥 15g*4,貓,零食,好侶股份有限公司,泰國,無,無,23,2025-11-10T00:00:00,2025,10,2026-01-05T10:28:33.533,,104年1月至115年6月,1,,
4860,金門縣,,2025/11/10,慧心愛犬餅乾－燒烤牛肉風味 100G,犬,零食,好侶股份有限公司,泰國,無,無,23,2025-11-10T00:00:00,2025,10,2026-01-05T10:28:33.533,,104年1月至115年6月,1,,
4860,金門縣,,2025/11/10,加好寶狗罐 - 羊肉口味 400G,犬,罐頭,好侶股份有限公司,泰國,無,無,23,2025-11-10T00:00:00,2025,10,2026-01-05T10:28:33.533,,104年1月至115年6月,1,,
4860,金門縣,,2025/11/10,野性魅力羊肉鮭魚配方犬340g,犬,乾飼糧,加拿大野性魅力有限公司,加拿大,無,無,23,2025-11-10T00:00:00,2025,10,2026-01-05T10:28:33.533,,104年1月至115年6月,1,,
4860,新北市,,2025/11/03,汪喵星球 無膠純肉泥 鮪魚,犬貓,零食,自力耕生股份有限公司,臺灣,無,無,0,2025-11-03T00:00:00,2025,11,2025-12-30T15:09:16.413,,104年1月至115年6月,1,,
4860,新北市,,2025/11/03,Petlife雙饗鮮糧餐-原野牧羊+南瓜雞肉 鮮食蓋飯組合餐(全齡犬),犬,半濕性飼糧,統一企業公司,臺灣,無,無,0,2025-11-03T00:00:00,2025,11,2025-12-30T15:09:16.413,,104年1月至115年6月,1,,
4860,新北市,,2025/11/03,益菌PRO+ 無膠肉泥主食罐55g雙拼雞魚餐,貓,罐頭,自力耕生股份有限公司,臺灣,無,無,0,2025-11-03T00:00:00,2025,11,2025-12-30T15:09:16.413,,104年1月至115年6月,1,,
4860,新北市,,2025/11/03,汪喵星球 - 幼母貓營養無膠主食罐（98%肉含量）鱸魚雞肉餐 80G｜營養罐,貓,罐頭,自力耕生股份有限公司,臺灣,無,無,0,2025-11-03T00:00:00,2025,11,2025-12-30T15:09:16.413,,104年1月至115年6月,1,,
4860,新北市,,2025/11/03,阿嬤養的香烤燒肉零食(蜜汁雞里肌),犬,零食,飛輪寵物有限公司,臺灣,無,無,0,2025-11-03T00:00:00,2025,11,2025-12-30T15:09:16.413,,104年1月至115年6月,1,,
4860,新北市,AP052,2025/11/14,COOK 純粹煮食系列 活力蘋果 10g,犬、貓、兔、嚙齒類,乾飼糧,威饌股份有限公司,臺灣,無,無,0,2025-11-14T00:00:00,2025,11,2025-12-30T15:09:16.413,,104年1月至115年6月,1,,
4860,新北市,AP053,2025/11/14,小犬威利 鮭魚粉 40g,犬、貓,乾飼糧,威饌股份有限公司,臺灣,外包裝所載(犬、貓)及申報網申報(犬)之適用寵物種類不符,通知業者限期改善,0,2025-11-14T00:00:00,2025,11,2025-12-30T15:09:16.413,,104年1月至115年6月,1,,
4860,新北市,,2025/11/14,小犬威利 牛肩里肌 30g,犬、貓,乾飼糧,威饌股份有限公司,臺灣,外包裝所載(犬、貓)及申報網申報(犬)之適用寵物種類不符,通知業者限期改善,0,2025-11-14T00:00:00,2025,11,2025-12-30T15:09:16.413,,104年1月至115年6月,1,,
4860,新北市,AP054,2025/11/14,小犬威利 起司雞肉 30g,犬、貓,乾飼糧,威饌股份有限公司,臺灣,外包裝所載(犬、貓)及申報網申報(犬)之適用寵物種類不符,通知業者限期改善,0,2025-11-14T00:00:00,2025,11,2025-12-30T15:09:16.413,,104年1月至115年6月,1,,
4860,新北市,,2025/11/14,牠喵的 鮮味白蝦 20g,犬、貓,乾飼糧,威饌股份有限公司,臺灣,外包裝所載(犬、貓)及申報網申報(犬)之適用寵物種類不符,通知業者限期改善,0,2025-11-14T00:00:00,2025,11,2025-12-30T15:09:16.413,,104年1月至115年6月,1,,
4860,新北市,AP055,2025/11/14,小犬威利 纖蔬百匯 25g,犬、貓,乾飼糧,威饌股份有限公司,臺灣,外包裝所載(犬、貓)及申報網申報(犬)之適用寵物種類不符,通知業者限期改善,0,2025-11-14T00:00:00,2025,11,2025-12-30T15:09:16.413,,104年1月至115年6月,1,,
4860,新北市,AP056,2025/11/14,牠喵的 成齡喵食系列 洋鮭鮮蛤 15g,貓,乾飼糧,威饌股份有限公司,臺灣,無,無,0,2025-11-14T00:00:00,2025,11,2025-12-30T15:09:16.413,,104年1月至115年6月,1,,
4860,新北市,,2025/11/14,牠喵的 雞肉粉 40g,犬、貓,乾飼糧,威饌股份有限公司,臺灣,外包裝所載(犬、貓)及申報網申報(犬)之適用寵物種類不符,通知業者限期改善,0,2025-11-14T00:00:00,2025,11,2025-12-30T15:09:16.413,,104年1月至115年6月,1,,
4860,新北市,,2025/11/14,Meal 青豆蕈菇羊肉 200g,犬,乾飼糧,威饌股份有限公司,臺灣,無,無,0,2025-11-14T00:00:00,2025,11,2025-12-30T15:09:16.413,,104年1月至115年6月,1,,
4860,新北市,,2025/11/14,Meal 紫薯蕃茄牛肉 200g,犬,乾飼糧,威饌股份有限公司,臺灣,無,無,0,2025-11-14T00:00:00,2025,11,2025-12-30T15:09:16.413,,104年1月至115年6月,1,,
4860,臺北市,,2025/11/14,高純度牛磺酸,貓,補助食品,嚴方有限公司,臺灣,未完成申報,通知業者限期改善,1,2025-11-14T00:00:00,2025,11,2025-12-30T15:09:16.413,,104年1月至115年6月,1,,
4860,臺北市,,2025/11/14,卡默-怦然心凍 大干貝凍乾,犬、貓,零食,耐維滋寵物食品有限公司,臺灣,無,無,1,2025-11-14T00:00:00,2025,11,2025-12-30T15:09:16.413,,104年1月至115年6月,1,,
4860,臺北市,,2025/11/14,【等等手作零食】腸胃大師（益生菌+膳食纖維）,貓,零食,廣湛有限公司,臺灣,無,無,1,2025-11-14T00:00:00,2025,11,2025-12-30T15:09:16.413,,104年1月至115年6月,1,,
4860,臺北市,,2025/11/14,博士巧思氣冷雞排犬罐-厚切嫩雞排+亞麻籽,犬,罐頭,福壽實業股份有限公司,臺灣,無,無,1,2025-11-14T00:00:00,2025,11,2025-12-30T15:09:16.413,,104年1月至115年6月,1,,
4860,臺北市,,2025/11/14,艾沛鼎食晶凍犬罐 嫩煎火腿,犬,罐頭,沅慶企業有限公司,臺灣,無,無,1,2025-11-14T00:00:00,2025,11,2025-12-30T15:09:16.413,,104年1月至115年6月,1,,
4860,臺北市,,2025/11/14,原燒貓凍乾30g-白帶魚,貓,零食,王品寵物用品有限公司,臺灣,無,無,1,2025-11-14T00:00:00,2025,11,2025-12-30T15:09:16.413,,104年1月至115年6月,1,,
4860,臺北市,,2025/11/14,超級SP凍乾大包裝貓吃-雞肉丁,貓,零食,壹士達寵物有限公司,臺灣,無,無,1,2025-11-14T00:00:00,2025,11,2025-12-30T15:09:16.413,,104年1月至115年6月,1,,
4860,臺北市,,2025/11/14,元氣-香嫩鱈雞絲,犬、貓,零食,茂捷有限公司,臺灣,無,無,1,2025-11-14T00:00:00,2025,11,2025-12-30T15:09:16.413,,104年1月至115年6月,1,,
4860,臺北市,,2025/11/14,小鮮肉寵物零食-鱈魚雞肉甜甜圈,犬,零食,辛巴國際行銷有限公司,臺灣,無,無,1,2025-11-14T00:00:00,2025,11,2025-12-30T15:09:16.413,,104年1月至115年6月,1,,
4860,臺北市,,2025/11/14,嚴選牛筋 大包裝超值組,犬,零食,冠閎實業有限公司,臺灣,無,無,1,2025-11-14T00:00:00,2025,11,2025-12-30T15:09:16.413,,104年1月至115年6月,1,,
4860,臺北市,,2025/11/14,御天犬 雞胗 大包裝超值組,犬,零食,冠閎實業有限公司,臺灣,無,無,1,2025-11-14T00:00:00,2025,11,2025-12-30T15:09:16.413,,104年1月至115年6月,1,,
4860,臺北市,,2025/11/14,威補益-腸好菌,犬、貓,補助食品,信元製藥股份有限公司,臺灣,無,無,1,2025-11-14T00:00:00,2025,11,2025-12-30T15:09:16.413,,104年1月至115年6月,1,,
4860,臺北市,,2025/11/14,Aid營養處方罐 Nutrition Aid,犬、貓,罐頭,賽恩威特股份有限公司,臺灣,無,無,1,2025-11-14T00:00:00,2025,11,2025-12-30T15:09:16.413,,104年1月至115年6月,1,,
4860,臺北市,,2025/11/14,汪喵星球－UCll汪喵關節保養粉 35顆,犬、貓,補助食品,自力耕生股份有限公司,臺灣,無,無,1,2025-11-14T00:00:00,2025,11,2025-12-30T15:09:16.413,,104年1月至115年6月,1,,
4860,臺北市,,2025/11/14,DS-HM-02哈姆三兄弟-牛王,犬,零食,聯享寵物貿易有限公司,臺灣,無,無,1,2025-11-14T00:00:00,2025,11,2025-12-30T15:09:16.413,,104年1月至115年6月,1,,
4860,臺中市,,2025/11/04,CORE肉醬主食貓罐 白魚+鮭魚+鯡魚,貓,罐頭,逸寶國際股份有限公司,加拿大,"1.申報“製造或加工業者工廠名稱”與包裝標示不符。
2.未標示原產地。
3.未標示完整年月日。
4.有效期限年月日排列不明。",已依中市動稽字第1140010412號函轉臺北市動物保護處,2,2025-11-04T00:00:00,2025,11,2025-12-30T15:09:16.413,,104年1月至115年6月,1,,
4860,臺中市,,2025/11/04,Push!強護活力補給 噗滋包,貓,罐頭,日時好食股份有限公司,臺灣,"1.國內負責廠商地址與商業登記地址不同。
2.使用「符合國際標準」詞句或類似詞句，產品未符合對應標準之要求：前揭產品標有「符合AFFCO標準」。",已依中市動稽字第1140010433號函轉新北市政府動物保護防疫處,2,2025-11-04T00:00:00,2025,11,2025-12-30T15:09:16.413,,104年1月至115年6月,1,,
4860,臺中市,,2025/11/04,HALO嘿囉成貓主食罐 無穀海陸百匯(雞蝦蟹),貓,罐頭,盛貿寵物股份有限公司,美國,申報“主要營養成分及含量”及“重量”與包裝標示不符。,已依中市動稽字第1140010412號函轉臺北市動物保護處,2,2025-11-04T00:00:00,2025,11,2025-12-30T15:09:16.413,,104年1月至115年6月,1,,
4860,臺中市,,2025/11/04,飼糧倉 紫芋地瓜牛肉條,犬、貓,零食,食寵町國際企業有限公司,臺灣,"1.申報“主要原料及添加物”
2.申報“主要營養成分及含量”
3.申報“重量”及“產品外包裝照片”與包裝標示不符",已依中市動稽字第1140010427號函轉屏東縣政府農業處,2,2025-11-04T00:00:00,2025,11,2025-12-30T15:09:16.413,,104年1月至115年6月,1,,
4860,臺中市,,2025/11/04,藍莓雞肉棒,犬、貓,零食,優異識股份有限公司,臺灣,申報“適用寵物種類”與包裝標示不符。,已依中市動稽字第1140010418號函轉桃園市政府動物保護處,2,2025-11-04T00:00:00,2025,11,2025-12-30T15:09:16.413,,104年1月至115年6月,1,,
4860,臺中市,,2025/11/04,MAC大主廚系列 東洋蔘茄汁醬鮮豚,犬、貓,罐頭,優異識股份有限公司,臺灣,"1.申報“重量”與包裝標示不符。
2.國內負責廠商地址與商業登記地址不同。",已依中市動稽字第1140010418號函轉桃園市政府動物保護處,2,2025-11-04T00:00:00,2025,11,2025-12-30T15:09:16.413,,104年1月至115年6月,1,,
4860,臺中市,,2025/11/04,野性魅力海陸龍蝦盛宴犬,犬,乾飼糧,加拿大野性魅力有限公司,加拿大,無,無,2,2025-11-04T00:00:00,2025,11,2025-12-30T15:09:16.413,,104年1月至115年6月,1,,
4860,臺中市,,2025/11/04,5km Stick犬貓用 營養蔬果肉泥-雞胸肉(骨關節),犬、貓,零食,豐奕達實業有限公司,韓國,無,無,2,2025-11-04T00:00:00,2025,11,2025-12-30T15:09:16.413,,104年1月至115年6月,1,,
4860,臺中市,,2025/11/04,低溫慢烘健康糧-牛肉山藥佐鮮蔬,犬,乾飼糧,朋生國際有限公司,臺灣,"1.國內負責廠商地址與商業登記地址不同。
2.使用「符合國際標準」詞句或類似詞句，產品未符合對應標準之要求：前揭產品標有「符合AFFCO營養規範」。",已依中市動稽字第1140010412號函轉臺北市動物保護處,2,2025-11-04T00:00:00,2025,11,2025-12-30T15:09:16.413,,104年1月至115年6月,1,,
4860,臺中市,,2025/11/04,肉食無殼罐(雞肉+蘋果+番茄+FOS),犬,罐頭,崧曜國際有限公司,泰國,"1.申報“品名”及“主要營養成分及含量”與包裝標示不符。
2.製造日期及有效日期區間逾保存期限3年。",已依中市動稽字第1140010437號函轉彰化縣動物防疫所,2,2025-11-04T00:00:00,2025,11,2025-12-30T15:09:16.413,,104年1月至115年6月,1,,
4860,臺中市,,2025/11/04,虻貓機能主食罐(雞與黑水虻),貓,罐頭,逆風飛翔股份有限公司,臺灣,"1.國內負責廠商地址與商業登記地址不同。
2.使用「符合國際標準」詞句或類似詞句，產品未符合對應標準之要求：前揭產品標有「符合AFFCO X NRC主食標準」。",已依中市動稽字第1140010412號函轉臺北市動物保護處,2,2025-11-04T00:00:00,2025,11,2025-12-30T15:09:16.413,,104年1月至115年6月,1,,
4860,臺中市,,2025/11/04,野性魅力特級無穀貓罐(雞肉佐南瓜),貓,罐頭,加拿大野性魅力有限公司,泰國,無,無,2,2025-11-04T00:00:00,2025,11,2025-12-30T15:09:16.413,,104年1月至115年6月,1,,
4860,臺中市,,2025/11/04,博朗氏 美毛魚油天然寵糧 牛肉+鮪魚+卵磷脂,貓,乾飼糧,寶榮開發企業股份有限公司,臺灣,"1.申報“業者名稱”及“產品外包裝照片”與包裝標示不符。
2.使用「經(特定單位)檢驗/認證/核可/認可/批准/通過推薦」 詞句或類似詞句，與事實不符或無法提供證明：前揭產品標有「本公司通過SGS品質管理系統ISO9001驗證」及「本公司通過AFNOR之HACCP驗證」。",已依中市動稽字第1140010430號函轉臺南市動物保護防疫處,2,2025-11-04T00:00:00,2025,11,2025-12-30T15:09:16.413,,104年1月至115年6月,1,,
4860,臺中市,,2025/11/04,德國GUSSTO惡魔喵天然無骨餐包　小惡魔４號－稚嫩羊肉,貓,罐頭,寵愛國際行銷有限公司,德國,無,無,2,2025-11-04T00:00:00,2025,11,2025-12-30T15:09:16.413,,104年1月至115年6月,1,,
4860,臺中市,,2025/11/04,渴望低敏無穀貓主食罐-雞肉慕斯佐雞肝(幼母貓專用),貓,罐頭,加拿大渴望寵物食品股份有限公司,泰國,製造日期及有效日期區間逾保存期限3年,已依中市動稽字第1140010434號函轉高雄市動物保護處,2,2025-11-04T00:00:00,2025,11,2025-12-30T15:09:16.413,,104年1月至115年6月,1,,
4860,臺中市,,2025/11/04,羊肉糙米馬鈴薯佐時蔬,犬、貓,罐頭,悠遊國際實業股份有限公司,臺灣,無,無,2,2025-11-04T00:00:00,2025,11,2025-12-30T15:09:16.413,,104年1月至115年6月,1,,
4860,臺中市,,2025/11/04,飼糧倉 好飽包 鄉炊鹿肉佐青豆薏仁,犬、貓,罐頭,食寵町國際企業有限公司,臺灣,無,無,2,2025-11-04T00:00:00,2025,11,2025-12-30T15:09:16.413,,104年1月至115年6月,1,,
4860,臺中市,,2025/11/04,Hyperr超曜主子好心情肉泥條-雞肉蔓越莓,犬、貓,零食,聯合夥伴有限公司,臺灣,無,無,2,2025-11-04T00:00:00,2025,11,2025-12-30T15:09:16.413,,104年1月至115年6月,1,,
4860,臺中市,,2025/11/04,維齊蒸爽機腿犬餐罐(骨質保健),犬,罐頭,竣百有限公司,泰國,無,無,2,2025-11-04T00:00:00,2025,11,2025-12-30T15:09:16.413,,104年1月至115年6月,1,,
4860,臺中市,,2025/11/04,TNA悠遊 狗狗說早點蛋條-關節好跑跑蛋(雞蛋+綠貽貝),犬,零食,悠遊國際實業股份有限公司,臺灣,"1.申報“重量”與包裝標示不符。
2.國內負責廠商地址與商業登記地址不同。",已依中市動稽字第1140010474號函轉臺北市動物保護處,2,2025-11-04T00:00:00,2025,11,2025-12-30T15:09:16.413,,104年1月至115年6月,1,,
4860,臺中市,SP045,2025/11/04,軟奶酪細條(量販包),犬,零食,億大寵物食品股份有限公司,臺灣,"1.未於農業部寵物食品申報網申報。
2.國內負責廠商地址與商業登記地址不同。",已依中市動稽字第1140010511號函請業者限期改善,2,2025-11-04T00:00:00,2025,11,2025-12-30T15:09:16.413,,104年1月至115年6月,1,,
4860,臺中市,SP046,2025/11/04,雞小胸肉捲牛皮,犬,零食,億大寵物食品股份有限公司,臺灣,"1.未於農業部寵物食品申報網申報。
2.國內負責廠商地址與商業登記地址不同。",已依中市動稽字第1140010511號函請業者限期改善,2,2025-11-04T00:00:00,2025,11,2025-12-30T15:09:16.413,,104年1月至115年6月,1,,
4860,臺中市,SP047,2025/11/04,易特廚 GABA舒壓罐-絕品鮪魚泥,貓,罐頭,新寵兒寵物股份有限公司,臺灣,未標示適用寵物種類。,已依中市動稽字第1140010619號函請業者限期改善,2,2025-11-04T00:00:00,2025,11,2025-12-30T15:09:16.413,,104年1月至115年6月,1,,
4860,臺中市,SP048,2025/11/04,毛孩舟舟 開罐罐罐肉泥主食罐-雞肉+芭樂+海藻,貓,罐頭,巴斯企業社,臺灣,"1.未標示製造(加工)業者電話。
2.使用「經(特定單位)檢驗/認證/核可/批准/通過推薦」詞句或類似詞句，產品未符合對應標準之要求：前揭寵物食品標有「ISO22000/HACCP認證工廠」，應提供相關佐證資料。",已依中市動稽字第1140010510號函請業者限期改善,2,2025-11-04T00:00:00,2025,11,2025-12-30T15:09:16.413,,104年1月至115年6月,1,,
4860,臺中市,SP049,2025/11/04,毛孩舟舟 開罐罐罐肉泥主食罐-雞肉+旗魚+燕麥+薑黃粉,貓,罐頭,巴斯企業社,臺灣,"1.未標示製造(加工)業者電話。
2.使用「經(特定單位)檢驗/認證/核可/批准/通過推薦」詞句或類似詞句，產品未符合對應標準之要求：前揭寵物食品標有「ISO22000/HACCP認證工廠」，應提供相關佐證資料。",已依中市動稽字第1140010510號函請業者限期改善,2,2025-11-04T00:00:00,2025,11,2025-12-30T15:09:16.413,,104年1月至115年6月,1,,
4860,臺中市,,2025/11/04,健康紀元貓湯罐-鮪魚+無鬚鱈,貓,罐頭,福壽實業股份有限公司,泰國,無,無,2,2025-11-04T00:00:00,2025,11,2025-12-30T15:09:16.413,,104年1月至115年6月,1,,
4860,臺中市,,2025/11/04,健康紀元貓湯罐-鮪魚+金線魚,貓,罐頭,福壽實業股份有限公司,泰國,無,無,2,2025-11-04T00:00:00,2025,11,2025-12-30T15:09:16.413,,104年1月至115年6月,1,,
4860,臺中市,,2025/11/04,派庫廚房 急凍骰子鹿凍乾,犬、貓,零食,金派庫國際有限公司,臺灣,無,無,2,2025-11-04T00:00:00,2025,11,2025-12-30T15:09:16.413,,104年1月至115年6月,1,,
4860,臺中市,,2025/11/04,南海極選海貝柱,犬、貓,零食,金派庫國際有限公司,臺灣,"1.申報產品外包裝照片與實體不符。
2.未標示使用方法。",已依中市動稽字第1140010519號函請業者限期改善,2,2025-11-04T00:00:00,2025,11,2025-12-30T15:09:16.413,,104年1月至115年6月,1,,
4860,臺中市,,2025/11/04,易特廚 乳鐵蛋白能量主食罐-醇香雞肉佐藍莓,貓,罐頭,新寵兒寵物股份有限公司,臺灣,"1.申報主要原料及添加物與包裝標示不符。
2.使用「符合國際標準」詞句或類似詞句，產品未符合對應標準之要求：前揭寵物食品標有「符合美國AFFCO/NRC每日的營養標準」，應提供相關佐證資料。
3.外包裝標示使用：增加貓自然抵抗力",已依中市動稽字第1140010619號函請業者限期改善及依中市動稽字第11400106191號函請業者陳述意見,2,2025-11-04T00:00:00,2025,11,2025-12-30T15:09:16.413,,104年1月至115年6月,1,,
4860,高雄市,WP035,2025/11/05,頂級鱈魚串燒,犬,零食,宏寶國際企業有限公司,臺灣,無,無,6,2025-11-05T00:00:00,2025,11,2025-12-30T15:09:16.413,,104年1月至115年6月,1,,
4860,高雄市,WP036,2025/11/05,烘烤鮮雞胸,犬、貓,零食,八方國際寵物有限公司,臺灣,無,無,6,2025-11-05T00:00:00,2025,11,2025-12-30T15:09:16.413,,104年1月至115年6月,1,,
4860,高雄市,,2025/11/05,鮭魚粉,犬、貓,零食,威饌股份有限公司,臺灣,無,無,6,2025-11-05T00:00:00,2025,11,2025-12-30T15:09:16.413,,104年1月至115年6月,1,,
4860,高雄市,,2025/11/05,補鐵牛肉風味棒,犬,零食,宏寶國際企業有限公司,臺灣,無,無,6,2025-11-05T00:00:00,2025,11,2025-12-30T15:09:16.413,,104年1月至115年6月,1,,
4860,高雄市,,2025/11/05,派庫廚房香檳鳥(鵪鶉)下水凍乾,犬、貓,零食,金派庫國際有限公司,臺灣,無,無,6,2025-11-05T00:00:00,2025,11,2025-12-30T15:09:16.413,,104年1月至115年6月,1,,
4860,高雄市,,2025/11/05,低脂雞胸肉,犬、貓,零食,寵鮮灶腳有限公司,臺灣,無,無,6,2025-11-05T00:00:00,2025,11,2025-12-30T15:09:16.413,,104年1月至115年6月,1,,
4860,高雄市,,2025/11/05,喜樂寵宴小叼饞御用凍乾小丁櫻桃鴨,犬,零食,螢火蟲原創有限公司,臺灣,無,無,6,2025-11-05T00:00:00,2025,11,2025-12-30T15:09:16.413,,104年1月至115年6月,1,,
4860,高雄市,WP037,2025/11/07,東森寵物毛暢快(30入),犬、貓,補助食品,好適陪寵物食品有限公司,臺灣,無,無,6,2025-11-07T00:00:00,2025,11,2025-12-30T15:09:16.413,,104年1月至115年6月,1,,
4860,高雄市,WP038,2025/11/07,東森寵物毛魚油,犬、貓,補助食品,好適陪寵物食品有限公司,日本,無,無,6,2025-11-07T00:00:00,2025,11,2025-12-30T15:09:16.413,,104年1月至115年6月,1,,
4860,高雄市,WP039,2025/11/07,東森寵物毛胺酸(寵物專用營養粉)(30入),犬、貓,補助食品,好適陪寵物食品有限公司,臺灣,無,無,6,2025-11-07T00:00:00,2025,11,2025-12-30T15:09:16.413,,104年1月至115年6月,1,,
4860,宜蘭縣,,2025/11/19,木入森 貓咪膚立好 50包,貓,補助食品,仁和生物科技股份有限公司,臺灣,無,無,9,2025-11-19T00:00:00,2025,11,2025-12-30T15:09:16.413,,104年1月至115年6月,1,,
4860,宜蘭縣,,2025/11/19,"嬌寵醫生-極精萃激排毛化毛粉
Supreme Hairball Solution For Cats",貓,補助食品,嬌寵誓優股份有限公司,臺灣,無,無,9,2025-11-19T00:00:00,2025,11,2025-12-30T15:09:16.413,,104年1月至115年6月,1,,
4860,宜蘭縣,,2025/11/19,【汪事如意】厚餡雞肉銅鑼燒,犬、貓,生鮮、冷凍,寵愛有家股份有限公司,臺灣,查無該產品申報資料。,"11/21通知業者限期改善(12/5)。
*11/24複查：已完成改善。",9,2025-11-19T00:00:00,2025,11,2025-12-30T15:09:16.413,,104年1月至115年6月,1,,
4860,宜蘭縣,,2025/11/20,"倍力 ANIMATE願望無穀天然鮮犬糧 牧野雞鴨-低敏腸胃配方 400g
Blue Bay Animate Chicken with Duck Formula For Dogs",犬,乾飼糧,盈寶寵物股份有限公司,臺灣,無,無,9,2025-11-20T00:00:00,2025,11,2025-12-30T15:09:16.413,,104年1月至115年6月,1,,
4860,宜蘭縣,,2025/11/20,狗狗主食餐-甜甜紫雞肉,犬,罐頭,翔芮有限公司,臺灣,無,無,9,2025-11-20T00:00:00,2025,11,2025-12-30T15:09:16.413,,104年1月至115年6月,1,,
4860,新竹縣,,2025/11/10,Simple life 經典乾貓糧-鮪魚口味,貓,乾飼糧,心樸市集股份有限公司,泰國,未申報,發文通知業者限期改善,10,2025-11-10T00:00:00,2025,11,2025-12-30T15:09:16.413,,104年1月至115年6月,1,,
4860,新竹縣,,2025/11/10,MROboss毛博事-經典乾貓糧-海鮮口味,貓,乾飼糧,購達行銷股份有限公司,泰國,未申報,發文通知業者限期改善,10,2025-11-10T00:00:00,2025,11,2025-12-30T15:09:16.413,,104年1月至115年6月,1,,
4860,新竹縣,,2025/11/10,Simple life經典乾犬糧-雞肉口味,犬,乾飼糧,滴家購股份有限公司,泰國,未申報,發文通知業者限期改善,10,2025-11-10T00:00:00,2025,11,2025-12-30T15:09:16.413,,104年1月至115年6月,1,,
4860,新竹縣,,2025/11/10,Simple life經典乾犬糧-牛肉口味,犬,乾飼糧,滴家購股份有限公司,泰國,未申報、未有製造商地址,發文通知業者限期改善,10,2025-11-10T00:00:00,2025,11,2025-12-30T15:09:16.413,,104年1月至115年6月,1,,
4860,新竹縣,,2025/11/10,慧心犬糧 - 牛肉口味成犬配方 1.5KG,犬,乾飼糧,好侶股份有限公司,泰國,無,無,10,2025-11-10T00:00:00,2025,11,2025-12-30T15:09:16.413,,104年1月至115年6月,1,,
4860,新竹縣,,2025/12/03,星益生趣 冷凍乾燥犬用肉餅生食餐: 兔肉配方,貓,乾飼糧,東森寵物雲股份有限公司,美國,無,無,10,2025-12-03T00:00:00,2025,11,2025-12-30T15:09:16.413,,104年1月至115年6月,1,,
4860,新竹縣,,2025/12/03,星益生趣無穀貓糧 鮭魚配方,貓,乾飼糧,東森寵物雲股份有限公司,美國,無,無,10,2025-12-03T00:00:00,2025,11,2025-12-30T15:09:16.413,,104年1月至115年6月,1,,
4860,新竹縣,,2025/12/03,星益生趣無穀凍乾貓糧 三種魚配方,貓,乾飼糧,東森寵物雲股份有限公司,美國,無,無,10,2025-12-03T00:00:00,2025,11,2025-12-30T15:09:16.413,,104年1月至115年6月,1,,
4860,新竹縣,,2025/12/03,星益生趣 冷凍乾燥貓用生食凍乾: 鮭魚鱈魚配方,貓,乾飼糧,東森寵物雲股份有限公司,美國,無,無,10,2025-12-03T00:00:00,2025,11,2025-12-30T15:09:16.413,,104年1月至115年6月,1,,
4860,新竹縣,,2025/12/03,阿提拉無穀機能犬糧佐凍乾肉丁-鹿肉+藍鱈+羽衣甘藍,貓,乾飼糧,大汗寵物有限公司,臺灣,無,無,10,2025-12-03T00:00:00,2025,11,2025-12-30T15:09:16.413,,104年1月至115年6月,1,,
4860,新竹縣,,2025/12/03,本牧 貓用凍乾生食餐 紐西蘭 鯖魚+羊,貓,乾飼糧,奧也股份有限公司,紐西蘭,無,無,10,2025-12-03T00:00:00,2025,11,2025-12-30T15:09:16.413,,104年1月至115年6月,1,,
4860,新竹縣,,2025/12/03,本牧 貓用凍乾生食餐 紐西蘭 牛+雞,貓,乾飼糧,奧也股份有限公司,紐西蘭,無,無,10,2025-12-03T00:00:00,2025,11,2025-12-30T15:09:16.413,,104年1月至115年6月,1,,
4860,新竹縣,,2025/12/03,阿提拉無穀機能犬糧佐凍乾肉丁-雞+鵪鶉蛋+五色胡蘿蔔/消化保健1.8kg,貓,乾飼糧,大汗寵物有限公司,臺灣,無,無,10,2025-12-03T00:00:00,2025,11,2025-12-30T15:09:16.413,,104年1月至115年6月,1,,
4860,苗栗縣,EP012,2025/11/05,ST-002【等等手作零食】關節大師（綠貽貝+葡萄糖胺）,犬、貓,零食,廣湛有限公司,臺灣,無,無,11,2025-11-05T00:00:00,2025,11,2025-12-30T15:09:16.413,,104年1月至115年6月,1,,
4860,苗栗縣,EP013,2025/11/05,沃野肉出來了-芝麻燕麥雞120g 22199,犬、貓,零食,全宏食品行,臺灣,「主要營養成分及含量」申報與標示不符 ,本所函請業者改善,11,2025-11-05T00:00:00,2025,11,2025-12-30T15:09:16.413,,104年1月至115年6月,1,,
4860,苗栗縣,EP014,2025/11/05,EZD011-赫緻低溫風乾健康糧-單一純肉•美國火雞肉,犬,乾糧,珍食堡實業股份有限公司,臺灣,無,無,11,2025-11-05T00:00:00,2025,11,2025-12-30T15:09:16.413,,104年1月至115年6月,1,,
4860,苗栗縣,EP015,2025/11/05,香饌-雞肉圓圈 170g,犬,零食,萬宏食品有限公司,臺灣,無,無,11,2025-11-05T00:00:00,2025,11,2025-12-30T15:09:16.413,,104年1月至115年6月,1,,
4860,苗栗縣,EP016,2025/11/05,ST-001【等等手作零食】抵抗力大師 (薑黃+褐藻),犬、貓,零食,廣湛有限公司,臺灣,無,無,11,2025-11-05T00:00:00,2025,11,2025-12-30T15:09:16.413,,104年1月至115年6月,1,,
4860,苗栗縣,EP017,2025/11/05,OCE-591 歐斯恩 紐西蘭草飼鹿全齡犬糧,犬,乾糧,聯享寵物貿易有限公司,紐西蘭,無,無,11,2025-11-05T00:00:00,2025,11,2025-12-30T15:09:16.413,,104年1月至115年6月,1,,
4860,苗栗縣,,2025/11/05,TG-02180奇境澳洲尖吻鱸&鮪魚＋紐西蘭羊肺凍乾 無穀全貓糧,貓,乾飼糧,維逸有限公司,澳洲,無,無,11,2025-11-05T00:00:00,2025,11,2025-12-30T15:09:16.413,,104年1月至115年6月,1,,
4860,苗栗縣,EP018,2025/11/18,派庫廚房 低溫手工烘焙系列 牛肉吉士餅,犬、貓,零食,金派庫國際有限公司,臺灣,無,無,11,2025-11-18T00:00:00,2025,11,2025-12-30T15:09:16.413,,104年1月至115年6月,1,,
4860,苗栗縣,EP019,2025/11/18,派庫廚房-急凍骰子牛凍乾,犬、貓,零食,金派庫國際有限公司,臺灣,無,無,11,2025-11-18T00:00:00,2025,11,2025-12-30T15:09:16.413,,104年1月至115年6月,1,,
4860,苗栗縣,,2025/11/21,貓瘋2號營養機能主食餐,貓,罐頭,寶昕股份有限公司,臺灣,無,無,11,2025-11-21T00:00:00,2025,11,2025-12-30T15:09:16.413,,104年1月至115年6月,1,,
4860,苗栗縣,,2025/11/21,BLOP呷哺呷哺- 咕咕啃啃棒,犬,零食,金閤股份有限公司,臺灣,無,無,11,2025-11-21T00:00:00,2025,11,2025-12-30T15:09:16.413,,104年1月至115年6月,1,,
4860,苗栗縣,,2025/11/21,【T.N.A.悠遊】狗狗說Tasty犬用主食罐-純鮮雞×天然綠蕉粉,犬,罐頭,興濠有限公司,臺灣,無,無,11,2025-11-21T00:00:00,2025,11,2025-12-30T15:09:16.413,,104年1月至115年6月,1,,
4860,苗栗縣,,2025/11/21,Push!骨骼養護機能噗滋包(健骨擔當),貓,罐頭,日時好食股份有限公司,臺灣,無,無,11,2025-11-21T00:00:00,2025,11,2025-12-30T15:09:16.413,,104年1月至115年6月,1,,
4860,苗栗縣,,2025/11/21,EZD021-赫緻無穀低敏澳洲羊肉,犬,乾飼糧,珍食堡實業股份有限公司,臺灣,無,無,11,2025-11-21T00:00:00,2025,11,2025-12-30T15:09:16.413,,104年1月至115年6月,1,,
4860,彰化縣,GP025,2025/11/07,貓族98%鮮肉主食糧(竹筴魚)250g,貓,乾飼糧,怪獸製造有限公司,臺灣,無,無,12,2025-11-07T00:00:00,2025,11,2025-12-30T15:09:16.413,,104年1月至115年6月,1,,
4860,彰化縣,GP026,2025/11/07,EPD041赫緻美饌犬糧-嫩牛佐頂級鴨肝,犬,乾飼糧,珍食堡實業股份有限公司,臺灣,無,無,12,2025-11-07T00:00:00,2025,11,2025-12-30T15:09:16.413,,104年1月至115年6月,1,,
4860,彰化縣,GP027,2025/11/07,FUSO Pets貓食-鮭魚+牛肉,貓,乾飼糧,福壽實業股份有限公司,臺灣,無,無,12,2025-11-07T00:00:00,2025,11,2025-12-30T15:09:16.413,,104年1月至115年6月,1,,
4860,彰化縣,GP028,2025/11/07,貓族｜寶寶鮮肉主食糧250g（牛肉鱈魚）,貓,乾飼糧,怪獸製造有限公司,臺灣,無,無,12,2025-11-07T00:00:00,2025,11,2025-12-30T15:09:16.413,,104年1月至115年6月,1,,
4860,彰化縣,GP029,2025/11/07,貓｜Crazy嗨派無穀乾糧｜干貝雞肉(1kg),貓,乾飼糧,碰億馬鈴吉有限公司,臺灣,無,無,12,2025-11-07T00:00:00,2025,11,2025-12-30T15:09:16.413,,104年1月至115年6月,1,,
4860,彰化縣,GP030,2025/11/07,全犬種無穀低碳犬糧-雞肉鮮蔬(1kg),犬,乾飼糧,唯寵股份有限公司,臺灣,無,無,12,2025-11-07T00:00:00,2025,11,2025-12-30T15:09:16.413,,104年1月至115年6月,1,,
4860,彰化縣,GP031,2025/11/07,Q棒貓食-海鮮+蔬果(成貓)(1.5KG),貓,乾飼糧,伸達事業有限公司,臺灣,無,無,12,2025-11-07T00:00:00,2025,11,2025-12-30T15:09:16.413,,104年1月至115年6月,1,,
4860,彰化縣,GP032,2025/11/07,LAZY純黑水虻口味,犬,乾飼糧,碰億馬鈴吉有限公司,臺灣,未依規定於寵物申報網申報資料,移交製造商所在地動保機關處置,12,2025-11-07T00:00:00,2025,11,2025-12-30T15:09:16.413,,104年1月至115年6月,1,,
4860,南投縣,HP011,2025/11/06,新鮮鮪魚佐鱉蛋凍乾,貓,零食,加拿大渴望寵物食品股份有限公司,臺灣,無,無,13,2025-11-06T00:00:00,2025,11,2025-12-30T15:09:16.413,,104年1月至115年6月,1,,
4860,南投縣,HP012,2025/11/12,Woofit凍乾貓食 -情緒舒緩(雞鮭+綠花椰),貓,零食,渥夫特實業有限公司,臺灣,無,無,13,2025-11-12T00:00:00,2025,11,2025-12-30T15:09:16.413,,104年1月至115年6月,1,,
4860,南投縣,HP013,2025/11/12,貓客凍乾-鮪魚丁,貓,零食,辛巴國際行銷有限公司,臺灣,無,無,13,2025-11-12T00:00:00,2025,11,2025-12-30T15:09:16.413,,104年1月至115年6月,1,,
4860,南投縣,HP014,2025/11/12,風味燒-小魚乾,犬、貓,零食,竣百有限公司,臺灣,無,無,13,2025-11-12T00:00:00,2025,11,2025-12-30T15:09:16.413,,104年1月至115年6月,1,,
4860,南投縣,HP017,2025/11/12,貓族凍乾主食開胃山海鮮肉餅150g鱈魚魷魚,貓,零食,怪獸製造有限公司,臺灣,無,無,13,2025-11-12T00:00:00,2025,11,2025-12-30T15:09:16.413,,104年1月至115年6月,1,,
4860,南投縣,HP018,2025/11/12,肉鮮生貓凍乾主食-鮭魚+鮪魚,貓,零食,品果國際行銷有限公司,臺灣,無,無,13,2025-11-12T00:00:00,2025,11,2025-12-30T15:09:16.413,,104年1月至115年6月,1,,
4860,南投縣,HP015,2025/11/13,佳倍讚 貓用鮮肉凍乾(柳葉魚),貓,零食,王品寵物用品有限公司,臺灣,無,無,13,2025-11-13T00:00:00,2025,11,2025-12-30T15:09:16.413,,104年1月至115年6月,1,,
4860,南投縣,HP016,2025/11/13,御天犬 急凍雞胗UD04,犬,零食,冠閎實業有限公司,臺灣,無,無,13,2025-11-13T00:00:00,2025,11,2025-12-30T15:09:16.413,,104年1月至115年6月,1,,
4860,南投縣,,2025/11/25,Ab寵物蔓越莓雞肉條-犬用25g,犬,零食,聚茂生技股份有限公司,臺灣,無,無,13,2025-11-25T00:00:00,2025,11,2025-12-30T15:09:16.413,,104年1月至115年6月,1,,
4860,南投縣,,2025/11/25,長紅愛犬罐頭雞肉口味,犬,乾飼糧,福壽實業股份有限公司,臺灣,無,無,13,2025-11-25T00:00:00,2025,11,2025-12-30T15:09:16.413,,104年1月至115年6月,1,,
4860,南投縣,,2025/11/25,寶多福美食犬餐牛肉口味包3.5Kg,犬,乾飼糧,統一企業公司,臺灣,無,無,13,2025-11-25T00:00:00,2025,11,2025-12-30T15:09:16.413,,104年1月至115年6月,1,,
4860,南投縣,,2025/11/25,貓族德國頂級魚油鮮肉無膠主食罐82g磷蝦+鰹魚,貓,罐頭,怪獸製造有限公司,臺灣,無,無,13,2025-11-25T00:00:00,2025,11,2025-12-30T15:09:16.413,,104年1月至115年6月,1,,
4860,南投縣,,2025/11/25,Puss in Boots 長靴貓-虱目魚丁,貓,零食,瀚翔寵物有限公司,臺灣,無,無,13,2025-11-25T00:00:00,2025,11,2025-12-30T15:09:16.413,,104年1月至115年6月,1,,
4860,雲林縣,IP022,2025/11/27,富基-1O愛犬罐頭牛肉口味,犬,罐頭,喬泰寵物用品企業有限公司,臺灣,無,無,14,2025-11-27T00:00:00,2025,11,2025-12-30T15:09:16.413,,104年1月至115年6月,1,,
4860,雲林縣,IP021,2025/11/27,Pet Best動物造形餅-起司+養樂多,犬,零食,寵物百事達商行,臺灣,無,無,14,2025-11-27T00:00:00,2025,11,2025-12-30T15:09:16.413,,104年1月至115年6月,1,,
4860,雲林縣,IP019,2025/11/27,Pet Best動物造形餅-牛奶+天然鈣,犬,零食,寵物百事達商行,臺灣,無,無,14,2025-11-27T00:00:00,2025,11,2025-12-30T15:09:16.413,,104年1月至115年6月,1,,
4860,雲林縣,IP020,2025/11/27,席瑞思愛犬罐頭-牛肉口味,犬,罐頭,福壽實業股份有限公司,臺灣,無,無,14,2025-11-27T00:00:00,2025,11,2025-12-30T15:09:16.413,,104年1月至115年6月,1,,
4860,雲林縣,IP018,2025/11/28,東方精選優質全貓-雞肉鮭魚（滋補挑嘴）-113年,犬,乾飼糧,斑尼菲國際股份有限公司,臺灣,無,無,14,2025-11-28T00:00:00,2025,11,2025-12-30T15:09:16.413,,104年1月至115年6月,1,,
4860,嘉義縣,,2025/11/28,諾寶貝 精緻犬罐（牛肉口味）,犬,罐頭,遠達國際有限公司,臺灣,標示不全,移交製造商所在地動保機關處置,15,2025-11-28T00:00:00,2025,11,2025-12-30T15:09:16.413,,104年1月至115年6月,1,,
4860,嘉義縣,,2025/11/28,健康紀元貓食 鮪魚雞肉風味,貓,乾飼糧,福壽實業股份有限公司,臺灣,未依規定申報,移交製造商所在地動保機關處置,15,2025-11-28T00:00:00,2025,11,2025-12-30T15:09:16.413,,104年1月至115年6月,1,,
4860,嘉義縣,,2025/11/28,寵貓專用營養肉泥條-鮭魚+干貝,貓,零食,毛能寵物營養生技股份有限公司,臺灣,無,無,15,2025-11-28T00:00:00,2025,11,2025-12-30T15:09:16.413,,104年1月至115年6月,1,,
4860,嘉義縣,,2025/11/28,席瑞思愛犬罐頭-牛肉口味,犬,罐頭,福壽實業股份有限公司,臺灣,無,無,15,2025-11-28T00:00:00,2025,11,2025-12-30T15:09:16.413,,104年1月至115年6月,1,,
4860,嘉義縣,,2025/11/28,倍力斯無穀全肉罐-鮪魚+鮭魚,貓,罐頭,昇鼎企業有限公司,臺灣,無,無,15,2025-11-28T00:00:00,2025,11,2025-12-30T15:09:16.413,,104年1月至115年6月,1,,
4860,屏東縣,,2025/11/03,小小一匙 100% 酵母蛋白,犬、貓,補助食品,佳瑞生物科技有限公司,臺灣,無,無,16,2025-11-03T00:00:00,2025,11,2025-12-30T15:09:16.413,,104年1月至115年6月,1,,
4860,屏東縣,,2025/11/03,炙燒低脂雞柳排-佐紅寶石蔓越莓,犬、貓,生鮮,毛毛爸爸寵物食品有限公司,臺灣,無,無,16,2025-11-03T00:00:00,2025,11,2025-12-30T15:09:16.413,,104年1月至115年6月,1,,
4860,屏東縣,,2025/11/03,多汁雙牛堡佐胡蘿蔔,犬、貓,生鮮,毛毛爸爸寵物食品有限公司,臺灣,無,無,16,2025-11-03T00:00:00,2025,11,2025-12-30T15:09:16.413,,104年1月至115年6月,1,,
4860,屏東縣,,2025/11/03,塊肉農場夾心凍乾-花椰菜,犬、貓,零食,唯寵股份有限公司,臺灣,無,無,16,2025-11-03T00:00:00,2025,11,2025-12-30T15:09:16.413,,104年1月至115年6月,1,,
4860,屏東縣,MP048,2025/11/10,原肉零食 奶焗花椰卡滋雞,犬、貓,零食,寵愛有家股份有限公司,臺灣,無,無,16,2025-11-10T00:00:00,2025,11,2025-12-30T15:09:16.413,,104年1月至115年6月,1,,
4860,屏東縣,MP049,2025/11/10,初光光 QQ雞胗 GL03,犬、貓,零食,八方國際寵物有限公司,臺灣,無,無,16,2025-11-10T00:00:00,2025,11,2025-12-30T15:09:16.413,,104年1月至115年6月,1,,
4860,屏東縣,MP050,2025/11/10,初光光 熱烘亞麻雞 GL07,犬、貓,零食,八方國際寵物有限公司,臺灣,無,無,16,2025-11-10T00:00:00,2025,11,2025-12-30T15:09:16.413,,104年1月至115年6月,1,,
4860,屏東縣,MP051,2025/11/10,〔T.N.A悠遊〕鮮點-鮮烘骰子羊,犬、貓,零食,悠遊國際實業股份有限公司,臺灣,無,無,16,2025-11-10T00:00:00,2025,11,2025-12-30T15:09:16.413,,104年1月至115年6月,1,,
4860,屏東縣,MP052,2025/11/10,御天犬 潔牙雞肉捲 U3,犬,零食,冠閎實業有限公司,臺灣,無,無,16,2025-11-10T00:00:00,2025,11,2025-12-30T15:09:16.413,,104年1月至115年6月,1,,
4860,屏東縣,MP053,2025/11/14,元氣-雞肉薄長片,犬,零食,茂捷有限公司,臺灣,無,無,16,2025-11-14T00:00:00,2025,11,2025-12-30T15:09:16.413,,104年1月至115年6月,1,,
4860,屏東縣,MP054,2025/11/14,香饌-雞肉牛奶骨 4入,犬,零食,茂捷有限公司,臺灣,無,無,16,2025-11-14T00:00:00,2025,11,2025-12-30T15:09:16.413,,104年1月至115年6月,1,,
4860,屏東縣,MP055,2025/11/17,卡默-潔牙骨捲肉(8入),犬,零食,耐維滋寵物食品有限公司,臺灣,包裝標示之營養成分與申報資訊不符,經查委製商公司登記地址位於高雄市，擬另函移請高雄市動物保護處依規定查處,16,2025-11-17T00:00:00,2025,11,2025-12-30T15:09:16.413,,104年1月至115年6月,1,,
4860,屏東縣,,2025/11/28,Ms.PET 犬貓營養配方奶粉,犬、貓,補助食品,王品寵物用品有限公司,臺灣,無,無,16,2025-11-28T00:00:00,2025,11,2025-12-30T15:09:16.413,,104年1月至115年6月,1,,
4860,臺東縣,,2025/11/20,野性魅力 超能精華鮮雞犬糧(包裝340g),犬,乾飼糧,加拿大野性魅力有限公司,加拿大,無,無,17,2025-11-20T00:00:00,2025,11,2025-12-30T15:09:16.413,,104年1月至115年6月,1,,
4860,臺東縣,,2025/11/20,嘿囉 無穀成貓糧-雞肉風味(包裝300g),貓,乾飼糧,盛貿寵物股份有限公司,美國,無,無,17,2025-11-20T00:00:00,2025,11,2025-12-30T15:09:16.413,,104年1月至115年6月,1,,
4860,臺東縣,,2025/11/20,健綠 潔牙骨(包裝85g),犬,零食,台灣瑪氏股份有限公司,美國,無,無,17,2025-11-20T00:00:00,2025,11,2025-12-30T15:09:16.413,,104年1月至115年6月,1,,
4860,臺東縣,,2025/11/20,奇境無穀貓凍糧-鮭魚風味(包裝300g),貓,乾飼糧,維逸有限公司,澳洲,無,無,17,2025-11-20T00:00:00,2025,11,2025-12-30T15:09:16.413,,104年1月至115年6月,1,,
4860,臺東縣,,2025/11/20,曙光無穀雞肉貓餐食-雞肉風味(包裝300g),貓,乾飼糧,昱碩國際事業股份有限公司,美國,無,無,17,2025-11-20T00:00:00,2025,11,2025-12-30T15:09:16.413,,104年1月至115年6月,1,,
4860,臺東縣,,2025/11/20,歐力凍乾有機糧狗皮毛-鮭魚風味(包裝300g),犬,乾飼糧,婕暉國際有限公司,韓國,無,無,17,2025-11-20T00:00:00,2025,11,2025-12-30T15:09:16.413,,104年1月至115年6月,1,,
4860,臺東縣,,2025/11/20,渴望海陸龍蝦貓貓餐食-龍蝦風味(包裝340g),貓,乾飼糧,加拿大渴望寵物食品股份有限公司,加拿大,無,無,17,2025-11-20T00:00:00,2025,11,2025-12-30T15:09:16.413,,104年1月至115年6月,1,,
4860,臺東縣,,2025/11/20,冠能幼犬鮮雞成長糧-雞肉風味(包裝750g),犬,乾飼糧,台灣雀巢股份有限公司(分裝-阿甘寵物王國館),澳洲,無,無,17,2025-11-20T00:00:00,2025,11,2025-12-30T15:09:16.413,,104年1月至115年6月,1,,
4860,花蓮縣,,2025/11/07,720 雞米花,犬,零食,宏寶國際企業有限公司,臺灣,無,無,18,2025-11-07T00:00:00,2025,11,2025-12-30T15:09:16.413,,104年1月至115年6月,1,,
4860,花蓮縣,,2025/11/07,健康紀元寵食挑嘴犬專用配方-雞肉口味,犬,乾飼糧,福壽實業股份有限公司,臺灣,無,無,18,2025-11-07T00:00:00,2025,11,2025-12-30T15:09:16.413,,104年1月至115年6月,1,,
4860,花蓮縣,,2025/11/07,好一頓貓飼料1.36kg / 公貓用-泌尿道保健和化毛優纖配方,貓,乾飼糧,全球寵物用品有限公司,臺灣,申報與標示不一,移送責任廠商所在地管轄機關卓處,18,2025-11-07T00:00:00,2025,11,2025-12-30T15:09:16.413,,104年1月至115年6月,1,,
4860,花蓮縣,,2025/11/07,紅石榴燕麥雞肉片,犬,零食,樺隆有限公司,臺灣,未依規定標示,移送責任廠商所在地管轄機關卓處,18,2025-11-07T00:00:00,2025,11,2025-12-30T15:09:16.413,,104年1月至115年6月,1,,
4860,花蓮縣,,2025/11/07,黃金嫩雞絲,犬、貓,零食,茂捷有限公司,臺灣,未申報及未依規定標示,移送責任廠商所在地管轄機關卓處,18,2025-11-07T00:00:00,2025,11,2025-12-30T15:09:16.413,,104年1月至115年6月,1,,
4860,澎湖縣,,2025/11/20,CBS-37雞老大 軟性牛肉點心棒,犬,零食,壹士達寵物有限公司,臺灣,無,無,19,2025-11-20T00:00:00,2025,11,2025-12-30T15:09:16.413,,104年1月至115年6月,1,,
4860,澎湖縣,,2025/11/20,OzBone卡賀家犬零食-羊肉吉拿軟條220g 20638,犬,零食,東森寵物雲股份有限公司,臺灣,無,無,19,2025-11-20T00:00:00,2025,11,2025-12-30T15:09:16.413,,104年1月至115年6月,1,,
4860,澎湖縣,,2025/11/20,艾思柏純肉犬罐-雞肉+地瓜,犬,罐頭,福壽實業股份有限公司,臺灣,無,無,19,2025-11-20T00:00:00,2025,11,2025-12-30T15:09:16.413,,104年1月至115年6月,1,,
4860,澎湖縣,,2025/11/20,喜樂寵宴法式頂級主食餐-羊小排佐嫩雞,犬,罐頭,螢火蟲原創有限公司,臺灣,無,無,19,2025-11-20T00:00:00,2025,11,2025-12-30T15:09:16.413,,104年1月至115年6月,1,,
4860,澎湖縣,,2025/11/20,優沛特-犬用大狗罐(地瓜+雞肉風味)400g,犬,罐頭,全慶寵物用品有限公司,臺灣,無,無,19,2025-11-20T00:00:00,2025,11,2025-12-30T15:09:16.413,,104年1月至115年6月,1,,
4860,基隆市,,2025/11/06,CBP-15雞老大 健腸牛肉圓片(含益生菌),犬,零食,壹士達寵物有限公司,臺灣,無,無,20,2025-11-06T00:00:00,2025,11,2025-12-30T15:09:16.413,,104年1月至115年6月,1,,
4860,基隆市,,2025/11/06,HOOLI 呼哩 一起變輕盈-低脂雞里肌凍乾,犬、貓,零食,盛貿寵物股份有限公司,臺灣,包裝營養成分含量與申報網資料不符,通知業者限期改善,20,2025-11-06T00:00:00,2025,11,2025-12-30T15:09:16.413,,104年1月至115年6月,1,,
4860,基隆市,,2025/11/06,Mr.凍乾 犬用天然原肉凍乾(75g)-鰹魚,犬,零食,八犬國際行銷有限公司,臺灣,無,無,20,2025-11-06T00:00:00,2025,11,2025-12-30T15:09:16.413,,104年1月至115年6月,1,,
4860,基隆市,,2025/11/06,【原肉凍乾】咔咔雞胗,貓,零食,食寵町國際企業有限公司,臺灣,"1.未申報
2.包裝未標示保存期限",通知業者限期改善,20,2025-11-06T00:00:00,2025,11,2025-12-30T15:09:16.413,,104年1月至115年6月,1,,
4860,基隆市,,2025/11/06,柏妮絲-5吋打結骨裹肉(3入),貓,零食,峰揚貿易有限公司,臺灣,包裝原料添加物與申報網資料不符,通知業者限期改善,20,2025-11-06T00:00:00,2025,11,2025-12-30T15:09:16.413,,104年1月至115年6月,1,,
4860,基隆市,QP016,2025/11/10,丹DAN 寵物食品全貓齡配方鮪魚牛肉+蔓越莓口味(1.5KG),貓,乾飼糧,寶榮寵物企業股份有限公司,臺灣,包裝營養成分及含量與申報網資料不符,通知業者限期改善,20,2025-11-10T00:00:00,2025,11,2025-12-30T15:09:16.413,,104年1月至115年6月,1,,
4860,基隆市,QP017,2025/11/10,優格吃貨拼盤多拼糧-全齡貓鮭魚佐嫩雞拼盤(亮毛配方) 1.5lb,貓,乾飼糧,艾澌克企業股份有限公司,臺灣,無,無,20,2025-11-10T00:00:00,2025,11,2025-12-30T15:09:16.413,,104年1月至115年6月,1,,
4860,基隆市,QP018,2025/11/10,2544 FHN 皇家離乳貓與母貓BC34 400G,貓,乾飼糧,台灣皇家寵物食品有限公司,韓國,無,無,20,2025-11-10T00:00:00,2025,11,2025-12-30T15:09:16.413,,104年1月至115年6月,1,,
4860,基隆市,QP019,2025/11/10,PURELUXE 美國純華 鮮雞無穀成貓糧 3.3LB,貓,乾飼糧,勤翔國際股份有限公司,美國,包裝營養成分及含量與申報網資料不符,通知業者限期改善,20,2025-11-10T00:00:00,2025,11,2025-12-30T15:09:16.413,,104年1月至115年6月,1,,
4860,基隆市,QP020,2025/11/10,莫比C27雞肉米成犬食譜1.5kg,犬,乾飼糧,博東客企業有限公司,美國,無,無,20,2025-11-10T00:00:00,2025,11,2025-12-30T15:09:16.413,,104年1月至115年6月,1,,
4860,基隆市,QP021,2025/11/10,倍力 關節保健低敏配方 羊肉+南瓜 1.5kg,犬,乾飼糧,盈寶寵物股份有限公司,臺灣,無,無,20,2025-11-10T00:00:00,2025,11,2025-12-30T15:09:16.413,,104年1月至115年6月,1,,
4860,基隆市,QP022,2025/11/10,"O,Bli! 噢，比利！頂級機能軟飼料 - 關節配方 (犬用)",犬,半溼性飼糧,品果國際行銷有限公司,韓國,"1.包裝營養成分及含量與申報網資料不符
2.包裝主要原料及添加物與申報網資料不符",通知業者限期改善,20,2025-11-10T00:00:00,2025,11,2025-12-30T15:09:16.413,,104年1月至115年6月,1,,
4860,基隆市,QP023,2025/11/10,丹DAN 寵物食品成老犬配方牛肉蕃茄口味(1.8KG),犬,乾飼糧,寶榮寵物企業股份有限公司,臺灣,無,無,20,2025-11-10T00:00:00,2025,11,2025-12-30T15:09:16.413,,104年1月至115年6月,1,,
4860,新竹市,,2025/11/13,皇家皮膚保健犬主食溼糧,犬,罐頭,台灣皇家寵物食品有限公司,奧地利,無,無,21,2025-11-13T00:00:00,2025,11,2025-12-30T15:09:16.413,,104年1月至115年6月,1,,
4860,新竹市,,2025/11/13,鮮開凍WOOF狗狗冷凍乾燥生食餐,犬,乾飼糧,咆陪喵有限公司,紐西蘭,無,無,21,2025-11-13T00:00:00,2025,11,2025-12-30T15:09:16.413,,104年1月至115年6月,1,,
4860,新竹市,,2025/11/13,Vetlife 獸醫天然處方主食罐（犬用腎臟配方）,犬,罐頭,聯信寵物有限公司,賽爾維亞,無,無,21,2025-11-13T00:00:00,2025,11,2025-12-30T15:09:16.413,,104年1月至115年6月,1,,
4860,新竹市,,2025/11/13,歐睿健 六種鮮魚 犬 無榖配方,犬,乾飼糧,豪翼行銷有限公司,加拿大,無,無,21,2025-11-13T00:00:00,2025,11,2025-12-30T15:09:16.413,,104年1月至115年6月,1,,
4860,新竹市,,2025/11/13,奇境 澳洲鮭魚+紐西蘭羊肺凍乾 無穀貓糧,貓,乾飼糧,維逸有限公司,澳洲,無,無,21,2025-11-13T00:00:00,2025,11,2025-12-30T15:09:16.413,,104年1月至115年6月,1,,
4860,新竹市,,2025/11/13,巔峰鮮肉貓罐頭-鮪魚羊肉,貓,罐頭,極寵有限公司,紐西蘭,無,無,21,2025-11-13T00:00:00,2025,11,2025-12-30T15:09:16.413,,104年1月至115年6月,1,,
4860,新竹市,,2025/11/13,蔚特尼思無榖天然貓糧-幼母貓,貓,乾飼糧,大地營養有限公司,臺灣,無,無,21,2025-11-13T00:00:00,2025,11,2025-12-30T15:09:16.413,,104年1月至115年6月,1,,
4860,新竹市,,2025/11/13,極光 加拿大無穀天然糧,貓,乾飼糧,邁迪飛貿易有限公司,加拿大,無,無,21,2025-11-13T00:00:00,2025,11,2025-12-30T15:09:16.413,,104年1月至115年6月,1,,
4860,新竹市,,2025/11/13,毛孩時代100℅原型鮮蝦塊凍乾零食,犬、貓,零食,達欣生物科技股份有限公司,臺灣,無,無,21,2025-11-13T00:00:00,2025,11,2025-12-30T15:09:16.413,,104年1月至115年6月,1,,
4860,新竹市,,2025/11/13,陪心SUPER小白貓咪主食罐-雞魚*野莓,貓,罐頭,唯寵股份有限公司,臺灣,無,無,21,2025-11-13T00:00:00,2025,11,2025-12-30T15:09:16.413,,104年1月至115年6月,1,,
4860,新竹市,,2025/11/13,汪喵星球95℅犬用無膠主食罐,犬,罐頭,自力耕生股份有限公司,臺灣,無,無,21,2025-11-13T00:00:00,2025,11,2025-12-30T15:09:16.413,,104年1月至115年6月,1,,
4860,新竹市,,2025/11/13,香饌起司肉排燒,犬,零食,萬宏食品有限公司,臺灣,無,無,21,2025-11-13T00:00:00,2025,11,2025-12-30T15:09:16.413,,104年1月至115年6月,1,,
4860,新竹市,,2025/11/13,瑞威天然平衡全齡犬糧-湖畔水鱉,犬,乾飼糧,福壽實業股份有限公司,臺灣,無,無,21,2025-11-13T00:00:00,2025,11,2025-12-30T15:09:16.413,,104年1月至115年6月,1,,
4860,嘉義市,TP015,2025/11/05,瑪恩吉無穀優護腸胃處方貓餐盒,貓,零食,柏希菲克股份有限公司,義大利,無,無,22,2025-11-05T00:00:00,2025,11,2025-12-30T15:09:16.413,,104年1月至115年6月,1,,
4860,嘉義市,TP016,2025/11/05,瑪恩吉無穀主食肉醬餐包(火雞肉),貓,零食,柏希菲克股份有限公司,義大利,無,無,22,2025-11-05T00:00:00,2025,11,2025-12-30T15:09:16.413,,104年1月至115年6月,1,,
4860,嘉義市,,2025/11/10,GO!低致敏鴨肉無穀全犬配方,犬,乾飼糧,古迪寵物食品有限公司,加拿大,無,無,22,2025-11-10T00:00:00,2025,11,2025-12-30T15:09:16.413,,104年1月至115年6月,1,,
4860,嘉義市,,2025/11/10,GO!雞肉鮭魚無穀老犬/體控犬糧,犬,乾飼糧,古迪寵物食品有限公司,加拿大,無,無,22,2025-11-10T00:00:00,2025,11,2025-12-30T15:09:16.413,,104年1月至115年6月,1,,
4860,嘉義市,,2025/11/20,Schesir 鮮時無穀主食罐*雞菲力+鵪鶉蛋,貓,罐頭,兆宣貿易企業有限公司,泰國,無,無,22,2025-11-20T00:00:00,2025,11,2025-12-30T15:09:16.413,,104年1月至115年6月,1,,
4860,嘉義市,,2025/11/20,Aatas Cat AAT3032 愛達思 白肉鮪魚+鮭魚,貓,罐頭,三怡水族寵物用品有限公司,泰國,無,無,22,2025-11-20T00:00:00,2025,11,2025-12-30T15:09:16.413,,104年1月至115年6月,1,,
4860,嘉義市,,2025/11/20,Aatas Cat AAT3032 愛達思 白肉鮪魚+鮭魚,犬,潔牙骨,薇奇有限公司,美國,無,無,22,2025-11-20T00:00:00,2025,11,2025-12-30T15:09:16.413,,104年1月至115年6月,1,,
4860,金門縣,,2025/11/10,野性魅力凍乾零食-鮪魚塊佐鱉蛋,犬、貓,零食,加拿大野性魅力有限公司,臺灣,無,無,23,2025-11-10T00:00:00,2025,11,2025-12-30T15:09:16.413,,104年1月至115年6月,1,,
4860,金門縣,,2025/11/10,野性魅力凍乾零食-土雞塊佐鱉蛋,犬、貓,零食,加拿大野性魅力有限公司,臺灣,無,無,23,2025-11-10T00:00:00,2025,11,2025-12-30T15:09:16.413,,104年1月至115年6月,1,,
4860,金門縣,,2025/11/10,怪獸咔滋原肉零食 凍乾虱目魚貓草丁,犬、貓,零食,怪獸製造有限公司,臺灣,無,無,23,2025-11-10T00:00:00,2025,11,2025-12-30T15:09:16.413,,104年1月至115年6月,1,,
4860,金門縣,,2025/11/10,貓用益生菌晶球夾心糧-曠野鮮雞180g,貓,乾飼糧,飛輪寵物有限公司,臺灣,無,無,23,2025-11-10T00:00:00,2025,11,2025-12-30T15:09:16.413,,104年1月至115年6月,1,,
4860,金門縣,,2025/11/10,奇啃保健雞腿-原味,犬、貓,零食,勤翔國際股份有限公司,臺灣,無,無,23,2025-11-10T00:00:00,2025,11,2025-12-30T15:09:16.413,,104年1月至115年6月,1,,
4860,新北市,AP057,2025/11/21,【T.N.A.悠遊】狗狗說Tasty犬用主食罐-鮮雞燉羊×山藥,犬,罐頭,悠遊國際實業股份有限公司,臺灣,申報網營養成分標示與包裝不符,移請桃園動保處協助妥處,0,2025-11-21T00:00:00,2025,12,2026-01-23T14:55:43.627,,104年1月至115年6月,1,,
4860,新北市,,2025/11/21,喵樂 肉食控主食罐 嫩雞旗魚#6,貓,罐頭,艾澌克企業股份有限公司,臺灣,申報網營養成分標示與包裝不符,通知業者限期改善,0,2025-11-21T00:00:00,2025,12,2026-01-23T14:55:43.627,,104年1月至115年6月,1,,
4860,新北市,,2025/11/21,鮭魚鮪魚完食罐,貓,罐頭,嗨寵物們股份有限公司,臺灣,標示、宣傳或廣告有不實、誇張或易生誤解之情形(增強免疫系統功能),移請台北動保處協助妥處,0,2025-11-21T00:00:00,2025,12,2026-01-23T14:55:43.627,,104年1月至115年6月,1,,
4860,新北市,AP058,2025/11/21,龍王鱘雞肉泥主食罐（雞肉＋鱘龍魚）,貓,罐頭,寵愛毛毛股份有限公司,臺灣,申報網營養成分標示與包裝不符,通知業者限期改善,0,2025-11-21T00:00:00,2025,12,2026-01-23T14:55:43.627,,104年1月至115年6月,1,,
4860,新北市,,2025/11/21,烘不讓 - 蘋果雞肉片,犬、貓,零食,寵愛毛毛股份有限公司,臺灣,申報網重量與包裝標示不符,通知業者限期改善,0,2025-11-21T00:00:00,2025,12,2026-01-23T14:55:43.627,,104年1月至115年6月,1,,
4860,新北市,AP059,2025/11/21,奧藍多全齡貓營養主食罐-全雞饗宴,貓,罐頭,萌光小鎮股份有限公司,臺灣,無,無,0,2025-11-21T00:00:00,2025,12,2026-01-23T14:55:43.627,,104年1月至115年6月,1,,
4860,新北市,,2025/11/21,惜命命-泌尿道保健,犬、貓,補助食品,寵愛毛毛股份有限公司,臺灣,無,無,0,2025-11-21T00:00:00,2025,12,2026-01-23T14:55:43.627,,104年1月至115年6月,1,,
4860,新北市,,2025/11/21,優豆 自然派犬用牛奶加鈣-丸型消臭餅 160g,犬,零食,優豆事業開發有限公司,臺灣,"1.申報網營養成分標示與包裝不符
2.業者名稱與包裝經銷商不符",移請台南動保處協助妥處,0,2025-11-21T00:00:00,2025,12,2026-01-23T14:55:43.627,,104年1月至115年6月,1,,
4860,新北市,,2025/11/21,鮮食餐包-慢燉羊肉,犬、貓,罐頭,食尚好國際企業有限公司,臺灣,無,無,0,2025-11-21T00:00:00,2025,12,2026-01-23T14:55:43.627,,104年1月至115年6月,1,,
4860,新北市,AP060,2025/11/21,南極磷蝦大肉包 雞鮪X UC2,貓,罐頭,金富錸國際寵物有限公司,臺灣,"1.申報網主要原料及添加物不符
2.申報網主要營養成分及含量不符
3.包裝地址與商工登記不符",移請台中動保處協助妥處,0,2025-11-21T00:00:00,2025,12,2026-01-23T14:55:43.627,,104年1月至115年6月,1,,
4860,新北市,,2025/11/21,犬王道無膠無穀全肉主食罐-田園雞+小羊肉,犬,罐頭,螢火蟲原創有限公司,臺灣,"1.申報網主要原料及添加物不符
2.申報網主要營養成分及含量不符",通知業者限期改善,0,2025-11-21T00:00:00,2025,12,2026-01-23T14:55:43.627,,104年1月至115年6月,1,,
4860,新北市,,2025/11/21,毛與家-三味果汁潔牙骨,犬,潔牙骨,毛與家股份有限公司,臺灣,申報網主要營養成分及含量有誤,通知業者限期改善,0,2025-11-21T00:00:00,2025,12,2026-01-23T14:55:43.627,,104年1月至115年6月,1,,
4860,新北市,,2025/11/21,咔嗞凍乾 牛肉,犬、貓,零食,嗨寵物們股份有限公司,臺灣,未標示適用寵物種類,移請台北動保處協助妥處,0,2025-11-21T00:00:00,2025,12,2026-01-23T14:55:43.627,,104年1月至115年6月,1,,
4860,新北市,,2025/11/21,小叼饞-狗御用凍乾小丁｜雞柳片(袋),犬,零食,螢火蟲原創有限公司,臺灣,無,無,0,2025-11-21T00:00:00,2025,12,2026-01-23T14:55:43.627,,104年1月至115年6月,1,,
4860,新北市,AP061,2025/11/21,炙燒雞肉薄片,犬,零食,津欣寵物食品有限公司,臺灣,無,無,0,2025-11-21T00:00:00,2025,12,2026-01-23T14:55:43.627,,104年1月至115年6月,1,,
4860,臺北市,,2025/12/23,毛研工事 鮮萃肉泥主食罐 雙蛋茄汁雞【皮毛保健】,貓,罐頭,毛研工坊,臺灣,無,無,1,2025-12-23T00:00:00,2025,12,2026-01-23T14:55:43.627,,104年1月至115年6月,1,,
4860,臺北市,,2025/12/23,香濃物語-香烤雞柳片,犬,零食,展聖寵物用品有限公司,臺灣,無,無,1,2025-12-23T00:00:00,2025,12,2026-01-23T14:55:43.627,,104年1月至115年6月,1,,
4860,臺北市,,2025/12/23,歐姆貓海陸原肉凍乾粒-雞肉罐裝,貓,零食,台灣愛邦仕實業股份有限公司,臺灣,無,無,1,2025-12-23T00:00:00,2025,12,2026-01-23T14:55:43.627,,104年1月至115年6月,1,,
4860,臺北市,,2025/12/23,汪喵星球 - 貓用98%無膠鮮肉主食罐 田園火雞肉餐 80G,貓,罐頭,自力耕生股份有限公司,臺灣,無,無,1,2025-12-23T00:00:00,2025,12,2026-01-23T14:55:43.627,,104年1月至115年6月,1,,
4860,臺北市,,2025/12/23,原肉凍乾  豪爽大雞排,犬、貓,零食,食寵町國際企業有限公司,臺灣,無,無,1,2025-12-23T00:00:00,2025,12,2026-01-23T14:55:43.627,,104年1月至115年6月,1,,
4860,臺北市,,2025/12/23,T.N.A.悠遊 狗狗說早點蛋條-護心好健康蛋 (雞蛋+魚油),犬,零食,悠遊國際實業股份有限公司,臺灣,無,無,1,2025-12-23T00:00:00,2025,12,2026-01-23T14:55:43.627,,104年1月至115年6月,1,,
4860,臺北市,,2025/12/23,犬族寶寶無膠主食罐82g - 咕咕雞,犬,罐頭,怪獸製造有限公司,臺灣,無,無,1,2025-12-23T00:00:00,2025,12,2026-01-23T14:55:43.627,,104年1月至115年6月,1,,
4860,臺北市,,2025/12/23,汪喵星球 - 熟齡犬銀養無膠主食罐（95%肉含量）滋補燉羊肉 80G,犬,罐頭,自力耕生股份有限公司,臺灣,無,無,1,2025-12-23T00:00:00,2025,12,2026-01-23T14:55:43.627,,104年1月至115年6月,1,,
4860,臺北市,,2025/12/23,貝斯-脆笛酥,犬、貓,零食,台野畜產有限公司,臺灣,無,無,1,2025-12-23T00:00:00,2025,12,2026-01-23T14:55:43.627,,104年1月至115年6月,1,,
4860,臺北市,,2025/12/23,天梯洋芋片,犬、貓,零食,食寵町國際企業有限公司,臺灣,無,無,1,2025-12-23T00:00:00,2025,12,2026-01-23T14:55:43.627,,104年1月至115年6月,1,,
4860,臺北市,,2025/12/23,台灣牛月牙骨,犬、貓,零食,寵鮮灶腳有限公司,臺灣,無,無,1,2025-12-23T00:00:00,2025,12,2026-01-23T14:55:43.627,,104年1月至115年6月,1,,
4860,臺北市,,2025/12/23,瑪莎犬用餐盒-牛肉風味100g,犬,罐頭,全慶寵物用品有限公司,臺灣,無,無,1,2025-12-23T00:00:00,2025,12,2026-01-23T14:55:43.627,,104年1月至115年6月,1,,
4860,臺北市,,2025/12/23,瑞威天然平衡貓糧 幼貓糧 1號 腸胃護膚配方,貓,乾飼糧,瑞威動物科技股份有限公司,臺灣,無,無,1,2025-12-23T00:00:00,2025,12,2026-01-23T14:55:43.627,,104年1月至115年6月,1,,
4860,臺北市,,2025/12/23,貓族98%鮮肉主食糧(竹筴魚)800g,貓,乾飼糧,怪獸製造有限公司,臺灣,無,無,1,2025-12-23T00:00:00,2025,12,2026-01-23T14:55:43.627,,104年1月至115年6月,1,,
4860,臺北市,,2025/12/23,幸福時光手作雞肉零食軟奶酪細條130g,犬,零食,東森寵物雲股份有限公司,臺灣,無,無,1,2025-12-23T00:00:00,2025,12,2026-01-23T14:55:43.627,,104年1月至115年6月,1,,
4860,臺中市,,2025/12/02,卡尼生肉餐 羊肉生肉餐-犬貓生食,犬、貓,生鮮、冷凍,圓寵有限公司,臺灣,未於農業部寵物食品申報網申報。,已依中市動稽字第1140011472號函轉新北市政府動物保護防疫處,2,2025-12-02T00:00:00,2025,12,2026-01-23T14:55:43.627,,104年1月至115年6月,1,,
4860,臺中市,,2025/12/02,卡尼生肉餐 鴨肉生肉餐-犬貓生食,犬、貓,生鮮、冷凍,圓寵有限公司,臺灣,未於農業部寵物食品申報網申報。,已依中市動稽字第1140011472號函轉新北市政府動物保護防疫處,2,2025-12-02T00:00:00,2025,12,2026-01-23T14:55:43.627,,104年1月至115年6月,1,,
4860,臺中市,,2025/12/02,汪事如意 補體術 雞肉鱸魚丸,犬、貓,罐頭,寵愛有家股份有限公司,臺灣,製造及有效日期未標示完整年月日。,已依中市動稽字第1140011509號函轉苗栗縣動物保護防疫所,2,2025-12-02T00:00:00,2025,12,2026-01-23T14:55:43.627,,104年1月至115年6月,1,,
4860,臺中市,,2025/12/02,汪事如意 野菜玉子燒放牧鹿,犬、貓,罐頭,寵愛有家股份有限公司,臺灣,"1.未於農業部寵物食品申報網申報。
2.內外包裝製造及有效日期不符。",已依中市動稽字第1140011509號函轉苗栗縣動物保護防疫所,2,2025-12-02T00:00:00,2025,12,2026-01-23T14:55:43.627,,104年1月至115年6月,1,,
4860,臺中市,,2025/12/02,CoCoNu+牛肉鯛魚蔓越莓,犬、貓,罐頭,沛麋股份有限公司,臺灣,無,無,2,2025-12-02T00:00:00,2025,12,2026-01-23T14:55:43.627,,104年1月至115年6月,1,,
4860,臺中市,,2025/12/02,CoCoFresh無穀鴨肉,犬、貓,罐頭,沛麋股份有限公司,臺灣,未於農業部寵物食品申報網申報,已依中市動稽字第1140011740號函請業者限期改善,2,2025-12-02T00:00:00,2025,12,2026-01-23T14:55:43.627,,104年1月至115年6月,1,,
4860,臺中市,,2025/12/02,牛肉極鮮包,犬,罐頭,悠遊國際實業股份有限公司,臺灣,申報“適用寵物種類”與包裝標示不符。,已依中市動稽字第1140011433號函轉臺北市動物保護處,2,2025-12-02T00:00:00,2025,12,2026-01-23T14:55:43.627,,104年1月至115年6月,1,,
4860,臺中市,,2025/12/02,豬肉極鮮包,犬,罐頭,悠遊國際實業股份有限公司,臺灣,申報“品名”及“適用寵物種類”與包裝標示不符。,已依中市動稽字第1140011433號函轉臺北市動物保護處,2,2025-12-02T00:00:00,2025,12,2026-01-23T14:55:43.627,,104年1月至115年6月,1,,
4860,臺中市,,2025/12/02,渴望新鮮土雞佐鱉蛋凍乾,犬、貓,零食,加拿大渴望寵物食品股份有限公司,臺灣,使用「經(特定單位)檢驗/認證/核可/認可/批准/通過推薦」 詞句或類似詞句，與事實不符或無法提供證明：前揭產品標有「食材通過多項認證，HACCP、ISO22000等」。,已依中市動稽字第1140011447號函轉高雄市動物保護處,2,2025-12-02T00:00:00,2025,12,2026-01-23T14:55:43.627,,104年1月至115年6月,1,,
4860,臺中市,,2025/12/02,野性魅力凍乾土雞塊佐干貝,犬、貓,零食,加拿大野性魅力有限公司,臺灣,"1.申報“主要原料及添加物”與包裝標示不符。
2.國內負責廠商地址與商業登記地址不同。
3.未標示使用方法。
4.使用「經(特定單位)檢驗/認證/核可/認可/批准/通過推薦」 詞句或類似詞句，與事實不符或無法提供證明：前揭產品標有「食材通過多項認證，HACCP、ISO22000等」。",已依中市動稽字第1140011447號函轉高雄市動物保護處,2,2025-12-02T00:00:00,2025,12,2026-01-23T14:55:43.627,,104年1月至115年6月,1,,
4860,臺中市,,2025/12/02,咪歐啾咪棒 蟹肉口味肉泥,貓,零食,好侶股份有限公司,泰國,無,無,2,2025-12-02T00:00:00,2025,12,2026-01-23T14:55:43.627,,104年1月至115年6月,1,,
4860,臺中市,,2025/12/02,自然主義 草本活力犬糧 火雞肉+黨參+番茄乾,犬,乾飼糧,東森寵物雲股份有限公司,荷蘭,"1.申報“品名”及“適用寵物種類”與包裝標示不符。
2.使用「符合國際標準」詞句或類似詞句，產品未符合對應標準之要求：前揭產品標有「本配方符合歐洲FEDIAF營養規範」。",已依中市動稽字第1140011433號函轉臺北市動物保護處,2,2025-12-02T00:00:00,2025,12,2026-01-23T14:55:43.627,,104年1月至115年6月,1,,
4860,臺中市,,2025/12/02,IAMS愛慕思 健康優活 室內貓、體重管理及化毛營養配方,貓,乾飼糧,台灣瑪氏股份有限公司,泰國,"1.未標示使用方法。
2.使用「研發」詞句或類似詞句，未明確記載研發人姓名或研發機構名稱：前揭產品標有「專業科學研究獸醫師共同研發」。",已依中市動稽字第1140011433號函轉臺北市動物保護處,2,2025-12-02T00:00:00,2025,12,2026-01-23T14:55:43.627,,104年1月至115年6月,1,,
4860,臺中市,,2025/12/02,健康紀元純肉犬罐-香嫩雞排丁,犬,罐頭,福壽實業股份有限公司,臺灣,無,無,2,2025-12-02T00:00:00,2025,12,2026-01-23T14:55:43.627,,104年1月至115年6月,1,,
4860,臺中市,,2025/12/02,健康紀元純肉犬罐-香嫩雞排+地瓜,犬,罐頭,福壽實業股份有限公司,臺灣,無,無,2,2025-12-02T00:00:00,2025,12,2026-01-23T14:55:43.627,,104年1月至115年6月,1,,
4860,臺中市,,2025/12/02,汪事如意 撥撥方塊鴨,犬、貓,零食,寵愛有家股份有限公司,臺灣,"1.未於農業部寵物食品申報網申報。
2.未標示使用方法。",已依中市動稽字第1140011509號函轉苗栗縣動物保護防疫所,2,2025-12-02T00:00:00,2025,12,2026-01-23T14:55:43.627,,104年1月至115年6月,1,,
4860,臺中市,,2025/12/02,【蔬菜菜雞】 菜菜香硬硬片,犬、貓,零食,肚臍凸凸寵物社,臺灣,申報“品名”與包裝標示不符。,已依中市動稽字第1140011386號函轉台南市動物保護防疫處,2,2025-12-02T00:00:00,2025,12,2026-01-23T14:55:43.627,,104年1月至115年6月,1,,
4860,臺中市,,2025/12/02,開凍！100%原肉高蛋白凍乾-鮮味干貝,犬、貓,零食,岡鍵實業股份有限公司,臺灣,申報“品名”及“業者名稱”與包裝標示不符。,已依中市動稽字第1140011433號函轉臺北市動物保護處,2,2025-12-02T00:00:00,2025,12,2026-01-23T14:55:43.627,,104年1月至115年6月,1,,
4860,臺中市,,2025/12/02,派斯生活 鮮酥虱目魚凍乾,犬、貓,零食,派優斯國際有限公司,臺灣,無,無,2,2025-12-02T00:00:00,2025,12,2026-01-23T14:55:43.627,,104年1月至115年6月,1,,
4860,臺中市,,2025/12/02,毛孩時代 100%原型牛肉塊凍乾零食,犬、貓,零食,騰勢股份有限公司,臺灣,申報“品名”與包裝標示不符。,已依中市動稽字第1140011472號函轉新北市政府動物保護防疫處,2,2025-12-02T00:00:00,2025,12,2026-01-23T14:55:43.627,,104年1月至115年6月,1,,
4860,臺中市,,2025/12/02,BLOP呷哺呷哺-香酥鴨氣管,犬、貓,零食,金閤股份有限公司,臺灣,無,無,2,2025-12-02T00:00:00,2025,12,2026-01-23T14:55:43.627,,104年1月至115年6月,1,,
4860,臺中市,,2025/12/02,佳倍讚 鮪魚雞肉絲,犬,零食,王品寵物用品有限公司,臺灣,申報“產品來源”及“主要營養成分及含量”與包裝標示不符情形,已依中市動稽字第1140011478號函轉桃園市政府動物保護處,2,2025-12-02T00:00:00,2025,12,2026-01-23T14:55:43.627,,104年1月至115年6月,1,,
4860,臺中市,,2025/12/02,卡默鱈魚片,犬,零食,耐維滋寵物食品有限公司,臺灣,無,無,2,2025-12-02T00:00:00,2025,12,2026-01-23T14:55:43.627,,104年1月至115年6月,1,,
4860,臺中市,,2025/12/02,凍物鮮友會-原野鹿行者,犬、貓,零食,志飛企業有限公司,臺灣,"1.申報“品名”及“產品外觀照片”與包裝標示不符。
2.國內負責廠商地址與商業登記地不同。
3.未標示適用寵物種類。",已依中市動稽字第1140011433號函轉臺北市動物保護處,2,2025-12-02T00:00:00,2025,12,2026-01-23T14:55:43.627,,104年1月至115年6月,1,,
4860,臺中市,,2025/12/02,寶多福-健康機能系列 無憂好心情配方(全齡犬),犬,乾飼糧,統一企業股份有限公司,臺灣,"1.申報“業者名稱”與包裝標示不符。
2.使用「符合國際標準」詞句或類似詞句，產品未符合對應標準之要求：前揭產品標有「寶多福產品營養設計符合美國飼料管理協會AAFCO建立之營養含量標準適合全齡犬使用」。",已依中市動稽字第1140011386號函轉台南市動物保護防疫處,2,2025-12-02T00:00:00,2025,12,2026-01-23T14:55:43.627,,104年1月至115年6月,1,,
4860,臺南市,UP001,2025/02/24,boneve 本牧紐西蘭放牧草飼牛 全齡貓無穀糧,貓,乾飼糧,奧也股份有限公司,紐西蘭,無,無,4,2025-02-24T00:00:00,2025,12,2026-01-23T14:55:43.627,,104年1月至115年6月,1,,
4860,臺南市,UP002,2025/02/24,特百滋凍乾雙饗宴-成貓低敏雞肉配方,貓,乾飼糧,艾澌克企業股份有限公司,加拿大,無,無,4,2025-02-24T00:00:00,2025,12,2026-01-23T14:55:43.627,,104年1月至115年6月,1,,
4860,臺南市,UP003,2025/02/24,極光加拿大無穀天然糧-全齡貓無穀鮭魚 鯡魚＆雪蟹,貓,乾飼糧,邁迪飛貿易有限公司,加拿大,無,無,4,2025-02-24T00:00:00,2025,12,2026-01-23T14:55:43.627,,104年1月至115年6月,1,,
4860,臺南市,,2025/03/13,柏肯特 BELCANDO 狗主食鮮肉包125g-火雞,犬,罐頭,麥可貿易有限公司,德國,無,無,4,2025-03-13T00:00:00,2025,12,2026-01-23T14:55:43.627,,104年1月至115年6月,1,,
4860,臺南市,,2025/03/13,克瑞斯CRIUS 天然無穀貓主食罐-牧野羊,貓,罐頭,昱碩國際事業股份有限公司,紐西蘭,無,無,4,2025-03-13T00:00:00,2025,12,2026-01-23T14:55:43.627,,104年1月至115年6月,1,,
4860,臺南市,,2025/03/13,Halo 嘿囉 成犬 無穀雞肉 3.5磅,犬,乾飼糧,盛貿寵物股份有限公司,美國,無,無,4,2025-03-13T00:00:00,2025,12,2026-01-23T14:55:43.627,,104年1月至115年6月,1,,
4860,臺南市,,2025/03/13,開放農場-混凍乾無穀寵糧-放養跑山雞&火雞3.5lb-全齡犬,犬,乾飼糧,悠遊國際實業股份有限公司,美國,無,無,4,2025-03-13T00:00:00,2025,12,2026-01-23T14:55:43.627,,104年1月至115年6月,1,,
4860,臺南市,,2025/03/13,烘焙客 全犬無穀糧 野放雞 原顆粒,犬,乾飼糧,宜輝企業有限公司,加拿大,無,無,4,2025-03-13T00:00:00,2025,12,2026-01-23T14:55:43.627,,104年1月至115年6月,1,,
4860,臺南市,,2025/03/13,美喵人生 綿綿慕斯主食罐 雞+南瓜+干貝,貓,罐頭,黑逗國際有限公司,臺灣,無,無,4,2025-03-13T00:00:00,2025,12,2026-01-23T14:55:43.627,,104年1月至115年6月,1,,
4860,臺南市,UP004,2025/03/28,多納活動犬狗乾糧-牛肉鮭魚口味2kg,犬,乾飼糧,寶榮開發企業股份有限公司,臺灣,無,無,4,2025-03-28T00:00:00,2025,12,2026-01-23T14:55:43.627,,104年1月至115年6月,1,,
4860,臺南市,UP005,2025/03/28,Product:樂倍黑酵母挑嘴犬保健糧,犬,乾飼糧,寶榮開發企業股份有限公司,臺灣,無,無,4,2025-03-28T00:00:00,2025,12,2026-01-23T14:55:43.627,,104年1月至115年6月,1,,
4860,臺南市,UP006,2025/03/28,Product:樂倍黑酵母挑嘴貓保健糧(沙丁魚+鰹魚+鮭魚)1.3kg,貓,乾飼糧,寶榮開發企業股份有限公司,臺灣,無,無,4,2025-03-28T00:00:00,2025,12,2026-01-23T14:55:43.627,,104年1月至115年6月,1,,
4860,臺南市,UP007,2025/03/28,邦比健康寵糧-成犬雞肉+米2.5kg,犬,乾飼糧,寶榮開發企業股份有限公司,臺灣,無,無,4,2025-03-28T00:00:00,2025,12,2026-01-23T14:55:43.627,,104年1月至115年6月,1,,
4860,臺南市,UP008,2025/03/28,邦比健康寵糧-幼貓鮪魚+雞肉2kg,貓,乾飼糧,寶榮開發企業股份有限公司,臺灣,無,無,4,2025-03-28T00:00:00,2025,12,2026-01-23T14:55:43.627,,104年1月至115年6月,1,,
4860,臺南市,,2025/03/28,喵洽普貓咪凍乾-新鮮鱈魚,貓,零食,壹士達寵物有限公司,韓國,無,無,4,2025-03-28T00:00:00,2025,12,2026-01-23T14:55:43.627,,104年1月至115年6月,1,,
4860,臺南市,UP009,2025/05/02,GOMO PET FOOD膠原秘製海陸鮮80g,貓,罐頭,大成集團 毛能寵物營養生計股份有限公司,臺灣,無,無,4,2025-05-02T00:00:00,2025,12,2026-01-23T14:55:43.627,,104年1月至115年6月,1,,
4860,臺南市,UP010,2025/05/02,GOMO PET FOOD膠原奶魚觀五鮮80g,貓,罐頭,大成集團 毛能寵物營養生計股份有限公司,臺灣,無,無,4,2025-05-02T00:00:00,2025,12,2026-01-23T14:55:43.627,,104年1月至115年6月,1,,
4860,臺南市,,2025/08/05,沃野Wolfy 天然原型系列-海瓜子凍乾,犬、貓,零食,東森寵物雲股份有限公司,臺灣,無,無,4,2025-08-05T00:00:00,2025,12,2026-01-23T14:55:43.627,,104年1月至115年6月,1,,
4860,臺南市,,2025/08/05,沃野Wolfy 天然原型系列-鹿肉凍乾,犬、貓,零食,東森寵物雲股份有限公司,臺灣,無,無,4,2025-08-05T00:00:00,2025,12,2026-01-23T14:55:43.627,,104年1月至115年6月,1,,
4860,臺南市,,2025/08/05,沃野Wolfy 天然原型系列-鬼頭刀凍乾,犬、貓,零食,東森寵物雲股份有限公司,臺灣,無,無,4,2025-08-05T00:00:00,2025,12,2026-01-23T14:55:43.627,,104年1月至115年6月,1,,
4860,臺南市,,2025/08/05,沃野Wolfy 天然原型系列-柳葉魚凍乾,犬、貓,零食,東森寵物雲股份有限公司,臺灣,無,無,4,2025-08-05T00:00:00,2025,12,2026-01-23T14:55:43.627,,104年1月至115年6月,1,,
4860,臺南市,,2025/08/05,沃野Wolfy 天然原型系列-里肌條凍乾,犬、貓,零食,東森寵物雲股份有限公司,臺灣,無,無,4,2025-08-05T00:00:00,2025,12,2026-01-23T14:55:43.627,,104年1月至115年6月,1,,
4860,臺南市,UP014,2025/08/08,寶多福-健康機能系列 護膚亮毛配方(全齡貓)600g,貓,乾飼糧,統一企業股份有限公司,臺灣,無,無,4,2025-08-08T00:00:00,2025,12,2026-01-23T14:55:43.627,,104年1月至115年6月,1,,
4860,臺南市,UP015,2025/08/08,Petlife機能優穀糧-營養化毛配方(全齡貓)1.8kg,貓,乾飼糧,統一企業股份有限公司,臺灣,無,無,4,2025-08-08T00:00:00,2025,12,2026-01-23T14:55:43.627,,104年1月至115年6月,1,,
4860,臺南市,UP016,2025/08/08,Petlife雙饗鮮糧餐-豐潤鱈魚+蘋果鮪魚鮮食蓋飯組合餐(全齡貓),貓,乾飼糧,統一企業股份有限公司,臺灣,無,無,4,2025-08-08T00:00:00,2025,12,2026-01-23T14:55:43.627,,104年1月至115年6月,1,,
4860,臺南市,UP017,2025/08/08,毛爪村紓壓罐-貓薄荷南瓜雞(肉泥)80g,貓,罐頭,萊諾亞國際有限公司,臺灣,無,無,4,2025-08-08T00:00:00,2025,12,2026-01-23T14:55:43.627,,104年1月至115年6月,1,,
4860,臺南市,UP018,2025/08/08,好味小姐1+1滴雞精貓肉泥主食罐-野味火雞81g,貓,罐頭,短捲麻股份有限公司,臺灣,無,無,4,2025-08-08T00:00:00,2025,12,2026-01-23T14:55:43.627,,104年1月至115年6月,1,,
4860,臺南市,,2025/08/25,肉球世界 南極磷蝦大肉包 峰頂大牛腩,犬、貓,罐頭,金富錸國際寵物有限公司,臺灣,無,無,4,2025-08-25T00:00:00,2025,12,2026-01-23T14:55:43.627,,104年1月至115年6月,1,,
4860,臺南市,,2025/08/25,肉球世界 南極磷蝦大肉包 草原羊小排,犬、貓,罐頭,金富錸國際寵物有限公司,臺灣,無,無,4,2025-08-25T00:00:00,2025,12,2026-01-23T14:55:43.627,,104年1月至115年6月,1,,
4860,臺南市,,2025/08/25,毛研工事 鮮萃肉泥主食罐 ‧ 褐藻雞鵪鶉【免疫保健】,貓,罐頭,毛研工坊,臺灣,無,無,4,2025-08-25T00:00:00,2025,12,2026-01-23T14:55:43.627,,104年1月至115年6月,1,,
4860,臺南市,,2025/08/25,喵皇奴╱貓咪經典主食罐（純雞肉）,貓,罐頭,逆風飛翔股份有限公司,臺灣,無,無,4,2025-08-25T00:00:00,2025,12,2026-01-23T14:55:43.627,,104年1月至115年6月,1,,
4860,臺南市,,2025/08/25,怪獸部落 狗用2種肉主食罐-(鱉肉鱉蛋),犬,罐頭,怪獸製造有限公司,臺灣,無,無,4,2025-08-25T00:00:00,2025,12,2026-01-23T14:55:43.627,,104年1月至115年6月,1,,
4860,臺南市,,2025/08/25,汪事如意 純粹吃肉肉系列-草飼牛100g*2,犬、貓,生鮮、冷凍,寵愛有家股份有限公司,臺灣,無,無,4,2025-08-25T00:00:00,2025,12,2026-01-23T14:55:43.627,,104年1月至115年6月,1,,
4860,臺南市,,2025/08/25,汪事如意 忍者丸太郎-開胃術 南瓜鴨肉丸,犬、貓,生鮮、冷凍,寵愛有家股份有限公司,臺灣,無,無,4,2025-08-25T00:00:00,2025,12,2026-01-23T14:55:43.627,,104年1月至115年6月,1,,
4860,臺南市,UP019,2025/09/04,肉球世界 南極磷蝦大肉包-峰頂大牛腩(狗狗餐包)165g,犬,罐頭,金富錸國際寵物有限公司,臺灣,無,無,4,2025-09-04T00:00:00,2025,12,2026-01-23T14:55:43.627,,104年1月至115年6月,1,,
4860,臺南市,UP020,2025/09/04,肉球世界 南極磷蝦大肉包-草原羊小排(狗狗餐包)165g,犬,罐頭,金富錸國際寵物有限公司,臺灣,無,無,4,2025-09-04T00:00:00,2025,12,2026-01-23T14:55:43.627,,104年1月至115年6月,1,,
4860,臺南市,UP021,2025/09/04,怪獸部落 2種肉無膠主食罐-犬用鱉肉鱉蛋餐82g,犬,罐頭,怪獸製造有限公司,臺灣,無,無,4,2025-09-04T00:00:00,2025,12,2026-01-23T14:55:43.627,,104年1月至115年6月,1,,
4860,臺南市,UP022,2025/09/04,喵皇奴/貓咪經典主食罐(純雞肉)80g,貓,罐頭,逆風飛翔股份有限公司(喵皇奴),臺灣,無,無,4,2025-09-04T00:00:00,2025,12,2026-01-23T14:55:43.627,,104年1月至115年6月,1,,
4860,臺南市,UP023,2025/09/04,毛研工事 鮮萃肉泥主食罐 褐藻雞鵪鶉(免疫保健),貓,罐頭,毛研工坊,臺灣,無,無,4,2025-09-04T00:00:00,2025,12,2026-01-23T14:55:43.627,,104年1月至115年6月,1,,
4860,臺南市,UP024,2025/10/20,汪事如意 雞肉捲捲系列-鈣多多芝麻100g*2,犬、貓,生鮮、冷凍,寵愛有家股份有限公司,臺灣,無,無,4,2025-10-20T00:00:00,2025,12,2026-01-23T14:55:43.627,,104年1月至115年6月,1,,
4860,臺南市,UP025,2025/10/20,汪事如意 純粹吃肉肉系列-草飼牛100g*2,犬、貓,生鮮、冷凍,寵愛有家股份有限公司,臺灣,無,無,4,2025-10-20T00:00:00,2025,12,2026-01-23T14:55:43.627,,104年1月至115年6月,1,,
4860,臺南市,UP026,2025/11/28,無IN肉泥(雞肉+蔓越莓口味),貓,零食,八犬國際行銷有限公司,韓國,無,無,4,2025-11-28T00:00:00,2025,12,2026-01-23T14:55:43.627,,104年1月至115年6月,1,,
4860,臺南市,UP027,2025/11/28,汪喵星球無膠點心罐 鮮雞絲與小蚌貝(元氣補給+),貓,罐頭,自力耕生股份有限公司,泰國,無,無,4,2025-11-28T00:00:00,2025,12,2026-01-23T14:55:43.627,,104年1月至115年6月,1,,
4860,臺南市,UP028,2025/11/28,比利夫成貓飼料-泌尿道保健配方,貓,乾飼糧,壹士達寵物有限公司,立陶宛,無,無,4,2025-11-28T00:00:00,2025,12,2026-01-23T14:55:43.627,,104年1月至115年6月,1,,
4860,臺南市,UP029,2025/11/28,比利夫成犬羊肉飼料-腸胃敏感配方,犬,乾飼糧,壹士達寵物有限公司,立陶宛,無,無,4,2025-11-28T00:00:00,2025,12,2026-01-23T14:55:43.627,,104年1月至115年6月,1,,
4860,臺南市,UP030,2025/11/28,Product樂倍黑酵母挑嘴貓保健糧,貓,乾飼糧,寶榮開發企業股份有限公司,臺灣,無,無,4,2025-11-28T00:00:00,2025,12,2026-01-23T14:55:43.627,,104年1月至115年6月,1,,
4860,臺南市,UP031,2025/11/28,維吉機能性狗糧 HVP+起司+薑黃,犬,乾飼糧,斑尼菲國際股份有限公司,臺灣,無,無,4,2025-11-28T00:00:00,2025,12,2026-01-23T14:55:43.627,,104年1月至115年6月,1,,
4860,臺南市,UP032,2025/11/28,維吉機能性狗糧 HVP+褐藻+葡聚醣,犬,乾飼糧,斑尼菲國際股份有限公司,臺灣,無,無,4,2025-11-28T00:00:00,2025,12,2026-01-23T14:55:43.627,,104年1月至115年6月,1,,
4860,臺南市,UP033,2025/11/28,Petlife機能優穀糧-關節保健配方(全齡犬),犬,乾飼糧,統一企業股份有限公司,臺灣,無,無,4,2025-11-28T00:00:00,2025,12,2026-01-23T14:55:43.627,,104年1月至115年6月,1,,
4860,臺南市,UP034,2025/11/28,沛比兒鮮味零食系列-美味雞腿(1入),犬、貓,零食,優豪寵物用品有限公司,臺灣,無,無,4,2025-11-28T00:00:00,2025,12,2026-01-23T14:55:43.627,,104年1月至115年6月,1,,
4860,臺南市,UP035,2025/11/28,凍物鮮友會-原肉無膠主食湯罐-純雞肉,貓,罐頭,志飛企業有限公司,臺灣,無,無,4,2025-11-28T00:00:00,2025,12,2026-01-23T14:55:43.627,,104年1月至115年6月,1,,
4860,臺南市,UP036,2025/11/28,CHU CHU啾啾貓水,貓,零食,啾啾良品實業有限公司,臺灣,無,無,4,2025-11-28T00:00:00,2025,12,2026-01-23T14:55:43.627,,104年1月至115年6月,1,,
4860,臺南市,UP037,2025/11/28,乖乖吃飯 嚴選超肉感主食餐包-御品大蝦,貓,罐頭,友伴生活有限公司,臺灣,無,無,4,2025-11-28T00:00:00,2025,12,2026-01-23T14:55:43.627,,104年1月至115年6月,1,,
4860,臺南市,UP038,2025/11/28,飼糧倉 呼嚕泥飽主食餐包-干貝燉雞70g,貓,罐頭,食寵町國際企業有限公司,臺灣,無,無,4,2025-11-28T00:00:00,2025,12,2026-01-23T14:55:43.627,,104年1月至115年6月,1,,
4860,臺南市,UP039,2025/11/28,奧力偉-嗑肉一番犬用鮮餐包-田園雞嫩羊燉蔬食110g*2,犬,罐頭,東森寵物雲股份有限公司,臺灣,無,無,4,2025-11-28T00:00:00,2025,12,2026-01-23T14:55:43.627,,104年1月至115年6月,1,,
4860,臺南市,UP040,2025/11/28,好味小姐1+1滴雞精貓肉泥主食罐 白蝦干貝81g,貓,罐頭,短捲麻股份有有限公司,臺灣,無,無,4,2025-11-28T00:00:00,2025,12,2026-01-23T14:55:43.627,,104年1月至115年6月,1,,
4860,臺南市,UP041,2025/11/28,奧力偉-嗑肉一番犬用鮮餐包-田園雞鮪魚燉蔬食110g*2,犬,罐頭,東森寵物雲股份有限公司,臺灣,無,無,4,2025-11-28T00:00:00,2025,12,2026-01-23T14:55:43.627,,104年1月至115年6月,1,,
4860,臺南市,UP042,2025/11/28,The Black黑酵母葡聚醣液+膠原蛋白 補水保健配方,犬,補助食品,寶榮寵物企業股份有限公司,臺灣,無,無,4,2025-11-28T00:00:00,2025,12,2026-01-23T14:55:43.627,,104年1月至115年6月,1,,
4860,臺南市,,2025/12/19,歐克斯天然無穀室內貓飼料 鮭魚.磷蝦,貓,乾飼糧,壹士達寵物有限公司,立陶宛,無,無,4,2025-12-19T00:00:00,2025,12,2026-01-23T14:55:43.627,,104年1月至115年6月,1,,
4860,臺南市,,2025/12/19,迷幻喵-主食餐包6號 多汁雞肉+野生鮭魚 300克,貓,罐頭,壹士達寵物有限公司,德國,無,無,4,2025-12-19T00:00:00,2025,12,2026-01-23T14:55:43.627,,104年1月至115年6月,1,,
4860,臺南市,,2025/12/19,VE凍乾鮮肉貓用生食餐-鴨肉生食餐-小顆粒 12oz,貓,乾飼糧,壹士達寵物有限公司,美國,無,無,4,2025-12-19T00:00:00,2025,12,2026-01-23T14:55:43.627,,104年1月至115年6月,1,,
4860,臺南市,,2025/12/19,VE凍乾鮮肉貓用生食餐-火雞肉軟顆粒 12oz,貓,乾飼糧,壹士達寵物有限公司,美國,無,無,4,2025-12-19T00:00:00,2025,12,2026-01-23T14:55:43.627,,104年1月至115年6月,1,,
4860,臺南市,,2025/12/19,VE凍乾鮮肉零食-阿拉斯加鮭魚,貓,零食,壹士達寵物有限公司,美國,無,無,4,2025-12-19T00:00:00,2025,12,2026-01-23T14:55:43.627,,104年1月至115年6月,1,,
4860,臺南市,,2025/12/19,汪洽普 狗狗凍乾零食-鮭魚 100g,犬,零食,壹士達寵物有限公司,韓國,無,無,4,2025-12-19T00:00:00,2025,12,2026-01-23T14:55:43.627,,104年1月至115年6月,1,,
4860,臺南市,,2025/12/19,喵洽普 貓咪凍乾零食-雞胸肉 80g,貓,零食,壹士達寵物有限公司,韓國,無,無,4,2025-12-19T00:00:00,2025,12,2026-01-23T14:55:43.627,,104年1月至115年6月,1,,
4860,臺南市,,2025/12/19,喵洽普 貓咪凍乾零食-馬肉 80g,貓,零食,壹士達寵物有限公司,韓國,無,無,4,2025-12-19T00:00:00,2025,12,2026-01-23T14:55:43.627,,104年1月至115年6月,1,,
4860,臺南市,,2025/12/22,Royal Canin 法國皇家 LP34泌尿道配方 成貓飼料,貓,乾飼糧,臺灣皇家寵物食品有限公司,韓國,無,無,4,2025-12-22T00:00:00,2025,12,2026-01-23T14:55:43.627,,104年1月至115年6月,1,,
4860,臺南市,,2025/12/22,法國皇家 FHN 幼貓K36 2公斤 (貓飼料),貓,乾飼糧,臺灣皇家寵物食品有限公司,法國,無,無,4,2025-12-22T00:00:00,2025,12,2026-01-23T14:55:43.627,,104年1月至115年6月,1,,
4860,臺南市,,2025/12/22,希爾思 Hills 成貓 泌尿道毛球控制 雞肉 1.59公斤 (貓飼料),貓,乾飼糧,臺灣希爾思寵物營養品有限公司,美國,無,無,4,2025-12-22T00:00:00,2025,12,2026-01-23T14:55:43.627,,104年1月至115年6月,1,,
4860,臺南市,,2025/12/22,愛旺斯 保健機能 絕育成貓化毛火雞肉配方 3公斤(貓飼料),貓,乾飼糧,四季全球貿易股份有限公司,西班牙,無,無,4,2025-12-22T00:00:00,2025,12,2026-01-23T14:55:43.627,,104年1月至115年6月,1,,
4860,臺南市,,2025/12/22,冠能 成貓鮮雞活力配方 7磅 (貓飼料),貓,乾飼糧,臺灣雀巢股份有限公司,美國,無,無,4,2025-12-22T00:00:00,2025,12,2026-01-23T14:55:43.627,,104年1月至115年6月,1,,
4860,臺南市,,2025/12/22,Peperoni 陪陪肉肉 陪陪香濃地瓜起司180克(狗零食),犬,零食,南方鳥股份有限公司,韓國,無,無,4,2025-12-22T00:00:00,2025,12,2026-01-23T14:55:43.627,,104年1月至115年6月,1,,
4860,臺南市,,2025/12/22,Peperoni 陪陪肉肉 陪陪胡蘿蔔地瓜丁180克(狗零食),犬,零食,南方鳥股份有限公司,韓國,無,無,4,2025-12-22T00:00:00,2025,12,2026-01-23T14:55:43.627,,104年1月至115年6月,1,,
4860,臺南市,,2025/12/22,好味小姐 好味鮮食化毛膏 65克【南瓜嫩雞】(貓零食),貓,零食,短捲麻股份有限公司,臺灣,無,無,4,2025-12-22T00:00:00,2025,12,2026-01-23T14:55:43.627,,104年1月至115年6月,1,,
4860,臺南市,,2025/12/22,【ROYALCANIN皇家】犬腎臟病配方罐頭-RF14C,犬,罐頭,臺灣皇家寵物食品有限公司,奧地利,無,無,4,2025-12-22T00:00:00,2025,12,2026-01-23T14:55:43.627,,104年1月至115年6月,1,,
4860,臺南市,,2025/12/22,飼糧倉 原肉凍乾 鮮撈蝦蝦 20克 (貓零食)(狗零食),犬、貓,零食,食寵町國際企業有限公司,臺灣,無,無,4,2025-12-22T00:00:00,2025,12,2026-01-23T14:55:43.627,,104年1月至115年6月,1,,
4860,臺南市,,2025/12/22,吶一口 無穀貓湯罐 鮮蝦鮪魚80克(1入)(貓副食罐),貓,罐頭,豪翼行銷有限公司,臺灣,無,無,4,2025-12-22T00:00:00,2025,12,2026-01-23T14:55:43.627,,104年1月至115年6月,1,,
4860,臺南市,,2025/12/22,怪獸部落 佛跳牆80克【翡翠燉雞】(1入)(貓副食罐頭),貓,罐頭,怪獸製造有限公司,泰國,無,無,4,2025-12-22T00:00:00,2025,12,2026-01-23T14:55:43.627,,104年1月至115年6月,1,,
4860,臺南市,,2025/12/22,好味小姐 鮮食調味料 40克【關節與毛髮保健】(貓狗零食) 綠貽貝+鱉精,貓,零食,短捲麻股份有限公司,臺灣,無,無,4,2025-12-22T00:00:00,2025,12,2026-01-23T14:55:43.627,,104年1月至115年6月,1,,
4860,臺南市,,2025/12/22,ROYALCANIN皇家 愛貓處方-GI32腸胃道配方乾糧,貓,乾飼糧,臺灣皇家寵物食品有限公司,法國,無,無,4,2025-12-22T00:00:00,2025,12,2026-01-23T14:55:43.627,,104年1月至115年6月,1,,
4860,臺南市,,2025/12/22,自然牧場 鹿肉乾100克 (狗零食),犬,零食,澳新美有限公司,紐西蘭,無,無,4,2025-12-22T00:00:00,2025,12,2026-01-23T14:55:43.627,,104年1月至115年6月,1,,
4860,臺南市,,2025/12/22,自然牧場 天然牛肋140克 (狗零食),犬,零食,澳新美有限公司,紐西蘭,無,無,4,2025-12-22T00:00:00,2025,12,2026-01-23T14:55:43.627,,104年1月至115年6月,1,,
4860,臺南市,,2025/12/22,博士巧思 犬無穀褐藻醣膠 羊肉+地瓜 3公斤 (狗飼料),犬,乾飼糧,福壽實業股份有限公司,臺灣,無,無,4,2025-12-22T00:00:00,2025,12,2026-01-23T14:55:43.627,,104年1月至115年6月,1,,
4860,臺南市,,2025/12/22,博士巧思 犬無穀褐藻醣膠 鮭魚+馬鈴薯 1公斤 (狗飼料),犬,乾飼糧,福壽實業股份有限公司,臺灣,無,無,4,2025-12-22T00:00:00,2025,12,2026-01-23T14:55:43.627,,104年1月至115年6月,1,,
4860,臺南市,,2025/12/22,毛起來 蒸的餐包 和風野菇雞150克(1入)(狗副食餐包),犬,罐頭,莫奧事業股份有限公司,臺灣,無,無,4,2025-12-22T00:00:00,2025,12,2026-01-23T14:55:43.627,,104年1月至115年6月,1,,
4860,臺南市,,2025/12/22,陪心寵糧 SUPER小白主食罐80克【鮮雞*褐藻】(1入)(貓主食罐頭),貓,罐頭,唯寵股份有限公司,臺灣,無,無,4,2025-12-22T00:00:00,2025,12,2026-01-23T14:55:43.627,,104年1月至115年6月,1,,
4860,臺南市,,2025/12/22,陪心寵糧 SUPER小白主食罐80克【雞鵪鶉*銀耳】(1入)(貓主食罐頭),貓,罐頭,唯寵股份有限公司,臺灣,無,無,4,2025-12-22T00:00:00,2025,12,2026-01-23T14:55:43.627,,104年1月至115年6月,1,,
4860,臺南市,,2025/12/22,陪心寵糧 SUPER小白主食罐80克【雞鵪鶉*黑木耳】(1入)(狗主食罐頭),犬,罐頭,唯寵股份有限公司,臺灣,無,無,4,2025-12-22T00:00:00,2025,12,2026-01-23T14:55:43.627,,104年1月至115年6月,1,,
4860,臺南市,,2025/12/22,怪獸部落 貓魚油主食罐 雞肉 82克 (1入)(貓主食罐),貓,罐頭,怪獸製造有限公司,臺灣,無,無,4,2025-12-22T00:00:00,2025,12,2026-01-23T14:55:43.627,,104年1月至115年6月,1,,
4860,臺南市,,2025/12/22,怪獸部落 貓開胃鮮肉餅 牛肉花蛤 400克 (貓飼料),貓,乾飼糧,怪獸製造有限公司,臺灣,無,無,4,2025-12-22T00:00:00,2025,12,2026-01-23T14:55:43.627,,104年1月至115年6月,1,,
4860,臺南市,,2025/12/22,怪獸部落 貓開胃鮮肉餅 雞肉蝦仁 400克 (貓飼料),貓,乾飼糧,怪獸製造有限公司,臺灣,無,無,4,2025-12-22T00:00:00,2025,12,2026-01-23T14:55:43.627,,104年1月至115年6月,1,,
4860,臺南市,,2025/12/22,無敵貓糧 霸王野雞 1公斤 (貓飼料),貓,乾飼糧,麗斯居股份有限公司,臺灣,無,無,4,2025-12-22T00:00:00,2025,12,2026-01-23T14:55:43.627,,104年1月至115年6月,1,,
4860,臺南市,,2025/12/22,博士巧思 凍乾犬餐 鹿肉 1.36公斤 (狗飼料),犬,乾飼糧,福壽實業股份有限公司,臺灣,無,無,4,2025-12-22T00:00:00,2025,12,2026-01-23T14:55:43.627,,104年1月至115年6月,1,,
4860,臺南市,,2025/12/22,博士巧思 凍乾貓餐 旗魚 1.36公斤 (貓飼料),貓,乾飼糧,福壽實業股份有限公司,臺灣,無,無,4,2025-12-22T00:00:00,2025,12,2026-01-23T14:55:43.627,,104年1月至115年6月,1,,
4860,臺南市,,2025/12/22,博士巧思 凍乾貓餐 虱目魚 1.36公斤 (貓飼料),貓,乾飼糧,福壽實業股份有限公司,臺灣,無,無,4,2025-12-22T00:00:00,2025,12,2026-01-23T14:55:43.627,,104年1月至115年6月,1,,
4860,臺南市,,2025/12/22,陪心寵糧 搖搖奶昔主食罐 芝麻雞鮪紅藜 80克 (1入)(貓主食罐),貓,罐頭,唯寵股份有限公司,臺灣,無,無,4,2025-12-22T00:00:00,2025,12,2026-01-23T14:55:43.627,,104年1月至115年6月,1,,
4860,臺南市,,2025/12/22,自然牧場 羊耳100克(狗零食),犬,零食,澳新美有限公司,紐西蘭,無,無,4,2025-12-22T00:00:00,2025,12,2026-01-23T14:55:43.627,,104年1月至115年6月,1,,
4860,臺南市,,2025/12/22,派庫廚房 急凍骰子鹿凍乾40克(貓零食)(狗零食),犬、貓,零食,金派庫國際有限公司,紐西蘭,無,無,4,2025-12-22T00:00:00,2025,12,2026-01-23T14:55:43.627,,104年1月至115年6月,1,,
4860,臺南市,,2025/12/22,好味小姐 好味鮮食化毛膏 65克【山藥嫩雞】 (貓零食),貓,零食,短捲麻股份有限公司,臺灣,無,無,4,2025-12-22T00:00:00,2025,12,2026-01-23T14:55:43.627,,104年1月至115年6月,1,,
4860,臺南市,,2025/12/22,乾杯 老饕級牛舌 原肉凍乾 40克,犬、貓,零食,乾杯股份有限公司,澳洲,無,無,4,2025-12-22T00:00:00,2025,12,2026-01-23T14:55:43.627,,104年1月至115年6月,1,,
4860,臺南市,,2025/12/22,陪陪昆布海藻丁,犬、貓,零食,南方鳥股份有限公司,韓國,無,無,4,2025-12-22T00:00:00,2025,12,2026-01-23T14:55:43.627,,104年1月至115年6月,1,,
4860,臺南市,,2025/12/22,派庫廚房 干貝,犬、貓,零食,金派庫國際有限公司,臺灣,無,無,4,2025-12-22T00:00:00,2025,12,2026-01-23T14:55:43.627,,104年1月至115年6月,1,,
4860,臺南市,,2025/12/22,博士巧思 凍乾犬餐 牛肉 1.36公斤 (狗飼料),犬,乾飼糧,福壽實業股份有限公司,臺灣,無,無,4,2025-12-22T00:00:00,2025,12,2026-01-23T14:55:43.627,,104年1月至115年6月,1,,
4860,臺南市,,2025/12/24,【汪事如意】 恐龍小蛋糕｜ 犬貓點心,犬、貓,生鮮、冷凍,寵愛有家股份有限公司,臺灣,無,無,4,2025-12-24T00:00:00,2025,12,2026-01-23T14:55:43.627,,104年1月至115年6月,1,,
4860,臺南市,,2025/12/24,【汪事如意】厚牛鬆餅堡（含雞肉）｜犬貓點心,犬、貓,生鮮、冷凍,寵愛有家股份有限公司,臺灣,無,無,4,2025-12-24T00:00:00,2025,12,2026-01-23T14:55:43.627,,104年1月至115年6月,1,,
4860,臺南市,,2025/12/24,【汪事如意】 甜白蝦野鹿 手打漢堡排（含雞肉）｜犬貓副餐,犬、貓,生鮮、冷凍,寵愛有家股份有限公司,臺灣,無,無,4,2025-12-24T00:00:00,2025,12,2026-01-23T14:55:43.627,,104年1月至115年6月,1,,
4860,臺南市,,2025/12/24,【汪事如意】 嫩牛芝士蛋 手打漢堡排（含雞肉）｜犬貓副餐,犬、貓,生鮮、冷凍,寵愛有家股份有限公司,臺灣,無,無,4,2025-12-24T00:00:00,2025,12,2026-01-23T14:55:43.627,,104年1月至115年6月,1,,
4860,臺南市,,2025/12/24,【汪事如意】 補體術 鱸魚雞肉丸｜犬貓副餐,犬、貓,生鮮、冷凍,寵愛有家股份有限公司,臺灣,無,無,4,2025-12-24T00:00:00,2025,12,2026-01-23T14:55:43.627,,104年1月至115年6月,1,,
4860,臺南市,,2025/12/24,【汪事如意】 干貝鮪魚雞 手打漢堡排,犬、貓,生鮮、冷凍,寵愛有家股份有限公司,臺灣,無,無,4,2025-12-24T00:00:00,2025,12,2026-01-23T14:55:43.627,,104年1月至115年6月,1,,
4860,臺南市,,2025/12/24,【汪事如意】 亮眼甜金瓜 雞肉捲捲｜犬貓副餐,犬、貓,生鮮、冷凍,寵愛有家股份有限公司,臺灣,無,無,4,2025-12-24T00:00:00,2025,12,2026-01-23T14:55:43.627,,104年1月至115年6月,1,,
4860,臺南市,,2025/12/24,【汪事如意】 野鹿起司丼 無榖主餐｜犬主餐,犬、貓,生鮮、冷凍,寵愛有家股份有限公司,臺灣,無,無,4,2025-12-24T00:00:00,2025,12,2026-01-23T14:55:43.627,,104年1月至115年6月,1,,
4860,臺南市,,2025/12/24,【汪事如意】 精靈小寶包 一個｜犬貓點心,犬、貓,生鮮、冷凍,寵愛有家股份有限公司,臺灣,無,無,4,2025-12-24T00:00:00,2025,12,2026-01-23T14:55:43.627,,104年1月至115年6月,1,,
4860,臺南市,,2025/12/24,【汪事如意】 熟の好汪餃_五顆 寵物水餃 ｜犬貓點心,犬、貓,生鮮、冷凍,寵愛有家股份有限公司,臺灣,無,無,4,2025-12-24T00:00:00,2025,12,2026-01-23T14:55:43.627,,104年1月至115年6月,1,,
4860,臺南市,,2025/12/24,【汪事如意】 栗香燉雞湯 有料煲湯｜犬貓湯品,犬、貓,生鮮、冷凍,寵愛有家股份有限公司,臺灣,無,無,4,2025-12-24T00:00:00,2025,12,2026-01-23T14:55:43.627,,104年1月至115年6月,1,,
4860,臺南市,,2025/12/24,【汪事如意】 火雞南瓜厚濃湯 有料煲湯,犬、貓,生鮮、冷凍,寵愛有家股份有限公司,臺灣,無,無,4,2025-12-24T00:00:00,2025,12,2026-01-23T14:55:43.627,,104年1月至115年6月,1,,
4860,臺南市,,2025/12/24,【汪事如意】府城虱目魚 無敵凍乾｜犬貓零食,犬、貓,零食,寵愛有家股份有限公司,臺灣,無,無,4,2025-12-24T00:00:00,2025,12,2026-01-23T14:55:43.627,,104年1月至115年6月,1,,
4860,臺南市,,2025/12/24,【汪事如意】 雪梨黑豚肺 補補強身,犬、貓,零食,寵愛有家股份有限公司,臺灣,無,無,4,2025-12-24T00:00:00,2025,12,2026-01-23T14:55:43.627,,104年1月至115年6月,1,,
4860,高雄市,,2025/12/03,鱈魚雞肉絲 200g,犬,零食,茂捷有限公司,臺灣,無,無,6,2025-12-03T00:00:00,2025,12,2026-01-23T14:55:43.627,,104年1月至115年6月,1,,
4860,高雄市,,2025/12/03,每日健康呵護-葉黃素,犬,零食,維逸有限公司,臺灣,無,無,6,2025-12-03T00:00:00,2025,12,2026-01-23T14:55:43.627,,104年1月至115年6月,1,,
4860,高雄市,,2025/12/03,美喵人生 冷凍乾燥原肉- 鮪魚+虱目魚,貓,零食,黑逗國際有限公司,臺灣,申報與標示不一,移請臺北市卓處,6,2025-12-03T00:00:00,2025,12,2026-01-23T14:55:43.627,,104年1月至115年6月,1,,
4860,高雄市,,2025/12/03,等等手撕貓零食-腸胃大師(益生菌),貓,零食,廣湛有限公司,臺灣,無,無,6,2025-12-03T00:00:00,2025,12,2026-01-23T14:55:43.627,,104年1月至115年6月,1,,
4860,高雄市,,2025/12/03,貓客凍乾-鮪魚丁,貓,零食,辛巴國際行銷有限公司,臺灣,無,無,6,2025-12-03T00:00:00,2025,12,2026-01-23T14:55:43.627,,104年1月至115年6月,1,,
4860,高雄市,,2025/12/03,超海派犬用牛奶二倍鈣直棒消臭餅,犬,零食,優勝生技有限公司,臺灣,無,無,6,2025-12-03T00:00:00,2025,12,2026-01-23T14:55:43.627,,104年1月至115年6月,1,,
4860,高雄市,,2025/12/03,小叼饞-貓御用凍乾小丁 鰹魚,貓,零食,螢火蟲原創有限公司,臺灣,無,無,6,2025-12-03T00:00:00,2025,12,2026-01-23T14:55:43.627,,104年1月至115年6月,1,,
4860,高雄市,,2025/12/05,卡滋kazi 經典牛肉條,犬,零食,籐濱實業有限公司,臺灣,申報有誤,通知業者限期改善,6,2025-12-05T00:00:00,2025,12,2026-01-23T14:55:43.627,,104年1月至115年6月,1,,
4860,高雄市,,2025/12/05,香酥雞塊,犬,零食,食寵町國際企業有限公司,臺灣,無,無,6,2025-12-05T00:00:00,2025,12,2026-01-23T14:55:43.627,,104年1月至115年6月,1,,
4860,高雄市,,2025/12/05,養生麻油雞,犬,零食,伊珮思貿易有限公司,臺灣,產品標示有誤及未申報,移請彰化縣卓處,6,2025-12-05T00:00:00,2025,12,2026-01-23T14:55:43.627,,104年1月至115年6月,1,,
4860,桃園市,,2025/11/14,驕傲貓虱目魚條凍乾,貓,零食,台灣愛邦仕實業股份有限公司,臺灣,無,無,8,2025-11-14T00:00:00,2025,12,2026-01-23T14:55:43.627,,104年1月至115年6月,1,,
4860,桃園市,,2025/11/15,美味關係小不點饅頭-蘋果口味,犬,零食,王品寵物用品有限公司,臺灣,無,無,8,2025-11-15T00:00:00,2025,12,2026-01-23T14:55:43.627,,104年1月至115年6月,1,,
4860,桃園市,,2025/12/15,元氣牛肉佐鵪鶉蛋枸杞,犬,罐頭,自力耕生股份有限公司,臺灣,無,無,8,2025-12-15T00:00:00,2025,12,2026-01-23T14:55:43.627,,104年1月至115年6月,1,,
4860,桃園市,,2025/12/15,純粹野味牛肉貓咪凍乾零食,犬、貓,零食,科普瑞國際股份有限公司,臺灣,無,無,8,2025-12-15T00:00:00,2025,12,2026-01-23T14:55:43.627,,104年1月至115年6月,1,,
4860,桃園市,,2025/12/15,怪獸部落 牛離Q,犬、貓,補助食品,怪獸製造有限公司,臺灣,無,無,8,2025-12-15T00:00:00,2025,12,2026-01-23T14:55:43.627,,104年1月至115年6月,1,,
4860,桃園市,,2025/12/15,西班牙燉海鮮,犬,補助食品,唯寵股份有限公司,臺灣,無,無,8,2025-12-15T00:00:00,2025,12,2026-01-23T14:55:43.627,,104年1月至115年6月,1,,
4860,桃園市,,2025/12/15,怪獸部落98%鮮肉主食糧-竹筴魚,犬、貓,乾飼糧,牧羊人生技公司,臺灣,無,無,8,2025-12-15T00:00:00,2025,12,2026-01-23T14:55:43.627,,104年1月至115年6月,1,,
4860,桃園市,,2025/12/15,怪獸部落98%鮮肉主食糧-雞肉,犬、貓,乾飼糧,牧羊人生技公司,臺灣,無,無,8,2025-12-15T00:00:00,2025,12,2026-01-23T14:55:43.627,,104年1月至115年6月,1,,
4860,桃園市,,2025/12/15,亮眼肽-狗與貓的眼睛保養專家,犬、貓,補助食品,白手起稼有限公司,臺灣,無,無,8,2025-12-15T00:00:00,2025,12,2026-01-23T14:55:43.627,,104年1月至115年6月,1,,
4860,桃園市,,2025/12/15,星巴哈尼犬用保健泌尿&紓壓,犬,補助食品,家得健康股份有限公司,臺灣,無,無,8,2025-12-15T00:00:00,2025,12,2026-01-23T14:55:43.627,,104年1月至115年6月,1,,
4860,桃園市,,2025/12/15,星巴哈尼犬用保健寵物營養補給保健,犬,補助食品,家得健康股份有限公司,臺灣,無,無,8,2025-12-15T00:00:00,2025,12,2026-01-23T14:55:43.627,,104年1月至115年6月,1,,
4860,桃園市,,2025/12/15,驕傲貓 高濃度牛磺酸,貓,補助食品,台灣愛邦仕實業股份有限公司,臺灣,無,無,8,2025-12-15T00:00:00,2025,12,2026-01-23T14:55:43.627,,104年1月至115年6月,1,,
4860,桃園市,,2025/12/15,倍力億菌排毛粉,犬、貓,補助食品,盈寶寵物股份有限公司,臺灣,無,無,8,2025-12-15T00:00:00,2025,12,2026-01-23T14:55:43.627,,104年1月至115年6月,1,,
4860,桃園市,,2025/12/15,閃亮羊腿佐丁香魚鱉蛋,犬,罐頭,自力耕生股份有限公司,臺灣,無,無,8,2025-12-15T00:00:00,2025,12,2026-01-23T14:55:43.627,,104年1月至115年6月,1,,
4860,桃園市,,2025/12/15,御天犬燕麥雞肉塊,犬,零食,冠閎實業有限公司,臺灣,無,無,8,2025-12-15T00:00:00,2025,12,2026-01-23T14:55:43.627,,104年1月至115年6月,1,,
4860,桃園市,,2025/12/15,維骨肽EX-汪汪的關節保養專家,犬,補助食品,白手起稼有限公司,臺灣,無,無,8,2025-12-15T00:00:00,2025,12,2026-01-23T14:55:43.627,,104年1月至115年6月,1,,
4860,桃園市,,2025/12/15,倍力優泌力犬貓專用泌尿保健粉,犬、貓,補助食品,盈寶寵物股份有限公司,臺灣,無,無,8,2025-12-15T00:00:00,2025,12,2026-01-23T14:55:43.627,,104年1月至115年6月,1,,
4860,桃園市,,2025/12/15,強壯雞腿佐花椰菜小魚,犬,罐頭,自力耕生股份有限公司,臺灣,無,無,8,2025-12-15T00:00:00,2025,12,2026-01-23T14:55:43.627,,104年1月至115年6月,1,,
4860,桃園市,,2025/12/15,霸道貓主食保健罐泥 白身鮪魚+南瓜,貓,罐頭,青川淺有限公司,臺灣,無,無,8,2025-12-15T00:00:00,2025,12,2026-01-23T14:55:43.627,,104年1月至115年6月,1,,
4860,桃園市,,2025/12/15,驕傲貓 高濃度牛磺酸,貓,補助食品,台灣愛邦仕實業股份有限公司,臺灣,無,無,8,2025-12-15T00:00:00,2025,12,2026-01-23T14:55:43.627,,104年1月至115年6月,1,,
4860,宜蘭縣,,2025/12/02,"倍力頂級羊奶粉 350g
Goats Milk",所有哺乳動物(含犬、貓),補助食品,盈寶寵物股份有限公司,臺灣,無,無,9,2025-12-02T00:00:00,2025,12,2026-01-23T14:55:43.627,,104年1月至115年6月,1,,
4860,宜蘭縣,,2025/12/02,帕米爾-關節保健雞肉鬆200g,犬、貓,補助食品,創奕貿易有限公司,臺灣,無,無,9,2025-12-02T00:00:00,2025,12,2026-01-23T14:55:43.627,,104年1月至115年6月,1,,
4860,宜蘭縣,,2025/12/02,奇啃天然原型凍乾零食-白蝦仁,犬、貓,零食,勤翔國際股份有限公司,臺灣,申報網產品外包裝照片產品重量30g與實際商品之外包裝淨重15g+-2不符。,"12/12通知業者限期改善(12/26)。
複查：已完成改善",9,2025-12-02T00:00:00,2025,12,2026-01-23T14:55:43.627,,104年1月至115年6月,1,,
4860,宜蘭縣,,2025/12/02,巴卡諾-銀河柳葉星(70g),犬、貓,零食,峰揚貿易有限公司,臺灣,無,無,9,2025-12-02T00:00:00,2025,12,2026-01-23T14:55:43.627,,104年1月至115年6月,1,,
4860,宜蘭縣,,2025/12/02,卡默-原萃主食凍乾餐-草飼牛+鮭魚80g,貓,零食,耐維滋寵物食品有限公司,臺灣,無,無,9,2025-12-02T00:00:00,2025,12,2026-01-23T14:55:43.627,,104年1月至115年6月,1,,
4860,新竹縣,,2025/12/19,柏妮絲-鈣世無雙潔牙骨(胡蘿蔔+蔓越莓) ,犬,潔牙骨,峰揚貿易有限公司,臺灣,無,無,10,2025-12-19T00:00:00,2025,12,2026-01-23T14:55:43.627,,104年1月至115年6月,1,,
4860,新竹縣,,2025/12/19,17喵貓罐-鮪魚+吻仔魚,貓,罐頭,竣百有限公司,泰國,無,無,10,2025-12-19T00:00:00,2025,12,2026-01-23T14:55:43.627,,104年1月至115年6月,1,,
4860,新竹縣,,2025/12/19,17喵貓罐-鮪魚+雞肉,貓,罐頭,竣百有限公司,泰國,無,無,10,2025-12-19T00:00:00,2025,12,2026-01-23T14:55:43.627,,104年1月至115年6月,1,,
4860,新竹縣,,2025/12/19,黃金系列雞肉條棒,犬,零食,台灣惜時有限公司,臺灣,無,無,10,2025-12-19T00:00:00,2025,12,2026-01-23T14:55:43.627,,104年1月至115年6月,1,,
4860,新竹縣,,2025/12/19,Dr. Wish愛犬營養食,貓,罐頭,台灣惜時有限公司,泰國,無,無,10,2025-12-19T00:00:00,2025,12,2026-01-23T14:55:43.627,,104年1月至115年6月,1,,
4860,苗栗縣,,2025/12/15,可沛 好肌靈,犬、貓,補助食品,拜寧騰能生技股份有限公司,臺灣,無,無,11,2025-12-15T00:00:00,2025,12,2026-01-23T14:55:43.627,,104年1月至115年6月,1,,
4860,苗栗縣,,2025/12/15,Good!毛孩凍乾小零嘴(蝦仁)15g,犬、貓,零食,逆風飛翔股份有限公司,臺灣,「主要營養成分及含量」申報與標示不符 ,"本所函請業者改善，
1141223已改善完成",11,2025-12-15T00:00:00,2025,12,2026-01-23T14:55:43.627,,104年1月至115年6月,1,,
4860,苗栗縣,,2025/12/15,Petlife晶饌纖蔬肉糧-原野牧羊(全齡犬),犬、貓,乾飼糧,統一企業股份有限公司,臺灣,無,無,11,2025-12-15T00:00:00,2025,12,2026-01-23T14:55:43.627,,104年1月至115年6月,1,,
4860,苗栗縣,,2025/12/15,汪喵星球 排毛保健丁凍乾零食,犬、貓,零食,自力耕生股份有限公司,臺灣,無,無,11,2025-12-15T00:00:00,2025,12,2026-01-23T14:55:43.627,,104年1月至115年6月,1,,
4860,苗栗縣,,2025/12/15,艾沛鼎食晶凍犬罐110g健康綠藻DS4,犬,罐頭,沅慶企業有限公司,臺灣,無,無,11,2025-12-15T00:00:00,2025,12,2026-01-23T14:55:43.627,,104年1月至115年6月,1,,
4860,苗栗縣,,2025/12/15,可沛 好靈油,犬、貓,補助食品,永鴻國際生技股份有限公司,臺灣,無,無,11,2025-12-15T00:00:00,2025,12,2026-01-23T14:55:43.627,,104年1月至115年6月,1,,
4860,苗栗縣,,2025/12/15,紐西蘭FF Omega-3 腸胃給力隨行包 30包*5g,犬、貓,補助食品,裕寶國際股份有限公司,紐西蘭,無,無,11,2025-12-15T00:00:00,2025,12,2026-01-23T14:55:43.627,,104年1月至115年6月,1,,
4860,彰化縣,,2025/12/16,愛美力貓乾糧 鮭魚+鰹魚+蔓越莓,貓,乾飼糧,柏揚貿易有限公司,臺灣,無,無,12,2025-12-16T00:00:00,2025,12,2026-01-23T14:55:43.627,,104年1月至115年6月,1,,
4860,彰化縣,,2025/12/16,旺得福機能犬糧 頂級香煎羊排,犬,乾飼糧,柏揚貿易有限公司,臺灣,標示文字涉及誇大不實,函轉給雲林縣動物防疫所依權責卓處,12,2025-12-16T00:00:00,2025,12,2026-01-23T14:55:43.627,,104年1月至115年6月,1,,
4860,彰化縣,,2025/12/16,沛品世家貓糧800g-海鮮風味,貓,乾飼糧,奪標寵物用品總匯,臺灣,未依規定於寵物申報網申報資料,發文給業者限期改善,12,2025-12-16T00:00:00,2025,12,2026-01-23T14:55:43.627,,104年1月至115年6月,1,,
4860,彰化縣,,2025/12/16,寵能實驗室 PAWER LAB全年齡貓專門奶粉,貓,補助食品,雲鏈實業有限公司,臺灣,無,無,12,2025-12-16T00:00:00,2025,12,2026-01-23T14:55:43.627,,104年1月至115年6月,1,,
4860,彰化縣,,2025/12/16,MS.PET母乳化寵物奶粉250g,犬、貓,補助食品,王品寵物用品有限公司,臺灣,無,無,12,2025-12-16T00:00:00,2025,12,2026-01-23T14:55:43.627,,104年1月至115年6月,1,,
4860,彰化縣,,2025/12/16,汪一口肉乾 香烤雞胸薄片,犬,零食,豪翼行銷有限公司,臺灣,無,無,12,2025-12-16T00:00:00,2025,12,2026-01-23T14:55:43.627,,104年1月至115年6月,1,,
4860,彰化縣,,2025/12/16,健康紀元頂級純肉犬罐-香嫩雞排丁,犬,罐頭,福壽實業股份有限公司,臺灣,無,無,12,2025-12-16T00:00:00,2025,12,2026-01-23T14:55:43.627,,104年1月至115年6月,1,,
4860,彰化縣,,2025/12/16,犬的優等生碎骨片大包裝,犬,零食,寶麟寵物用品有限公司,臺灣,無,無,12,2025-12-16T00:00:00,2025,12,2026-01-23T14:55:43.627,,104年1月至115年6月,1,,
4860,彰化縣,,2025/12/16,RAW to ROAR 全齡貓 亮毛美膚主食餐包 草牧牛肉,貓,罐頭,飛起來行銷股份有限公司,臺灣,寵物食品申報網資料登載錯誤(品名需更正為原野牛肉),發文給業者限期改善,12,2025-12-16T00:00:00,2025,12,2026-01-23T14:55:43.627,,104年1月至115年6月,1,,
4860,彰化縣,,2025/12/16,【T.N.A.悠遊】保健營養錠-每日好活力,犬、貓,零食,悠遊國際實業股份有限公司,臺灣,無,無,12,2025-12-16T00:00:00,2025,12,2026-01-23T14:55:43.627,,104年1月至115年6月,1,,
4860,彰化縣,,2025/12/16,The Green星型潔牙棒-深海魚+牛油果+海藻,犬,零食,八犬國際行銷有限公司,臺灣,無,無,12,2025-12-16T00:00:00,2025,12,2026-01-23T14:55:43.627,,104年1月至115年6月,1,,
4860,彰化縣,,2025/12/16,Mr.凍乾 貓用天然原肉凍乾(180g)-牛肉,貓,零食,八犬國際行銷有限公司,臺灣,無,無,12,2025-12-16T00:00:00,2025,12,2026-01-23T14:55:43.627,,104年1月至115年6月,1,,
4860,彰化縣,,2025/12/16,肉鮮生貓凍乾主食-牛肉,貓,乾飼糧,品果國際行銷有限公司,臺灣,無,無,12,2025-12-16T00:00:00,2025,12,2026-01-23T14:55:43.627,,104年1月至115年6月,1,,
4860,彰化縣,,2025/12/16,派庫廚房-酥酥丁香魚凍乾,犬、貓,零食,金派庫國際有限公司,臺灣,無,無,12,2025-12-16T00:00:00,2025,12,2026-01-23T14:55:43.627,,104年1月至115年6月,1,,
4860,彰化縣,,2025/12/16,PETS A+ 起司全犬短,犬,零食,啓益寵物用品有限公司,臺灣,未於寵登網申報,發文給業者限期改善,12,2025-12-16T00:00:00,2025,12,2026-01-23T14:55:43.627,,104年1月至115年6月,1,,
4860,彰化縣,,2025/12/16,Abao 貓咪主食餐包 魔鏡燉餐包 x 鮮嫩雞肉,貓,半溼性飼糧,阿寶國際有限公司,臺灣,無,無,12,2025-12-16T00:00:00,2025,12,2026-01-23T14:55:43.627,,104年1月至115年6月,1,,
4860,彰化縣,,2025/12/16,旺得福狗罐頭-原味牛肉,犬,罐頭,柏揚貿易有限公司,臺灣,無,無,12,2025-12-16T00:00:00,2025,12,2026-01-23T14:55:43.627,,104年1月至115年6月,1,,
4860,彰化縣,,2025/12/16,KING BORN-香烤雞肉塊90g,犬,零食,帝寶興業有限公司,臺灣,無,無,12,2025-12-16T00:00:00,2025,12,2026-01-23T14:55:43.627,,104年1月至115年6月,1,,
4860,南投縣,,2025/12/04,和食貓用零嘴20g 純粹吃星蝦 HC4,貓,零食,沅慶企業有限公司,臺灣,無,無,13,2025-12-04T00:00:00,2025,12,2026-01-23T14:55:43.627,,104年1月至115年6月,1,,
4860,南投縣,,2025/12/04,天使貓凍乾-元氣骰子牛,貓,零食,辛巴國際行銷有限公司,臺灣,無,無,13,2025-12-04T00:00:00,2025,12,2026-01-23T14:55:43.627,,104年1月至115年6月,1,,
4860,南投縣,,2025/12/04,喵樂 肉食控主食罐 嫩雞鵪鶉,貓,罐頭,艾澌克企業股份有限公司,臺灣,無,無,13,2025-12-04T00:00:00,2025,12,2026-01-23T14:55:43.627,,104年1月至115年6月,1,,
4860,南投縣,,2025/12/04,赫緻低溫烘焙健康糧(無穀臺灣鴨胸肉),犬,乾飼糧,珍食堡實業股份有限公司,臺灣,無,無,13,2025-12-04T00:00:00,2025,12,2026-01-23T14:55:43.627,,104年1月至115年6月,1,,
4860,南投縣,,2025/12/04,汪汪食堂 牛肉腸腸,犬,零食,壹士達寵物有限公司,臺灣,無,無,13,2025-12-04T00:00:00,2025,12,2026-01-23T14:55:43.627,,104年1月至115年6月,1,,
4860,南投縣,,2025/12/04,海之味貓用主食罐85g 鮪魚,貓,罐頭,沅慶企業有限公司,臺灣,無,無,13,2025-12-04T00:00:00,2025,12,2026-01-23T14:55:43.627,,104年1月至115年6月,1,,
4860,南投縣,,2025/12/04,阿婆的手路菜貓餐包85g 小玉米燉羊BC03,貓,罐頭,沅慶企業有限公司,臺灣,無,無,13,2025-12-04T00:00:00,2025,12,2026-01-23T14:55:43.627,,104年1月至115年6月,1,,
4860,雲林縣,,2025/12/10,藍帶莊園主食肉腸-雞肉,犬,半溼性飼糧,斑尼菲國際股份有限公司,臺灣,無,無,14,2025-12-10T00:00:00,2025,12,2026-01-23T14:55:43.627,,104年1月至115年6月,1,,
4860,雲林縣,,2025/12/10,毛孩站起來-軟罐頭全齡主食餐包（鵪鶉口味）,犬,罐頭,飛起來行銷股份有限公司,臺灣,無,無,14,2025-12-10T00:00:00,2025,12,2026-01-23T14:55:43.627,,104年1月至115年6月,1,,
4860,雲林縣,,2025/12/10,艾沛鼎食晶凍貓罐85g竹筴魚,貓,罐頭,沅慶企業有限公司,臺灣,無,無,14,2025-12-10T00:00:00,2025,12,2026-01-23T14:55:43.627,,104年1月至115年6月,1,,
4860,雲林縣,,2025/12/10,Mr.凍乾 貓用天然原肉凍乾(75g)-雞肉,貓,零食,八犬國際行銷有限公司,臺灣,無,無,14,2025-12-10T00:00:00,2025,12,2026-01-23T14:55:43.627,,104年1月至115年6月,1,,
4860,雲林縣,,2025/12/10,雞老大軟嫩雞腿肉嚼片,犬,零食,壹士達寵物有限公司,臺灣,無,無,14,2025-12-10T00:00:00,2025,12,2026-01-23T14:55:43.627,,104年1月至115年6月,1,,
4860,嘉義縣,,2025/12/30,皮骨/牛奶2.5吋,犬,零食,寶麟寵物用品有限公司,臺灣,無,無,15,2025-12-30T00:00:00,2025,12,2026-01-23T14:55:43.627,,104年1月至115年6月,1,,
4860,嘉義縣,,2025/12/30,Mr. Bar時光鮮貓糧（鮪魚雞肉口味）,貓,乾飼糧,樺隆有限公司,臺灣,無,無,15,2025-12-30T00:00:00,2025,12,2026-01-23T14:55:43.627,,104年1月至115年6月,1,,
4860,嘉義縣,,2025/12/30,博朗氏美毛魚油天然寵糧（雞肉+鮪魚+鱈魚）,貓,乾飼糧,寶榮寵物企業股份有限公司,臺灣,無,無,15,2025-12-30T00:00:00,2025,12,2026-01-23T14:55:43.627,,104年1月至115年6月,1,,
4860,嘉義縣,,2025/12/30,時光鮮廚犬罐頭,犬,罐頭,樺隆有限公司,臺灣,無,無,15,2025-12-30T00:00:00,2025,12,2026-01-23T14:55:43.627,,104年1月至115年6月,1,,
4860,嘉義縣,,2025/12/30,東方精選優質成貓食全貓種用（海鮮干貝/亮毛挑嘴）,貓,乾飼糧,斑尼菲國際股份有限公司,臺灣,無,無,15,2025-12-30T00:00:00,2025,12,2026-01-23T14:55:43.627,,104年1月至115年6月,1,,
4860,屏東縣,,2025/12/03,雞肉丁凍乾,犬、貓,零食,昕昕寵物企業有限公司,臺灣,無,無,16,2025-12-03T00:00:00,2025,12,2026-01-23T14:55:43.627,,104年1月至115年6月,1,,
4860,屏東縣,,2025/12/03,燕麥雞肉餅,犬,零食,昕昕寵物企業有限公司,臺灣,無,無,16,2025-12-03T00:00:00,2025,12,2026-01-23T14:55:43.627,,104年1月至115年6月,1,,
4860,屏東縣,,2025/12/03,產食官咔滋脆管,犬,零食,心食集實業有限公司,臺灣,無,無,16,2025-12-03T00:00:00,2025,12,2026-01-23T14:55:43.627,,104年1月至115年6月,1,,
4860,屏東縣,,2025/12/03,牛肉凍乾鬆,犬、貓,零食,席凡斯企業社,臺灣,無,無,16,2025-12-03T00:00:00,2025,12,2026-01-23T14:55:43.627,,104年1月至115年6月,1,,
4860,屏東縣,,2025/12/17,愛美康-天然綜合維他命,犬、貓,補助食品,聯享寵物貿易有限公司,臺灣,無,無,16,2025-12-17T00:00:00,2025,12,2026-01-23T14:55:43.627,,104年1月至115年6月,1,,
4860,屏東縣,,2025/12/17,香犬寶100克,犬、貓,補助食品,健聖興業有限公司,臺灣,無,無,16,2025-12-17T00:00:00,2025,12,2026-01-23T14:55:43.627,,104年1月至115年6月,1,,
4860,臺東縣,,2025/12/10,寶貝餌子-豬耳朵條(包裝120g),犬,零食,宏寶國際企業有限公司,臺灣,無,無,17,2025-12-10T00:00:00,2025,12,2026-01-23T14:55:43.627,,104年1月至115年6月,1,,
4860,臺東縣,,2025/12/10,香饌-雞肉軟骨(包裝170g),犬,零食,茂捷有限公司,臺灣,無,無,17,2025-12-10T00:00:00,2025,12,2026-01-23T14:55:43.627,,104年1月至115年6月,1,,
4860,臺東縣,,2025/12/10,御天犬急凍雞胗(包裝60g),犬,零食,冠閎實業有限公司,臺灣,無,無,17,2025-12-10T00:00:00,2025,12,2026-01-23T14:55:43.627,,104年1月至115年6月,1,,
4860,臺東縣,,2025/12/10,元氣犬手工嫩肉排-雞肉風味(包裝180g),犬,零食,茂捷有限公司,臺灣,無,無,17,2025-12-10T00:00:00,2025,12,2026-01-23T14:55:43.627,,104年1月至115年6月,1,,
4860,臺東縣,,2025/12/10,艾思柏貓主食罐-鬼頭刀+雞肉風味(包裝80g),犬,罐頭,福壽實業股份有限公司,臺灣,無,無,17,2025-12-10T00:00:00,2025,12,2026-01-23T14:55:43.627,,104年1月至115年6月,1,,
4860,臺東縣,,2025/12/10,天然原肉-豬肉風味(包裝100g),犬,零食,自力耕生有限公司,臺灣,無,無,17,2025-12-10T00:00:00,2025,12,2026-01-23T14:55:43.627,,104年1月至115年6月,1,,
4860,臺東縣,,2025/12/10,餵我貓咪機能凍乾-雞肉風味(包裝160g),貓,零食,沛貝兒有限公司,臺灣,無,無,17,2025-12-10T00:00:00,2025,12,2026-01-23T14:55:43.627,,104年1月至115年6月,1,,
4860,臺東縣,,2025/12/10,瑞威肌能罐-鱈魚+海瓜子風味(包裝165g),犬,罐頭,瑞威動物科技股份有限公司,臺灣,無,無,17,2025-12-10T00:00:00,2025,12,2026-01-23T14:55:43.627,,104年1月至115年6月,1,,
4860,臺東縣,,2025/12/10,汪喵熟齡犬主食罐-羊肉風味(包裝80g),犬,罐頭,自力耕生股份有限公司,臺灣,無,無,17,2025-12-10T00:00:00,2025,12,2026-01-23T14:55:43.627,,104年1月至115年6月,1,,
4860,臺東縣,,2025/12/10,瑞威肌能罐-鮭魚+鱉蛋風味(包裝165g),犬,罐頭,瑞威動物科技股份有限公司,臺灣,無,無,17,2025-12-10T00:00:00,2025,12,2026-01-23T14:55:43.627,,104年1月至115年6月,1,,
4860,花蓮縣,,2025/12/01,派庫廚房 低溫手工烘焙系列 吮指麻花牛,犬、貓,零食,金派庫國際有限公司,臺灣,無,無,18,2025-12-01T00:00:00,2025,12,2026-01-23T14:55:43.627,,104年1月至115年6月,1,,
4860,花蓮縣,,2025/12/01,乾杯老饕級牛舌 咬咬牛舌捲(犬適用),犬,零食,乾杯股份有限公司,臺灣,無,無,18,2025-12-01T00:00:00,2025,12,2026-01-23T14:55:43.627,,104年1月至115年6月,1,,
4860,花蓮縣,,2025/12/01,雞肉地瓜捲,犬,零食,四季全球貿易股份有限公司,臺灣,無,無,18,2025-12-01T00:00:00,2025,12,2026-01-23T14:55:43.627,,104年1月至115年6月,1,,
4860,花蓮縣,,2025/12/01,BLOP呷哺呷哺鴨舌,犬,零食,金閤股份有限公司,臺灣,申報與標示不一,移送責任廠商所在地管轄機關卓處,18,2025-12-01T00:00:00,2025,12,2026-01-23T14:55:43.627,,104年1月至115年6月,1,,
4860,花蓮縣,,2025/12/01,牠喵的 干貝 20g,犬,零食,威饌股份有限公司,臺灣,無,無,18,2025-12-01T00:00:00,2025,12,2026-01-23T14:55:43.627,,104年1月至115年6月,1,,
4860,澎湖縣,,2025/12/04,Mr.凍乾 喵貓凍-火雞肉,貓,零食,八犬國際行銷有限公司,臺灣,無,無,19,2025-12-04T00:00:00,2025,12,2026-01-23T14:55:43.627,,104年1月至115年6月,1,,
4860,澎湖縣,,2025/12/04,雞老大 照燒雞腿肉,犬,零食,壹士達寵物有限公司,臺灣,無,無,19,2025-12-04T00:00:00,2025,12,2026-01-23T14:55:43.627,,104年1月至115年6月,1,,
4860,澎湖縣,,2025/12/04,Petslove犬 元氣 雞肉小結骨,犬,零食,茂捷有限公司,臺灣,無,無,19,2025-12-04T00:00:00,2025,12,2026-01-23T14:55:43.627,,104年1月至115年6月,1,,
4860,澎湖縣,,2025/12/04,汪喵星球 熟齡犬銀養主食罐-元氣燒牛肉,犬,罐頭,自力耕生股份有限公司,臺灣,無,無,19,2025-12-04T00:00:00,2025,12,2026-01-23T14:55:43.627,,104年1月至115年6月,1,,
4860,澎湖縣,,2025/12/04,健康時刻 雙機能-螺旋多效潔牙骨-蝦紅素+葉綠素,犬,潔牙骨,壹士達寵物有限公司,臺灣,無,無,19,2025-12-04T00:00:00,2025,12,2026-01-23T14:55:43.627,,104年1月至115年6月,1,,
4860,基隆市,,2025/12/02,蒸鮮棒棒腿(亮毛護膚),犬、貓,零食,飛輪寵物有限公司,臺灣,無,無,20,2025-12-02T00:00:00,2025,12,2026-01-23T14:55:43.627,,104年1月至115年6月,1,,
4860,基隆市,,2025/12/02,卡默-原萃主食凍乾餐-草飼牛+雞肉丁80g,犬,零食,耐維滋寵物食品有限公司,臺灣,包裝營養成分含量與申報網資料不符,經發函通知已改善完成,20,2025-12-02T00:00:00,2025,12,2026-01-23T14:55:43.627,,104年1月至115年6月,1,,
4860,基隆市,,2025/12/02,風味燒-鮭魚風味絲,犬、貓,零食,竣百有限公司,臺灣,包裝原料添加物含量與申報網資料不符,經發函通知已改善完成,20,2025-12-02T00:00:00,2025,12,2026-01-23T14:55:43.627,,104年1月至115年6月,1,,
4860,基隆市,,2025/12/02,什錦MIX貓食-櫻花蝦口味,貓,乾飼糧,福壽實業股份有限公司,臺灣,無,無,20,2025-12-02T00:00:00,2025,12,2026-01-23T14:55:43.627,,104年1月至115年6月,1,,
4860,基隆市,,2025/12/02,ParkCat無敵罐肉泥王主食罐海味雙魚餐 鮭&鮪(促進新陳代謝),貓,罐頭,麗斯居有限公司,臺灣,無,無,20,2025-12-02T00:00:00,2025,12,2026-01-23T14:55:43.627,,104年1月至115年6月,1,,
4860,新竹市,,2025/12/08,Nutrition Aid犬貓營養補充食品,犬、貓,補助食品,賽恩威特股份有限公司,臺灣,無,無,21,2025-12-08T00:00:00,2025,12,2026-01-23T14:55:43.627,,104年1月至115年6月,1,,
4860,新竹市,,2025/12/08,葛林菲新鮮雞肉凍乾,犬、貓,零食,朝鴻國際有限公司,臺灣,無,無,21,2025-12-08T00:00:00,2025,12,2026-01-23T14:55:43.627,,104年1月至115年6月,1,,
4860,新竹市,,2025/12/08,陪心優腎貓主食罐,貓,罐頭,唯寵股份有限公司,臺灣,無,無,21,2025-12-08T00:00:00,2025,12,2026-01-23T14:55:43.627,,104年1月至115年6月,1,,
4860,新竹市,,2025/12/08,毛起來 護膚低敏鮮肉主食罐,犬,罐頭,莫奧數位股份有限公司,臺灣,無,無,21,2025-12-08T00:00:00,2025,12,2026-01-23T14:55:43.627,,104年1月至115年6月,1,,
4860,新竹市,,2025/12/08,好味小姐 1+1 益生菌 半濕食主食罐（綜合海陸配方）,貓,罐頭,短捲麻股份有限公司,臺灣,無,無,21,2025-12-08T00:00:00,2025,12,2026-01-23T14:55:43.627,,104年1月至115年6月,1,,
4860,新竹市,,2025/12/08,御天犬 燕麥雞肉塊,犬,零食,冠閎實業有限公司,臺灣,無,無,21,2025-12-08T00:00:00,2025,12,2026-01-23T14:55:43.627,,104年1月至115年6月,1,,
4860,嘉義市,,2025/12/09,紐崔斯全方位營養主食貓罐(鮭魚),貓,罐頭,八犬國際行銷有限公司,臺灣,無,無,22,2025-12-09T00:00:00,2025,12,2026-01-23T14:55:43.627,,104年1月至115年6月,1,,
4860,嘉義市,,2025/12/09,派庫廚房-嚴選放山土雞佛,犬,零食,金派庫國際有限公司,臺灣,無,無,22,2025-12-09T00:00:00,2025,12,2026-01-23T14:55:43.627,,104年1月至115年6月,1,,
4860,嘉義市,,2025/12/18,GT犬用雙效潔牙棒,犬,潔牙骨,固才有限公司,臺灣,無,無,22,2025-12-18T00:00:00,2025,12,2026-01-23T14:55:43.627,,104年1月至115年6月,1,,
4860,嘉義市,,2025/12/18,犬方位土雞煲,犬,罐頭,雲鏈實業有限公司,臺灣,無,無,22,2025-12-18T00:00:00,2025,12,2026-01-23T14:55:43.627,,104年1月至115年6月,1,,
4860,嘉義市,,2025/12/18,Woofgang Bark凍乾寵物馬卡龍（鮭魚）-甜菜根,犬,零食,友伴生活股份有限公司,臺灣,無,無,22,2025-12-18T00:00:00,2025,12,2026-01-23T14:55:43.627,,104年1月至115年6月,1,,
4860,金門縣,,2025/12/15,貓用益生菌晶球夾心糧-曠野鮮雞180g,貓,乾飼糧,飛輪寵物有限公司,臺灣,無,無,23,2025-12-15T00:00:00,2025,12,2026-01-23T14:55:43.627,,104年1月至115年6月,1,,
4860,金門縣,,2025/12/15,怪獸咔滋原肉零食 凍乾丁香魚,犬、貓,零食,怪獸製造有限公司,臺灣,"寵物食品申報網
未申報","12/16通知業者限期改善
12/16該食品已申報完成",23,2025-12-15T00:00:00,2025,12,2026-01-23T14:55:43.627,,104年1月至115年6月,1,,
4860,金門縣,,2025/12/15,怪獸咔滋原肉零食 凍乾雞胸丁,犬、貓,零食,怪獸製造有限公司,臺灣,無,無,23,2025-12-15T00:00:00,2025,12,2026-01-23T14:55:43.627,,104年1月至115年6月,1,,
4860,金門縣,,2025/12/15,奇啃保健雞腿-原味,犬、貓,零食,勤翔國際股份有限公司,臺灣,無,無,23,2025-12-15T00:00:00,2025,12,2026-01-23T14:55:43.627,,104年1月至115年6月,1,,
4860,金門縣,,2025/12/15,野性魅力凍乾零食-土雞塊佐鱉蛋,犬、貓,零食,加拿大野性魅力有限公司,臺灣,無,無,23,2025-12-15T00:00:00,2025,12,2026-01-23T14:55:43.627,,104年1月至115年6月,1,,
4860,新北市,AP001,2025/02/17,犬用迷你厚乳消臭餅乾,犬,零食,台灣多格漫商貿股份有限公司,日本,無,無,0,2025-02-17T00:00:00,2025,2,2025-03-25T17:52:40.99,,104年1月至115年6月,1,,
4860,新北市,AP002,2025/02/17,寶路X型潔牙骨原味中型犬專用,犬,潔牙骨,台灣瑪氏股份有限公司,泰國,無,無,0,2025-02-17T00:00:00,2025,2,2025-03-25T17:52:40.99,,104年1月至115年6月,1,,
4860,新北市,AP003,2025/02/17,野性魅力海陸龍蝦盛宴貓,貓,乾飼糧,加拿大野性魅力有限公司,加拿大,無,無,0,2025-02-17T00:00:00,2025,2,2025-03-25T17:52:40.99,,104年1月至115年6月,1,,
4860,新北市,AP004,2025/02/17,口福-綜合肉角,犬,零食,東翔實業股份有限公司,日本,有效期限錯誤,移請臺北市動保處協助妥處,0,2025-02-17T00:00:00,2025,2,2025-03-25T17:52:40.99,,104年1月至115年6月,1,,
4860,新北市,,2025/02/17,偉嘉 乾糧 鮪魚(吞拿魚)總匯口味,貓,乾飼糧,台灣瑪氏股份有限公司,泰國,無,無,0,2025-02-17T00:00:00,2025,2,2025-03-25T17:52:40.99,,104年1月至115年6月,1,,
4860,新北市,,2025/02/17,西沙主廚風味料理田園香米燉牛肉風味,犬,半溼性飼糧,台灣瑪氏股份有限公司,澳洲,有效期限錯誤,移請臺北市動保處協助妥處,0,2025-02-17T00:00:00,2025,2,2025-03-25T17:52:40.99,,104年1月至115年6月,1,,
4860,新北市,,2025/02/17,林克博士機能保健主食貓罐,貓,半溼性飼糧,八犬國際行銷有限公司,德國,無,無,0,2025-02-17T00:00:00,2025,2,2025-03-25T17:52:40.99,,104年1月至115年6月,1,,
4860,新北市,,2025/02/17,金嬌貓-綠標,貓,半溼性飼糧,新武國際有限公司,紐西蘭,無,無,0,2025-02-17T00:00:00,2025,2,2025-03-25T17:52:40.99,,104年1月至115年6月,1,,
4860,新北市,,2025/02/17,康特維腎臟保健營養肉汁,貓,罐頭,咆陪喵有限公司,泰國,無,無,0,2025-02-17T00:00:00,2025,2,2025-03-25T17:52:40.99,,104年1月至115年6月,1,,
4860,新北市,,2025/02/17,喵愛餡 貓餡餅 火烤嫩雞口味,貓,零食,台灣瑪氏股份有限公司,泰國,無,無,0,2025-02-17T00:00:00,2025,2,2025-03-25T17:52:40.99,,104年1月至115年6月,1,,
4860,新北市,,2025/02/17,寶路牛肉罐,犬,半溼性飼糧,台灣瑪氏股份有限公司,澳洲,有效期限錯誤,移請臺北市動保處協助妥處,0,2025-02-17T00:00:00,2025,2,2025-03-25T17:52:40.99,,104年1月至115年6月,1,,
4860,新北市,,2025/02/17,AIXIA愛喜雅 健康6號軟包毛球,貓,補助食品,東盈實業股份有限公司,泰國,無,無,0,2025-02-17T00:00:00,2025,2,2025-03-25T17:52:40.99,,104年1月至115年6月,1,,
4860,新北市,,2025/02/17,CIAO 旨定罐C-55(鮭魚-雞肉-鮪魚-起司),貓,半溼性飼糧,稻葉寵物食品股份有限公司/喬治弟弟商業社,日本,無,無,0,2025-02-17T00:00:00,2025,2,2025-03-25T17:52:40.99,,104年1月至115年6月,1,,
4860,新北市,,2025/02/17,MODDY莫比羊肉米成犬食譜,犬,乾飼糧,博東客企業有限公司,美國,無,無,0,2025-02-17T00:00:00,2025,2,2025-03-25T17:52:40.99,,104年1月至115年6月,1,,
4860,新北市,,2025/02/17,SHEBA鮮饌包 鮪魚(吞拿魚)及蟹肉口味,貓,零食,台灣瑪氏股份有限公司,泰國,無,無,0,2025-02-17T00:00:00,2025,2,2025-03-25T17:52:40.99,,104年1月至115年6月,1,,
4860,臺北市,VP004,2025/02/20,驕傲貓貓犬共享鮭鮮奶生肉凍乾主館餐,犬、貓,乾飼糧,臺灣愛邦仕實業有限公司,泰國,無,無,1,2025-02-20T00:00:00,2025,2,2025-03-25T17:52:40.99,,104年1月至115年6月,1,,
4860,臺北市,VP005,2025/02/20,KaNoodles韓國玄米潔牙棒,犬,潔牙骨,四季全球貿易股份有限公司,韓國,無,無,1,2025-02-20T00:00:00,2025,2,2025-03-25T17:52:40.99,,104年1月至115年6月,1,,
4860,臺北市,VP006,2025/02/20,歐納特犬用皮毛機能照護配方,犬,乾飼糧,瀚揚國際企業有限公司,西班牙,無,無,1,2025-02-20T00:00:00,2025,2,2025-03-25T17:52:40.99,,104年1月至115年6月,1,,
4860,臺北市,,2025/02/20,羊奶機能肉泥 鮪魚+蔓越苺+化毛,貓,罐頭,台灣美期有限公司,泰國,無,無,1,2025-02-20T00:00:00,2025,2,2025-03-25T17:52:40.99,,104年1月至115年6月,1,,
4860,臺北市,,2025/02/20,銀紗細切-雞腿野菜風味,犬,零食,台灣多格漫商貿股份有限公司,日本,無,無,1,2025-02-20T00:00:00,2025,2,2025-03-25T17:52:40.99,,104年1月至115年6月,1,,
4860,臺北市,,2025/02/20,柏萊富 特調成犬活力配方(雞肉+糙米),犬,乾飼糧,柏希菲克股份有限公司,美國,無,無,1,2025-02-20T00:00:00,2025,2,2025-03-25T17:52:40.99,,104年1月至115年6月,1,,
4860,臺北市,,2025/02/20,喜躍 Party Mix香酥餅經典原味,貓,零食,台灣雀巢股份有限公司,泰國,無,無,1,2025-02-20T00:00:00,2025,2,2025-03-25T17:52:40.99,,104年1月至115年6月,1,,
4860,臺北市,,2025/02/20,顧眼護心起司牛磺酸餡餅,貓,零食,八犬國際行銷有限公司,德國,無,無,1,2025-02-20T00:00:00,2025,2,2025-03-25T17:52:40.99,,104年1月至115年6月,1,,
4860,臺北市,,2025/02/20,Kitcat呼嚕嚕肉泥- 鮪魚、扇貝,貓,零食,四季全球貿易股份有限公司,泰國,無,無,1,2025-02-20T00:00:00,2025,2,2025-03-25T17:52:40.99,,104年1月至115年6月,1,,
4860,臺北市,,2025/02/20,歐娜特全齡犬《挑嘴配方》放牧雞肉火雞,犬,乾飼糧,瀚揚國際企業有限公司,西班牙,無,無,1,2025-02-20T00:00:00,2025,2,2025-03-25T17:52:40.99,,104年1月至115年6月,1,,
4860,臺北市,,2025/02/20,Omega-3 腸胃給力隨行包,犬、貓,補助食品,裕寶國際股份有限公司,紐西蘭,無,無,1,2025-02-20T00:00:00,2025,2,2025-03-25T17:52:40.99,,104年1月至115年6月,1,,
4860,臺北市,,2025/02/20, 咕咕氂牛起司棒,犬,零食,壹士達寵物有限公司,比利時,無,無,1,2025-02-20T00:00:00,2025,2,2025-03-25T17:52:40.99,,104年1月至115年6月,1,,
4860,臺北市,,2025/02/20,極光 無穀全齡犬- 鮭魚&雪蟹,犬,乾飼糧,邁迪飛貿易有限公司,加拿大,無,無,1,2025-02-20T00:00:00,2025,2,2025-03-25T17:52:40.99,,104年1月至115年6月,1,,
4860,臺北市,,2025/02/20,犬用絹紗牛肉條,犬,零食,台灣多格漫商貿股份有限公司,日本,無,無,1,2025-02-20T00:00:00,2025,2,2025-03-25T17:52:40.99,,104年1月至115年6月,1,,
4860,臺北市,,2025/02/20,Feline Natural 雞肉羊肉 貓咪冷凍乾燥鮮肉餐,貓,乾飼糧,四季全球貿易股份有限公司,紐西蘭,無,無,1,2025-02-20T00:00:00,2025,2,2025-03-25T17:52:40.99,,104年1月至115年6月,1,,
4860,臺中市,,2025/02/05,Pramy 普拉 香酥脆-鴨+乳酪,貓,零食,寵愛國際行銷有限公司,泰國,1.未完成申報   2.未標示保存期限、方法及條件 3.製造及有效日期牌列不明,已依中市動稽字第1140001334號函轉新北市政府動物保護防疫處,2,2025-02-05T00:00:00,2025,2,2025-03-25T17:52:40.99,,104年1月至115年6月,1,,
4860,臺中市,,2025/02/05,Golden Cat健康機能特級金貓罐(白身鮪魚+雞肉+起司),貓,罐頭,台灣惜時有限公司,泰國,無,無,2,2025-02-05T00:00:00,2025,2,2025-03-25T17:52:40.99,,104年1月至115年6月,1,,
4860,臺中市,,2025/02/05,特百滋 開胃三層杯 貓用·牙買加小牛燒,貓,罐頭,艾澌克企業股份有限公司,泰國,未以中文標示有效及製造日期月份或標示月份對照表,已依中市動稽字第1140001334號函轉新北市政府動物保護防疫處,2,2025-02-05T00:00:00,2025,2,2025-03-25T17:52:40.99,,104年1月至115年6月,1,,
4860,臺中市,,2025/02/05,ACANA愛肯拿 農場盛宴貓 無穀配方,貓,乾飼糧,豪翼行銷有限公司,加拿大,未依規申報,已依中市動稽字第1140001304號函請業者限期改善,2,2025-02-05T00:00:00,2025,2,2025-03-25T17:52:40.99,,104年1月至115年6月,1,,
4860,臺中市,,2025/02/05,KITTY LICKS 甜甜貓肉泥-雞肉+雞肝,貓,零食,韋民企業股份有限公司,泰國,1.未完成申報   2.未標示完整有效日期,已依中市動稽字第1140001334號函轉新北市政府動物保護防疫處,2,2025-02-05T00:00:00,2025,2,2025-03-25T17:52:40.99,,104年1月至115年6月,1,,
4860,臺中市,,2025/02/05,愛喜雅 新金罐濃厚7號-鮪.牛,貓,罐頭,東盈實業股份有限公司,日本,未依規申報,已依中市動稽字第1140001354號函請業者限期改善,2,2025-02-05T00:00:00,2025,2,2025-03-25T17:52:40.99,,104年1月至115年6月,1,,
4860,臺中市,,2025/02/05,里奧納多 兔肉 精燉鮮肉 成貓主食罐,貓,罐頭,麥可貿易有限公司,德國,無,無,2,2025-02-05T00:00:00,2025,2,2025-03-25T17:52:40.99,,104年1月至115年6月,1,,
4860,臺中市,,2025/02/05,德國凱琳-主食貓罐 火雞肉+雞肉+蘋果,貓,罐頭,王品寵物用品有限公司,德國,無,無,2,2025-02-05T00:00:00,2025,2,2025-03-25T17:52:40.99,,104年1月至115年6月,1,,
4860,臺中市,,2025/02/05,快吃丼飯-霜降骰子牛,犬,罐頭,艾澌克企業股份有限公司,泰國,標示「符合國際標準」應提供相關作證資料,已依中市動稽字第1140001334號函轉新北市政府動物保護防疫處,2,2025-02-05T00:00:00,2025,2,2025-03-25T17:52:40.99,,104年1月至115年6月,1,,
4860,臺中市,,2025/02/05,法米納-天然頂級無穀系列-全齡犬-雞肉石榴-小顆粒,犬,罐頭,聯信寵物有限公司,義大利,1.使用「獲獎」、「獎項」詞句或類似詞句，未說明授獎機構、獲獎時間、獎項名稱。           2.申報網內容與產品不符,已依中市動稽字第1140001334號函轉新北市政府動物保護防疫處,2,2025-02-05T00:00:00,2025,2,2025-03-25T17:52:40.99,,104年1月至115年6月,1,,
4860,臺中市,,2025/02/05,亞米亞米-美味羊肉角燒大餐,犬,罐頭,沛特國際股份有限公司,泰國,包裝標有生產及有效日期標示於罐底(西元/年/月/日)與打印之生產及有效日期排列不符,已依中市動稽字第1140001334號函轉新北市政府動物保護防疫處,2,2025-02-05T00:00:00,2025,2,2025-03-25T17:52:40.99,,104年1月至115年6月,1,,
4860,臺中市,,2025/02/05,阿爾卑斯-主食犬餐盒-羊肉ALP-E103,犬,罐頭,寵兒商貿有限公司,荷蘭,"1.有效日期越日排列不明         2.未標示保存期限
3.未標示適用寵物種類及使用方法",已依中市動稽字第1140001359號函轉高雄動物保護處,2,2025-02-05T00:00:00,2025,2,2025-03-25T17:52:40.99,,104年1月至115年6月,1,,
4860,臺中市,,2025/02/05,HEROMAMA經典鮮食餐盒(羊小排-心臟機能),犬,罐頭,飛輪寵物有限公司,泰國,無,無,2,2025-02-05T00:00:00,2025,2,2025-03-25T17:52:40.99,,104年1月至115年6月,1,,
4860,臺中市,,2025/02/05,HALO嘿囉 低敏舒膚 新鮮豌豆燉鷹嘴豆,犬,乾飼糧,盛貿寵物股份有限公司,美國,無,無,2,2025-02-05T00:00:00,2025,2,2025-03-25T17:52:40.99,,104年1月至115年6月,1,,
4860,臺中市,,2025/02/05,HALO嘿囉 低敏舒膚 藍莓燕麥酥餅,犬,零食,盛貿寵物股份有限公司,美國,無,無,2,2025-02-05T00:00:00,2025,2,2025-03-25T17:52:40.99,,104年1月至115年6月,1,,
4860,臺中市,,2025/02/05,DO低敏主食狗餐盒-法式南瓜烤雞,犬,罐頭,昇鼎企業有限公司,臺灣,1.未完成申報   2.製造及有效日期牌列不明,已依中市動稽字第1140001363號函轉臺南市動物防疫保護處,2,2025-02-05T00:00:00,2025,2,2025-03-25T17:52:40.99,,104年1月至115年6月,1,,
4860,高雄市,,2025/02/03,now鮮肉無穀天然糧 成犬配方-小型犬,犬,乾飼糧,極寵有限公司,加拿大,無,無,6,2025-02-03T00:00:00,2025,2,2025-03-25T17:52:40.99,,104年1月至115年6月,1,,
4860,高雄市,,2025/02/03,now鮮肉無穀天然糧 老貓/體控貓配方,貓,乾飼糧,極寵有限公司,加拿大,中文標示不完整,移請新北市卓處,6,2025-02-03T00:00:00,2025,2,2025-03-25T17:52:40.99,,104年1月至115年6月,1,,
4860,高雄市,,2025/02/03,荒野饗宴之與狼共舞─農場雞肉蘋果,犬,乾飼糧,沛緹雅股份有限公司,澳洲,無,無,6,2025-02-03T00:00:00,2025,2,2025-03-25T17:52:40.99,,104年1月至115年6月,1,,
4860,高雄市,,2025/02/03,歐克斯天然無穀幼貓飼料 鮭魚,貓,乾飼糧,壹士達寵物有限公司,立陶宛,"業者申報有誤
中文標示不完整",移請臺南市卓處,6,2025-02-03T00:00:00,2025,2,2025-03-25T17:52:40.99,,104年1月至115年6月,1,,
4860,高雄市,,2025/02/03,超級SP大口吃鮮肉罐 精燉牛肉&新鮮野菜,犬,罐頭,壹士達寵物有限公司,泰國,"業者申報有誤
中文標示不完整",移請臺南市卓處,6,2025-02-03T00:00:00,2025,2,2025-03-25T17:52:40.99,,104年1月至115年6月,1,,
4860,高雄市,,2025/02/03,天然頂級無穀系列-室內結紮貓 雞肉石榴,貓,乾飼糧,聯信寵物有限公司,義大利,無,無,6,2025-02-03T00:00:00,2025,2,2025-03-25T17:52:40.99,,104年1月至115年6月,1,,
4860,高雄市,,2025/02/03,C1 咪芙好鮮餐包-鮪魚濃湯,貓,罐頭,力高企業社,泰國,"業者及產品未申報
中文標示不完整",移請臺北市卓處,6,2025-02-03T00:00:00,2025,2,2025-03-25T17:52:40.99,,104年1月至115年6月,1,,
4860,高雄市,,2025/02/03,妙喵主食軟包35號.15歲-鮪魚,貓,零食,東盈實業股份有限公司,泰國,無,無,6,2025-02-03T00:00:00,2025,2,2025-03-25T17:52:40.99,,104年1月至115年6月,1,,
4860,高雄市,,2025/02/03,巧鮮杯-老犬,犬,罐頭,雍立貿易股份有限公司,泰國,中文標示不完整,移請臺北市卓處,6,2025-02-03T00:00:00,2025,2,2025-03-25T17:52:40.99,,104年1月至115年6月,1,,
4860,高雄市,,2025/02/03,香榭櫻桃鴨肉+柑橘,犬,罐頭,品果國際行銷有限公司,波蘭,中文標示不完整,移請桃園市卓處,6,2025-02-03T00:00:00,2025,2,2025-03-25T17:52:40.99,,104年1月至115年6月,1,,
4860,桃園市,CP006,2025/02/04,法麗小型犬全營養配方－雞肉、鯷魚佐營養南瓜,犬,罐頭,派脆客有限公司,泰國,無,無,8,2025-02-04T00:00:00,2025,2,2025-03-25T17:52:40.99,,104年1月至115年6月,1,,
4860,桃園市,CP007,2025/02/04,腸胃保健犬主食濕糧DGW,犬,罐頭,台灣皇家寵物食品有限公司,奧地利,無,無,8,2025-02-04T00:00:00,2025,2,2025-03-25T17:52:40.99,,104年1月至115年6月,1,,
4860,桃園市,CP008,2025/02/04,US DOG愛犬主食餐罐（牛肉風味）,犬,罐頭,台灣惜時有限公司,義大利,無,無,8,2025-02-04T00:00:00,2025,2,2025-03-25T17:52:40.99,,104年1月至115年6月,1,,
4860,桃園市,,2025/02/04,原點羊肉低敏成犬主食罐,犬,罐頭,四季全球貿易股份有限公司,美國,未完成寵物食品申報,依本處114年桃動四字第1140000921號函令業者限期改善,8,2025-02-04T00:00:00,2025,2,2025-03-25T17:52:40.99,,104年1月至115年6月,1,,
4860,桃園市,,2025/02/04,優選無穀澳洲羊肉鮮食盒,犬,罐頭,四季全球貿易股份有限公司,澳洲,未完成寵物食品申報,依本處114年桃動四字第1140000921號函令業者限期改善,8,2025-02-04T00:00:00,2025,2,2025-03-25T17:52:40.99,,104年1月至115年6月,1,,
4860,桃園市,,2025/02/04,原點鮪魚鮮食貓餐包3OZ,貓,罐頭,四季全球貿易股份有限公司,美國,無,無,8,2025-02-04T00:00:00,2025,2,2025-03-25T17:52:40.99,,104年1月至115年6月,1,,
4860,桃園市,,2025/02/04,貓倍麗嚴選金罐角切鮮鮪魚（角切吞拿魚塊）,貓,罐頭,台灣雀巢股份有限公司,泰國,無,無,8,2025-02-04T00:00:00,2025,2,2025-03-25T17:52:40.99,,104年1月至115年6月,1,,
4860,桃園市,,2025/02/04,日本SUNRISE NATURAHA無穀鮪魚＋鰹魚＋白魚主食餐包－喵樂事SNH-024,貓,罐頭,勤翔國際股份有限公司,越南,無,無,8,2025-02-04T00:00:00,2025,2,2025-03-25T17:52:40.99,,104年1月至115年6月,1,,
4860,桃園市,,2025/02/04,真野無穀主食貓餐包 結紮貓（鮪魚＋鮮蝦＋蔬菜）,貓,罐頭,柏希菲克股份有限公司,義大利,無,無,8,2025-02-04T00:00:00,2025,2,2025-03-25T17:52:40.99,,104年1月至115年6月,1,,
4860,桃園市,,2025/02/04,SS名廚特選主食罐（貓用）鮮鮪魚泥＋鮮鮭魚泥,貓,罐頭,逸寶國際股份有限公司,泰國,無,無,8,2025-02-04T00:00:00,2025,2,2025-03-25T17:52:40.99,,104年1月至115年6月,1,,
4860,宜蘭縣,,2025/02/20,Happy Hour樂點-骨健雞肉片,犬,零食,竣百有限公司,泰國,查無產品申報紀錄,"通知業者限期改善

*2/26複查：已完成改善",9,2025-02-20T00:00:00,2025,2,2025-03-25T17:52:40.99,,104年1月至115年6月,1,,
4860,宜蘭縣,,2025/02/20,SHEBA® 誘惑泥™ 鰹魚+鰹魚及鮭魚口味 48gx6x8,貓,罐頭,台灣瑪氏股份有限公司,泰國,無,無,9,2025-02-20T00:00:00,2025,2,2025-03-25T17:52:40.99,,104年1月至115年6月,1,,
4860,宜蘭縣,,2025/02/20,比活力 水果潔牙骨,犬,潔牙骨,固才有限公司,泰國,無,無,9,2025-02-20T00:00:00,2025,2,2025-03-25T17:52:40.99,,104年1月至115年6月,1,,
4860,宜蘭縣,,2025/02/20,生活良好犬用雞柳條,犬,零食,臺灣生活良好國際股份有限公司,日本,無,無,9,2025-02-20T00:00:00,2025,2,2025-03-25T17:52:40.99,,104年1月至115年6月,1,,
4860,宜蘭縣,,2025/02/20,銀湯匙貓餐包 無添加 鮪魚 鰹魚 柴魚片,貓,罐頭,嬌聯股份有限公司,泰國,無,無,9,2025-02-20T00:00:00,2025,2,2025-03-25T17:52:40.99,,104年1月至115年6月,1,,
4860,新竹縣,DP004,2025/02/07,加好寶乾狗糧 - 牛肉口味 2KG,犬,乾飼糧,好侶股份有限公司,泰國,無,無,10,2025-02-07T00:00:00,2025,2,2025-03-25T17:52:40.99,,104年1月至115年6月,1,,
4860,新竹縣,DP005,2025/02/07,寶路乾糧牛肉及蔬菜口味 1.5kg,犬,乾飼糧,台灣瑪氏股份有限公司,泰國,無,無,10,2025-02-07T00:00:00,2025,2,2025-03-25T17:52:40.99,,104年1月至115年6月,1,,
4860,新竹縣,DP006,2025/02/10,杜莎-無穀貓糧-化毛-雞肉鴨肉,貓,乾飼糧,裕昌寵物有限公司,義大利,無,無,10,2025-02-10T00:00:00,2025,2,2025-03-25T17:52:40.99,,104年1月至115年6月,1,,
4860,新竹縣,,2025/02/25,貓無穀深海魚(阿提拉),貓,乾飼糧,宜輝企業有限公司,加拿大,無,無,10,2025-02-25T00:00:00,2025,2,2025-03-25T17:52:40.99,,104年1月至115年6月,1,,
4860,新竹縣,,2025/02/25,嘿囉 成貓無穀雞肉6磅,貓,乾飼糧,盛貿寵物股份有限公司,美國,無申報,將函轉台北市動保處,10,2025-02-25T00:00:00,2025,2,2025-03-25T17:52:40.99,,104年1月至115年6月,1,,
4860,新竹縣,,2025/02/25,六種鮮魚貓 無穀配方,貓,乾飼糧,豪翼行銷有限公司,加拿大,無,無,10,2025-02-25T00:00:00,2025,2,2025-03-25T17:52:40.99,,104年1月至115年6月,1,,
4860,新竹縣,,2025/02/25,赫緻美饌犬糧-嫩雞佐頂級鴨肝,犬,乾飼糧,珍食堡實業股份有限公司,臺灣,無,無,10,2025-02-25T00:00:00,2025,2,2025-03-25T17:52:40.99,,104年1月至115年6月,1,,
4860,新竹縣,,2025/02/25,赫緻美饌犬糧-火雞佐頂級鴨肝,犬,乾飼糧,珍食堡實業股份有限公司,臺灣,無,無,10,2025-02-25T00:00:00,2025,2,2025-03-25T17:52:40.99,,104年1月至115年6月,1,,
4860,苗栗縣,,2025/02/13,ARM&HAMMER 烘焙蘇打三角潔牙脆餅（深潔）,貓,零食,鴻騏國際有限公司,泰國,無,無,11,2025-02-13T00:00:00,2025,2,2025-03-25T17:52:40.99,,104年1月至115年6月,1,,
4860,苗栗縣,,2025/02/13,香烤軟雞肉卷,犬,零食,台灣愛邦仕實業股份有限公司,泰國,無,無,11,2025-02-13T00:00:00,2025,2,2025-03-25T17:52:40.99,,104年1月至115年6月,1,,
4860,苗栗縣,,2025/02/13,ALPS阿爾卑斯 肉醬犬罐-鮭魚口味,犬,罐頭,寵兒商貿有限公司,義大利,保存期限標示不全,函轉高雄市動保處辦理,11,2025-02-13T00:00:00,2025,2,2025-03-25T17:52:40.99,,104年1月至115年6月,1,,
4860,苗栗縣,,2025/02/13,My cat我的貓(鮪魚+吻仔魚)6號機能餐,貓,罐頭,台灣惜時有限公司,泰國,無,無,11,2025-02-13T00:00:00,2025,2,2025-03-25T17:52:40.99,,104年1月至115年6月,1,,
4860,苗栗縣,,2025/02/13,皇貓經典 鮪魚&雞肉&鮮蝦,貓,罐頭,茂捷有限公司,泰國,無,無,11,2025-02-13T00:00:00,2025,2,2025-03-25T17:52:40.99,,104年1月至115年6月,1,,
4860,彰化縣,,2025/02/05,Hulucat慕斯肉泥-鮪魚+蝦,貓,零食,王品寵物用品有限公司,泰國,無,無,12,2025-02-05T00:00:00,2025,2,2025-03-25T17:52:40.99,,104年1月至115年6月,1,,
4860,彰化縣,,2025/02/05,Hulucat慕斯肉泥-鮪魚,貓,零食,王品寵物用品有限公司,泰國,無,無,12,2025-02-05T00:00:00,2025,2,2025-03-25T17:52:40.99,,104年1月至115年6月,1,,
4860,彰化縣,,2025/02/05,美味關係狗罐-鮮雞肉+雞肝,犬,罐頭,王品寵物用品有限公司,泰國,無,無,12,2025-02-05T00:00:00,2025,2,2025-03-25T17:52:40.99,,104年1月至115年6月,1,,
4860,彰化縣,,2025/02/05,美味關係狗罐-鮮雞肉+蔬菜,犬,罐頭,王品寵物用品有限公司,泰國,無,無,12,2025-02-05T00:00:00,2025,2,2025-03-25T17:52:40.99,,104年1月至115年6月,1,,
4860,彰化縣,,2025/02/05,原燒鮮嫩鮪魚+干貝湯餐包50g-幼貓用,貓,半溼性飼糧,王品寵物用品有限公司,泰國,無,無,12,2025-02-05T00:00:00,2025,2,2025-03-25T17:52:40.99,,104年1月至115年6月,1,,
4860,彰化縣,,2025/02/05,原燒鮮嫩鮪魚+干貝湯+鮮蝦餐包50g,貓,半溼性飼糧,王品寵物用品有限公司,泰國,無,無,12,2025-02-05T00:00:00,2025,2,2025-03-25T17:52:40.99,,104年1月至115年6月,1,,
4860,彰化縣,,2025/02/05,PETTY MAN 健康雞肉條-起司番茄,犬,零食,王品寵物用品有限公司,韓國,無,無,12,2025-02-05T00:00:00,2025,2,2025-03-25T17:52:40.99,,104年1月至115年6月,1,,
4860,彰化縣,,2025/02/05,PETTY MAN 健康雞肉條-高纖野菜,犬,零食,王品寵物用品有限公司,韓國,無,無,12,2025-02-05T00:00:00,2025,2,2025-03-25T17:52:40.99,,104年1月至115年6月,1,,
4860,彰化縣,,2025/02/05,澳洲新艾莎餐盒-雞肉+時令鮮蔬,犬,罐頭,王品寵物用品有限公司,澳洲,無,無,12,2025-02-05T00:00:00,2025,2,2025-03-25T17:52:40.99,,104年1月至115年6月,1,,
4860,彰化縣,,2025/02/05,澳洲新艾莎餐盒-牛肉+起司,犬,罐頭,王品寵物用品有限公司,澳洲,無,無,12,2025-02-05T00:00:00,2025,2,2025-03-25T17:52:40.99,,104年1月至115年6月,1,,
4860,彰化縣,,2025/02/05,Mr.Bone潔牙骨-牛奶+鈣95g,犬,潔牙骨,品果國際行銷有限公司,新加坡,無,無,12,2025-02-05T00:00:00,2025,2,2025-03-25T17:52:40.99,,104年1月至115年6月,1,,
4860,彰化縣,,2025/02/05,Mr.Bone潔牙骨95g-草莓+蔓越莓,犬,潔牙骨,品果國際行銷有限公司,新加坡,無,無,12,2025-02-05T00:00:00,2025,2,2025-03-25T17:52:40.99,,104年1月至115年6月,1,,
4860,彰化縣,,2025/02/05,養生湯罐-白身鮪魚+蟹肉,貓,罐頭,品果國際行銷有限公司,泰國,無,無,12,2025-02-05T00:00:00,2025,2,2025-03-25T17:52:40.99,,104年1月至115年6月,1,,
4860,彰化縣,,2025/02/05,白身鮪魚+蔬菜,貓,罐頭,品果國際行銷有限公司,泰國,無,無,12,2025-02-05T00:00:00,2025,2,2025-03-25T17:52:40.99,,104年1月至115年6月,1,,
4860,彰化縣,,2025/02/05,天然優吉高齡犬營養餐-火雞肉+燕麥,犬,乾飼糧,三明寶寵物用品有限公司,澳洲,無,無,12,2025-02-05T00:00:00,2025,2,2025-03-25T17:52:40.99,,104年1月至115年6月,1,,
4860,彰化縣,,2025/02/05,愛情貴族貓罐(白身鮪魚+起司80g),貓,罐頭,八犬國際,泰國,無,無,12,2025-02-05T00:00:00,2025,2,2025-03-25T17:52:40.99,,104年1月至115年6月,1,,
4860,彰化縣,,2025/02/05,愛情貴族貓罐(白身鮪魚+牛肉80g),貓,罐頭,八犬國際,泰國,無,無,12,2025-02-05T00:00:00,2025,2,2025-03-25T17:52:40.99,,104年1月至115年6月,1,,
4860,彰化縣,,2025/02/05,KING BORN-蔬果牛奶潔牙餅150g,犬,潔牙骨,帝寶興業有限公司,荷蘭,違反動物保護法第22條之3第1項規定,彰動防字第1140000596號發文給業者限期改善,12,2025-02-05T00:00:00,2025,2,2025-03-25T17:52:40.99,,104年1月至115年6月,1,,
4860,彰化縣,GP001,2025/02/10,吶一口貓肉泥-鮪魚15g*4入,貓,零食,豪翼行銷有限公司,泰國,無,無,12,2025-02-10T00:00:00,2025,2,2025-03-25T17:52:40.99,,104年1月至115年6月,1,,
4860,彰化縣,GP002,2025/02/10,風味燒-小魚乾,犬、貓,零食,竣百有限公司,越南,無,無,12,2025-02-10T00:00:00,2025,2,2025-03-25T17:52:40.99,,104年1月至115年6月,1,,
4860,彰化縣,GP003,2025/02/10,81958 犬用健康低脂短切軟雞肉條 420g,犬,零食,台灣多格漫商貿股份有限公司,日本,無,無,12,2025-02-10T00:00:00,2025,2,2025-03-25T17:52:40.99,,104年1月至115年6月,1,,
4860,彰化縣,,2025/02/18,纖嚼 無穀健齒棒 S號(薄荷) -150g,犬,潔牙骨,奧也股份有限公司,新加坡,無,無,12,2025-02-18T00:00:00,2025,2,2025-03-25T17:52:40.99,,104年1月至115年6月,1,,
4860,彰化縣,,2025/02/18,纖嚼 無穀健齒棒 S號(牛奶) -150g,犬,潔牙骨,奧也股份有限公司,新加坡,無,無,12,2025-02-18T00:00:00,2025,2,2025-03-25T17:52:40.99,,104年1月至115年6月,1,,
4860,彰化縣,,2025/02/18,Mini Me香濃起司潔牙骨100g,犬,零食,婕綸企業社,韓國,無,無,12,2025-02-18T00:00:00,2025,2,2025-03-25T17:52:40.99,,104年1月至115年6月,1,,
4860,彰化縣,,2025/02/18,Mini Me清新薄荷潔牙骨100g,犬,零食,婕綸企業社,韓國,無,無,12,2025-02-18T00:00:00,2025,2,2025-03-25T17:52:40.99,,104年1月至115年6月,1,,
4860,彰化縣,,2025/02/18,派庫廚房-歐洲鹿角潔牙骨(中),犬,零食,金派庫國際有限公司,西班牙,無,無,12,2025-02-18T00:00:00,2025,2,2025-03-25T17:52:40.99,,104年1月至115年6月,1,,
4860,彰化縣,,2025/02/18,派庫廚房-歐洲鹿角潔牙骨(大),犬,零食,金派庫國際有限公司,西班牙,無,無,12,2025-02-18T00:00:00,2025,2,2025-03-25T17:52:40.99,,104年1月至115年6月,1,,
4860,彰化縣,,2025/02/18,鮮鮪白魚雞肉白金主食餐 80g,貓,罐頭,沛特國際股份有限公司,泰國,無,無,12,2025-02-18T00:00:00,2025,2,2025-03-25T17:52:40.99,,104年1月至115年6月,1,,
4860,彰化縣,,2025/02/18,鮮鮪幼貓白金特餐 80g,貓,罐頭,沛特國際股份有限公司,泰國,無,無,12,2025-02-18T00:00:00,2025,2,2025-03-25T17:52:40.99,,104年1月至115年6月,1,,
4860,彰化縣,,2025/02/18,白金貓罐80克-鮪魚+雞肉+鮭魚,貓,罐頭,凱璜實業有限公司,泰國,無,無,12,2025-02-18T00:00:00,2025,2,2025-03-25T17:52:40.99,,104年1月至115年6月,1,,
4860,彰化縣,,2025/02/18,白金貓罐80克-鮪魚+吻仔魚+柴魚,貓,罐頭,凱璜實業有限公司,泰國,無,無,12,2025-02-18T00:00:00,2025,2,2025-03-25T17:52:40.99,,104年1月至115年6月,1,,
4860,彰化縣,,2025/02/18,凱特美廚主食貓餐包-王牌天菜,貓,罐頭,沛緹雅股份有限公司,泰國,無,無,12,2025-02-18T00:00:00,2025,2,2025-03-25T17:52:40.99,,104年1月至115年6月,1,,
4860,彰化縣,,2025/02/18,凱特美廚‧貓咪易開餵主食餐包-喵到未來 [雞肉+鮭魚](85g),貓,罐頭,沛緹雅股份有限公司,泰國,無,無,12,2025-02-18T00:00:00,2025,2,2025-03-25T17:52:40.99,,104年1月至115年6月,1,,
4860,彰化縣,,2025/02/18,Bistro Cat特級銀貓健康餐罐(白身鮪魚+雞肉),貓,罐頭,台灣惜時有限公司,泰國,無,無,12,2025-02-18T00:00:00,2025,2,2025-03-25T17:52:40.99,,104年1月至115年6月,1,,
4860,彰化縣,,2025/02/18,Bistro Cat特級銀貓健康餐罐(鮮嫩雞肉),貓,罐頭,台灣惜時有限公司,泰國,無,無,12,2025-02-18T00:00:00,2025,2,2025-03-25T17:52:40.99,,104年1月至115年6月,1,,
4860,彰化縣,,2025/02/18,Bistro Cat特級銀貓健康餐罐(白身鮪魚+起司),貓,罐頭,台灣惜時有限公司,泰國,無,無,12,2025-02-18T00:00:00,2025,2,2025-03-25T17:52:40.99,,104年1月至115年6月,1,,
4860,彰化縣,,2025/02/18,MOKA摩卡喵主食慕斯杯 -鮪魚&蟹肉(皮膚&毛髮保健),貓,罐頭,原野國際行銷有限公司,韓國,無,無,12,2025-02-18T00:00:00,2025,2,2025-03-25T17:52:40.99,,104年1月至115年6月,1,,
4860,彰化縣,,2025/02/18,MOKA摩卡喵主食慕斯杯 -雞肉&鮭魚(排毛保健),貓,罐頭,原野國際行銷有限公司,韓國,無,無,12,2025-02-18T00:00:00,2025,2,2025-03-25T17:52:40.99,,104年1月至115年6月,1,,
4860,彰化縣,,2025/02/18,Schesir 鮮時 寶寶主食餐包 雞肉 150g,貓,罐頭,兆宣貿易企業有限公司,韓國,無,無,12,2025-02-18T00:00:00,2025,2,2025-03-25T17:52:40.99,,104年1月至115年6月,1,,
4860,彰化縣,,2025/02/18,Schesir 鮮時 寶寶主食餐包 鮪魚 150g,貓,罐頭,兆宣貿易企業有限公司,韓國,無,無,12,2025-02-18T00:00:00,2025,2,2025-03-25T17:52:40.99,,104年1月至115年6月,1,,
4860,彰化縣,,2025/02/18,瑪恩吉 MONO蔬果 羊肉+藍莓 無穀主食犬餐盒,犬,罐頭,柏希菲克股份有限公司,義大利,無,無,12,2025-02-18T00:00:00,2025,2,2025-03-25T17:52:40.99,,104年1月至115年6月,1,,
4860,彰化縣,,2025/02/18,瑪恩吉 MONO蔬果 雞肉+鳳梨 無穀主食犬餐盒,犬,罐頭,柏希菲克股份有限公司,義大利,無,無,12,2025-02-18T00:00:00,2025,2,2025-03-25T17:52:40.99,,104年1月至115年6月,1,,
4860,彰化縣,,2025/02/18,EDM012 赫緻犬用純肉餐罐-火雞肉佐南瓜,犬,罐頭,珍食堡實業股份有限公司,越南,無,無,12,2025-02-18T00:00:00,2025,2,2025-03-25T17:52:40.99,,104年1月至115年6月,1,,
4860,彰化縣,,2025/02/18,EDM023-赫緻犬用純肉餐罐-紅蘿蔔燉雞胸,犬,罐頭,珍食堡實業股份有限公司,越南,無,無,12,2025-02-18T00:00:00,2025,2,2025-03-25T17:52:40.99,,104年1月至115年6月,1,,
4860,南投縣,,2025/02/14,寶路X型潔牙骨綠茶口味中大型犬專用,犬,潔牙骨,台灣瑪氏股份有限公司,泰國,無,無,13,2025-02-14T00:00:00,2025,2,2025-03-25T17:52:40.99,,104年1月至115年6月,1,,
4860,南投縣,,2025/02/14,CIAO啾嚕管狀肉泥-鮪魚&干貝,貓,零食,臺灣生活良好國際股份有限公司,日本,無,無,13,2025-02-14T00:00:00,2025,2,2025-03-25T17:52:40.99,,104年1月至115年6月,1,,
4860,南投縣,,2025/02/14,偉嘉®乾糧 海洋魚類口味,貓,乾飼糧,台灣瑪氏股份有限公司,泰國,無,無,13,2025-02-14T00:00:00,2025,2,2025-03-25T17:52:40.99,,104年1月至115年6月,1,,
4860,南投縣,,2025/02/14,慧心犬糧 - 牛肉+牛奶口味幼犬配方 2.7KG,犬,乾飼糧,好侶股份有限公司,泰國,無,無,13,2025-02-14T00:00:00,2025,2,2025-03-25T17:52:40.99,,104年1月至115年6月,1,,
4860,南投縣,,2025/02/14,Hulucat卡滋化毛潔牙餅-鮪魚,貓,潔牙骨,王品寵物用品有限公司,泰國,無,無,13,2025-02-14T00:00:00,2025,2,2025-03-25T17:52:40.99,,104年1月至115年6月,1,,
4860,南投縣,,2025/02/14,澳洲新艾莎餐盒-鮮嫩小羊肉,犬,罐頭,王品寵物用品有限公司,澳洲,無,無,13,2025-02-14T00:00:00,2025,2,2025-03-25T17:52:40.99,,104年1月至115年6月,1,,
4860,雲林縣,,2025/02/04,金缶特選濃厚8號鮪+雞+柴,貓,罐頭,東盈實業股份有限公司,日本,無,無,14,2025-02-04T00:00:00,2025,2,2025-03-25T17:52:40.99,,104年1月至115年6月,1,,
4860,雲林縣,,2025/02/04,營養夾心雞肉條-心血管保健配方,犬,零食,珍食堡實業股份有限公司,越南,無,無,14,2025-02-04T00:00:00,2025,2,2025-03-25T17:52:40.99,,104年1月至115年6月,1,,
4860,雲林縣,,2025/02/04,耐嚼行潔牙棒-牛肉風味（3支/包）,犬,零食,竣百有限公司,泰國,無,無,14,2025-02-04T00:00:00,2025,2,2025-03-25T17:52:40.99,,104年1月至115年6月,1,,
4860,雲林縣,,2025/02/04,Grill炙燒肉塊無穀主食犬餐包 成全（鱈魚）,犬,罐頭,柏希菲克股份有限公司,泰國,無,無,14,2025-02-04T00:00:00,2025,2,2025-03-25T17:52:40.99,,104年1月至115年6月,1,,
4860,雲林縣,,2025/02/04,莫比自然食雞肉＆米成貓畫毛配方,貓,乾飼糧,博東客企業有限公司,美國,無,無,14,2025-02-04T00:00:00,2025,2,2025-03-25T17:52:40.99,,104年1月至115年6月,1,,
4860,嘉義縣,JP001,2025/02/12,鮮一番(鮪魚+蟹肉),貓,罐頭,帝寶興業有限公司,泰國,檢驗結果重金屬砷超標,移交製造商所在地動保機關處裁處,15,2025-02-12T00:00:00,2025,2,2025-03-25T17:52:40.99,,104年1月至115年6月,1,,
4860,嘉義縣,JP002,2025/02/12,MR.Bone多效潔牙骨(牛奶+鈣),犬,零食,品果國際行銷有限公司,新加坡,無,無,15,2025-02-12T00:00:00,2025,2,2025-03-25T17:52:40.99,,104年1月至115年6月,1,,
4860,嘉義縣,,2025/02/12,驕傲貓化毛配方犬慕斯泥單包裝(鮪魚海蝦),貓,零食,台灣愛邦仕實業股份有限公司,泰國,未標示保存期限,限期改善,15,2025-02-12T00:00:00,2025,2,2025-03-25T17:52:40.99,,104年1月至115年6月,1,,
4860,嘉義縣,,2025/02/12,野性魅力成貓配方,貓,乾飼糧,加拿大野性魅力有限公司,加拿大,無,無,15,2025-02-12T00:00:00,2025,2,2025-03-25T17:52:40.99,,104年1月至115年6月,1,,
4860,嘉義縣,,2025/02/12,美樂經典鮪魚紅肉罐(鮪魚+吻仔魚),犬,罐頭,貓狗甜心數位科技有限公司,泰國,無,無,15,2025-02-12T00:00:00,2025,2,2025-03-25T17:52:40.99,,104年1月至115年6月,1,,
4860,嘉義縣,,2025/02/12,健康小型犬挑嘴犬罐(雞肉起司風味),犬,罐頭,弘友股份有限公司,泰國,無,無,15,2025-02-12T00:00:00,2025,2,2025-03-25T17:52:40.99,,104年1月至115年6月,1,,
4860,屏東縣,MP002,2025/02/05,arctic pet 冰島餐盒-草原馬肉,犬,罐頭,八犬國際行銷有限公司,冰島,無,無,16,2025-02-05T00:00:00,2025,2,2025-03-25T17:52:40.99,,104年1月至115年6月,1,,
4860,屏東縣,MP003,2025/02/05,arctic pet 冰島餐盒-野牧鮮鹿,犬,罐頭,八犬國際行銷有限公司,冰島,無,無,16,2025-02-05T00:00:00,2025,2,2025-03-25T17:52:40.99,,104年1月至115年6月,1,,
4860,屏東縣,MP004,2025/02/05,"Aatas Cat AAT3030愛達思貓罐
鮪魚+牛肉",貓,罐頭,三怡水族寵物用品有限公司,泰國,無,無,16,2025-02-05T00:00:00,2025,2,2025-03-25T17:52:40.99,,104年1月至115年6月,1,,
4860,屏東縣,,2025/02/05,"Aatas Cat AAT3031愛達思貓罐
鮪魚+蟹肉",貓,罐頭,三怡水族寵物用品有限公司,泰國,無,無,16,2025-02-05T00:00:00,2025,2,2025-03-25T17:52:40.99,,104年1月至115年6月,1,,
4860,屏東縣,,2025/02/05,"瑪恩吉 倍愛滿滿蔬果
豬肉+鳳梨 主食犬餐盒",犬,罐頭,柏希菲克股份有限公司,義大利,無,無,16,2025-02-05T00:00:00,2025,2,2025-03-25T17:52:40.99,,104年1月至115年6月,1,,
4860,屏東縣,,2025/02/05,"瑪恩吉 倍愛滿滿蔬果
雞肉+覆盆子 主食犬餐盒",犬,罐頭,柏希菲克股份有限公司,義大利,無,無,16,2025-02-05T00:00:00,2025,2,2025-03-25T17:52:40.99,,104年1月至115年6月,1,,
4860,屏東縣,,2025/02/05,2534 FCN 皇家加強化毛成貓 IH34 2KG,貓,乾飼糧,台灣皇家寵物食品有限公司,韓國,無,無,16,2025-02-05T00:00:00,2025,2,2025-03-25T17:52:40.99,,104年1月至115年6月,1,,
4860,屏東縣,,2025/02/05,首護DS腸道保健-寵物益生菌,犬,補助食品,福壽實業股份有限公司,臺灣,包裝標示涉不實、誇張或易生誤解之情形,"1.包裝標示涉不實、誇張或易生誤解之情形，已於114年2月8日以屏府農動字第1140034049號函移請臺中市動物保護防疫處依規定辦理。
2.現場查獲2件違法產品，已令業者立即下架，不得販售。",16,2025-02-05T00:00:00,2025,2,2025-03-25T17:52:40.99,,104年1月至115年6月,1,,
4860,屏東縣,,2025/02/06,Dr.Wish 愛貓營養食(鮪魚+維他命A),貓,罐頭,台灣惜時有限公司,泰國,「主要原料」包裝所載資訊與申報網不相符,已於114年2月12日以屏府農動字第1140034133號函移請新北市政府動物保護防疫處依規定查處,16,2025-02-06T00:00:00,2025,2,2025-03-25T17:52:40.99,,104年1月至115年6月,1,,
4860,屏東縣,,2025/02/06,Dr.Wish 愛貓營養食(鮪魚+果寡糖),貓,罐頭,台灣惜時有限公司,泰國,「主要原料」包裝所載資訊與申報網不相符,已於114年2月12日以屏府農動字第1140034133號函移請新北市政府動物保護防疫處依規定查處,16,2025-02-06T00:00:00,2025,2,2025-03-25T17:52:40.99,,104年1月至115年6月,1,,
4860,屏東縣,,2025/02/06,皇冠海味貓罐-深海鮪魚,貓,罐頭,皇冠國際企業有限公司,泰國,無,無,16,2025-02-06T00:00:00,2025,2,2025-03-25T17:52:40.99,,104年1月至115年6月,1,,
4860,屏東縣,,2025/02/06,耐嚼型潔牙棒-雞肝風味(2支/包),犬,潔牙骨,竣百有限公司,泰國,無,無,16,2025-02-06T00:00:00,2025,2,2025-03-25T17:52:40.99,,104年1月至115年6月,1,,
4860,屏東縣,,2025/02/06,耐嚼型潔牙棒-培根風味(2支/包),犬,潔牙骨,竣百有限公司,泰國,無,無,16,2025-02-06T00:00:00,2025,2,2025-03-25T17:52:40.99,,104年1月至115年6月,1,,
4860,屏東縣,,2025/02/06,"INABA 汪啾嚕肉泥 綜合營養食 
多功能保健配方DS-246
(雞肉+雞軟骨+綜合蔬菜)4P",犬,零食,喬治兄弟企業股份有限公司,日本,無,無,16,2025-02-06T00:00:00,2025,2,2025-03-25T17:52:40.99,,104年1月至115年6月,1,,
4860,屏東縣,,2025/02/06,海饌貓用罐頭 白身鮪魚 幼貓專用,貓,罐頭,茂捷有限公司,泰國,無,無,16,2025-02-06T00:00:00,2025,2,2025-03-25T17:52:40.99,,104年1月至115年6月,1,,
4860,屏東縣,,2025/02/06,海饌貓用罐頭 白身鮪魚&鮮蝦,貓,罐頭,茂捷有限公司,泰國,無,無,16,2025-02-06T00:00:00,2025,2,2025-03-25T17:52:40.99,,104年1月至115年6月,1,,
4860,屏東縣,,2025/02/06,My Cat 我的貓(鮪魚+牛肉)1號機能餐,貓,罐頭,台灣惜時有限公司,泰國,無,無,16,2025-02-06T00:00:00,2025,2,2025-03-25T17:52:40.99,,104年1月至115年6月,1,,
4860,屏東縣,,2025/02/06,My Cat 我的貓(鮪魚+干貝)4號機能餐,貓,罐頭,台灣惜時有限公司,泰國,無,無,16,2025-02-06T00:00:00,2025,2,2025-03-25T17:52:40.99,,104年1月至115年6月,1,,
4860,屏東縣,,2025/02/06,Us Dog 愛犬主食餐罐(羊肉風味),犬,罐頭,台灣惜時有限公司,義大利,無,無,16,2025-02-06T00:00:00,2025,2,2025-03-25T17:52:40.99,,104年1月至115年6月,1,,
4860,屏東縣,,2025/02/20,舒芙狗雲朵泡泡潔牙骨桶裝-起司,犬,潔牙骨,台灣愛邦仕實業有限公司,新加坡,未依規定申報,114年2月27日函請廠商限期改善(3月10日複查，已完成申報)。,16,2025-02-20T00:00:00,2025,2,2025-03-25T17:52:40.99,,104年1月至115年6月,1,,
4860,屏東縣,,2025/02/20,舒芙狗雲朵泡泡潔牙骨桶裝-牛奶,犬,潔牙骨,台灣愛邦仕實業有限公司,新加坡,未依規定申報,114年2月27日函請廠商限期改善(3月10日複查，已完成申報)。,16,2025-02-20T00:00:00,2025,2,2025-03-25T17:52:40.99,,104年1月至115年6月,1,,
4860,屏東縣,,2025/02/20,舒芙狗雲朵泡泡潔牙骨桶裝-葉綠素,犬,潔牙骨,台灣愛邦仕實業有限公司,新加坡,未依規定申報,114年2月27日函請廠商限期改善(3月10日複查，已完成申報)。,16,2025-02-20T00:00:00,2025,2,2025-03-25T17:52:40.99,,104年1月至115年6月,1,,
4860,屏東縣,,2025/02/20,舒芙狗雲朵泡泡潔牙骨桶裝-蔓越莓,犬,潔牙骨,台灣愛邦仕實業有限公司,新加坡,未依規定申報,114年2月27日函請廠商限期改善(3月10日複查，已完成申報)。,16,2025-02-20T00:00:00,2025,2,2025-03-25T17:52:40.99,,104年1月至115年6月,1,,
4860,屏東縣,,2025/02/20,"Bone Plus 
六星雙效軟骨草本潔牙棒桶裝-S",犬,潔牙骨,台灣愛邦仕實業有限公司,新加坡,無,無,16,2025-02-20T00:00:00,2025,2,2025-03-25T17:52:40.99,,104年1月至115年6月,1,,
4860,屏東縣,,2025/02/20,汪洽普 狗狗凍乾-比目魚110g,犬,零食,壹士達寵物有限公司,韓國,「營養成分及含量」包裝所載資訊與申報網不相符,已於114年2月27日以屏府農動字第1140057373號函移請臺南市動物防疫保護處依規定查處,16,2025-02-20T00:00:00,2025,2,2025-03-25T17:52:40.99,,104年1月至115年6月,1,,
4860,屏東縣,,2025/02/20,"O,Bli! 噢,比利！
牛肉肉肉點心-骨骼健康保健",犬,零食,原野國際行銷有限公司,韓國,製造商資訊標示不全,已於114年2月27日以屏府農動字第1140057480號函移請桃園市政府動物保護處依規定查處,16,2025-02-20T00:00:00,2025,2,2025-03-25T17:52:40.99,,104年1月至115年6月,1,,
4860,屏東縣,,2025/02/20,"O,Bli! 噢,比利！
昆布海藻肉肉點心-免疫力保健",犬,零食,原野國際行銷有限公司,韓國,製造商資訊標示不全,已於114年2月27日以屏府農動字第1140057480號函移請桃園市政府動物保護處依規定查處,16,2025-02-20T00:00:00,2025,2,2025-03-25T17:52:40.99,,104年1月至115年6月,1,,
4860,屏東縣,,2025/02/20,"O,Bli! 噢,比利！
起司肉肉點心-腸胃呵護保健",犬,零食,原野國際行銷有限公司,韓國,製造商資訊標示不全,已於114年2月27日以屏府農動字第1140057480號函移請桃園市政府動物保護處依規定查處,16,2025-02-20T00:00:00,2025,2,2025-03-25T17:52:40.99,,104年1月至115年6月,1,,
4860,屏東縣,,2025/02/20,"O,Bli! 噢,比利！
水果潔牙好棒棒-消化功能維護(鳳梨口味)",犬,零食,原野國際行銷有限公司,韓國,製造商資訊標示不全,已於114年2月27日以屏府農動字第1140057480號函移請桃園市政府動物保護處依規定查處,16,2025-02-20T00:00:00,2025,2,2025-03-25T17:52:40.99,,104年1月至115年6月,1,,
4860,屏東縣,,2025/02/20,"O,Bli! 噢,比利！
水果潔牙好棒棒-皮膚保健(藍莓口味)",犬,零食,原野國際行銷有限公司,韓國,製造商資訊標示不全,已於114年2月27日以屏府農動字第1140057480號函移請桃園市政府動物保護處依規定查處,16,2025-02-20T00:00:00,2025,2,2025-03-25T17:52:40.99,,104年1月至115年6月,1,,
4860,屏東縣,,2025/02/20,"O,Bli! 噢,比利！
水果潔牙好棒棒-關節維護(青蘋果口味)",犬,零食,原野國際行銷有限公司,韓國,製造商資訊標示不全,已於114年2月27日以屏府農動字第1140057480號函移請桃園市政府動物保護處依規定查處,16,2025-02-20T00:00:00,2025,2,2025-03-25T17:52:40.99,,104年1月至115年6月,1,,
4860,屏東縣,,2025/02/27,Mini Me 清新薄荷潔牙骨 100g,犬,潔牙骨,婕綸企業社,韓國,營養成分及含量標示不全,已於114年3月6日以屏府農動字第1140061827號函移請桃園市政府動物保護處依規定查處,16,2025-02-27T00:00:00,2025,2,2025-03-25T17:52:40.99,,104年1月至115年6月,1,,
4860,屏東縣,,2025/02/27,Mini Me 香濃起司潔牙骨 100g,犬,潔牙骨,婕綸企業社,韓國,營養成分及含量標示不全,已於114年3月6日以屏府農動字第1140061827號函移請桃園市政府動物保護處依規定查處,16,2025-02-27T00:00:00,2025,2,2025-03-25T17:52:40.99,,104年1月至115年6月,1,,
4860,屏東縣,,2025/02/27,Mini Me 青蘋果潔牙骨 100g,犬,潔牙骨,婕綸企業社,韓國,營養成分及含量標示不全,已於114年3月6日以屏府農動字第1140061827號函移請桃園市政府動物保護處依規定查處,16,2025-02-27T00:00:00,2025,2,2025-03-25T17:52:40.99,,104年1月至115年6月,1,,
4860,臺東縣,,2025/02/06,吶一口-無穀貓咪湯罐-鮪魚(包裝100g),貓,罐頭,豪翼行銷有限公司,泰國,無,無,17,2025-02-06T00:00:00,2025,2,2025-03-25T17:52:40.99,,104年1月至115年6月,1,,
4860,臺東縣,,2025/02/06,Chenish養生湯罐-白身鮪魚+鴨肉(包裝80g),貓,罐頭,八犬國際行銷有限公司,泰國,無,無,17,2025-02-06T00:00:00,2025,2,2025-03-25T17:52:40.99,,104年1月至115年6月,1,,
4860,臺東縣,,2025/02/06,咪渴mico機能湯罐-鮪魚+鮭魚(包裝80g),貓,罐頭,台灣惜時有限公司,泰國,無,無,17,2025-02-06T00:00:00,2025,2,2025-03-25T17:52:40.99,,104年1月至115年6月,1,,
4860,臺東縣,,2025/02/06,美味關係-鮮雞肉+牛肉(包裝80g),犬,罐頭,王品寵物有限公司,泰國,無,無,17,2025-02-06T00:00:00,2025,2,2025-03-25T17:52:40.99,,104年1月至115年6月,1,,
4860,臺東縣,,2025/02/06,雞絲.鮪魚in南瓜湯凍天然食(包裝80g),貓,罐頭,沛特國際股份有限公司,泰國,無,無,17,2025-02-06T00:00:00,2025,2,2025-03-25T17:52:40.99,,104年1月至115年6月,1,,
4860,花蓮縣,,2025/02/19,科西塔貓乾糧海鮮口味,貓,乾飼糧,貓尾巴有限公司,泰國 ,未申報,通知業者限期改善,18,2025-02-19T00:00:00,2025,2,2025-03-25T17:52:40.99,,104年1月至115年6月,1,,
4860,花蓮縣,,2025/02/19,寵介讚 成犬飼料 2.7kg,犬,乾飼糧,海慶企業社,立陶宛,無,無,18,2025-02-19T00:00:00,2025,2,2025-03-25T17:52:40.99,,104年1月至115年6月,1,,
4860,花蓮縣,,2025/02/19,倍力康大貓罐400g鮪魚&蝦,貓,罐頭,雄騰國際有限公司,泰國 ,未申報,通知業者限期改善,18,2025-02-19T00:00:00,2025,2,2025-03-25T17:52:40.99,,104年1月至115年6月,1,,
4860,花蓮縣,,2025/02/26,海兒廚房万彩膳食海陸貓糧(雞肉＋鮭魚＋蔬菜)(紫),貓,乾飼糧,凱璜實業有限公司,泰國,無,無,18,2025-02-26T00:00:00,2025,2,2025-03-25T17:52:40.99,,104年1月至115年6月,1,,
4860,花蓮縣,,2025/02/26,菲力綜合貓罐,貓,罐頭,凱璜實業有限公司,泰國,未申報,通知業者限期改善,18,2025-02-26T00:00:00,2025,2,2025-03-25T17:52:40.99,,104年1月至115年6月,1,,
4860,花蓮縣,,2025/02/26,KITEKAT乾糧 鮪魚口味 1.4kg,貓,乾飼糧,台灣瑪氏股份有限公司,泰國,無,無,18,2025-02-26T00:00:00,2025,2,2025-03-25T17:52:40.99,,104年1月至115年6月,1,,
4860,基隆市,QP001,2025/02/17,澳洲新艾莎餐盒-肝醬小牛肉,犬,罐頭,王品寵物用品有限公司,澳洲,無,無,20,2025-02-17T00:00:00,2025,2,2025-03-25T17:52:40.99,,104年1月至115年6月,1,,
4860,基隆市,QP002,2025/02/17,樂益活寵物專用綜合維他命+葡萄糖胺,犬、貓,補助食品,英屬維爾京群島商可娜國際有限公司台灣分公司,美國,包裝未標示維生素D3,通知業者限期改善,20,2025-02-17T00:00:00,2025,2,2025-03-25T17:52:40.99,,104年1月至115年6月,1,,
4860,基隆市,QP003,2025/02/17,Lynx天貓座 鮪魚+雞肉,貓,罐頭,勤達實業有限公司,泰國,包裝營養成分及含量與申報網資料不符,通知業者限期改善,20,2025-02-17T00:00:00,2025,2,2025-03-25T17:52:40.99,,104年1月至115年6月,1,,
4860,基隆市,,2025/02/17,西莎蒸鮮包成犬低脂雞肉與蔬菜口味 4入裝,犬,罐頭,台灣瑪氏股份有限公司,泰國,無,無,20,2025-02-17T00:00:00,2025,2,2025-03-25T17:52:40.99,,104年1月至115年6月,1,,
4860,基隆市,,2025/02/25,寶路罐頭 牛肉口味 400g*24,犬,罐頭,台灣瑪氏股份有限公司,澳洲,"包裝未標示水分含量
申報網未標示鹽含量",通知業者限期改善,20,2025-02-25T00:00:00,2025,2,2025-03-25T17:52:40.99,,104年1月至115年6月,1,,
4860,新竹市,,2025/02/11,愛肯拿挑嘴幼犬無穀配方,犬,乾飼糧,豪翼行銷有限公司,加拿大,無,無,21,2025-02-11T00:00:00,2025,2,2025-03-25T17:52:40.99,,104年1月至115年6月,1,,
4860,新竹市,,2025/02/11,超級SP大口吃鮮肉罐-精燉雞肉＆新鮮野菜佐火雞調味,犬,罐頭,壹士達寵物有限公司,泰國,無,無,21,2025-02-11T00:00:00,2025,2,2025-03-25T17:52:40.99,,104年1月至115年6月,1,,
4860,新竹市,,2025/02/11,自然牧場紐西蘭天然零食-牛肺,犬,零食,澳新美有限公司,紐西蘭,無,無,21,2025-02-11T00:00:00,2025,2,2025-03-25T17:52:40.99,,104年1月至115年6月,1,,
4860,新竹市,,2025/02/11,唯一凍乾鮮肉貓用生食餐,貓,乾飼糧,壹士達寵物有限公司,美國,無,無,21,2025-02-11T00:00:00,2025,2,2025-03-25T17:52:40.99,,104年1月至115年6月,1,,
4860,新竹市,,2025/02/11,樂透-香醇化毛餡餅,貓,補助食品,博東客企業有限公司,荷蘭,無,無,21,2025-02-11T00:00:00,2025,2,2025-03-25T17:52:40.99,,104年1月至115年6月,1,,
4860,嘉義市,,2025/02/06,Boneplus超美味小饅頭-香濃牛奶,犬,零食,台灣愛邦仕實業股份有限公司,新加坡,無,無,22,2025-02-06T00:00:00,2025,2,2025-03-25T17:52:40.99,,104年1月至115年6月,1,,
4860,嘉義市,,2025/02/06,汪洽普狗狗凍乾-香濃魷魚,犬,零食,壹士達寵物有限公司,韓國,無,無,22,2025-02-06T00:00:00,2025,2,2025-03-25T17:52:40.99,,104年1月至115年6月,1,,
4860,嘉義市,,2025/02/06,皮特牧場鬆脆起司泡芙,犬,零食,竣百有限公司,尼泊爾,無,無,22,2025-02-06T00:00:00,2025,2,2025-03-25T17:52:40.99,,104年1月至115年6月,1,,
4860,嘉義市,,2025/02/10,室內貓主食濕糧-手剝感嫩肉柳與湯,貓,罐頭,綠毛果文創有限公司,奧地利,無,無,22,2025-02-10T00:00:00,2025,2,2025-03-25T17:52:40.99,,104年1月至115年6月,1,,
4860,嘉義市,,2025/02/10,無一物蒸籠貓餐包-雞胸肉,貓,罐頭,竣百有限公司,日本,無,無,22,2025-02-10T00:00:00,2025,2,2025-03-25T17:52:40.99,,104年1月至115年6月,1,,
4860,嘉義市,TP001,2025/02/19,燒肉工房-香濃鮮美牛風味,犬,零食,艾澌克企業股份有限公司,泰國,無,無,22,2025-02-19T00:00:00,2025,2,2025-03-25T17:52:40.99,,104年1月至115年6月,1,,
4860,嘉義市,TP002,2025/02/19,燒肉工房-蜜汁香醇鮮雞條,犬,零食,艾澌克企業股份有限公司,泰國,無,無,22,2025-02-19T00:00:00,2025,2,2025-03-25T17:52:40.99,,104年1月至115年6月,1,,
4860,金門縣,,2025/02/25,Royal Canin皇家中型幼犬飼料(16kg),犬,乾飼糧,台灣皇家寵物食品有限公司,韓國,無,無,23,2025-02-25T00:00:00,2025,2,2025-03-25T17:52:40.99,,104年1月至115年6月,1,,
4860,金門縣,,2025/02/25,THE DOG爐烤點心餅乾-原味(150g),犬、貓,零食,瀚翔寵物有限公司,韓國,無,無,23,2025-02-25T00:00:00,2025,2,2025-03-25T17:52:40.99,,104年1月至115年6月,1,,
4860,金門縣,,2025/02/25,汪洽普 狗狗凍乾-阿拉斯加鰈魚(80g),犬,零食,臺士達寵物有限公司,韓國,無,無,23,2025-02-25T00:00:00,2025,2,2025-03-25T17:52:40.99,,104年1月至115年6月,1,,
4860,金門縣,,2025/02/25,Bernice柏妮絲-牛奶味甜甜圈,犬,潔牙骨,峰揚貿易有限公司,中國,無,無,23,2025-02-25T00:00:00,2025,2,2025-03-25T17:52:40.99,,104年1月至115年6月,1,,
4860,金門縣,,2025/02/25,Astar夾心耐咬棒-牛奶薑黃單支裝(40g),犬,潔牙骨,台灣愛邦仕實業有限公司,新加坡,無,無,23,2025-02-25T00:00:00,2025,2,2025-03-25T17:52:40.99,,104年1月至115年6月,1,,
4860,連江縣,,2025/02/20,西莎Cesar-犬罐頭-野菜牛肉口味(100g*1罐),犬,罐頭,台灣瑪氏Mars Petcare,澳洲,無,無,24,2025-02-20T00:00:00,2025,2,2025-03-25T17:52:40.99,,104年1月至115年6月,1,,
4860,連江縣,,2025/02/20,西莎Cesar-犬罐頭-雞肉口味(100g*1罐),犬,罐頭,台灣瑪氏Mars Petcare,澳洲,無,無,24,2025-02-20T00:00:00,2025,2,2025-03-25T17:52:40.99,,104年1月至115年6月,1,,
4860,連江縣,,2025/02/20,野性魅力CHARM-狗乾糧-牛肉鮭魚(340g*1包),犬,乾飼糧,加拿大野性魅力有限公司,加拿大,無,無,24,2025-02-20T00:00:00,2025,2,2025-03-25T17:52:40.99,,104年1月至115年6月,1,,
4860,連江縣,,2025/02/20,喵樂貓罐頭-雞肉口味(80g*1罐),貓,罐頭,艾澌克企業股份有限公司,泰國,無,無,24,2025-02-20T00:00:00,2025,2,2025-03-25T17:52:40.99,,104年1月至115年6月,1,,
4860,連江縣,,2025/02/20,偉嘉whiskas-什錦珍味雞肉鮪魚真空包(70g*1包),貓,罐頭,台灣瑪氏Mars Petcare,泰國,無,無,24,2025-02-20T00:00:00,2025,2,2025-03-25T17:52:40.99,,104年1月至115年6月,1,,
4860,新北市,AP005,2025/03/21,寵立善Nutressense犬貓專用完整型益生菌,犬、貓,補助食品,逢源生物科技股份有限公司,臺灣,無,無,0,2025-03-21T00:00:00,2025,3,2025-04-22T18:02:51.82,,104年1月至115年6月,1,,
4860,新北市,AP006,2025/03/21,沛威貓保健-好胃口,貓,補助食品,逢源生物科技股份有限公司,臺灣,未標示適用對象，申報網標示為犬,通知業者限期改善,0,2025-03-21T00:00:00,2025,3,2025-04-22T18:02:51.82,,104年1月至115年6月,1,,
4860,新北市,AP007,2025/03/21,寵立善Nutressense犬貓專用抗養護演葉黃素,犬、貓,補助食品,逢源生物科技股份有限公司,臺灣,無,無,0,2025-03-21T00:00:00,2025,3,2025-04-22T18:02:51.82,,104年1月至115年6月,1,,
4860,新北市,,2025/03/21,Micro超微小球藻,犬、貓,補助食品,逢源生物科技股份有限公司,臺灣,品名與申報網不相符，無標示適用對象,通知業者限期改善,0,2025-03-21T00:00:00,2025,3,2025-04-22T18:02:51.82,,104年1月至115年6月,1,,
4860,新北市,,2025/03/21,唄寵汪汪益生菌,犬,補助食品,逢源生物科技股份有限公司,臺灣,品名與申報網不相符,通知業者限期改善,0,2025-03-21T00:00:00,2025,3,2025-04-22T18:02:51.82,,104年1月至115年6月,1,,
4860,新北市,,2025/03/21,唄寵喵喵益生菌,貓,補助食品,逢源生物科技股份有限公司,臺灣,品名與申報網不相符,通知業者限期改善,0,2025-03-21T00:00:00,2025,3,2025-04-22T18:02:51.82,,104年1月至115年6月,1,,
4860,新北市,,2025/03/21,心寵星 星賦活配方IPETSTAR DSM-NMN,犬、貓,補助食品,逢源生物科技股份有限公司,臺灣,無,無,0,2025-03-21T00:00:00,2025,3,2025-04-22T18:02:51.82,,104年1月至115年6月,1,,
4860,新北市,,2025/03/21,貓派MeowPet，貓活寶-複合式離胺酸,犬、貓,補助食品,逢源生物科技股份有限公司/好珈貿易股份有限公司,臺灣,使用字句涉及不實誇張或易生誤解情形,移請新竹市動保處協助妥處,0,2025-03-21T00:00:00,2025,3,2025-04-22T18:02:51.82,,104年1月至115年6月,1,,
4860,新北市,AP008,2025/03/21,香烤牛舌片,犬,零食,心食集實業有限公司,臺灣,無,無,0,2025-03-21T00:00:00,2025,3,2025-04-22T18:02:51.82,,104年1月至115年6月,1,,
4860,新北市,AP009,2025/03/21,膠原雞冠,犬,零食,心食集實業有限公司,臺灣,無,無,0,2025-03-21T00:00:00,2025,3,2025-04-22T18:02:51.82,,104年1月至115年6月,1,,
4860,新北市,,2025/03/21,摸摸頭 香脆鴨氣管Momodog Duck,犬,零食,心食集實業有限公司,臺灣,未申報或是名稱錯誤,通知業者限期改善,0,2025-03-21T00:00:00,2025,3,2025-04-22T18:02:51.82,,104年1月至115年6月,1,,
4860,新北市,,2025/03/21,摸摸頭 香烤雞里肌Momodog chicken,犬,零食,心食集實業有限公司,臺灣,無,無,0,2025-03-21T00:00:00,2025,3,2025-04-22T18:02:51.82,,104年1月至115年6月,1,,
4860,新北市,,2025/03/21,摸摸頭 香烤豬耳朵條Momodog pork,犬,零食,心食集實業有限公司,臺灣,無,無,0,2025-03-21T00:00:00,2025,3,2025-04-22T18:02:51.82,,104年1月至115年6月,1,,
4860,新北市,,2025/03/21,摸摸頭 嫩Q雞里肌Momodog,犬,零食,心食集實業有限公司,臺灣,無,無,0,2025-03-21T00:00:00,2025,3,2025-04-22T18:02:51.82,,104年1月至115年6月,1,,
4860,新北市,,2025/03/21,地瓜嫩雞肉條,犬,零食,心食集實業有限公司,臺灣,品名與申報網不相符(申報網為地瓜嫩切),通知業者限期改善,0,2025-03-21T00:00:00,2025,3,2025-04-22T18:02:51.82,,104年1月至115年6月,1,,
4860,新北市,,2025/03/21,咬咬心管片,犬,零食,心食集實業有限公司,臺灣,無,無,0,2025-03-21T00:00:00,2025,3,2025-04-22T18:02:51.82,,104年1月至115年6月,1,,
4860,臺北市,,2025/03/19,MKF03 皮毛養生大補帖,犬,乾飼糧,珍食堡實業股份有限公司,臺灣,無,無,1,2025-03-19T00:00:00,2025,3,2025-04-22T18:02:51.82,,104年1月至115年6月,1,,
4860,臺北市,,2025/03/19,1+1  貓鮮食主食罐－白醬嫩雞,貓,罐頭,短捲麻股份有限公司,臺灣,無,無,1,2025-03-19T00:00:00,2025,3,2025-04-22T18:02:51.82,,104年1月至115年6月,1,,
4860,臺北市,,2025/03/19,哈姆三兄弟-牛王,犬,零食,聯享寵物貿易有限公司,臺灣,無,無,1,2025-03-19T00:00:00,2025,3,2025-04-22T18:02:51.82,,104年1月至115年6月,1,,
4860,臺北市,,2025/03/19,共饗食堂-純手作 雞胸肉片,犬,零食,豪翼行銷有限公司,臺灣,無,無,1,2025-03-19T00:00:00,2025,3,2025-04-22T18:02:51.82,,104年1月至115年6月,1,,
4860,臺北市,,2025/03/19,芮可無膠貓用主食2號-鮪魚,貓,罐頭,喬泰寵物用品企業有限公司,臺灣,無,無,1,2025-03-19T00:00:00,2025,3,2025-04-22T18:02:51.82,,104年1月至115年6月,1,,
4860,臺北市,,2025/03/19,黃金系列雞肉切條,犬,零食,台灣惜時有限公司,臺灣,無,無,1,2025-03-19T00:00:00,2025,3,2025-04-22T18:02:51.82,,104年1月至115年6月,1,,
4860,臺北市,,2025/03/19,汪喵星球 無膠純肉泥 雞肉扇貝,貓,零食,自力耕生股份有限公司,臺灣,無,無,1,2025-03-19T00:00:00,2025,3,2025-04-22T18:02:51.82,,104年1月至115年6月,1,,
4860,臺北市,,2025/03/19,妥膳 Formula I+ 犬貓腸胃道護理,犬、貓,罐頭,宜輝企業有限公司,臺灣,無,無,1,2025-03-19T00:00:00,2025,3,2025-04-22T18:02:51.82,,104年1月至115年6月,1,,
4860,臺北市,,2025/03/19,犬王道之新鮮無穀全肉罐-雞肉+鮪魚DHA,犬,罐頭,螢火蟲原創有限公司,臺灣,無,無,1,2025-03-19T00:00:00,2025,3,2025-04-22T18:02:51.82,,104年1月至115年6月,1,,
4860,臺北市,,2025/03/19,燒津丼-白身鮪魚+雞肉+蟹肉,貓,罐頭,其佳國際事業有限公司,臺灣,無,無,1,2025-03-19T00:00:00,2025,3,2025-04-22T18:02:51.82,,104年1月至115年6月,1,,
4860,臺北市,,2025/03/19,有喵病挑嘴貓罐(100%純雞肉),貓,罐頭,加展事業有限公司,臺灣,無,無,1,2025-03-19T00:00:00,2025,3,2025-04-22T18:02:51.82,,104年1月至115年6月,1,,
4860,臺北市,,2025/03/19,TATA羊肉紅藜全犬糧,犬,乾飼糧,均亞國際貿易有限公司,臺灣,無,無,1,2025-03-19T00:00:00,2025,3,2025-04-22T18:02:51.82,,104年1月至115年6月,1,,
4860,臺北市,,2025/03/19,全齡貓無穀低碳貓糧-鮮雞野莓,貓,乾飼糧,唯寵股份有限公司,臺灣,無,無,1,2025-03-19T00:00:00,2025,3,2025-04-22T18:02:51.82,,104年1月至115年6月,1,,
4860,臺北市,,2025/03/19,保羅叔叔-無穀鮮肉點心狗罐-牛肉&雞肉,犬,罐頭,大地營養有限公司,臺灣,無,無,1,2025-03-19T00:00:00,2025,3,2025-04-22T18:02:51.82,,104年1月至115年6月,1,,
4860,臺北市,,2025/03/19,美式優選 幼貓用生長強化配方（水解蛋白+螺旋藻）,貓,乾飼糧,奧也股份有限公司,臺灣,無,無,1,2025-03-19T00:00:00,2025,3,2025-04-22T18:02:51.82,,104年1月至115年6月,1,,
4860,臺中市,,2025/03/03,日本三洋健康罐-鮪魚+雞肉,貓,罐頭,老地方國際有限公司,日本,1.未依規申報         2.未標示完整年月日及月日排列不明             3.未標示使用方法,已依中市動稽字第1140002288號函請業者限期改善,2,2025-03-03T00:00:00,2025,3,2025-04-22T18:02:51.82,,104年1月至115年6月,1,,
4860,臺中市,,2025/03/03,朝市場鰹魚機能湯罐-鮭魚口味,貓,罐頭,凱璜實業有限公司,泰國,無,無,2,2025-03-03T00:00:00,2025,3,2025-04-22T18:02:51.82,,104年1月至115年6月,1,,
4860,臺中市,,2025/03/03,嘿咪 再來一罐 鮪魚+雞肉,貓,罐頭,鴻娟貿易有限公司,泰國,無,無,2,2025-03-03T00:00:00,2025,3,2025-04-22T18:02:51.82,,104年1月至115年6月,1,,
4860,臺中市,,2025/03/03,好味小姐 1+1益生菌半濕食主食罐-雞肉莓果,貓,罐頭,短捲麻股份有限公司,臺灣,無,無,2,2025-03-03T00:00:00,2025,3,2025-04-22T18:02:51.82,,104年1月至115年6月,1,,
4860,臺中市,,2025/03/03,小怪獸2 兩種肉無膠主食罐-香甜的鵝肉,貓,罐頭,怪獸製造有限公司,臺灣,標示「符合國際標準」應提供相關作證資料,已依中市動稽字第1140002204號函轉臺北市動物保護處,2,2025-03-03T00:00:00,2025,3,2025-04-22T18:02:51.82,,104年1月至115年6月,1,,
4860,臺中市,,2025/03/03,超越汪喵 肝臟保健肉泥主食餐包,貓,罐頭,雅士魚有限公司,臺灣,1.未依規申報         2.標示「符合國際標準」應提供相關作證資料,已依中市動稽字第1140002345號函請業者限期改善,2,2025-03-03T00:00:00,2025,3,2025-04-22T18:02:51.82,,104年1月至115年6月,1,,
4860,臺中市,,2025/03/03,LAZY懶蟲糧主食罐80G-黑水虻雞肉,犬,罐頭,碰億馬鈴吉有限公司,臺灣,未依規申報,已依中市動稽字第1140002239號函請業者限期改善,2,2025-03-03T00:00:00,2025,3,2025-04-22T18:02:51.82,,104年1月至115年6月,1,,
4860,臺中市,,2025/03/03,PETBEST動物造型餅乾,犬,零食,寵物百事達,臺灣,未標示營養成分及含量,已依中市動稽字第1140002211號函轉新北市政府動物保護防疫處,2,2025-03-03T00:00:00,2025,3,2025-04-22T18:02:51.82,,104年1月至115年6月,1,,
4860,臺中市,,2025/03/03,HERO MAMA 維他命補給罐(維他命C),犬、貓,罐頭,飛輪寵物有限公司,泰國,申報品名與產品包裝不符,已依中市動稽字第1140002232號函請業者限期改善,2,2025-03-03T00:00:00,2025,3,2025-04-22T18:02:51.82,,104年1月至115年6月,1,,
4860,臺中市,,2025/03/03,SPRING無穀滋養火雞肉食譜,貓,乾飼糧,昱碩國際事業股份有限公司,荷蘭,無,無,2,2025-03-03T00:00:00,2025,3,2025-04-22T18:02:51.82,,104年1月至115年6月,1,,
4860,臺中市,,2025/03/03,紐西蘭狂饗高原野牧牛羊 無穀全齡犬,犬,乾飼糧,嵩颺有限公司,紐西蘭,無,無,2,2025-03-03T00:00:00,2025,3,2025-04-22T18:02:51.82,,104年1月至115年6月,1,,
4860,臺中市,,2025/03/03,優康佳犬罐 鮮雞+雞肝,犬,罐頭,鴻娟貿易有限公司,泰國,無,無,2,2025-03-03T00:00:00,2025,3,2025-04-22T18:02:51.82,,104年1月至115年6月,1,,
4860,臺中市,,2025/03/03,純境無穀幼母犬糧-澳洲雞肉+凍乾,犬,乾飼糧,原野國際行銷有限公司,澳洲,無,無,2,2025-03-03T00:00:00,2025,3,2025-04-22T18:02:51.82,,104年1月至115年6月,1,,
4860,臺中市,,2025/03/03,犬用 HELLO 起司條 6入,犬,零食,老地方國際有限公司,日本,1.未依規申報         2.未標示完整年月日             3.未標示使用方法,已依中市動稽字第1140002288號函請業者限期改善,2,2025-03-03T00:00:00,2025,3,2025-04-22T18:02:51.82,,104年1月至115年6月,1,,
4860,臺中市,,2025/03/03,RRANNK機能餐盒-牛肉口味,犬,罐頭,統冠生活事業股份有限公司,泰國,無,無,2,2025-03-03T00:00:00,2025,3,2025-04-22T18:02:51.82,,104年1月至115年6月,1,,
4860,臺中市,,2025/03/03,RRANNK機能餐盒-雞肉口味,犬,罐頭,統冠生活事業股份有限公司,泰國,無,無,2,2025-03-03T00:00:00,2025,3,2025-04-22T18:02:51.82,,104年1月至115年6月,1,,
4860,臺中市,SP004,2025/03/03,GEMON義大利啟蒙主食狗罐-牛肉+肝,犬,罐頭,品果國際行銷有限公司,義大利,無,無,2,2025-03-03T00:00:00,2025,3,2025-04-22T18:02:51.82,,104年1月至115年6月,1,,
4860,臺中市,SP005,2025/03/03,BONEPLUS超美味小饅頭-美味草莓,犬、貓,零食,台灣愛邦仕實業有限公司,新加坡,未標示保存期限,已依中市動稽字第1140002206號函轉基隆市政府動物保護防疫所,2,2025-03-03T00:00:00,2025,3,2025-04-22T18:02:51.82,,104年1月至115年6月,1,,
4860,臺中市,SP006,2025/03/03,PETLINE極品貓罐(Z15),貓,罐頭,溥誠實業有限公司,泰國,未標示保存期限,已依中市動稽字第1140002252號函請業者限期改善,2,2025-03-03T00:00:00,2025,3,2025-04-22T18:02:51.82,,104年1月至115年6月,1,,
4860,臺中市,SP007,2025/03/03,天然密碼 低敏雞肉(全齡貓配方),貓,乾飼糧,廣湛有限公司,美國,無,無,2,2025-03-03T00:00:00,2025,3,2025-04-22T18:02:51.82,,104年1月至115年6月,1,,
4860,臺中市,SP008,2025/03/03,凱茲經典美食家 羔羊+馬肉 貓用主食罐,貓,罐頭,瀚揚國際企業有限公司,德國,標示「符合國際標準」應提供相關作證資料,已依中市動稽字第1140002351號函請業者限期改善,2,2025-03-03T00:00:00,2025,3,2025-04-22T18:02:51.82,,104年1月至115年6月,1,,
4860,臺中市,SP009,2025/03/10,沙發馬鈴薯Keptbaby吃軟飯-放蕩野雞,貓,罐頭,碰億馬鈴吉有限公司,臺灣,標示「符合國際標準」應提供相關作證資料,已依中市動稽字第1140002204號函轉臺北市動物保護處,2,2025-03-10T00:00:00,2025,3,2025-04-22T18:02:51.82,,104年1月至115年6月,1,,
4860,臺中市,SP010,2025/03/10,T.N.A.悠遊厚肉肉主食罐-鮮燉雞拚極上牛#02,貓,罐頭,悠遊國際實業股份有限公司,臺灣,標示「符合國際標準」應提供相關作證資料,已依中市動稽字第1140002204號函轉臺北市動物保護處,2,2025-03-10T00:00:00,2025,3,2025-04-22T18:02:51.82,,104年1月至115年6月,1,,
4860,臺中市,SP011,2025/03/10,旺得福-原味羊肉(狗罐頭),犬,罐頭,柏揚貿易有限公司,臺灣,申報原料與產品包裝不符及未附產品外觀照片,已依中市動稽字第1140002240號函請業者限期改善,2,2025-03-10T00:00:00,2025,3,2025-04-22T18:02:51.82,,104年1月至115年6月,1,,
4860,臺中市,SP012,2025/03/10,雞肉捲 大包裝超值組U3-5,犬,零食,冠閎實業有限公司,臺灣,無,無,2,2025-03-10T00:00:00,2025,3,2025-04-22T18:02:51.82,,104年1月至115年6月,1,,
4860,臺中市,SP013,2025/03/10,哄寶貝 584B炙燒豬肉棒,犬,零食,宏寶國際企業有限公司,臺灣,申報重量、主要原料與產品包裝不符及未附產品外觀照片,已依中市動稽字第1140002241號函請業者限期改善,2,2025-03-10T00:00:00,2025,3,2025-04-22T18:02:51.82,,104年1月至115年6月,1,,
4860,高雄市,,2025/03/03,四季食補春番茄化骨棒棒腿湯包,犬、貓,罐頭,台灣艾瑪企業有限公司,臺灣,申報有誤,通知業者限期改善,6,2025-03-03T00:00:00,2025,3,2025-04-22T18:02:51.82,,104年1月至115年6月,1,,
4860,高雄市,,2025/03/03,寵物補水石斑魚湯包,犬、貓,罐頭,台灣艾瑪企業有限公司,臺灣,申報有誤,通知業者限期改善,6,2025-03-03T00:00:00,2025,3,2025-04-22T18:02:51.82,,104年1月至115年6月,1,,
4860,高雄市,,2025/03/03,燒鳥一番犬用零嘴150g 5吋長棒裏肉(鱈魚) HF24,犬,零食,沅慶企業有限公司,臺灣,申報與標示不一,移請新北市卓處,6,2025-03-03T00:00:00,2025,3,2025-04-22T18:02:51.82,,104年1月至115年6月,1,,
4860,高雄市,,2025/03/03,雞肉憨吉,犬,零食,家佳實業有限公司,臺灣,無,無,6,2025-03-03T00:00:00,2025,3,2025-04-22T18:02:51.82,,104年1月至115年6月,1,,
4860,高雄市,,2025/03/03,Herz赫緻低溫風乾健康糧(單一純肉美國火雞肉),犬,乾飼糧,珍食堡實業股份有限公司,臺灣,無,無,6,2025-03-03T00:00:00,2025,3,2025-04-22T18:02:51.82,,104年1月至115年6月,1,,
4860,高雄市,WP005,2025/03/05,菲瑞絲 FERRIST 蛋殼膜+鈣 骨骼保健配方,犬、貓,補助食品,佳瑞生物科技有限公司,臺灣,無,無,6,2025-03-05T00:00:00,2025,3,2025-04-22T18:02:51.82,,104年1月至115年6月,1,,
4860,高雄市,WP006,2025/03/05,菲瑞絲FERRIST游離型葉黃素 眼睛保健配方,犬、貓,補助食品,佳瑞生物科技有限公司,臺灣,無,無,6,2025-03-05T00:00:00,2025,3,2025-04-22T18:02:51.82,,104年1月至115年6月,1,,
4860,高雄市,WP007,2025/03/10,化骨雞爪,犬、貓,零食,正成寵物有限公司,臺灣,無,無,6,2025-03-10T00:00:00,2025,3,2025-04-22T18:02:51.82,,104年1月至115年6月,1,,
4860,高雄市,WP009,2025/03/10,嫩汁雞腿,犬、貓,零食,正成寵物有限公司,臺灣,無,無,6,2025-03-10T00:00:00,2025,3,2025-04-22T18:02:51.82,,104年1月至115年6月,1,,
4860,高雄市,WP008,2025/03/18,嫩汁雞腿塊,犬、貓,零食,正成寵物有限公司,臺灣,無,無,6,2025-03-18T00:00:00,2025,3,2025-04-22T18:02:51.82,,104年1月至115年6月,1,,
4860,宜蘭縣,,2025/03/11,CHUCHU啾啾汪水,犬,補助食品,啾啾良品實業有限公司,臺灣,無,無,9,2025-03-11T00:00:00,2025,3,2025-04-22T18:02:51.82,,104年1月至115年6月,1,,
4860,宜蘭縣,,2025/03/11,無敵貓糧 鮮雞蜂王乳1公斤,貓,乾飼糧,麗斯居有限公司,臺灣,無,無,9,2025-03-11T00:00:00,2025,3,2025-04-22T18:02:51.82,,104年1月至115年6月,1,,
4860,宜蘭縣,,2025/03/11,南極磷蝦大肉包 雞肉X人蔘,貓,罐頭,金富錸國際寵物有限公司,臺灣,無,無,9,2025-03-11T00:00:00,2025,3,2025-04-22T18:02:51.82,,104年1月至115年6月,1,,
4860,宜蘭縣,,2025/03/11,毛萬-犬貓心好好-70g,犬、貓,補助食品,勤達實業有限公司,臺灣,無,無,9,2025-03-11T00:00:00,2025,3,2025-04-22T18:02:51.82,,104年1月至115年6月,1,,
4860,宜蘭縣,,2025/03/11,NW-AM-01愛美康-天然鈣磷粉,犬、貓,補助食品,聯享寵物貿易有限公司,臺灣,無,無,9,2025-03-11T00:00:00,2025,3,2025-04-22T18:02:51.82,,104年1月至115年6月,1,,
4860,宜蘭縣,,2025/03/11,泰瑞叔叔凍乾隨行杯-骰子雞+螺旋藻(10g),犬,零食,峰揚貿易有限公司,臺灣,無,無,9,2025-03-11T00:00:00,2025,3,2025-04-22T18:02:51.82,,104年1月至115年6月,1,,
4860,新竹縣,,2025/03/28,GREENS葛莉思貓食鮪魚嫩雞口味,貓,乾飼糧,福壽實業股份有限公司,臺灣,無,無,10,2025-03-28T00:00:00,2025,3,2025-04-22T18:02:51.82,,104年1月至115年6月,1,,
4860,新竹縣,,2025/03/28,健康紀元寵物零食- 香烘雞肉條,犬,零食,福壽實業股份有限公司,臺灣,無,無,10,2025-03-28T00:00:00,2025,3,2025-04-22T18:02:51.82,,104年1月至115年6月,1,,
4860,新竹縣,,2025/03/28,健康紀元寵物零食- 葉綠素潔牙骨,犬,零食,福壽實業股份有限公司,臺灣,無,無,10,2025-03-28T00:00:00,2025,3,2025-04-22T18:02:51.82,,104年1月至115年6月,1,,
4860,新竹縣,,2025/03/28,健康紀元寵物零食- 鮮嫩雞肉片,犬,零食,福壽實業股份有限公司,臺灣,無,無,10,2025-03-28T00:00:00,2025,3,2025-04-22T18:02:51.82,,104年1月至115年6月,1,,
4860,新竹縣,,2025/03/28,健康紀元純肉犬罐-香嫩雞排+地瓜,犬,罐頭,福壽實業股份有限公司,臺灣,無,無,10,2025-03-28T00:00:00,2025,3,2025-04-22T18:02:51.82,,104年1月至115年6月,1,,
4860,苗栗縣,,2025/03/11,EXPERT艾思柏無榖貓食化毛保健配方,貓,乾飼糧,福壽實業股份有限公司,臺灣,無,無,11,2025-03-11T00:00:00,2025,3,2025-04-22T18:02:51.82,,104年1月至115年6月,1,,
4860,苗栗縣,,2025/03/11,Mr.凍乾 貓用天然原肉凍乾 火雞肉,貓,零食,八犬國際行銷有限公司,臺灣,無,無,11,2025-03-11T00:00:00,2025,3,2025-04-22T18:02:51.82,,104年1月至115年6月,1,,
4860,苗栗縣,,2025/03/11,雞肉+鱈魚絲,貓,零食,星岳行銷有限公司,臺灣,無,無,11,2025-03-11T00:00:00,2025,3,2025-04-22T18:02:51.82,,104年1月至115年6月,1,,
4860,苗栗縣,,2025/03/11,燒肉燒 起司雞肉條,犬,零食,星岳行銷有限公司,臺灣,無,無,11,2025-03-11T00:00:00,2025,3,2025-04-22T18:02:51.82,,104年1月至115年6月,1,,
4860,苗栗縣,,2025/03/11,赫緻 美饌犬糧 嫩鹿佐頂級鵝肝,犬,乾飼糧,珍實堡實業股份有限公司,臺灣,無,無,11,2025-03-11T00:00:00,2025,3,2025-04-22T18:02:51.82,,104年1月至115年6月,1,,
4860,彰化縣,GP004,2025/03/14,萃雞油,犬,補助食品,合泰飼料有限公司,臺灣,無,無,12,2025-03-14T00:00:00,2025,3,2025-04-22T18:02:51.82,,104年1月至115年6月,1,,
4860,彰化縣,GP005,2025/03/14,飼料雞肉粉,犬,零食,合泰飼料有限公司,臺灣,無,無,12,2025-03-14T00:00:00,2025,3,2025-04-22T18:02:51.82,,104年1月至115年6月,1,,
4860,彰化縣,GP006,2025/03/14,嚼醒 鰹魚牛軟條,貓,零食,凱普頓企業股份有限公司,臺灣,無,無,12,2025-03-14T00:00:00,2025,3,2025-04-22T18:02:51.82,,104年1月至115年6月,1,,
4860,彰化縣,GP007,2025/03/14,嚼醒 樂活雞肉圓片,犬,零食,凱普頓企業股份有限公司,臺灣,無,無,12,2025-03-14T00:00:00,2025,3,2025-04-22T18:02:51.82,,104年1月至115年6月,1,,
4860,彰化縣,GP008,2025/03/14,嚼醒 丁香雞肉條,犬,零食,凱普頓企業股份有限公司,臺灣,無,無,12,2025-03-14T00:00:00,2025,3,2025-04-22T18:02:51.82,,104年1月至115年6月,1,,
4860,彰化縣,,2025/03/25,雞腿肉捲大包裝超值組U3-5,犬,零食,冠閎實業有限公司,臺灣,無,無,12,2025-03-25T00:00:00,2025,3,2025-04-22T18:02:51.82,,104年1月至115年6月,1,,
4860,彰化縣,,2025/03/25,蜜汁雞肉片大包裝超值組A1-5,犬,零食,冠閎實業有限公司,臺灣,無,無,12,2025-03-25T00:00:00,2025,3,2025-04-22T18:02:51.82,,104年1月至115年6月,1,,
4860,彰化縣,,2025/03/25,卡默-耐咬厚雞捲(80g),犬、貓,零食,耐維滋寵物食品有限公司,臺灣,無,無,12,2025-03-25T00:00:00,2025,3,2025-04-22T18:02:51.82,,104年1月至115年6月,1,,
4860,彰化縣,,2025/03/25,卡默-里肌潔牙棒(6入),犬,零食,耐維滋寵物食品有限公司,臺灣,無,無,12,2025-03-25T00:00:00,2025,3,2025-04-22T18:02:51.82,,104年1月至115年6月,1,,
4860,彰化縣,,2025/03/25,元氣犬雞肉長絲,犬、貓,零食,茂捷有限公司,臺灣,違反動物保護法第22條之3第1項規定,彰動防字第1140001561號發文給業者限期改善,12,2025-03-25T00:00:00,2025,3,2025-04-22T18:02:51.82,,104年1月至115年6月,1,,
4860,彰化縣,,2025/03/25,元氣犬黃金嫩雞條,犬、貓,零食,茂捷有限公司,臺灣,違反動物保護法第22條之3第1項規定,彰動防字第1140001561號發文給業者限期改善,12,2025-03-25T00:00:00,2025,3,2025-04-22T18:02:51.82,,104年1月至115年6月,1,,
4860,彰化縣,,2025/03/25,等等手作零食抵抗力大師,犬、貓,零食,廣湛有限公司,臺灣,違反動物保護法第22條之3第1項規定,彰動防字第1140001560號發文給業者限期改善,12,2025-03-25T00:00:00,2025,3,2025-04-22T18:02:51.82,,104年1月至115年6月,1,,
4860,彰化縣,,2025/03/25,愛可嚼犬用牛肺肝,犬,零食,琦信企業股份有限公司,臺灣,違反動物保護法第22條之3第1項規定,彰動防字第1140001559號發文給業者限期改善,12,2025-03-25T00:00:00,2025,3,2025-04-22T18:02:51.82,,104年1月至115年6月,1,,
4860,彰化縣,,2025/03/25,帕米爾-關節保健雞肉鬆50g,犬,補助食品,創奕貿易有限公司,臺灣,無,無,12,2025-03-25T00:00:00,2025,3,2025-04-22T18:02:51.82,,104年1月至115年6月,1,,
4860,彰化縣,,2025/03/25,帕米爾-腸胃保健雞肉鬆50g,犬,補助食品,創奕貿易有限公司,臺灣,無,無,12,2025-03-25T00:00:00,2025,3,2025-04-22T18:02:51.82,,104年1月至115年6月,1,,
4860,彰化縣,,2025/03/25,新鮮鮪魚凍乾,犬、貓,零食,加拿大渴望寵物食品股份有限公司,臺灣,無,無,12,2025-03-25T00:00:00,2025,3,2025-04-22T18:02:51.82,,104年1月至115年6月,1,,
4860,彰化縣,,2025/03/25,新鮮鮪魚佐鱉蛋凍乾,犬、貓,零食,加拿大渴望寵物食品股份有限公司,臺灣,無,無,12,2025-03-25T00:00:00,2025,3,2025-04-22T18:02:51.82,,104年1月至115年6月,1,,
4860,彰化縣,,2025/03/25,好味貓凍乾-鰹魚全雞,貓,零食,短捲麻股份有限公司,臺灣,無,無,12,2025-03-25T00:00:00,2025,3,2025-04-22T18:02:51.82,,104年1月至115年6月,1,,
4860,彰化縣,,2025/03/25,好味貓凍乾-濃縮全雞,貓,零食,短捲麻股份有限公司,臺灣,無,無,12,2025-03-25T00:00:00,2025,3,2025-04-22T18:02:51.82,,104年1月至115年6月,1,,
4860,彰化縣,,2025/03/25,100%鮮蝦丁凍乾塊零食,犬、貓,零食,騰勢股份有限公司,臺灣,無,無,12,2025-03-25T00:00:00,2025,3,2025-04-22T18:02:51.82,,104年1月至115年6月,1,,
4860,彰化縣,,2025/03/25,特百滋霜凍優格犬用 蜂蜜蔓越莓,犬,零食,艾澌克企業股份有限公司,臺灣,無,無,12,2025-03-25T00:00:00,2025,3,2025-04-22T18:02:51.82,,104年1月至115年6月,1,,
4860,彰化縣,,2025/03/25,特百滋霜凍優格犬用 原味優格,犬,零食,艾澌克企業股份有限公司,臺灣,無,無,12,2025-03-25T00:00:00,2025,3,2025-04-22T18:02:51.82,,104年1月至115年6月,1,,
4860,彰化縣,,2025/03/25,汪喵星球－大尾丁香魚50g(貓),貓,零食,自力耕生股份有限公司,臺灣,無,無,12,2025-03-25T00:00:00,2025,3,2025-04-22T18:02:51.82,,104年1月至115年6月,1,,
4860,彰化縣,,2025/03/25,汪喵星球－原味嫩雞丁60g(貓),貓,零食,自力耕生股份有限公司,臺灣,無,無,12,2025-03-25T00:00:00,2025,3,2025-04-22T18:02:51.82,,104年1月至115年6月,1,,
4860,南投縣,,2025/03/12,GREENS 葛莉思貓食 海洋口味,貓,乾飼糧,福壽實業股份有限公司,臺灣,無,無,13,2025-03-12T00:00:00,2025,3,2025-04-22T18:02:51.82,,104年1月至115年6月,1,,
4860,南投縣,,2025/03/12,巴絲特-柏洛斯Berus狗罐(羊肉+馬鈴薯),犬,罐頭,峰揚貿易有限公司,臺灣,無,無,13,2025-03-12T00:00:00,2025,3,2025-04-22T18:02:51.82,,104年1月至115年6月,1,,
4860,南投縣,,2025/03/12,長紅愛犬罐頭-雞肉口味,犬,罐頭,福壽實業股份有限公司,臺灣,無,無,13,2025-03-12T00:00:00,2025,3,2025-04-22T18:02:51.82,,104年1月至115年6月,1,,
4860,南投縣,,2025/03/12,博朗氏幼母貓寵物乾糧 牛肉+鮪魚+卵磷脂(1.5KG),貓,乾飼糧,寶榮開發企業股份有限公司,臺灣,無,無,13,2025-03-12T00:00:00,2025,3,2025-04-22T18:02:51.82,,104年1月至115年6月,1,,
4860,南投縣,,2025/03/12,泰瑞叔叔凍乾隨行杯-骰子牛肉(10g),犬,罐頭,峰揚貿易有限公司,臺灣,無,無,13,2025-03-12T00:00:00,2025,3,2025-04-22T18:02:51.82,,104年1月至115年6月,1,,
4860,雲林縣,,2025/03/06,GOMO PET FOOD鮮食餐包,犬、貓,罐頭,毛能寵物營養生技股份有限公司,臺灣,無,無,14,2025-03-06T00:00:00,2025,3,2025-04-22T18:02:51.82,,104年1月至115年6月,1,,
4860,雲林縣,,2025/03/06,貓犬專關節健康好活力,犬、貓,補助食品,毛能寵物營養生技股份有限公司,臺灣,無,無,14,2025-03-06T00:00:00,2025,3,2025-04-22T18:02:51.82,,104年1月至115年6月,1,,
4860,雲林縣,,2025/03/10,倍利康每位極品大狗罐牛肉＆起司,犬,罐頭,雄騰國際有限公司,臺灣,無,無,14,2025-03-10T00:00:00,2025,3,2025-04-22T18:02:51.82,,104年1月至115年6月,1,,
4860,雲林縣,,2025/03/12,奪標寵物全齡專用犬糧牛肉風味,犬,乾飼糧,奪標寵物用品總匯,臺灣,該品項有效日期標示錯誤及未申報，疑涉違動物保護法第22條之5第1項第6款、第22條之3,移送責任廠商所在地管轄機關進行查處。,14,2025-03-12T00:00:00,2025,3,2025-04-22T18:02:51.82,,104年1月至115年6月,1,,
4860,雲林縣,,2025/03/12,特級鑫旺羊肉成犬乾狗糧,貓,乾飼糧,奪標寵物用品總匯,臺灣,該品項有效日期標示錯誤及未申報，疑涉違動物保護法第22條之5第1項第6款、第22條之3,移送責任廠商所在地管轄機關進行查處。,14,2025-03-12T00:00:00,2025,3,2025-04-22T18:02:51.82,,104年1月至115年6月,1,,
4860,雲林縣,,2025/03/12,奪標寵物雞肉風味全齡犬專用犬糧,貓,乾飼糧,奪標寵物用品總匯,臺灣,該品項有效日期標示錯誤及未申報，疑涉違動物保護法第22條之5第1項第6款、第22條之3,移送責任廠商所在地管轄機關進行查處。,14,2025-03-12T00:00:00,2025,3,2025-04-22T18:02:51.82,,104年1月至115年6月,1,,
4860,雲林縣,,2025/03/12,奪標寵物幼犬/母犬/全齡犬專用犬糧 雞肉＆鮭魚風味,貓,乾飼糧,奪標寵物用品總匯,臺灣,該品項有效日期標示錯誤、未標示淨重及未申報，疑涉違動物保護法第22條之5第1項第2、6款、第22條之3,移送責任廠商所在地管轄機關進行查處。,14,2025-03-12T00:00:00,2025,3,2025-04-22T18:02:51.82,,104年1月至115年6月,1,,
4860,嘉義縣,,2025/03/25,connexion波頓鈣磷粉,犬、貓,補助食品,裕寶國際股份有限公司,臺灣,無,無,15,2025-03-25T00:00:00,2025,3,2025-04-22T18:02:51.82,,104年1月至115年6月,1,,
4860,嘉義縣,,2025/03/25,勁活力好關膝加強錠,犬、貓,補助食品,銘銓生技企業社,臺灣,無,無,15,2025-03-25T00:00:00,2025,3,2025-04-22T18:02:51.82,,104年1月至115年6月,1,,
4860,嘉義縣,,2025/03/25,葛莉思幼犬及小型犬專用-成長保健配方,犬、貓,乾飼糧,福壽實業股份有限公司,臺灣,無,無,15,2025-03-25T00:00:00,2025,3,2025-04-22T18:02:51.82,,104年1月至115年6月,1,,
4860,嘉義縣,,2025/03/25,時光鮮貓糧,貓,乾飼糧,樺隆有限公司,臺灣,無,無,15,2025-03-25T00:00:00,2025,3,2025-04-22T18:02:51.82,,104年1月至115年6月,1,,
4860,嘉義縣,,2025/03/25,舒芙狗牛奶起司雞肉條,犬、貓,零食,琦信企業股份有限公司,臺灣,無,無,15,2025-03-25T00:00:00,2025,3,2025-04-22T18:02:51.82,,104年1月至115年6月,1,,
4860,嘉義縣,,2025/03/25,牛奶雞肉排骨,犬、貓,零食,琦信企業股份有限公司,臺灣,無,無,15,2025-03-25T00:00:00,2025,3,2025-04-22T18:02:51.82,,104年1月至115年6月,1,,
4860,屏東縣,MP005,2025/03/05,"貓侍 每日均衡主食罐
雞肉+鰹魚",貓,罐頭,貓侍股份有限公司,臺灣,無,無,16,2025-03-05T00:00:00,2025,3,2025-04-22T18:02:51.82,,104年1月至115年6月,1,,
4860,屏東縣,MP006,2025/03/05,"貓侍 每日均衡主食罐
烏骨雞+雞肉",貓,罐頭,貓侍股份有限公司,臺灣,無,無,16,2025-03-05T00:00:00,2025,3,2025-04-22T18:02:51.82,,104年1月至115年6月,1,,
4860,屏東縣,MP007,2025/03/05,"貓侍 每日均衡主食罐
雞肉+鮪魚",貓,罐頭,貓侍股份有限公司,臺灣,無,無,16,2025-03-05T00:00:00,2025,3,2025-04-22T18:02:51.82,,104年1月至115年6月,1,,
4860,屏東縣,MP008,2025/03/05,"貓侍 每日均衡主食罐
綜合海鮮",貓,罐頭,貓侍股份有限公司,臺灣,無,無,16,2025-03-05T00:00:00,2025,3,2025-04-22T18:02:51.82,,104年1月至115年6月,1,,
4860,屏東縣,MP009,2025/03/12,寵物爆毛粉,犬、貓,補助食品,龍丞生技有限公司,臺灣,未依規定申報、包裝標示不全且使用字句涉及不實誇張或易生誤解情形,違規項已於114年3月25日以屏府農動字第1140079970號函限期於114年4月30日前完成改善。,16,2025-03-12T00:00:00,2025,3,2025-04-22T18:02:51.82,,104年1月至115年6月,1,,
4860,臺東縣,,2025/03/10,御用肉泥(貓)-鮪魚雞肉風味,貓,罐頭,螢火蟲原創有限公司,臺灣,無,無,17,2025-03-10T00:00:00,2025,3,2025-04-22T18:02:51.82,,104年1月至115年6月,1,,
4860,臺東縣,,2025/03/10,阿嬤養的起司雞肉條,犬,零食,飛輪寵物有限公司,臺灣,無,無,17,2025-03-10T00:00:00,2025,3,2025-04-22T18:02:51.82,,104年1月至115年6月,1,,
4860,臺東縣,,2025/03/10,天然原肉-豬肉風味,犬,零食,自力耕生有限公司,臺灣,無,無,17,2025-03-10T00:00:00,2025,3,2025-04-22T18:02:51.82,,104年1月至115年6月,1,,
4860,臺東縣,,2025/03/10,Dr.Odin牛肉肉丁-牛肉風味,犬、貓,零食,水膜兒有限公司,臺灣,無,無,17,2025-03-10T00:00:00,2025,3,2025-04-22T18:02:51.82,,104年1月至115年6月,1,,
4860,臺東縣,,2025/03/10,小叼饞凍乾小丁-火雞風味,犬,零食,螢火蟲原創有限公司,臺灣,無,無,17,2025-03-10T00:00:00,2025,3,2025-04-22T18:02:51.82,,104年1月至115年6月,1,,
4860,花蓮縣,,2025/03/04,亞培特風味貓乾糧-挑嘴貓配方/海鮮總匯,貓,乾飼糧,帝寶興業有限公司,臺灣,無,無,18,2025-03-04T00:00:00,2025,3,2025-04-22T18:02:51.82,,104年1月至115年6月,1,,
4860,花蓮縣,,2025/03/04,美樂 極摯零食[低敏鴨肉螺旋條],犬,零食,貓狗甜心數位科技有限公司,臺灣,無,無,18,2025-03-04T00:00:00,2025,3,2025-04-22T18:02:51.82,,104年1月至115年6月,1,,
4860,花蓮縣,,2025/03/14,雞老大 短切丁香魚+綜合蔬菜雞肉棒,犬,零食,壹士達寵物有限公司,臺灣,無,無,18,2025-03-14T00:00:00,2025,3,2025-04-22T18:02:51.82,,104年1月至115年6月,1,,
4860,花蓮縣,,2025/03/14,健康時刻 螺旋多效潔牙骨-海藻+雞肉 (全犬種/短),犬,零食,壹士達寵物有限公司,臺灣,包裝內容與申報網不符,通知業者限期改善,18,2025-03-14T00:00:00,2025,3,2025-04-22T18:02:51.82,,104年1月至115年6月,1,,
4860,花蓮縣,,2025/03/24,瑞威肌能罐-鱈魚海瓜子,犬,罐頭,瑞威動物科技股份有限公司,臺灣,未申報,通知業者限期改善,18,2025-03-24T00:00:00,2025,3,2025-04-22T18:02:51.82,,104年1月至115年6月,1,,
4860,澎湖縣,,2025/02/20,CBS-38雞老大 軟性雞肉點心棒,犬,零食,壹士達寵物有限公司,臺灣,無,無,19,2025-02-20T00:00:00,2025,3,2025-04-22T18:02:51.82,,104年1月至115年6月,1,,
4860,澎湖縣,,2025/02/20,帕米爾-起司雞肉絲,犬,零食,創奕貿易有限公司,臺灣,無,無,19,2025-02-20T00:00:00,2025,3,2025-04-22T18:02:51.82,,104年1月至115年6月,1,,
4860,澎湖縣,,2025/02/20,MZD011關鍵時刻漢方健康糧-關節養生配方,犬,乾飼糧,珍食堡實業股份有限公司,臺灣,無,無,19,2025-02-20T00:00:00,2025,3,2025-04-22T18:02:51.82,,104年1月至115年6月,1,,
4860,澎湖縣,,2025/02/20,鮮肉大廚化骨雞腿,犬、貓,零食,晁暘寵物股份有限公司,臺灣,無,無,19,2025-02-20T00:00:00,2025,3,2025-04-22T18:02:51.82,,104年1月至115年6月,1,,
4860,澎湖縣,,2025/02/20,艾沛鼎食晶洞貓罐(鮪魚+曼波魚皮),貓,罐頭,沅慶企業有限公司,臺灣,無,無,19,2025-02-20T00:00:00,2025,3,2025-04-22T18:02:51.82,,104年1月至115年6月,1,,
4860,基隆市,,2025/03/18,美味關係小不點饅頭-蘋果口味,犬,零食,王品寵物用品有限公司,臺灣,包裝原料及營養成分標示與申報網資料不符,通知業者限期改善,20,2025-03-18T00:00:00,2025,3,2025-04-22T18:02:51.82,,104年1月至115年6月,1,,
4860,基隆市,,2025/03/18,艾沛鼎食晶凍貓罐85g 鮪魚+丁香魚CS2,貓,罐頭,沅慶企業有限公司,臺灣,包裝未標示灰份,通知業者限期改善,20,2025-03-18T00:00:00,2025,3,2025-04-22T18:02:51.82,,104年1月至115年6月,1,,
4860,基隆市,,2025/03/18,摩爾思-豬耳朵,犬,零食,峰揚貿易有限公司,臺灣,無,無,20,2025-03-18T00:00:00,2025,3,2025-04-22T18:02:51.82,,104年1月至115年6月,1,,
4860,基隆市,,2025/03/28,Qmeat貓肉蓉主食罐80g 特級柴魚QC5,貓,罐頭,沅慶企業有限公司,臺灣,包裝營養成分及含量與申報網資料不符,通知業者限期改善,20,2025-03-28T00:00:00,2025,3,2025-04-22T18:02:51.82,,104年1月至115年6月,1,,
4860,基隆市,,2025/03/28,PekoPeko沛可寵鮮餐罐 (低脂嫩雞肉),犬、貓,罐頭,四季全球貿易股份有限公司,臺灣,無,無,20,2025-03-28T00:00:00,2025,3,2025-04-22T18:02:51.82,,104年1月至115年6月,1,,
4860,基隆市,,2025/03/28,貓主子御用肉泥條 - 鮮嫩純雞肉+鮭魚,貓,零食,螢火蟲原創有限公司,臺灣,包裝原料及營養成分標示與申報網資料不符,通知業者限期改善,20,2025-03-28T00:00:00,2025,3,2025-04-22T18:02:51.82,,104年1月至115年6月,1,,
4860,新竹市,,2025/03/20,汪喵星球-熟齡犬銀養主食罐,犬,罐頭,自力耕生股份有限公司,臺灣,無,無,21,2025-03-20T00:00:00,2025,3,2025-04-22T18:02:51.82,,104年1月至115年6月,1,,
4860,新竹市,,2025/03/20,佳倍讚-鮮肉凍乾,犬,零食,王品寵物用品有限公司,臺灣,無,無,21,2025-03-20T00:00:00,2025,3,2025-04-22T18:02:51.82,,104年1月至115年6月,1,,
4860,新竹市,,2025/03/20,旺旺食堂-雞肉腸腸,犬,零食,壹士達寵物有限公司,臺灣,無,無,21,2025-03-20T00:00:00,2025,3,2025-04-22T18:02:51.82,,104年1月至115年6月,1,,
4860,新竹市,,2025/03/20,松露舒肥牛,貓,零食,唯寵股份有限公司,臺灣,無,無,21,2025-03-20T00:00:00,2025,3,2025-04-22T18:02:51.82,,104年1月至115年6月,1,,
4860,新竹市,,2025/03/20,呼嚕凍乾-嫩雞柳與貓薄荷,貓,零食,艾澌克企業股份有限公司,臺灣,無,無,21,2025-03-20T00:00:00,2025,3,2025-04-22T18:02:51.82,,104年1月至115年6月,1,,
4860,嘉義市,,2025/03/12,犬方位雞肉甜甜圈,犬,零食,雲鏈實業有限公司,臺灣,無,無,22,2025-03-12T00:00:00,2025,3,2025-04-22T18:02:51.82,,104年1月至115年6月,1,,
4860,嘉義市,,2025/03/12,Mr.凍乾貓用天然原肉凍乾-鴨肉,貓,零食,八犬國際行銷有限公司,臺灣,無,無,22,2025-03-12T00:00:00,2025,3,2025-04-22T18:02:51.82,,104年1月至115年6月,1,,
4860,嘉義市,,2025/03/12,汪喵星球貓用98%無膠鮮肉主食罐,貓,罐頭,自力耕生股份有限公司,臺灣,無,無,22,2025-03-12T00:00:00,2025,3,2025-04-22T18:02:51.82,,104年1月至115年6月,1,,
4860,嘉義市,,2025/03/12,怪獸部落1種肉無膠主食罐-貓用純雞肉餐,貓,罐頭,怪獸製造有限公司,臺灣,無,無,22,2025-03-12T00:00:00,2025,3,2025-04-22T18:02:51.82,,104年1月至115年6月,1,,
4860,嘉義市,,2025/03/12,派庫廚房機能饗宴貓主食罐(鰻魚雞肉配方),貓,罐頭,金派庫國際有限公司,臺灣,無,無,22,2025-03-12T00:00:00,2025,3,2025-04-22T18:02:51.82,,104年1月至115年6月,1,,
4860,嘉義市,TP003,2025/03/18,職人料理-牛舌漢堡排,犬,乾飼糧,乾杯股份有限公司,臺灣,無,無,22,2025-03-18T00:00:00,2025,3,2025-04-22T18:02:51.82,,104年1月至115年6月,1,,
4860,嘉義市,TP004,2025/03/18,高鈣潔牙雞肉棒,犬,潔牙骨,固才有限公司,臺灣,無,無,22,2025-03-18T00:00:00,2025,3,2025-04-22T18:02:51.82,,104年1月至115年6月,1,,
4860,嘉義市,TP005,2025/03/18,乖乖吃飯-嚴選超肉感主食包-香煨嫩雞,貓,罐頭,友伴生活股份有限公司,臺灣,無,無,22,2025-03-18T00:00:00,2025,3,2025-04-22T18:02:51.82,,104年1月至115年6月,1,,
4860,嘉義市,TP006,2025/03/18,乖乖吃飯-嚴選超肉感主食包-鮮燉鴕鳥,貓,罐頭,友伴生活股份有限公司,臺灣,無,無,22,2025-03-18T00:00:00,2025,3,2025-04-22T18:02:51.82,,104年1月至115年6月,1,,
4860,嘉義市,TP007,2025/03/18,乖乖吃飯-嚴選超肉感主食包-烈焰火雞,貓,罐頭,友伴生活股份有限公司,臺灣,無,無,22,2025-03-18T00:00:00,2025,3,2025-04-22T18:02:51.82,,104年1月至115年6月,1,,
4860,金門縣,,2025/03/27,雞老大蜜汁雞肉鱈魚條,犬,零食,壹士達寵物有限公司,臺灣,無,無,23,2025-03-27T00:00:00,2025,3,2025-04-22T18:02:51.82,,104年1月至115年6月,1,,
4860,金門縣,,2025/03/27,老北A腿,犬、貓,零食,水膜婗有限公司,臺灣,無,無,23,2025-03-27T00:00:00,2025,3,2025-04-22T18:02:51.82,,104年1月至115年6月,1,,
4860,金門縣,,2025/03/27,美味關係小不點饅頭-牛奶+DHA,犬,零食,王品寵物用品有限公司,臺灣,無,無,23,2025-03-27T00:00:00,2025,3,2025-04-22T18:02:51.82,,104年1月至115年6月,1,,
4860,金門縣,,2025/03/27,哄寶貝-561B炙燒雞肉燕麥餅,犬,零食,宏寶國際企業有限公司,臺灣,無,無,23,2025-03-27T00:00:00,2025,3,2025-04-22T18:02:51.82,,104年1月至115年6月,1,,
4860,金門縣,,2025/03/27,帕米爾-細切雞肉絲,犬,零食,創奕貿易有限公司,臺灣,無,無,23,2025-03-27T00:00:00,2025,3,2025-04-22T18:02:51.82,,104年1月至115年6月,1,,
4860,連江縣,,2025/04/16,野性魅力-魷魚絲塊佐鱉蛋凍乾(17g),犬、貓,零食,加拿大野性魅力有限公司(高雄),臺灣,無,無,24,2025-04-16T00:00:00,2025,3,2025-04-22T18:02:51.82,,104年1月至115年6月,1,,
4860,連江縣,,2025/04/16,怪獸部落-鮮肉咔滋-虱目魚貓草丁,犬、貓,零食,怪獸製造有限公司,臺灣,無,無,24,2025-04-16T00:00:00,2025,3,2025-04-22T18:02:51.82,,104年1月至115年6月,1,,
4860,連江縣,,2025/04/16,怪獸部落-鮮肉咔滋-雞胸丁,犬、貓,零食,怪獸製造有限公司,臺灣,無,無,24,2025-04-16T00:00:00,2025,3,2025-04-22T18:02:51.82,,104年1月至115年6月,1,,
4860,連江縣,,2025/04/16,奇啃CHIKEN-保健雞腿(真空高壓水煮雞腿),犬、貓,零食,勤翔國際股份有限公司,臺灣,無,無,24,2025-04-16T00:00:00,2025,3,2025-04-22T18:02:51.82,,104年1月至115年6月,1,,
4860,連江縣,,2025/04/17,寶多福Petlife-犬糧-健康機能系列.皮毛保健配方,犬,乾飼糧,統一企業股份有限公司,臺灣,無,無,24,2025-04-17T00:00:00,2025,3,2025-04-22T18:02:51.82,,104年1月至115年6月,1,,
4860,新北市,AP010,2025/04/14,Astar漩力淨海藻牛奶潔牙棒S大包,犬,潔牙骨,台灣愛邦仕實業有限公司,新加坡,無,無,0,2025-04-14T00:00:00,2025,4,2025-06-02T13:45:01.43,,104年1月至115年6月,1,,
4860,新北市,AP011,2025/04/14,嚼醒樂活B-11鱈魚雞肉條,犬,零食,凱普頓企業股份有限公司,臺灣,無,無,0,2025-04-14T00:00:00,2025,4,2025-06-02T13:45:01.43,,104年1月至115年6月,1,,
4860,新北市,,2025/04/14,藤沢扇貝蟹肉絲,貓,零食,奧也股份有限公司,日本,未申報或是名稱錯誤,通知業者限期改善,0,2025-04-14T00:00:00,2025,4,2025-06-02T13:45:01.43,,104年1月至115年6月,1,,
4860,新北市,,2025/04/14,NAS DigestaVite Plus - 肝腸健康,犬、貓,補助食品,宜輝企業有限公司,澳洲,無,無,0,2025-04-14T00:00:00,2025,4,2025-06-02T13:45:01.43,,104年1月至115年6月,1,,
4860,新北市,,2025/04/14,貓倍麗鮪魚蟹肉銀魚極品鮮湯,貓,罐頭,台灣雀巢股份有限公司,泰國,無,無,0,2025-04-14T00:00:00,2025,4,2025-06-02T13:45:01.43,,104年1月至115年6月,1,,
4860,新北市,,2025/04/14,Halo 嘿囉 幼貓無穀鮭魚白魚,貓,乾飼糧,盛貿寵物股份有限公司,美國,無,無,0,2025-04-14T00:00:00,2025,4,2025-06-02T13:45:01.43,,104年1月至115年6月,1,,
4860,新北市,,2025/04/14,芮格爾天然寵糧-體控犬/高齡犬-雞肉&鯡魚,犬,乾飼糧,聯誠寵物有限公司,美國,無,無,0,2025-04-14T00:00:00,2025,4,2025-06-02T13:45:01.43,,104年1月至115年6月,1,,
4860,新北市,,2025/04/14,樂健飛-專利UCII+海藻鈣,犬、貓,補助食品,勤達實業有限公司,臺灣,無,無,0,2025-04-14T00:00:00,2025,4,2025-06-02T13:45:01.43,,104年1月至115年6月,1,,
4860,新北市,,2025/04/14,CAT FEET呼嚕愛乾淨 蔓越莓潔牙餡餅(鮭魚口味),貓,零食,台灣美期有限公司,泰國,有效期限錯誤,通知業者限期改善,0,2025-04-14T00:00:00,2025,4,2025-06-02T13:45:01.43,,104年1月至115年6月,1,,
4860,新北市,,2025/04/14,素力高 血漿系列 無穀 冰川野鮭 成犬,犬,乾飼糧,奧也股份有限公司,美國,無,無,0,2025-04-14T00:00:00,2025,4,2025-06-02T13:45:01.43,,104年1月至115年6月,1,,
4860,新北市,,2025/04/14,肉嗨吃(犬) 鯊魚軟骨,犬,零食,宜輝企業有限公司,臺灣,無,無,0,2025-04-14T00:00:00,2025,4,2025-06-02T13:45:01.43,,104年1月至115年6月,1,,
4860,新北市,,2025/04/14,OASY愛食-舒芙蕾-地中海鱈魚-貓用主食餐盒,貓,罐頭,浤全貿易有限公司,荷蘭,無,無,0,2025-04-14T00:00:00,2025,4,2025-06-02T13:45:01.43,,104年1月至115年6月,1,,
4860,新北市,,2025/04/14,歐姆貓蜂王乳貓泥-鮭魚&蝦子,貓,零食,台灣愛邦仕實業有限公司,泰國,無,無,0,2025-04-14T00:00:00,2025,4,2025-06-02T13:45:01.43,,104年1月至115年6月,1,,
4860,新北市,,2025/04/14,帕米爾-鱈魚雞肉絲,犬,零食,創奕貿易有限公司,臺灣,無,無,0,2025-04-14T00:00:00,2025,4,2025-06-02T13:45:01.43,,104年1月至115年6月,1,,
4860,新北市,,2025/04/14,瑪恩吉 倍愛滿滿 鱈魚 主食犬餐盒,犬,罐頭,柏希菲克股份有限公司,義大利,無,無,0,2025-04-14T00:00:00,2025,4,2025-06-02T13:45:01.43,,104年1月至115年6月,1,,
4860,臺北市,VP007,2025/04/22,無穀滋養白鮭魚食譜,貓,乾飼糧,昱碩國際事業股份有限公司,荷蘭,無,無,1,2025-04-22T00:00:00,2025,4,2025-06-02T13:45:01.43,,104年1月至115年6月,1,,
4860,臺北市,VP008,2025/04/22,怪獸部落無膠鮮肉堡-鮪魚片,犬、貓,罐頭,怪獸製造有限公司,泰國,無,無,1,2025-04-22T00:00:00,2025,4,2025-06-02T13:45:01.43,,104年1月至115年6月,1,,
4860,臺北市,,2025/04/22,沃野天然原型蝦仁凍乾,犬、貓,零食,東森寵物雲股份有限公司,臺灣,無,無,1,2025-04-22T00:00:00,2025,4,2025-06-02T13:45:01.43,,104年1月至115年6月,1,,
4860,臺北市,,2025/04/22,香酥捲吞拿及蟹風味,貓,零食,台灣雀巢股份有限公司,泰國,無,無,1,2025-04-22T00:00:00,2025,4,2025-06-02T13:45:01.43,,104年1月至115年6月,1,,
4860,臺北市,,2025/04/22,小犬威利鮭魚粉,犬、貓,乾飼糧,威饌股份有限公司,臺灣,無,無,1,2025-04-22T00:00:00,2025,4,2025-06-02T13:45:01.43,,104年1月至115年6月,1,,
4860,臺北市,,2025/04/22,CIAO啾嚕迷你捲心塊（鰹魚）,貓,零食,強普股份有限公司,日本,無,無,1,2025-04-22T00:00:00,2025,4,2025-06-02T13:45:01.43,,104年1月至115年6月,1,,
4860,臺北市,,2025/04/22,野性魅力凍乾大西洋鮪魚塊,犬、貓,零食,加拿大野性魅力有限公司,臺灣,無,無,1,2025-04-22T00:00:00,2025,4,2025-06-02T13:45:01.43,,104年1月至115年6月,1,,
4860,臺北市,,2025/04/22,藤沢 蟹肉絲 化毛,貓,零食,奧也股份有限公司,日本,無,無,1,2025-04-22T00:00:00,2025,4,2025-06-02T13:45:01.43,,104年1月至115年6月,1,,
4860,臺北市,,2025/04/22,無穀鮭魚凍乾生食點心,貓,零食,昱碩國際事業股份有限公司,美國,無,無,1,2025-04-22T00:00:00,2025,4,2025-06-02T13:45:01.43,,104年1月至115年6月,1,,
4860,臺北市,,2025/04/22,護膚亮毛鮭魚餡餅,貓,零食,八犬國際行銷有限公司,德國,無,無,1,2025-04-22T00:00:00,2025,4,2025-06-02T13:45:01.43,,104年1月至115年6月,1,,
4860,臺北市,,2025/04/22,海夫默克挪威鳳尾魚乾,貓,零食,奧也股份有限公司,越南,無,無,1,2025-04-22T00:00:00,2025,4,2025-06-02T13:45:01.43,,104年1月至115年6月,1,,
4860,臺北市,,2025/04/22,長靴貓蛙魚細薄片,貓,零食,瀚翔寵物有限公司,臺灣,無,無,1,2025-04-22T00:00:00,2025,4,2025-06-02T13:45:01.43,,104年1月至115年6月,1,,
4860,臺北市,,2025/04/22,海夫默克挪威鱈魚營養棒,犬,零食,奧也股份有限公司,越南,無,無,1,2025-04-22T00:00:00,2025,4,2025-06-02T13:45:01.43,,104年1月至115年6月,1,,
4860,臺北市,,2025/04/22,凱莉廚房營養凍乾 鰤魚,貓,零食,東森寵物雲股份有限公司,泰國,無,無,1,2025-04-22T00:00:00,2025,4,2025-06-02T13:45:01.43,,104年1月至115年6月,1,,
4860,臺北市,,2025/04/22,CIAO本鰹燒魚柳條（柴魚片味）,貓,零食,強普股份有限公司,日本,無,無,1,2025-04-22T00:00:00,2025,4,2025-06-02T13:45:01.43,,104年1月至115年6月,1,,
4860,臺中市,SP015,2025/03/28,紐翠寶 NUTRIPE PURE 鰻魚&鮮草鹿肚 無膠主食犬罐,犬,罐頭,八犬國際行銷有限公司,紐西蘭,標示「符合國際標準」應提供相關作證資料,已依中市動稽字第1140003328號函轉新北市政府動物保護防疫處,2,2025-03-28T00:00:00,2025,4,2025-06-02T13:45:01.43,,104年1月至115年6月,1,,
4860,臺中市,SP014,2025/03/28,低磷眼睛保健 寵貓主食罐 鮭魚+鮪魚,貓,罐頭,狗爺貓妞企業社,臺灣,無,無,2,2025-03-28T00:00:00,2025,4,2025-06-02T13:45:01.43,,104年1月至115年6月,1,,
4860,臺中市,,2025/03/28,想比比 豪華機能主食罐 磷蝦油嫩雞,貓,罐頭,想比比有限公司,臺灣,"1.未標示製造廠商或委製廠商電話
2.特性宣稱或陳述資訊與事實不符或無法提供證明者",已依中市動稽字第1140003341號函轉高雄動物保護處,2,2025-03-28T00:00:00,2025,4,2025-06-02T13:45:01.43,,104年1月至115年6月,1,,
4860,臺中市,,2025/03/28,凍凍肉鬆-虱目魚口味,犬貓,零食,想比比有限公司,臺灣,"1.未依規申報
2.使用「經(特定單位)檢驗/認證/核可/認可/批准/通過推薦」詞句或類似詞句，與事實不符或無法提供證明。",已依中市動稽字第1140003341號函轉高雄動物保護處,2,2025-03-28T00:00:00,2025,4,2025-06-02T13:45:01.43,,104年1月至115年6月,1,,
4860,臺中市,,2025/03/28,魚燴海上鮮,犬,罐頭,狗爺貓妞企業社,臺灣,無,無,2,2025-03-28T00:00:00,2025,4,2025-06-02T13:45:01.43,,104年1月至115年6月,1,,
4860,臺中市,,2025/03/28,AKANE 小茜浮世繪副食罐(鮪魚+小魚),貓,罐頭,珮特街寵物用品有限公司,日本,無,無,2,2025-03-28T00:00:00,2025,4,2025-06-02T13:45:01.43,,104年1月至115年6月,1,,
4860,臺中市,,2025/03/28,奧力亞 OZYA 100%純原肉-深海旗魚低脂凍乾,犬貓,零食,全慶寵物用品有限公司,臺灣,無,無,2,2025-03-28T00:00:00,2025,4,2025-06-02T13:45:01.43,,104年1月至115年6月,1,,
4860,臺中市,,2025/03/28,邦比-貓餐罐 鮪魚+柴魚,貓,罐頭,全慶寵物用品有限公司,泰國,進口產品未標示國外製造廠商或國外委託製造廠商名稱、地址及電話,已依中市動稽字第1140003356號函轉臺南市動物保護防疫處,2,2025-03-28T00:00:00,2025,4,2025-06-02T13:45:01.43,,104年1月至115年6月,1,,
4860,臺中市,,2025/03/28,自然牧場100%紐西蘭天然零食鱈魚酥,犬,零食,澳新美有限公司,紐西蘭,"1.申報網申報重量與包裝標示不符
2.國內負責廠商地址與商業登記地址不同",已依中市動稽字第1140003446號函轉臺北市動物保護處,2,2025-03-28T00:00:00,2025,4,2025-06-02T13:45:01.43,,104年1月至115年6月,1,,
4860,臺中市,,2025/03/28,漁豐高齡膳食慕斯機能罐6號,貓,罐頭,貓狗甜心數位科技有限公司,泰國,進口產品未標示國外製造廠商或國外委託製造廠商名稱、地址及電話,已依中市動稽字第1140003355號函轉臺北市動物保護處,2,2025-03-28T00:00:00,2025,4,2025-06-02T13:45:01.43,,104年1月至115年6月,1,,
4860,臺中市,,2025/03/28,超越顛峰機能肉塊主食湯罐 鮮美鮪魚+現採椰子,貓,罐頭,王品寵物用品有限公司,泰國,無,無,2,2025-03-28T00:00:00,2025,4,2025-06-02T13:45:01.43,,104年1月至115年6月,1,,
4860,臺中市,,2025/03/28,索美達 凍乾生食貓貓餐 紐西蘭草飼牛肉,貓,乾飼糧,品果國際行銷有限公司,紐西蘭,"1.未依規申報
2.標示「符合國際標準」應提供相關作證資料",已依中市動稽字第1140003345號函轉桃園市政府動物保護處,2,2025-03-28T00:00:00,2025,4,2025-06-02T13:45:01.43,,104年1月至115年6月,1,,
4860,臺中市,,2025/03/28,Dibaq迪貝可 自然嗑犬糧 成老犬配方 羊肉口味,犬,乾飼糧,貓尾巴有限公司,西班牙,無,無,2,2025-03-28T00:00:00,2025,4,2025-06-02T13:45:01.43,,104年1月至115年6月,1,,
4860,臺中市,,2025/03/28,囍碗無穀天然糧-全齡犬-雞肉&大西洋龍蝦,犬,乾飼糧,聯誠寵物有限公司,加拿大,國內負責廠商地址與商業登記地址不同,已依中市動稽字第1140003328號函轉新北市政府動物保護防疫處,2,2025-03-28T00:00:00,2025,4,2025-06-02T13:45:01.43,,104年1月至115年6月,1,,
4860,臺中市,,2025/03/28,芮格爾天然寵糧-成犬-鮭魚,犬,乾飼糧,聯誠寵物有限公司,美國,有效或製造日期未標示中英文對照表,已依中市動稽字第1140003328號函轉新北市政府動物保護防疫處,2,2025-03-28T00:00:00,2025,4,2025-06-02T13:45:01.43,,104年1月至115年6月,1,,
4860,臺中市,,2025/03/28,本牧 紐西蘭 放牧草飼牛 成犬無穀糧,犬,乾飼糧,奧也股份有限公司,紐西蘭,申報網申報未附產品外觀照片,已依中市動稽字第1140003451號函請業者限期改善,2,2025-03-28T00:00:00,2025,4,2025-06-02T13:45:01.43,,104年1月至115年6月,1,,
4860,高雄市,WP010,2025/04/01,【原味饕饕】原肉湯汁-鮪魚135g,犬,罐頭,婕綸企業社,泰國,無,無,6,2025-04-01T00:00:00,2025,4,2025-06-02T13:45:01.43,,104年1月至115年6月,1,,
4860,高雄市,WP011,2025/04/01,卡默-鮮食餐盒(鮭魚+雪梨),犬,罐頭,耐維滋寵物食品有限公司,臺灣,無,無,6,2025-04-01T00:00:00,2025,4,2025-06-02T13:45:01.43,,104年1月至115年6月,1,,
4860,高雄市,,2025/04/01,炙燒鱈魚條,犬,零食,耐維滋寵物食品有限公司,臺灣,無,無,6,2025-04-01T00:00:00,2025,4,2025-06-02T13:45:01.43,,104年1月至115年6月,1,,
4860,高雄市,,2025/04/01,壹之鮮-肥嘟嘟鮪魚 萌犬主食罐頭,犬,罐頭,台灣松剛企業有限公司,臺灣,無,無,6,2025-04-01T00:00:00,2025,4,2025-06-02T13:45:01.43,,104年1月至115年6月,1,,
4860,高雄市,,2025/04/01,MamaMia貓餐罐(雞肉+白身鮪魚+南瓜),貓,罐頭,台灣惜時有限公司,泰國,無,無,6,2025-04-01T00:00:00,2025,4,2025-06-02T13:45:01.43,,104年1月至115年6月,1,,
4860,高雄市,,2025/04/01,Barong(貓)無穀田園-北大西洋鮭魚貓用主食乾糧,貓,乾飼糧,季軒有限公司,西班牙,產品未申報、標示有誤,通知業者限期改善,6,2025-04-01T00:00:00,2025,4,2025-06-02T13:45:01.43,,104年1月至115年6月,1,,
4860,高雄市,,2025/04/01,卡咪哇全齡貓-雞.鮪.米配方,貓,乾飼糧,東盈實業股份有限公司,泰國,產品標示有誤,移請臺北市卓處,6,2025-04-01T00:00:00,2025,4,2025-06-02T13:45:01.43,,104年1月至115年6月,1,,
4860,高雄市,,2025/04/01,索美達犬用鮮食肉片餐-紐西蘭南島深海魚,犬,乾飼糧,品果國際行銷有限公司,紐西蘭,無,無,6,2025-04-01T00:00:00,2025,4,2025-06-02T13:45:01.43,,104年1月至115年6月,1,,
4860,高雄市,,2025/04/01,咬著玩潔牙骨-深海鮪魚S,犬,潔牙骨,茂捷有限公司,泰國,產品未申報,通知業者限期改善,6,2025-04-01T00:00:00,2025,4,2025-06-02T13:45:01.43,,104年1月至115年6月,1,,
4860,高雄市,,2025/04/01,奇境 無穀貓罐 野生鯖魚燉雞湯,貓,罐頭,維逸有限公司,泰國,產品標示有誤,移請新北市卓處,6,2025-04-01T00:00:00,2025,4,2025-06-02T13:45:01.43,,104年1月至115年6月,1,,
4860,桃園市,,2025/05/21,貓主子御用泥條 - 鮮美鰹魚+蟹肉,貓,零食,喬泰寵物用品企業有限公司,臺灣,無,無,8,2025-05-21T00:00:00,2025,4,2025-06-02T13:45:01.43,,104年1月至115年6月,1,,
4860,桃園市,,2025/05/21,CIAO近海罐A-93(鰹魚+干貝),貓,罐頭,歐維氏企業社,日本,無,無,8,2025-05-21T00:00:00,2025,4,2025-06-02T13:45:01.43,,104年1月至115年6月,1,,
4860,桃園市,,2025/05/21,SHEBA® 誘惑泥™ 鰹魚+鰹魚及鮭魚口味,貓,罐頭,台灣瑪氏股份有限公司,泰國,無,無,8,2025-05-21T00:00:00,2025,4,2025-06-02T13:45:01.43,,104年1月至115年6月,1,,
4860,桃園市,,2025/05/21,貓侍CAT-POOL 極致肉泥餐包,犬、貓,半溼性飼糧,非貓不可股份有限公司,臺灣,無,無,8,2025-05-21T00:00:00,2025,4,2025-06-02T13:45:01.43,,104年1月至115年6月,1,,
4860,桃園市,,2025/05/21,貓皇族®金缶 白身鮪魚+鮮蝦,貓,罐頭,韋民企業股份有限公司,泰國,無,無,8,2025-05-21T00:00:00,2025,4,2025-06-02T13:45:01.43,,104年1月至115年6月,1,,
4860,桃園市,,2025/05/21,自然小徑 貓主食罐 鮮雞+鮮蝦+蔓越莓 400G,貓,罐頭,寵愛國際行銷有限公司, 德國,無,無,8,2025-05-21T00:00:00,2025,4,2025-06-02T13:45:01.43,,104年1月至115年6月,1,,
4860,桃園市,,2025/05/21,瑪恩吉 真野無穀 鱈魚+鮮蝦+蔬菜 主食貓餐包,貓,罐頭,柏希菲克股份有限公司,義大利,無,無,8,2025-05-21T00:00:00,2025,4,2025-06-02T13:45:01.43,,104年1月至115年6月,1,,
4860,桃園市,,2025/05/21,邦比-貓餐罐 鮪魚+鮮蝦80g,貓,罐頭,全慶寵物用品有限公司,泰國,無,無,8,2025-05-21T00:00:00,2025,4,2025-06-02T13:45:01.43,,104年1月至115年6月,1,,
4860,桃園市,,2025/05/21,啾愛肉泥(雞肉+鮮蝦),貓,零食,品果國際行銷有限公司,韓國,無,無,8,2025-05-21T00:00:00,2025,4,2025-06-02T13:45:01.43,,104年1月至115年6月,1,,
4860,桃園市,,2025/05/21,福壽貓食 鮪魚+蟹肉口味,貓,乾飼糧,瑜揚寵物精品店,臺灣,無,無,8,2025-05-21T00:00:00,2025,4,2025-06-02T13:45:01.43,,104年1月至115年6月,1,,
4860,宜蘭縣,BP003,2025/04/15,OzBone卡賀家犬零食-香烤鮭魚雞肉片160g 20669,犬,零食,東森寵物雲股份有限公司,臺灣,無,無,9,2025-04-15T00:00:00,2025,4,2025-06-02T13:45:01.43,,104年1月至115年6月,1,,
4860,宜蘭縣,BP004,2025/04/15,小犬威利 鮭魚粉 40g,犬、貓,乾飼糧,威饌股份有限公司,臺灣,無,無,9,2025-04-15T00:00:00,2025,4,2025-06-02T13:45:01.43,,104年1月至115年6月,1,,
4860,宜蘭縣,BP005,2025/04/15,Main Course每客思全營養主食罐(白身鮪魚+吻仔魚),貓,罐頭,台灣惜時有限公司,泰國,無,無,9,2025-04-15T00:00:00,2025,4,2025-06-02T13:45:01.43,,104年1月至115年6月,1,,
4860,宜蘭縣,,2025/04/15,鮮味虱目魚柳,犬、貓,零食,寵鮮灶腳有限公司,臺灣,無,無,9,2025-04-15T00:00:00,2025,4,2025-06-02T13:45:01.43,,104年1月至115年6月,1,,
4860,宜蘭縣,,2025/04/15,MC-CB9-姆吉-熱浪椰島貓湯包-鮪魚綠貽貝,貓,罐頭,聯誠寵物有限公司,泰國,無,無,9,2025-04-15T00:00:00,2025,4,2025-06-02T13:45:01.43,,104年1月至115年6月,1,,
4860,新竹縣,DP007,2025/04/21,多納活動犬狗乾糧牛肉鮭魚口味,犬,乾飼糧,寶榮開發企業股份有限公司,臺灣,無,無,10,2025-04-21T00:00:00,2025,4,2025-06-02T13:45:01.43,,104年1月至115年6月,1,,
4860,新竹縣,DP008,2025/04/21,斯博康®小型成犬鮮鮪活力配方,犬,乾飼糧,台灣雀巢股份有限公司,泰國,無,無,10,2025-04-21T00:00:00,2025,4,2025-06-02T13:45:01.43,,104年1月至115年6月,1,,
4860,新竹縣,DP009,2025/04/21,愛慕思 健康優活 成貓配方 鮪魚及鮭魚口味,貓,乾飼糧,台灣瑪氏股份有限公司,泰國,無,無,10,2025-04-21T00:00:00,2025,4,2025-06-02T13:45:01.43,,104年1月至115年6月,1,,
4860,新竹縣,,2025/04/23,健綠潔牙骨,犬,潔牙骨,台灣瑪氏股份有限公司,美國,無,無,10,2025-04-23T00:00:00,2025,4,2025-06-02T13:45:01.43,,104年1月至115年6月,1,,
4860,新竹縣,,2025/04/23,CIAO啾嚕肉泥-鰹魚&柴魚片,貓,零食,強普股份有限公司,日本,無,無,10,2025-04-23T00:00:00,2025,4,2025-06-02T13:45:01.43,,104年1月至115年6月,1,,
4860,新竹縣,,2025/04/23,CIAO啾嚕肉泥-沙丁魚+鮪魚,貓,零食,強普股份有限公司,日本,無,無,10,2025-04-23T00:00:00,2025,4,2025-06-02T13:45:01.43,,104年1月至115年6月,1,,
4860,新竹縣,,2025/04/23,沃野 速效潔牙骨 牛奶+雞肉,犬,潔牙骨,東森寵物雲股份有限公司,臺灣,無,無,10,2025-04-23T00:00:00,2025,4,2025-06-02T13:45:01.43,,104年1月至115年6月,1,,
4860,新竹縣,,2025/04/23,奧力棒口腔保健螺旋6星潔牙棒(雞肉+起司),犬,潔牙骨,東森寵物雲股份有限公司,臺灣,無,無,10,2025-04-23T00:00:00,2025,4,2025-06-02T13:45:01.43,,104年1月至115年6月,1,,
4860,苗栗縣,,2025/04/11,化毛配方誘惑肉泥（鮪魚+鮭魚）,貓,零食,柏宜斯寵物國際有限公司,泰國,未申報,函請業者改善,11,2025-04-11T00:00:00,2025,4,2025-06-02T13:45:01.43,,104年1月至115年6月,1,,
4860,苗栗縣,EP004,2025/04/11,MOKO銀貓頂級原汁主食湯罐（雞肉＋鰹魚＋柴魚）,貓,罐頭,締兒沛寵物國際有限公司,臺灣,無,無,11,2025-04-11T00:00:00,2025,4,2025-06-02T13:45:01.43,,104年1月至115年6月,1,,
4860,苗栗縣,,2025/04/11,希恩奇五星頂級消臭天然糧幼犬抗敏護毛系列（羊肉＋鮭魚＋海藻）,犬,乾飼糧,弘將國際企業有限公司,臺灣,未申報,函請業者改善,11,2025-04-11T00:00:00,2025,4,2025-06-02T13:45:01.43,,104年1月至115年6月,1,,
4860,苗栗縣,EP005,2025/04/11,日本藍 小魚乾,犬、貓,零食,雍立貿易股份有限公司,日本,申報資訊有誤,函轉臺北市動保處辦理,11,2025-04-11T00:00:00,2025,4,2025-06-02T13:45:01.43,,104年1月至115年6月,1,,
4860,苗栗縣,EP006,2025/04/11,莫比S26鮭魚馬鈴薯全齡犬無穀食譜,犬,乾飼糧,博東客企業有限公司,美國,"產品包裝未標示
國外製造商
名稱、地址、電話",函轉臺北市動保處辦理,11,2025-04-11T00:00:00,2025,4,2025-06-02T13:45:01.43,,104年1月至115年6月,1,,
4860,彰化縣,GP009,2025/04/02,Rrannk機能主食罐-白身鮪魚,貓,罐頭,統冠生活事業股份有限公司,泰國,無,無,12,2025-04-02T00:00:00,2025,4,2025-06-02T13:45:01.43,,104年1月至115年6月,1,,
4860,彰化縣,GP010,2025/04/02,K196 喵洽普 貓咪肉泥-鮪魚 & 干貝,貓,零食,壹士達寵物有限公司,韓國,無,無,12,2025-04-02T00:00:00,2025,4,2025-06-02T13:45:01.43,,104年1月至115年6月,1,,
4860,彰化縣,GP011,2025/04/02,TG-04030 奇境 澳洲鮭魚＋紐西蘭羊肺凍乾 無穀全貓糧,貓,乾飼糧,維逸有限公司,澳洲,無,無,12,2025-04-02T00:00:00,2025,4,2025-06-02T13:45:01.43,,104年1月至115年6月,1,,
4860,彰化縣,,2025/04/02,Rrannk 機能主食罐-白身鮪魚+鮭魚,貓,罐頭,統冠生活事業股份有限公司,泰國,無,無,12,2025-04-02T00:00:00,2025,4,2025-06-02T13:45:01.43,,104年1月至115年6月,1,,
4860,彰化縣,,2025/04/02,K176 喵洽普 貓罐-鮪魚 & 蟹肉,貓,零食,壹士達寵物有限公司,韓國,無,無,12,2025-04-02T00:00:00,2025,4,2025-06-02T13:45:01.43,,104年1月至115年6月,1,,
4860,彰化縣,,2025/04/02,奇境 無穀貓糧 澳洲尖吻鱸&鮪魚+紐西蘭羊肺凍乾 250G 分裝包,貓,乾飼糧,維逸有限公司,澳洲,無,無,12,2025-04-02T00:00:00,2025,4,2025-06-02T13:45:01.43,,104年1月至115年6月,1,,
4860,彰化縣,,2025/04/02,歐睿健ORIJEN 六種鮮魚貓 無穀配方(野生漁獲+新鮮蔬果),貓,乾飼糧,豪翼行銷有限公司,加拿大,無,無,12,2025-04-02T00:00:00,2025,4,2025-06-02T13:45:01.43,,104年1月至115年6月,1,,
4860,彰化縣,,2025/04/02,愛肯拿ACANA 海洋盛宴貓,貓,乾飼糧,豪翼行銷有限公司,加拿大,無,無,12,2025-04-02T00:00:00,2025,4,2025-06-02T13:45:01.43,,104年1月至115年6月,1,,
4860,彰化縣,,2025/04/02,Natural Kitty 自然小貓 超級食物配方 鮪魚佐蘆筍肉泥,貓,零食,派脆客有限公司,泰國,無,無,12,2025-04-02T00:00:00,2025,4,2025-06-02T13:45:01.43,,104年1月至115年6月,1,,
4860,彰化縣,,2025/04/02,Natural Kitty 自然小貓 超級食物配方 鮪魚、鮭魚佐藍莓,貓,零食,派脆客有限公司,泰國,無,無,12,2025-04-02T00:00:00,2025,4,2025-06-02T13:45:01.43,,104年1月至115年6月,1,,
4860,彰化縣,,2025/04/02,Natural Kitty® 自然小貓 100%天然金線魚,犬貓,零食,派脆客有限公司,泰國,無,無,12,2025-04-02T00:00:00,2025,4,2025-06-02T13:45:01.43,,104年1月至115年6月,1,,
4860,彰化縣,,2025/04/02,Natural Kitty® 自然小貓 100%天然鱸魚,犬貓,零食,派脆客有限公司,泰國,無,無,12,2025-04-02T00:00:00,2025,4,2025-06-02T13:45:01.43,,104年1月至115年6月,1,,
4860,彰化縣,,2025/04/02,長崎 小魚乾,犬貓,零食,雍立貿易股份有限公司,日本,無,無,12,2025-04-02T00:00:00,2025,4,2025-06-02T13:45:01.43,,104年1月至115年6月,1,,
4860,彰化縣,,2025/04/02,長崎 丁香魚,犬貓,零食,雍立貿易股份有限公司,日本,無,無,12,2025-04-02T00:00:00,2025,4,2025-06-02T13:45:01.43,,104年1月至115年6月,1,,
4860,彰化縣,,2025/04/02,超越巔峰 貓用鮮食肉片 - 紐西蘭雞肉+HOKI鱈魚+綠貽貝+牛磺酸,貓,乾飼糧,王品寵物用品有限公司,紐西蘭,無,無,12,2025-04-02T00:00:00,2025,4,2025-06-02T13:45:01.43,,104年1月至115年6月,1,,
4860,彰化縣,,2025/04/02,"超越巔峰 犬用鮮食肉片 - 紐西蘭雞肉+HOKI鱈魚+綠貽貝+牛磺酸
",犬,乾飼糧,王品寵物用品有限公司,紐西蘭,無,無,12,2025-04-02T00:00:00,2025,4,2025-06-02T13:45:01.43,,104年1月至115年6月,1,,
4860,彰化縣,,2025/04/02,藤沢蟹肉絲 化毛45g,貓,零食,奧也股份有限公司,日本,無,無,12,2025-04-02T00:00:00,2025,4,2025-06-02T13:45:01.43,,104年1月至115年6月,1,,
4860,彰化縣,,2025/04/17,自然牧場—紐西蘭天然零食—銀鮫魚軟骨 100g,犬,零食,澳新美有限公司,紐西蘭,無,無,12,2025-04-17T00:00:00,2025,4,2025-06-02T13:45:01.43,,104年1月至115年6月,1,,
4860,彰化縣,,2025/04/17,然牧場訓練軟零食—綠唇貝羊肉—140g,犬,零食,澳新美有限公司,紐西蘭,無,無,12,2025-04-17T00:00:00,2025,4,2025-06-02T13:45:01.43,,104年1月至115年6月,1,,
4860,彰化縣,,2025/04/17,CIAO 柴魚片 CS-17 (鰹魚+沙丁魚口味)50g,貓,零食,喬治兄弟企業股份有限公司,日本,無,無,12,2025-04-17T00:00:00,2025,4,2025-06-02T13:45:01.43,,104年1月至115年6月,1,,
4860,彰化縣,,2025/04/17,CIAO 柴魚片 CS-16 (鰹魚口味)50g,貓,零食,喬治兄弟企業股份有限公司,日本,無,無,12,2025-04-17T00:00:00,2025,4,2025-06-02T13:45:01.43,,104年1月至115年6月,1,,
4860,彰化縣,,2025/04/17,元氣王沙丁魚,貓,零食,弘友股份有限公司,日本,無,無,12,2025-04-17T00:00:00,2025,4,2025-06-02T13:45:01.43,,104年1月至115年6月,1,,
4860,彰化縣,,2025/04/17,PETKISS 貓用 口腔護理 螃蟹風味片,貓,零食,獅王家品股份有限公司,日本,無,無,12,2025-04-17T00:00:00,2025,4,2025-06-02T13:45:01.43,,104年1月至115年6月,1,,
4860,彰化縣,,2025/04/17,PETKISS 貓用 口腔護理 小魚乾,貓,零食,獅王家品股份有限公司,日本,無,無,12,2025-04-17T00:00:00,2025,4,2025-06-02T13:45:01.43,,104年1月至115年6月,1,,
4860,彰化縣,,2025/04/17,貓咪深海鮭魚皮鮭魚丁,貓,零食,台灣愛邦仕實業股份有限公司,泰國,無,無,12,2025-04-17T00:00:00,2025,4,2025-06-02T13:45:01.43,,104年1月至115年6月,1,,
4860,彰化縣,,2025/04/17,貓專用深海鮮魚棒,貓,零食,台灣愛邦仕實業股份有限公司,臺灣,無,無,12,2025-04-17T00:00:00,2025,4,2025-06-02T13:45:01.43,,104年1月至115年6月,1,,
4860,彰化縣,,2025/04/17,舟屋 柳葉魚急凍乾燥C13-5,貓,零食,冠閎實業有限公司,臺灣,無,無,12,2025-04-17T00:00:00,2025,4,2025-06-02T13:45:01.43,,104年1月至115年6月,1,,
4860,彰化縣,,2025/04/17,宏瑋奢華凍乾-虱目魚(50g),貓,零食,宏瑋醫材有限公司,臺灣,未依規定於寵物食品標示保存方法及條件，適用寵物種類、方法及其他應注意事項。,"疑違反動物保護法第22條之5第1項第7、8款規定,彰動防字第1140001964號通知業者限期改善",12,2025-04-17T00:00:00,2025,4,2025-06-02T13:45:01.43,,104年1月至115年6月,1,,
4860,彰化縣,,2025/04/17,宏瑋奢華凍乾-特級蝦仁(40g),貓,零食,宏瑋醫材有限公司,臺灣,未依規定於寵物食品標示保存方法及條件，適用寵物種類、方法及其他應注意事項。,"疑違反動物保護法第22條之5第1項第7、8款規定,彰動防字第1140001964號通知業者限期改善",12,2025-04-17T00:00:00,2025,4,2025-06-02T13:45:01.43,,104年1月至115年6月,1,,
4860,南投縣,HP003,2025/04/18,VOSTO深海鮪魚罐（純鮪魚）,貓,罐頭,崧曜國際有限公司,泰國,無,無,13,2025-04-18T00:00:00,2025,4,2025-06-02T13:45:01.43,,104年1月至115年6月,1,,
4860,南投縣,,2025/04/25,Qmeat肉蓉主食罐(現撈吻仔魚),犬,罐頭,沅慶企業有限公司,臺灣,無,無,13,2025-04-25T00:00:00,2025,4,2025-06-02T13:45:01.43,,104年1月至115年6月,1,,
4860,南投縣,HP004,2025/04/25,瑞威天然平衡全齡犬糧3號海洋魚貝-舒敏護膚,犬,乾飼糧,瑞威動物科技股份有限公司,臺灣,無,無,13,2025-04-25T00:00:00,2025,4,2025-06-02T13:45:01.43,,104年1月至115年6月,1,,
4860,南投縣,,2025/04/25,小叼饞-貓御用凍乾原食｜日本丁香魚(袋),貓,零食,螢火蟲原創有限公司,臺灣,無,無,13,2025-04-25T00:00:00,2025,4,2025-06-02T13:45:01.43,,104年1月至115年6月,1,,
4860,南投縣,,2025/04/25,HOOLI 呼哩一起變聰明-歐米茄鮪魚凍乾,貓,零食,盛貿寵物股份有限公司,臺灣,無,無,13,2025-04-25T00:00:00,2025,4,2025-06-02T13:45:01.43,,104年1月至115年6月,1,,
4860,南投縣,HO005,2025/04/25,韓國 NATURAL CORE 自然核心 營養湯雙袋-鮭魚&鮪魚,貓,罐頭,新寵兒寵物股份有限公司,泰國,無,無,13,2025-04-25T00:00:00,2025,4,2025-06-02T13:45:01.43,,104年1月至115年6月,1,,
4860,南投縣,,2025/04/25,妙貓14號片狀-鮪、雞肉,貓,罐頭,東盈實業股份有限公司,日本,無,無,13,2025-04-25T00:00:00,2025,4,2025-06-02T13:45:01.43,,104年1月至115年6月,1,,
4860,雲林縣,,2025/04/11,香濃物語-小魚乾雞肉捲,犬,零食,展聖寵物用品有限公司,新加坡,無,無,14,2025-04-11T00:00:00,2025,4,2025-06-02T13:45:01.43,,104年1月至115年6月,1,,
4860,雲林縣,,2025/04/11,Astar貓薄荷鮪魚鮭魚夾心餡餅,貓,零食,台灣愛邦仕實業有限公司,臺灣,無,無,14,2025-04-11T00:00:00,2025,4,2025-06-02T13:45:01.43,,104年1月至115年6月,1,,
4860,雲林縣,IP001,2025/04/11,自然主義草本美毛犬糧-全齡犬(雞肉鮭魚+百合根)400g,犬,乾飼糧,東森寵物雲股份有限公司,荷蘭,有效日期標示錯誤，疑涉違動物保護法第22條之5第1項第6款。,移送責任廠商所在地管轄機關進行查處。,14,2025-04-11T00:00:00,2025,4,2025-06-02T13:45:01.43,,104年1月至115年6月,1,,
4860,雲林縣,IP002,2025/04/14,喵Bar 全能貓餐罐-鮪魚+蟹肉400g,貓,罐頭,樺隆有限公司,臺灣,有效日期標示錯誤，疑涉違動物保護法第22條之5第1項第7款。,移送責任廠商所在地管轄機關進行查處。,14,2025-04-14T00:00:00,2025,4,2025-06-02T13:45:01.43,,104年1月至115年6月,1,,
4860,雲林縣,,2025/04/17,LV藍帶精選頂級貓食-滋補幼母貓,貓,乾飼糧,斑尼菲國際有限公司,臺灣,無,無,14,2025-04-17T00:00:00,2025,4,2025-06-02T13:45:01.43,,104年1月至115年6月,1,,
4860,雲林縣,IP003,2025/04/17,博朗氏成好貓寵物乾糧 雞肉+海魚+蔓越莓（1.5kg）,貓,乾飼糧,寶榮開發企業股份有限公司,臺灣,無,無,14,2025-04-17T00:00:00,2025,4,2025-06-02T13:45:01.43,,104年1月至115年6月,1,,
4860,嘉義縣,JP003,2025/04/18,INABA魚盛大餐包(鮪魚+鰹魚+柴魚片),貓,罐頭,喬治兄弟企業股份有限公司,日本,無,無,15,2025-04-18T00:00:00,2025,4,2025-06-02T13:45:01.43,,104年1月至115年6月,1,,
4860,嘉義縣,JP004,2025/04/18,Mr.Bar時光鮮廚超大貓罐(鮪魚+蟹肉風味),貓,罐頭,樺隆有限公司,泰國,無,無,15,2025-04-18T00:00:00,2025,4,2025-06-02T13:45:01.43,,104年1月至115年6月,1,,
4860,嘉義縣,JP005,2025/04/18,貓大爺的銀帶鯡,犬、貓,零食,經思確有限公司,臺灣,無,無,15,2025-04-18T00:00:00,2025,4,2025-06-02T13:45:01.43,,104年1月至115年6月,1,,
4860,嘉義縣,,2025/04/18,倍力低敏護膚配方(鮭魚+甜薯),犬,乾飼糧,盈寶寵物股份有限公司,臺灣,無,無,15,2025-04-18T00:00:00,2025,4,2025-06-02T13:45:01.43,,104年1月至115年6月,1,,
4860,嘉義縣,,2025/04/18,倍力全護低敏貓糧(爆毛美膚配方),貓,零食,盈寶寵物股份有限公司,臺灣,無,無,15,2025-04-18T00:00:00,2025,4,2025-06-02T13:45:01.43,,104年1月至115年6月,1,,
4860,嘉義縣,,2025/04/25,SHEBA鮮饌包 鮪魚(吞拿魚)及鯛魚口味,貓,罐頭,美商瑪氏食品股份有限公司台灣分公司,泰國,無,無,15,2025-04-25T00:00:00,2025,4,2025-06-02T13:45:01.43,,104年1月至115年6月,1,,
4860,嘉義縣,,2025/04/25,Miki特級機能愛貓餐杯(鮮嫩軟雞絲+白身鮪魚in南瓜湯凍),貓,罐頭,台灣惜時有限公司,泰國,無,無,15,2025-04-25T00:00:00,2025,4,2025-06-02T13:45:01.43,,104年1月至115年6月,1,,
4860,屏東縣,,2025/04/02,"SS名廚特選主食罐 
鮮鮪魚片+鮮蝦食譜(貓用)",貓,罐頭,逸寶國際股份有限公司,泰國,無,無,16,2025-04-02T00:00:00,2025,4,2025-06-02T13:45:01.43,,104年1月至115年6月,1,,
4860,屏東縣,,2025/04/02,"SS名廚特選主食罐 
鮮鮪魚片+野生鮭魚食譜(貓用)",貓,罐頭,逸寶國際股份有限公司,泰國,無,無,16,2025-04-02T00:00:00,2025,4,2025-06-02T13:45:01.43,,104年1月至115年6月,1,,
4860,屏東縣,,2025/04/02,妙喵 13號片狀-鮪、吻仔,貓,罐頭,東盈實業股份有限公司,日本,無,無,16,2025-04-02T00:00:00,2025,4,2025-06-02T13:45:01.43,,104年1月至115年6月,1,,
4860,屏東縣,,2025/04/02,妙喵 15號片狀-鮪、柴魚,貓,罐頭,東盈實業股份有限公司,日本,無,無,16,2025-04-02T00:00:00,2025,4,2025-06-02T13:45:01.43,,104年1月至115年6月,1,,
4860,屏東縣,,2025/04/02,"六種鮮魚貓 無穀配方
(野生魚獲+新鮮蔬果)",貓,乾飼糧,豪翼行銷有限公司,加拿大,無,無,16,2025-04-02T00:00:00,2025,4,2025-06-02T13:45:01.43,,104年1月至115年6月,1,,
4860,屏東縣,,2025/04/02,"特百滋凍乾三重奏 成幼犬
低敏海鮮配方 2lb",犬,乾飼糧,艾澌克企業股份有限公司,臺灣,無,無,16,2025-04-02T00:00:00,2025,4,2025-06-02T13:45:01.43,,104年1月至115年6月,1,,
4860,屏東縣,,2025/04/02,"瑞威天然平衡犬糧 3號
海洋魚貝 小顆粒 500g",犬,乾飼糧,瑞威動物科技股份有限公司,臺灣,未標示保存期限,已於114年4月11日以屏府農動字第1140099273號函移請新北市政府動物保護防疫處依規定查處,16,2025-04-02T00:00:00,2025,4,2025-06-02T13:45:01.43,,104年1月至115年6月,1,,
4860,屏東縣,,2025/04/02,小犬威利 虱目魚柳 30g,犬、貓,零食,威饌股份有限公司,臺灣,無,無,16,2025-04-02T00:00:00,2025,4,2025-06-02T13:45:01.43,,104年1月至115年6月,1,,
4860,屏東縣,,2025/04/02,小犬威利 干貝 20g,犬、貓,零食,威饌股份有限公司,臺灣,無,無,16,2025-04-02T00:00:00,2025,4,2025-06-02T13:45:01.43,,104年1月至115年6月,1,,
4860,屏東縣,,2025/04/02,牠喵的 鮮味白蝦 20g,犬、貓,零食,威饌股份有限公司,臺灣,無,無,16,2025-04-02T00:00:00,2025,4,2025-06-02T13:45:01.43,,104年1月至115年6月,1,,
4860,屏東縣,,2025/04/02,牠喵的 鮭魚粉 40g,犬、貓,零食,威饌股份有限公司,臺灣,無,無,16,2025-04-02T00:00:00,2025,4,2025-06-02T13:45:01.43,,104年1月至115年6月,1,,
4860,屏東縣,,2025/04/02,"南極磷蝦油 寵物營養補充條
鮭魚x丹麥非變性二型膠原",犬、貓,補助食品,金富錸國際寵物有限公司,臺灣,無,無,16,2025-04-02T00:00:00,2025,4,2025-06-02T13:45:01.43,,104年1月至115年6月,1,,
4860,屏東縣,MP010,2025/04/14,"柏萊富棒吉 漁人現撈 6種魚
(6種嚴選鮮魚)",貓,乾飼糧,柏希菲克股份有限公司,美國,無,無,16,2025-04-14T00:00:00,2025,4,2025-06-02T13:45:01.43,,104年1月至115年6月,1,,
4860,屏東縣,MP011,2025/04/14,汪洽普 狗狗凍乾零食-爆蛋毛鱗魚,犬,零食,壹士達寵物有限公司,韓國,無,無,16,2025-04-14T00:00:00,2025,4,2025-06-02T13:45:01.43,,104年1月至115年6月,1,,
4860,屏東縣,MP012,2025/04/14,驕傲貓 貓專用海鮮鮮極棒,貓,零食,台灣愛邦仕實業有限公司,泰國,無,無,16,2025-04-14T00:00:00,2025,4,2025-06-02T13:45:01.43,,104年1月至115年6月,1,,
4860,臺東縣,,2025/04/02,耐吉斯海陸餐(貓)-鮭魚雞肉風味(包裝4.5磅),貓,乾飼糧,愛澌克企業有限公司,美國,無,無,17,2025-04-02T00:00:00,2025,4,2025-06-02T13:45:01.43,,104年1月至115年6月,1,,
4860,臺東縣,,2025/04/02,自然主義貓糧-雞肉鮭魚風味(包裝2kg),貓,乾飼糧,東森寵物雲股份有限公司,荷蘭,無,無,17,2025-04-02T00:00:00,2025,4,2025-06-02T13:45:01.43,,104年1月至115年6月,1,,
4860,臺東縣,,2025/04/02,歐思恩全齡貓糧-野生帝王鮭風味(包裝1.6kg),貓,乾飼糧,聯享寵物貿易有限公司,紐西蘭,無,無,17,2025-04-02T00:00:00,2025,4,2025-06-02T13:45:01.43,,104年1月至115年6月,1,,
4860,臺東縣,,2025/04/02,無一物寒天貓餐包-鰹魚風味(包裝50g),貓,罐頭,竣百有限公司,日本,無,無,17,2025-04-02T00:00:00,2025,4,2025-06-02T13:45:01.43,,104年1月至115年6月,1,,
4860,臺東縣,,2025/04/02,經典維齊-雞肉+鮭魚風味(包裝80g),犬,罐頭,竣百有限公司,泰國,無,無,17,2025-04-02T00:00:00,2025,4,2025-06-02T13:45:01.43,,104年1月至115年6月,1,,
4860,臺東縣,NP004,2025/04/02,瑞威肌能罐-鱈魚+海瓜子風味(包裝165g),犬,罐頭,瑞威動物科技股份有限公司,臺灣,無,無,17,2025-04-02T00:00:00,2025,4,2025-06-02T13:45:01.43,,104年1月至115年6月,1,,
4860,臺東縣,NP005,2025/04/02,毛研工事鮮萃罐-鮮蔬+劍旗魚風味(包裝80g),犬,罐頭,毛研工坊,臺灣,無,無,17,2025-04-02T00:00:00,2025,4,2025-06-02T13:45:01.43,,104年1月至115年6月,1,,
4860,花蓮縣,OP004,2025/04/16,CIAO 全魚宴餐包 (鮪魚+鰹魚+魷魚) 60g*3入,貓,零食,強普股份有限公司,泰國,無,無,18,2025-04-16T00:00:00,2025,4,2025-06-02T13:45:01.43,,104年1月至115年6月,1,,
4860,花蓮縣,OP005,2025/04/16,慧心機能犬罐-鮮雞蟹棒佐海苔口味80G,犬,罐頭,好侶股份有限公司,泰國,無,無,18,2025-04-16T00:00:00,2025,4,2025-06-02T13:45:01.43,,104年1月至115年6月,1,,
4860,花蓮縣,OP006,2025/04/16,加好寶貓罐-遠洋鮪魚大餐170G,貓,罐頭,好侶股份有限公司,泰國,包裝標示與申報網不符,移送責任廠商所在地管轄機關卓處,18,2025-04-16T00:00:00,2025,4,2025-06-02T13:45:01.43,,104年1月至115年6月,1,,
4860,花蓮縣,,2025/04/29,葛莉思CAT CARE貓罐-鮪魚沙丁魚,貓,罐頭,福壽實業股份有限公司,泰國,包裝標示與申報網不符,移送責任廠商所在地管轄機關卓處,18,2025-04-29T00:00:00,2025,4,2025-06-02T13:45:01.43,,104年1月至115年6月,1,,
4860,花蓮縣,,2025/04/29,戀戀貓乾糧1-7歲成貓適用-1.5KG/鮪魚+鮭魚+雞肉風味,貓,乾飼糧,全球寵物用品有限公司,臺灣,無,無,18,2025-04-29T00:00:00,2025,4,2025-06-02T13:45:01.43,,104年1月至115年6月,1,,
4860,澎湖縣,,2025/02/20,IN Plus蛋殼膜卵磷脂 魚油舒敏配方,犬,補助食品,艾澌克企業股份有限公司,臺灣,無,無,19,2025-02-20T00:00:00,2025,4,2025-06-02T13:45:01.43,,104年1月至115年6月,1,,
4860,澎湖縣,,2025/02/20,Ciao本鰹燒魚柳條(吻仔魚味)HK-03,貓,零食,寵兒貿商有限公司,日本,無,無,19,2025-02-20T00:00:00,2025,4,2025-06-02T13:45:01.43,,104年1月至115年6月,1,,
4860,澎湖縣,,2025/02/20,CG即食燒烤海原風味鯖魚,貓,零食,台灣愛邦仕實業股份有限公司,泰國,無,無,19,2025-02-20T00:00:00,2025,4,2025-06-02T13:45:01.43,,104年1月至115年6月,1,,
4860,澎湖縣,,2025/02/20,PV貓專用鮪魚鮮極棒,貓,零食,魔法村寵物用品有限公司,泰國,無,無,19,2025-02-20T00:00:00,2025,4,2025-06-02T13:45:01.43,,104年1月至115年6月,1,,
4860,澎湖縣,,2025/02/20,德國竣寶-護眼保健鮪魚餡餅,貓,零食,八犬國際行銷有限公司,奧地利,無,無,19,2025-02-20T00:00:00,2025,4,2025-06-02T13:45:01.43,,104年1月至115年6月,1,,
4860,基隆市,QP004,2025/04/07,吶一口無穀貓咪湯罐-鮪魚+濃香柴魚,貓,罐頭,豪翼行銷有限公司,泰國,無,無,20,2025-04-07T00:00:00,2025,4,2025-06-02T13:45:01.43,,104年1月至115年6月,1,,
4860,基隆市,,2025/04/07,吶一口機能貓主食泥罐－鮮嫩鮪魚+蘋果 (具抗氧化作用),貓,罐頭,豪翼行銷有限公司,泰國,無,無,20,2025-04-07T00:00:00,2025,4,2025-06-02T13:45:01.43,,104年1月至115年6月,1,,
4860,基隆市,QP005,2025/04/07,貓皇族®金缶 白身鮪魚+蟹味棒,貓,罐頭,韋民企業股份有限公司,泰國,包裝原料及營養成分標示與申報網資料不符,通知業者限期改善,20,2025-04-07T00:00:00,2025,4,2025-06-02T13:45:01.43,,104年1月至115年6月,1,,
4860,基隆市,QP006,2025/04/07,海夫默克 挪威鱈魚魚皮塊,犬,零食,奧也股份有限公司,越南,包裝原料及營養成分標示與申報網資料不符,通知業者限期改善,20,2025-04-07T00:00:00,2025,4,2025-06-02T13:45:01.43,,104年1月至115年6月,1,,
4860,基隆市,,2025/04/07,Onnal金黃布丁-鮪.鯖30g,犬、貓,罐頭,東盈實業股份有限公司,韓國,無,無,20,2025-04-07T00:00:00,2025,4,2025-06-02T13:45:01.43,,104年1月至115年6月,1,,
4860,新竹市,RP004,2025/04/17,香榭深海鮭魚+梨子,犬,罐頭,品果國際行銷有限公司,波蘭,無,無,21,2025-04-17T00:00:00,2025,4,2025-06-02T13:45:01.43,,104年1月至115年6月,1,,
4860,新竹市,RP005,2025/04/17,咘莉-酥脆黑水虻狗養乾系列-薄荷+鮪魚,犬,零食,展飛股份有限公司,捷克,無,無,21,2025-04-17T00:00:00,2025,4,2025-06-02T13:45:01.43,,104年1月至115年6月,1,,
4860,新竹市,RP006,2025/04/17,超越巔峰無穀犬罐-雞肉+鮭魚,犬,罐頭,王品寵物用品有限公司,泰國,無,無,21,2025-04-17T00:00:00,2025,4,2025-06-02T13:45:01.43,,104年1月至115年6月,1,,
4860,新竹市,,2025/04/17,嚼醒-鱈魚雞肉條,犬 ,零食,凱普頓企業股份有限公司,臺灣,無,無,21,2025-04-17T00:00:00,2025,4,2025-06-02T13:45:01.43,,104年1月至115年6月,1,,
4860,新竹市,,2025/04/17,逗毛坊-元氣干貝,犬、貓,零食,緯力昇國際有限公司,臺灣,無,無,21,2025-04-17T00:00:00,2025,4,2025-06-02T13:45:01.43,,104年1月至115年6月,1,,
4860,嘉義市,,2025/04/18,Rrannk機能主食罐-白身鮪魚+鮭魚,貓,罐頭,統冠生活事業股份有限公司,泰國,無,無,22,2025-04-18T00:00:00,2025,4,2025-06-02T13:45:01.43,,104年1月至115年6月,1,,
4860,嘉義市,,2025/04/18,超級SP補水炸彈湯罐-雞肉+鮪魚,貓,罐頭,壹士達寵物有限公司,泰國,無,無,22,2025-04-18T00:00:00,2025,4,2025-06-02T13:45:01.43,,104年1月至115年6月,1,,
4860,嘉義市,,2025/04/18,葛蕾特交響樂低溫慢燉主食-鮮蝦&火雞,貓,罐頭,聯誠寵物有限公司,德國,無,無,22,2025-04-18T00:00:00,2025,4,2025-06-02T13:45:01.43,,104年1月至115年6月,1,,
4860,嘉義市,,2025/04/21,派庫廚房Petcook酥酥丁香魚凍乾,貓,零食,金派庫國際有限公司,臺灣,無,無,22,2025-04-21T00:00:00,2025,4,2025-06-02T13:45:01.43,,104年1月至115年6月,1,,
4860,嘉義市,,2025/04/21,自然牧場100%紐西蘭天然零食(鱈魚酥),貓,零食,澳新美有限公司,紐西蘭,無,無,22,2025-04-21T00:00:00,2025,4,2025-06-02T13:45:01.43,,104年1月至115年6月,1,,
4860,嘉義市,TP008,2025/04/22,MOGGY妙奇罐-純鮪魚&蟹肉,貓,罐頭,雍立貿易股份有限公司,泰國,無,無,22,2025-04-22T00:00:00,2025,4,2025-06-02T13:45:01.43,,104年1月至115年6月,1,,
4860,嘉義市,TP009,2025/04/22,維齊貓罐-鮪魚+雞肉+柴魚,貓,罐頭,竣百有限公司,泰國,無,無,22,2025-04-22T00:00:00,2025,4,2025-06-02T13:45:01.43,,104年1月至115年6月,1,,
4860,嘉義市,TP010,2025/04/22,靖特級貓罐-鮪魚+雞肉+鮭魚,貓,罐頭,竣百有限公司,泰國,無,無,22,2025-04-22T00:00:00,2025,4,2025-06-02T13:45:01.43,,104年1月至115年6月,1,,
4860,金門縣,,2025/04/29,嘿卡提海鑽貓餐包鮪魚風味-60g*3入,貓,罐頭,竣百有限公司,泰國,無,無,23,2025-04-29T00:00:00,2025,4,2025-06-02T13:45:01.43,,104年1月至115年6月,1,,
4860,金門縣,,2025/04/29,歐姆貓胖胖魚鮪魚粒-25g,貓,零食,琪信企業有險公司,泰國,無,無,23,2025-04-29T00:00:00,2025,4,2025-06-02T13:45:01.43,,104年1月至115年6月,1,,
4860,金門縣,,2025/04/29,汪喵星球熟齡犬銀養主食罐-鮮蒸鮭魚雞-80g,犬,罐頭,自力耕生股份有限公司,臺灣,無,無,23,2025-04-29T00:00:00,2025,4,2025-06-02T13:45:01.43,,104年1月至115年6月,1,,
4860,金門縣,,2025/04/29,肉球世界南極磷蝦大肉包-冰峰鮭魚排-165g,犬,罐頭,金富錸國際有限公司,臺灣,無,無,23,2025-04-29T00:00:00,2025,4,2025-06-02T13:45:01.43,,104年1月至115年6月,1,,
4860,金門縣,,2025/04/29,無in頂級無榖軟飼料(鮭魚+鱈魚)CMG-D103-1kg,犬,乾飼糧,八犬國際行銷有限公司,韓國,無,無,23,2025-04-29T00:00:00,2025,4,2025-06-02T13:45:01.43,,104年1月至115年6月,1,,
4860,連江縣,,2025/04/30,SHEBA金冠鮮湯鮪魚片罐頭(85g),貓,罐頭,台灣瑪氏Mars Petcare/進口,泰國,無,無,24,2025-04-30T00:00:00,2025,4,2025-06-02T13:45:01.43,,104年1月至115年6月,1,,
4860,連江縣,,2025/04/30,SHEBA金冠鮪魚及蟹肉罐頭(85g),貓,乾飼糧,台灣瑪氏Mars Petcare/進口,泰國,無,無,24,2025-04-30T00:00:00,2025,4,2025-06-02T13:45:01.43,,104年1月至115年6月,1,,
4860,連江縣,,2025/04/30,SEEDS金湯愛貓湯罐(80g),貓,罐頭,台灣惜時有限公司/進口,泰國,無,無,24,2025-04-30T00:00:00,2025,4,2025-06-02T13:45:01.43,,104年1月至115年6月,1,,
4860,連江縣,,2025/04/30,GREENS葛莉思-犬罐頭牛肉口味-含鮪魚成分(400g*1罐),犬,罐頭,福壽實業股份有限公司/進口,泰國,無,無,24,2025-04-30T00:00:00,2025,4,2025-06-02T13:45:01.43,,104年1月至115年6月,1,,
4860,連江縣,,2025/04/30,GREENS葛莉思-犬罐頭雞肉口味-含鮪魚成分(400g*1罐),犬,罐頭,福壽實業股份有限公司/進口,泰國,無,無,24,2025-04-30T00:00:00,2025,4,2025-06-02T13:45:01.43,,104年1月至115年6月,1,,
4860,新北市,,2025/05/08,now高湯天然糧-鮭魚 成犬配方-小型犬,犬,乾飼糧,極寵有限公司,加拿大,無,無,0,2025-05-08T00:00:00,2025,5,2025-06-26T11:30:10.72,,104年1月至115年6月,1,,
4860,新北市,,2025/05/08,野胃 鮮草肚佐紅肉-無穀犬糧/中顆粒,犬,乾飼糧,古迪寵物食品有限公司,加拿大,無,無,0,2025-05-08T00:00:00,2025,5,2025-06-26T11:30:10.72,,104年1月至115年6月,1,,
4860,新北市,,2025/05/08,Hyperr超躍手作鱉蛋雞肉餅,犬,零食,聯合夥伴有限公司,臺灣,無,無,0,2025-05-08T00:00:00,2025,5,2025-06-26T11:30:10.72,,104年1月至115年6月,1,,
4860,新北市,,2025/05/08,Hyperr超躍 KiWiPet超耐咬牛腱棒 (粗),犬,零食,古迪寵物食品有限公司,臺灣,無,無,0,2025-05-08T00:00:00,2025,5,2025-06-26T11:30:10.72,,104年1月至115年6月,1,,
4860,新北市,,2025/05/08,Mr. Peter皮特先生 貓用泌尿道照護配方,貓,乾飼糧,沅豐企業有限公司,臺灣,無,無,0,2025-05-08T00:00:00,2025,5,2025-06-26T11:30:10.72,,104年1月至115年6月,1,,
4860,新北市,,2025/05/08,風味燒-小魚乾,貓,零食,竣百有限公司,臺灣,無,無,0,2025-05-08T00:00:00,2025,5,2025-06-26T11:30:10.72,,104年1月至115年6月,1,,
4860,新北市,,2025/05/08,卡尼純肉零食 虱目魚誘食凍乾粉,貓,零食,圓寵有限公司,臺灣,無,無,0,2025-05-08T00:00:00,2025,5,2025-06-26T11:30:10.72,,104年1月至115年6月,1,,
4860,新北市,,2025/05/08,和食貓用零嘴50g 柴魚薄切條 HC1,貓,零食,沅慶企業有限公司,臺灣,無,無,0,2025-05-08T00:00:00,2025,5,2025-06-26T11:30:10.72,,104年1月至115年6月,1,,
4860,新北市,,2025/05/08,Catit嘿卡堤 海鑽貓餐包-鮪魚佐蟳味棒,貓,零食,竣百有限公司,泰國,無,無,0,2025-05-08T00:00:00,2025,5,2025-06-26T11:30:10.72,,104年1月至115年6月,1,,
4860,新北市,,2025/05/08,貓咪午茶時刻貓用零嘴30g 原味鮭魚排 CTT-07,貓,零食,沅慶企業有限公司,臺灣,無,無,0,2025-05-08T00:00:00,2025,5,2025-06-26T11:30:10.72,,104年1月至115年6月,1,,
4860,新北市,AP012,2025/05/16,CIAO全魚宴餐包-高齡貓系列(鮪魚+鰹魚),貓,零食,強普股份有限公司,日本,無,無,0,2025-05-16T00:00:00,2025,5,2025-06-26T11:30:10.72,,104年1月至115年6月,1,,
4860,新北市,AP013,2025/05/16,MOKA摩卡喵主食慕斯杯 -鮪魚&蟹肉(皮膚&毛髮保健),貓,罐頭,原野國際行銷有限公司,韓國,無,無,0,2025-05-16T00:00:00,2025,5,2025-06-26T11:30:10.72,,104年1月至115年6月,1,,
4860,新北市,AP014,2025/05/16,柏萊富 極鮮無穀 低敏挑嘴配方(鮭魚+豌豆),犬,乾飼糧,柏希菲克股份有限公司,美國,無,無,0,2025-05-16T00:00:00,2025,5,2025-06-26T11:30:10.72,,104年1月至115年6月,1,,
4860,新北市,,2025/05/16, 喵洽普 貓咪凍乾小顆粒,貓,零食,壹士達寵物有限公司,韓國,無,無,0,2025-05-16T00:00:00,2025,5,2025-06-26T11:30:10.72,,104年1月至115年6月,1,,
4860,新北市,,2025/05/16,啾嚕迷你肉泥夾心卷,貓,零食,喬治兄弟企業股份有限公司,日本,無,無,0,2025-05-16T00:00:00,2025,5,2025-06-26T11:30:10.72,,104年1月至115年6月,1,,
4860,新北市,,2025/05/16,放養嫩雞肉,貓,罐頭,碩達豐貿易有限公司,泰國,無,無,0,2025-05-16T00:00:00,2025,5,2025-06-26T11:30:10.72,,104年1月至115年6月,1,,
4860,新北市,,2025/05/16,特百滋凍乾雙饗宴 成幼貓 低敏海魚＋雞肉配方,貓,乾飼糧,艾澌克企業股份有限公司,加拿大,無,無,0,2025-05-16T00:00:00,2025,5,2025-06-26T11:30:10.72,,104年1月至115年6月,1,,
4860,新北市,,2025/05/16,CIAO 啾嚕肉泥膏 CS-153 (雞肉口味),貓,零食,喬治兄弟企業股份有限公司,日本,無,無,0,2025-05-16T00:00:00,2025,5,2025-06-26T11:30:10.72,,104年1月至115年6月,1,,
4860,新北市,,2025/05/16,紐西蘭魚油,犬、貓,補助食品,裕寶國際股份有限公司,紐西蘭,無,無,0,2025-05-16T00:00:00,2025,5,2025-06-26T11:30:10.72,,104年1月至115年6月,1,,
4860,新北市,,2025/05/16,汪洽普 狗狗凍乾零食-鱈魚,犬,乾飼糧,壹士達寵物有限公司,韓國,無,無,0,2025-05-16T00:00:00,2025,5,2025-06-26T11:30:10.72,,104年1月至115年6月,1,,
4860,新北市,,2025/05/16,K9 Natural 嚴選羊肉 鮮燉狗無穀主食罐,犬,罐頭,四季全球貿易股份有限公司,紐西蘭,無,無,0,2025-05-16T00:00:00,2025,5,2025-06-26T11:30:10.72,,104年1月至115年6月,1,,
4860,新北市,,2025/05/16,HAPPY水果優格潔牙棒(青蘋),犬,零食,四季全球貿易股份有限公司,韓國,無,無,0,2025-05-16T00:00:00,2025,5,2025-06-26T11:30:10.72,,104年1月至115年6月,1,,
4860,新北市,,2025/05/16,NAS Goat Milk Powder - 山羊奶粉 (400g),犬、貓,補助食品,宜輝企業有限公司,澳大利亞,無,無,0,2025-05-16T00:00:00,2025,5,2025-06-26T11:30:10.72,,104年1月至115年6月,1,,
4860,新北市,,2025/05/16,Black Hawk 優選無穀羊肉鮮食盒,犬,罐頭,四季全球貿易股份有限公司,澳大利亞,無,無,0,2025-05-16T00:00:00,2025,5,2025-06-26T11:30:10.72,,104年1月至115年6月,1,,
4860,新北市,,2025/05/16,德國竣寶-超級維他命膏(加強型100g),貓,補助食品,八犬國際行銷有限公司,德國,無,無,0,2025-05-16T00:00:00,2025,5,2025-06-26T11:30:10.72,,104年1月至115年6月,1,,
4860,臺北市,,2025/05/15,倍力 低敏護膚配方 鮭魚+甜薯 15kg,犬,乾飼糧,盈寶寵物股份有限公司,臺灣,無,無,1,2025-05-15T00:00:00,2025,5,2025-06-26T11:30:10.72,,104年1月至115年6月,1,,
4860,臺北市,,2025/05/15,無膠鮮肉煲160g－鮮雞絲,犬、貓,罐頭,怪獸製造有限公司,泰國,無,無,1,2025-05-15T00:00:00,2025,5,2025-06-26T11:30:10.72,,104年1月至115年6月,1,,
4860,臺北市,,2025/05/15,帕米爾-雞肉切條30g,犬,零食,創奕貿易有限公司,臺灣,無,無,1,2025-05-15T00:00:00,2025,5,2025-06-26T11:30:10.72,,104年1月至115年6月,1,,
4860,臺北市,,2025/05/15,易特廚肉泥-春雞佐鮪魚泥(雞肉+鮪魚),貓,零食,新寵兒寵物股份有限公司,泰國,無,無,1,2025-05-15T00:00:00,2025,5,2025-06-26T11:30:10.72,,104年1月至115年6月,1,,
4860,臺北市,,2025/05/15,燒肉工房#1 蜜汁香醇雞腿片,犬,零食,艾澌克企業股份有限公司,日本,無,無,1,2025-05-15T00:00:00,2025,5,2025-06-26T11:30:10.72,,104年1月至115年6月,1,,
4860,臺北市,,2025/05/15,美味關係小不點饅頭-蘋果口味,犬,零食,王品寵物用品有限公司,臺灣,無,無,1,2025-05-15T00:00:00,2025,5,2025-06-26T11:30:10.72,,104年1月至115年6月,1,,
4860,臺北市,,2025/05/19,汪喵星球 - 95%犬用無膠主食罐 田園火雞肉餐 80g 鮮肉主食罐,犬,罐頭,自力耕生股份有限公司,臺灣,無,無,1,2025-05-19T00:00:00,2025,5,2025-06-26T11:30:10.72,,104年1月至115年6月,1,,
4860,臺北市,,2025/05/19,沛樂芙強效潔牙骨-牛肉8cm,犬,潔牙骨,夢工場寵物有限公司,臺灣,無,無,1,2025-05-19T00:00:00,2025,5,2025-06-26T11:30:10.72,,104年1月至115年6月,1,,
4860,臺北市,,2025/05/19,木入森 魚油粉,犬、貓,補助食品,仁和生物科技股份有限公司,臺灣,無,無,1,2025-05-19T00:00:00,2025,5,2025-06-26T11:30:10.72,,104年1月至115年6月,1,,
4860,臺北市,,2025/05/19,Green Petfood 德國綠自然 機能素食 紅扁豆 無穀低敏成犬飼料,犬,乾飼糧,傑安答國際有限公司,德國,無,無,1,2025-05-19T00:00:00,2025,5,2025-06-26T11:30:10.72,,104年1月至115年6月,1,,
4860,臺北市,VP009,2025/05/22,妙喵13號片狀-鮪、刎仔,貓,罐頭,東盈實業股份有限公司,日本,無,無,1,2025-05-22T00:00:00,2025,5,2025-06-26T11:30:10.72,,104年1月至115年6月,1,,
4860,臺北市,VP010,2025/05/22,天然密碼無穀羊肉和鯡魚全齡犬配方,犬,乾飼糧,廣湛有限公司,美國,無,無,1,2025-05-22T00:00:00,2025,5,2025-06-26T11:30:10.72,,104年1月至115年6月,1,,
4860,臺北市,VP011,2025/05/22,倍力康小狗罐160克嫩雞胸牛肉,犬,罐頭,雄騰國際有限公司,泰國,無,無,1,2025-05-22T00:00:00,2025,5,2025-06-26T11:30:10.72,,104年1月至115年6月,1,,
4860,臺北市,,2025/05/22,SC-1天然螺旋藻無穀系列-幼貓/懷孕貓-鯡魚枸杞,貓,乾飼糧,聯信寵物有限公司,義大利,有效日期標示錯誤,轉請新北市政府動物保護防疫處卓處,1,2025-05-22T00:00:00,2025,5,2025-06-26T11:30:10.72,,104年1月至115年6月,1,,
4860,臺北市,,2025/05/22,FTC3-法米納天然熱帶水果系列-室內/結紮貓-羊肉木瓜,貓,乾飼糧,聯信寵物有限公司,義大利,有效日期標示錯誤,轉請新北市政府動物保護防疫處卓處,1,2025-05-22T00:00:00,2025,5,2025-06-26T11:30:10.72,,104年1月至115年6月,1,,
4860,臺北市,,2025/05/22,雞肉broth（肉汁湯罐）,貓,罐頭,勤達實業有限公司,泰國,有效日期標示錯誤,由動保員函請業者限期改善,1,2025-05-22T00:00:00,2025,5,2025-06-26T11:30:10.72,,104年1月至115年6月,1,,
4860,臺北市,,2025/05/22,克瑞斯天然澳洲點心-超嫩雞肉片,犬,零食,昱碩國際事業股份有限公司,澳洲,無,無,1,2025-05-22T00:00:00,2025,5,2025-06-26T11:30:10.72,,104年1月至115年6月,1,,
4860,臺北市,,2025/05/22,優格親親食譜 敏感腸胃配方 成犬專用,犬,乾飼糧,艾澌克企業股份有限公司,加拿大,無,無,1,2025-05-22T00:00:00,2025,5,2025-06-26T11:30:10.72,,104年1月至115年6月,1,,
4860,臺北市,,2025/05/22,聖萊西COCO Plus愛犬機能餐罐（鮮嫩雞肉+起司+蔬菜）,犬,罐頭,台灣惜時有限公司,泰國,無,無,1,2025-05-22T00:00:00,2025,5,2025-06-26T11:30:10.72,,104年1月至115年6月,1,,
4860,臺北市,,2025/05/22,耐吉斯活力羊肉餐-幼犬配方,犬,乾飼糧,艾澌克企業股份有限公司,加拿大,無,無,1,2025-05-22T00:00:00,2025,5,2025-06-26T11:30:10.72,,104年1月至115年6月,1,,
4860,臺北市,,2025/05/22,Boby特級機能愛犬餐罐（純鮮嫩雞肉）,犬,罐頭,台灣惜時有限公司,泰國,無,無,1,2025-05-22T00:00:00,2025,5,2025-06-26T11:30:10.72,,104年1月至115年6月,1,,
4860,臺北市,,2025/05/22,AM牛奶潔牙嚼嚼骨結-M,犬,潔牙骨,台灣愛邦仕實業股份有限公司,新加坡,無,無,1,2025-05-22T00:00:00,2025,5,2025-06-26T11:30:10.72,,104年1月至115年6月,1,,
4860,臺北市,,2025/05/22,新金芳醇餐包4號-鮪、柴,貓,罐頭,東盈實業股份有限公司,日本,無,無,1,2025-05-22T00:00:00,2025,5,2025-06-26T11:30:10.72,,104年1月至115年6月,1,,
4860,臺北市,,2025/05/22,健康機能特級金貓大罐（白身鮪魚+雞肉+起司）,貓,罐頭,台灣惜時有限公司,泰國,無,無,1,2025-05-22T00:00:00,2025,5,2025-06-26T11:30:10.72,,104年1月至115年6月,1,,
4860,臺北市,,2025/05/22,希爾思寵物食品 室內成貓 7歲以上 雞肉特調食譜,貓,乾飼糧,台灣希爾思寵物營養品有限公司,美國,無,無,1,2025-05-22T00:00:00,2025,5,2025-06-26T11:30:10.72,,104年1月至115年6月,1,,
4860,臺中市,,2025/04/29,家樂福超值狗食罐頭雞肉風味,犬,罐頭,家福股份有限公司,泰國,無,無,2,2025-04-29T00:00:00,2025,5,2025-06-26T11:30:10.72,,104年1月至115年6月,1,,
4860,臺中市,,2025/04/29,Kent肯特犬罐-羊肉口味,犬,罐頭,王品寵物用品有限公司,奧地利,"1.未標示國外製造廠商名稱、地址、電話
2.標示「符合國際標準」應提供相關作證資料",已依中市動稽字第1140004393號函轉桃園市政府動物保護處,2,2025-04-29T00:00:00,2025,5,2025-06-26T11:30:10.72,,104年1月至115年6月,1,,
4860,臺中市,,2025/04/29,【丹】愛犬罐頭雞肉口味,犬,罐頭,寶榮開發企業股份有限公司,澳洲,無,無,2,2025-04-29T00:00:00,2025,5,2025-06-26T11:30:10.72,,104年1月至115年6月,1,,
4860,臺中市,,2025/04/29,寶路成犬乾糧配方 牛肉及蔬菜口味,犬,乾飼糧,台灣瑪氏股份有限公司,泰國,標示「符合國際標準」應提供相關作證資料,已依中市動稽字第1140004413號函轉臺北市動物保護處,2,2025-04-29T00:00:00,2025,5,2025-06-26T11:30:10.72,,104年1月至115年6月,1,,
4860,臺中市,,2025/04/29,加好寶-成犬-雞肉口味,犬,乾飼糧,好侶股份有限公司,泰國,標示「符合國際標準」應提供相關作證資料,已依中市動稽字第1140004413號函轉臺北市動物保護處,2,2025-04-29T00:00:00,2025,5,2025-06-26T11:30:10.72,,104年1月至115年6月,1,,
4860,臺中市,,2025/04/29,"O,Bli!噢，比利！潔牙點心-初戀沒過+蕃烤甜薯(犬用)",犬,零食,原野國際行銷有限公司,韓國,無,無,2,2025-04-29T00:00:00,2025,5,2025-06-26T11:30:10.72,,104年1月至115年6月,1,,
4860,臺中市,,2025/04/29,天然密碼-永恆無穀主食罐(貓薄荷),貓,罐頭,廣湛有限公司,泰國,申報製造商與包裝標示不符及未附產品外觀照片,已依中市動稽字第1140004470號函請業者限期改善,2,2025-04-29T00:00:00,2025,5,2025-06-26T11:30:10.72,,104年1月至115年6月,1,,
4860,臺中市,,2025/04/29,維齊益力善貓餐罐-雞肉南瓜,貓,罐頭,竣百有限公司,泰國,標示「符合國際標準」應提供相關作證資料,已依中市動稽字第1140004406號函轉臺北市動物保護處,2,2025-04-29T00:00:00,2025,5,2025-06-26T11:30:10.72,,104年1月至115年6月,1,,
4860,臺中市,,2025/04/29,靖特級貓罐-鮪魚+雞肉+牛肉,貓,罐頭,竣百有限公司,泰國,無,無,2,2025-04-29T00:00:00,2025,5,2025-06-26T11:30:10.72,,104年1月至115年6月,1,,
4860,臺中市,,2025/04/29,咪歐貓罐-沙丁魚口味,貓,罐頭,好侶股份有限公司,泰國,無,無,2,2025-04-29T00:00:00,2025,5,2025-06-26T11:30:10.72,,104年1月至115年6月,1,,
4860,臺中市,,2025/04/29,偉嘉皮毛保健配方 雞肉及鮭魚(三文魚)口味,貓,乾飼糧,台灣瑪氏股份有限公司,泰國,標示「符合國際標準」應提供相關作證資料,已依中市動稽字第1140004413號函轉臺北市動物保護處,2,2025-04-29T00:00:00,2025,5,2025-06-26T11:30:10.72,,104年1月至115年6月,1,,
4860,臺中市,,2025/04/29,Friskies喜躍成貓乾糧-香烤燒肉拼盤,貓,乾飼糧,台灣雀巢股份有限公司,泰國,無,無,2,2025-04-29T00:00:00,2025,5,2025-06-26T11:30:10.72,,104年1月至115年6月,1,,
4860,臺中市,,2025/04/29,貓倍麗小鮮肉泥 鮮魚雙拼口味,貓,零食,台灣雀巢股份有限公司,泰國,"1.申報網國外製造廠商與包裝標示不符
2.未於申報網附上產品外觀照片
3.有效日期未標示完整年月日",已依中市動稽字第1140004413號函轉臺北市動物保護處,2,2025-04-29T00:00:00,2025,5,2025-06-26T11:30:10.72,,104年1月至115年6月,1,,
4860,臺中市,,2025/05/23,【 牛肉威 】 生食純肉泥 【 寵物鮮食肉泥 500g/包 】系列產品,犬、貓,生鮮、冷凍,育曜有限公司,臺灣,無,無,2,2025-05-23T00:00:00,2025,5,2025-06-26T11:30:10.72,,104年1月至115年6月,1,,
4860,臺中市,,2025/05/23,[Lucky LA 萌小毛] 寵物排毛粉 80g ,犬、貓,補助食品,華瑞生技股份有限公司,臺灣,無,無,2,2025-05-23T00:00:00,2025,5,2025-06-26T11:30:10.72,,104年1月至115年6月,1,,
4860,臺中市,,2025/05/23,狗狗主食餐-甜甜紫雞肉,犬,零食,翔芮寵物行,臺灣,無,無,2,2025-05-23T00:00:00,2025,5,2025-06-26T11:30:10.72,,104年1月至115年6月,1,,
4860,臺中市,,2025/05/23,卡尼純肉零食 海洋鮮味草蝦仁凍乾,犬、貓,零食,圓寵有限公司,臺灣,無,無,2,2025-05-23T00:00:00,2025,5,2025-06-26T11:30:10.72,,104年1月至115年6月,1,,
4860,臺中市,,2025/05/23,艾爾發寵物｜OHANA 歐哈吶 貓副食湯罐 鮪魚底/雞肉底 80g 系列產品,貓,罐頭,艾爾發寵物企業社,臺灣,無,無,2,2025-05-23T00:00:00,2025,5,2025-06-26T11:30:10.72,,104年1月至115年6月,1,,
4860,臺中市,,2025/05/28,鮭魚雞肉片,犬,零食,鼎創網路行銷有限公司,臺灣,無,無,2,2025-05-28T00:00:00,2025,5,2025-06-26T11:30:10.72,,104年1月至115年6月,1,,
4860,臺中市,,2025/05/28,毛孩舟舟 八月肉乾系列產品,犬,零食,巴斯企業社,臺灣,無,無,2,2025-05-28T00:00:00,2025,5,2025-06-26T11:30:10.72,,104年1月至115年6月,1,,
4860,臺中市,,2025/05/28,原肉KIKI 牛肉凍乾,犬、貓,零食,李京道,臺灣,無,無,2,2025-05-28T00:00:00,2025,5,2025-06-26T11:30:10.72,,104年1月至115年6月,1,,
4860,臺中市,,2025/05/29,天然原肉凍乾 系列產品,犬、貓,零食,營饗未來股份有限公司,臺灣,無,無,2,2025-05-29T00:00:00,2025,5,2025-06-26T11:30:10.72,,104年1月至115年6月,1,,
4860,臺中市,,2025/05/29,HOOLI呼哩犬貓凍乾 系列產品,犬、貓,零食,盛貿寵物股份有限公司,臺灣,無,無,2,2025-05-29T00:00:00,2025,5,2025-06-26T11:30:10.72,,104年1月至115年6月,1,,
4860,高雄市,,2025/05/08,THE DOG 犬用潔牙骨,犬,潔牙骨,瀚翔寵物有限公司,韓國,申報有誤,通知業者限期改善,6,2025-05-08T00:00:00,2025,5,2025-06-26T11:30:10.72,,104年1月至115年6月,1,,
4860,高雄市,,2025/05/08,歐睿健ORIJEN 鮮雞愛貓 無穀配方(野牧鮮雞+野生漁獲),貓,乾飼糧,瀚翔寵物有限公司,加拿大,申報有誤,通知業者限期改善,6,2025-05-08T00:00:00,2025,5,2025-06-26T11:30:10.72,,104年1月至115年6月,1,,
4860,高雄市,,2025/05/08,歐睿健ORIJEN 六種鮮魚犬 無穀配方(野生漁獲+新鮮蔬果),犬,乾飼糧,瀚翔寵物有限公司,加拿大,申報有誤,通知業者限期改善,6,2025-05-08T00:00:00,2025,5,2025-06-26T11:30:10.72,,104年1月至115年6月,1,,
4860,高雄市,,2025/05/08,DANLO(丹露)手作零食-雞肉千層捲,犬,零食,瀚翔寵物有限公司,臺灣,無,無,6,2025-05-08T00:00:00,2025,5,2025-06-26T11:30:10.72,,104年1月至115年6月,1,,
4860,高雄市,,2025/05/08,DANLO(丹露)手作零食-軟香雞肉小圓片,犬,零食,瀚翔寵物有限公司,臺灣,無,無,6,2025-05-08T00:00:00,2025,5,2025-06-26T11:30:10.72,,104年1月至115年6月,1,,
4860,高雄市,,2025/05/08,EVARK室內高齡貓,貓,乾飼糧,加拿大渴望寵物食品股份有限公司,加拿大,申報有誤,通知業者限期改善,6,2025-05-08T00:00:00,2025,5,2025-06-26T11:30:10.72,,104年1月至115年6月,1,,
4860,高雄市,,2025/05/08,新鮮鮪魚佐干貝凍乾,犬、貓,零食,加拿大渴望寵物食品股份有限公司,臺灣,無,無,6,2025-05-08T00:00:00,2025,5,2025-06-26T11:30:10.72,,104年1月至115年6月,1,,
4860,高雄市,,2025/05/08,科西塔 無穀貓餐包-海魚佐雞肉+肉汁,貓,罐頭,貓尾巴有限公司,泰國,無,無,6,2025-05-08T00:00:00,2025,5,2025-06-26T11:30:10.72,,104年1月至115年6月,1,,
4860,高雄市,,2025/05/08,科西塔 無縠貓餐包-鮪魚佐蟹肉棒凍,貓,罐頭,貓尾巴有限公司,泰國,無,無,6,2025-05-08T00:00:00,2025,5,2025-06-26T11:30:10.72,,104年1月至115年6月,1,,
4860,高雄市,,2025/05/08,DIBAQ迪貝可-自然嗑犬糧-大型成犬 (雞肉 &火雞肉) -關節保健,犬,乾飼糧,貓尾巴有限公司,西班牙,無,無,6,2025-05-08T00:00:00,2025,5,2025-06-26T11:30:10.72,,104年1月至115年6月,1,,
4860,高雄市,WP012,2025/05/13,本牧 無穀全齡貓糧 紐西蘭人道飼育雞 250g,貓,乾飼糧,奧也股份有限公司,紐西蘭,無,無,6,2025-05-13T00:00:00,2025,5,2025-06-26T11:30:10.72,,104年1月至115年6月,1,,
4860,高雄市,WP013,2025/05/13,偉嘉 乾糧 鮪魚(吞拿魚)總匯口味 1.2kg,貓,乾飼糧,台灣瑪氏股份有限公司,泰國,產品標示有誤,移請臺北市卓處,6,2025-05-13T00:00:00,2025,5,2025-06-26T11:30:10.72,,104年1月至115年6月,1,,
4860,高雄市,WP014,2025/05/13,風味燒-小魚乾,犬、貓,零食,竣百有限公司,越南,無,無,6,2025-05-13T00:00:00,2025,5,2025-06-26T11:30:10.72,,104年1月至115年6月,1,,
4860,高雄市,WP015,2025/05/13,唯潔 牙刷型潔牙骨 超值包XS,犬,潔牙骨,逸寶國際股份有限公司,荷蘭,申報與標示不一,移請臺北市卓處,6,2025-05-13T00:00:00,2025,5,2025-06-26T11:30:10.72,,104年1月至115年6月,1,,
4860,高雄市,,2025/05/13,三合一護膚亮毛錠,貓,零食,八犬國際行銷有限公司,德國,無,無,6,2025-05-13T00:00:00,2025,5,2025-06-26T11:30:10.72,,104年1月至115年6月,1,,
4860,高雄市,,2025/05/13,強品貓罐400G-鮪魚+吻仔魚,貓,罐頭,竣百有限公司,泰國,無,無,6,2025-05-13T00:00:00,2025,5,2025-06-26T11:30:10.72,,104年1月至115年6月,1,,
4860,高雄市,,2025/05/13,DN天然饌雞肉米幼母貓 3kg,貓,乾飼糧,博東客企業有限公司,美國,無,無,6,2025-05-13T00:00:00,2025,5,2025-06-26T11:30:10.72,,104年1月至115年6月,1,,
4860,高雄市,,2025/05/13,紐頓均衡健康系列 雞肉+鮭魚幼貓,貓,乾飼糧,展聖寵物用品有限公司,加拿大,無,無,6,2025-05-13T00:00:00,2025,5,2025-06-26T11:30:10.72,,104年1月至115年6月,1,,
4860,高雄市,,2025/05/13,冠能成貓挑嘴鮮鮭活力配方,貓,乾飼糧,台灣雀巢股份有限公司,美國,無,無,6,2025-05-13T00:00:00,2025,5,2025-06-26T11:30:10.72,,104年1月至115年6月,1,,
4860,高雄市,,2025/05/13,梅亞奶奶 私房呵護鄉村鴨 全齡貓,貓,乾飼糧,柏希菲克股份有限公司,美國,產品標示有誤,移請新北市卓處,6,2025-05-13T00:00:00,2025,5,2025-06-26T11:30:10.72,,104年1月至115年6月,1,,
4860,宜蘭縣,,2025/05/08,EC-05003-杜莎-天然無穀寵糧-成貓亮毛配方-深海鮮魚,貓,乾飼糧,裕昌寵物有限公司,義大利,無,無,9,2025-05-08T00:00:00,2025,5,2025-06-26T11:30:10.72,,104年1月至115年6月,1,,
4860,宜蘭縣,,2025/05/08,Natural Kitty 自然小貓 成長系列主食罐（成貓）鮪魚佐花枝慕斯,貓,罐頭,派脆客有限公司,泰國,無,無,9,2025-05-08T00:00:00,2025,5,2025-06-26T11:30:10.72,,104年1月至115年6月,1,,
4860,宜蘭縣,,2025/05/08,Prama PD3美味系列肉汁烤魚主食餐,犬,罐頭,貓滋味有限公司,泰國,查無產品申報紀錄,通知業者5/27限期改善。*05/16複查已完成改善,9,2025-05-08T00:00:00,2025,5,2025-06-26T11:30:10.72,,104年1月至115年6月,1,,
4860,宜蘭縣,,2025/05/08,阿爾卑斯-主食犬餐盒 火雞,犬,罐頭,寵兒商貿有限公司,荷蘭,無,無,9,2025-05-08T00:00:00,2025,5,2025-06-26T11:30:10.72,,104年1月至115年6月,1,,
4860,宜蘭縣,,2025/05/08,peperoni陪陪胡蘿蔔地瓜丁,犬,零食,南方鳥股份有限公司,韓國,無,無,9,2025-05-08T00:00:00,2025,5,2025-06-26T11:30:10.72,,104年1月至115年6月,1,,
4860,宜蘭縣,,2025/05/16,go!加拿大天然糧 高肉量 淡水鱒魚無穀全貓糧,貓,乾飼糧,極寵有限公司,美國,申報網產品狀態為下架，但蝦皮購物仍繼續販售。,"通知業者限期改善
*5/26複查：已完成改善",9,2025-05-16T00:00:00,2025,5,2025-06-26T11:30:10.72,,104年1月至115年6月,1,,
4860,宜蘭縣,,2025/05/16,純缶23號-鮪.雞,貓,罐頭,東盈實業股份有限公司,泰國,無,無,9,2025-05-16T00:00:00,2025,5,2025-06-26T11:30:10.72,,104年1月至115年6月,1,,
4860,宜蘭縣,,2025/05/16,ZE-AD-0189　ZEAL真致天然風乾零食-羊肉條,犬,零食,嵩颺有限公司,紐西蘭,無,無,9,2025-05-16T00:00:00,2025,5,2025-06-26T11:30:10.72,,104年1月至115年6月,1,,
4860,宜蘭縣,,2025/05/16,寵可萌犬貓亮毛護膚三肽膠原粉,犬、貓,補助食品,永豐萊得股份有限公司,臺灣,無,無,9,2025-05-16T00:00:00,2025,5,2025-06-26T11:30:10.72,,104年1月至115年6月,1,,
4860,宜蘭縣,,2025/05/16,斑尼菲LID無穀狗糧-鮮嫩雞肉+有機雞蛋-113年,犬,乾飼糧,斑尼菲國際有限公司,臺灣,無,無,9,2025-05-16T00:00:00,2025,5,2025-06-26T11:30:10.72,,104年1月至115年6月,1,,
4860,新竹縣,,2025/05/01,特百滋凍乾雙饗宴,貓,乾飼糧,艾澌克企業股份有限公司,加拿大,無,無,10,2025-05-01T00:00:00,2025,5,2025-06-26T11:30:10.72,,104年1月至115年6月,1,,
4860,新竹縣,,2025/05/05,貝可寵｜深海魚主食凍乾(犬),犬,乾飼糧,紫雲貿易股份有限公司,紐西蘭,無,無,10,2025-05-05T00:00:00,2025,5,2025-06-26T11:30:10.72,,104年1月至115年6月,1,,
4860,新竹縣,,2025/05/26,諾樂金牌無穀全齡小型犬配方(火雞+鷹嘴豆),犬,乾飼糧,東盈實業股份有限公司,美國,無,無,10,2025-05-26T00:00:00,2025,5,2025-06-26T11:30:10.72,,104年1月至115年6月,1,,
4860,新竹縣,,2025/05/26,紐西蘭PETBAKERY深海饗宴 凍乾,貓,乾飼糧,紫雲貿易股份有限公司,紐西蘭,無,無,10,2025-05-26T00:00:00,2025,5,2025-06-26T11:30:10.72,,104年1月至115年6月,1,,
4860,新竹縣,,2025/05/26,Canidae良善-成貓&熟齡貓糧-白身魚-室內貓專用,貓,乾飼糧,嵩颺有限公司,美國,無,無,10,2025-05-26T00:00:00,2025,5,2025-06-26T11:30:10.72,,104年1月至115年6月,1,,
4860,新竹縣,,2025/06/06,歐睿健ORIJEN 鮮雞幼犬 無穀配方(野牧鮮雞+新鮮蔬果) ,犬,乾飼糧,瀚翔寵物有限公司,加拿大,無,無,10,2025-06-06T00:00:00,2025,5,2025-06-26T11:30:10.72,,104年1月至115年6月,1,,
4860,新竹縣,,2025/06/06,愛肯拿ACANA 小型幼犬,犬,乾飼糧,豪翼行銷有限公司,加拿大,無,無,10,2025-06-06T00:00:00,2025,5,2025-06-26T11:30:10.72,,104年1月至115年6月,1,,
4860,新竹縣,,2025/06/06,皇家小型老犬12+歲,犬,乾飼糧,台灣皇家寵物食品有限公司,法國,無,無,10,2025-06-06T00:00:00,2025,5,2025-06-26T11:30:10.72,,104年1月至115年6月,1,,
4860,新竹縣,,2025/06/06,優格親親食譜 敏感腸胃配方 成貓專用,貓,乾飼糧,艾澌克企業股份有限公司,加拿大,無,無,10,2025-06-06T00:00:00,2025,5,2025-06-26T11:30:10.72,,104年1月至115年6月,1,,
4860,新竹縣,,2025/06/06,貪貪 生態蠶蛹貓主食罐-鮭魚&雞肉,貓,罐頭,寶研生技有限公司,臺灣,無,無,10,2025-06-06T00:00:00,2025,5,2025-06-26T11:30:10.72,,104年1月至115年6月,1,,
4860,苗栗縣,,2025/05/05,喵樂 小小肉泥條 靜岡柴魚&北海道扇貝 7g x 8入,貓,零食,艾澌克企業股份有限公司,日本,無,無,11,2025-05-05T00:00:00,2025,5,2025-06-26T11:30:10.72,,104年1月至115年6月,1,,
4860,苗栗縣,,2025/05/05,吃貨拼盤犬用 嫩汁牛排佐野菜,犬,罐頭,艾澌克企業股份有限公司,泰國,無,無,11,2025-05-05T00:00:00,2025,5,2025-06-26T11:30:10.72,,104年1月至115年6月,1,,
4860,苗栗縣,,2025/05/05,開罐罐罐肉泥主食罐 雞肉+芭樂+海藻,貓,罐頭,巴斯企業社,臺灣,無,無,11,2025-05-05T00:00:00,2025,5,2025-06-26T11:30:10.72,,104年1月至115年6月,1,,
4860,苗栗縣,,2025/05/05,凍塊一點 -鬼頭刀,犬、貓,零食,巴斯企業社,臺灣,無,無,11,2025-05-05T00:00:00,2025,5,2025-06-26T11:30:10.72,,104年1月至115年6月,1,,
4860,苗栗縣,,2025/05/05,神仙牛-天然低敏無榖犬糧1.5Kg,犬,乾飼糧,阿寶國際有限公司,臺灣,無,無,11,2025-05-05T00:00:00,2025,5,2025-06-26T11:30:10.72,,104年1月至115年6月,1,,
4860,苗栗縣,,2025/05/06,汪洽普 狗狗凍乾零食-新鮮鮭魚,犬,零食,壹士達寵物有限公司,韓國,無,無,11,2025-05-06T00:00:00,2025,5,2025-06-26T11:30:10.72,,104年1月至115年6月,1,,
4860,苗栗縣,,2025/05/06,柏萊富棒吉 本能覺醒5種肉,貓,乾飼糧,柏希菲克股份有限公司,美國,無,無,11,2025-05-06T00:00:00,2025,5,2025-06-26T11:30:10.72,,104年1月至115年6月,1,,
4860,苗栗縣,,2025/05/06,西莎®鮮肉主食碗 雞肉及蔬菜(甜番薯+四季豆)85gx10,犬,罐頭,台灣瑪氏股份有限公司,泰國,無,無,11,2025-05-06T00:00:00,2025,5,2025-06-26T11:30:10.72,,104年1月至115年6月,1,,
4860,苗栗縣,,2025/05/06,咬著玩潔牙骨-炭燒雞肝 S,犬,零食,茂捷有限公司,泰國,無,無,11,2025-05-06T00:00:00,2025,5,2025-06-26T11:30:10.72,,104年1月至115年6月,1,,
4860,苗栗縣,,2025/05/06,海洋本質特級鮪魚罐 鮪魚+牛肉,貓,罐頭,崧曜國際有限公司,泰國,無,無,11,2025-05-06T00:00:00,2025,5,2025-06-26T11:30:10.72,,104年1月至115年6月,1,,
4860,彰化縣,GP012,2025/05/06,長紅貓罐-青花魚+鯷魚,貓,罐頭,福壽實業股份有限公司,泰國,無,無,12,2025-05-06T00:00:00,2025,5,2025-06-26T11:30:10.72,,104年1月至115年6月,1,,
4860,彰化縣,GP013,2025/05/06,加好寶狗罐 - 牛肉總匯口味 400G,犬,罐頭,好侶股份有限公司,泰國,無,無,12,2025-05-06T00:00:00,2025,5,2025-06-26T11:30:10.72,,104年1月至115年6月,1,,
4860,彰化縣,GP014,2025/05/06,偉嘉®什錦珍味 海鮮總匯及海藻湯汁口味四入裝 (70gx4)x20,貓,罐頭,台灣瑪氏股份有限公司,泰國,無,無,12,2025-05-06T00:00:00,2025,5,2025-06-26T11:30:10.72,,104年1月至115年6月,1,,
4860,彰化縣,,2025/05/06,IgG球蛋白(12入),犬、貓,補助食品,湶聖有限公司,臺灣,蝦皮賣場商品資訊廣告宣稱提升免疫力・強化抵抗力用詞,彰動防字第1140002349號發文給新北市政府動物防疫處卓處,12,2025-05-06T00:00:00,2025,5,2025-06-26T11:30:10.72,,104年1月至115年6月,1,,
4860,彰化縣,,2025/05/06,雞肉丁凍乾,犬、貓,零食,派富生物科技有限公司,臺灣,無,無,12,2025-05-06T00:00:00,2025,5,2025-06-26T11:30:10.72,,104年1月至115年6月,1,,
4860,彰化縣,,2025/05/06,雞柳條,犬、貓,零食,派富生物科技有限公司,臺灣,違反動物保護法第22條之3第1項規定未於寵物食品申報網申報產品資料,發文給業者限期改善,12,2025-05-06T00:00:00,2025,5,2025-06-26T11:30:10.72,,104年1月至115年6月,1,,
4860,彰化縣,,2025/05/08,歐姆貓蜂王乳貓泥-鮭魚&干貝,貓,零食,台灣愛邦仕實業股份有限公司,泰國,無,無,12,2025-05-08T00:00:00,2025,5,2025-06-26T11:30:10.72,,104年1月至115年6月,1,,
4860,彰化縣,,2025/05/08,歐姆貓蜂王乳貓泥-鮭魚,貓,零食,台灣愛邦仕實業股份有限公司,泰國,無,無,12,2025-05-08T00:00:00,2025,5,2025-06-26T11:30:10.72,,104年1月至115年6月,1,,
4860,彰化縣,,2025/05/12,萊一口燕窩胜肽凍乾-鹿死誰口(鹿肉口味),犬、貓,零食,萊可良品股份有限公司,臺灣,無,無,12,2025-05-12T00:00:00,2025,5,2025-06-26T11:30:10.72,,104年1月至115年6月,1,,
4860,彰化縣,,2025/05/12,萊一口燕窩胜肽凍乾-鴨力山大(鴨肉口味),犬、貓,零食,萊可良品股份有限公司,臺灣,無,無,12,2025-05-12T00:00:00,2025,5,2025-06-26T11:30:10.72,,104年1月至115年6月,1,,
4860,彰化縣,,2025/05/12,燕窩胜肽 優格雞肉肉泥,犬、貓,零食,萊可良品股份有限公司,臺灣,涉及誇大不實；未於申報寵物食品網申報資料,發文給台中市政府動物防疫處卓處,12,2025-05-12T00:00:00,2025,5,2025-06-26T11:30:10.72,,104年1月至115年6月,1,,
4860,彰化縣,,2025/05/12,燕窩胜肽 優格 虱目魚& 雞肉,犬、貓,零食,萊可良品股份有限公司,臺灣,無,無,12,2025-05-12T00:00:00,2025,5,2025-06-26T11:30:10.72,,104年1月至115年6月,1,,
4860,彰化縣,,2025/05/12,燕窩胜肽 優格 木鱉果&雞肉,犬、貓,零食,萊可良品股份有限公司,臺灣,無,無,12,2025-05-12T00:00:00,2025,5,2025-06-26T11:30:10.72,,104年1月至115年6月,1,,
4860,彰化縣,,2025/05/13,汪事如意 無敵肉乾 櫻桃鴨菲力,犬、貓,零食,寵愛有家股份有限公司,臺灣,無,無,12,2025-05-13T00:00:00,2025,5,2025-06-26T11:30:10.72,,104年1月至115年6月,1,,
4860,彰化縣,,2025/05/13,寵物蛋糕【汪事如意 無敵小可愛】,犬、貓,零食,寵愛有家股份有限公司,臺灣,無,無,12,2025-05-13T00:00:00,2025,5,2025-06-26T11:30:10.72,,104年1月至115年6月,1,,
4860,彰化縣,,2025/05/13,毛孩の元宵羊奶湯圓,狗,零食,寵愛有家股份有限公司,臺灣,無,無,12,2025-05-13T00:00:00,2025,5,2025-06-26T11:30:10.72,,104年1月至115年6月,1,,
4860,彰化縣,,2025/05/13,優骼服爆毛(犬貓),犬、貓,補助食品,毛寧有限公司,英國,無,無,12,2025-05-13T00:00:00,2025,5,2025-06-26T11:30:10.72,,104年1月至115年6月,1,,
4860,彰化縣,,2025/05/13,優抗30口嚼錠(小型犬),犬,補助食品,毛寧有限公司,英國,無,無,12,2025-05-13T00:00:00,2025,5,2025-06-26T11:30:10.72,,104年1月至115年6月,1,,
4860,彰化縣,,2025/05/16,寵物專科腸衛王,犬、貓,補助食品,益生寵愛國際行銷股份有限公司,臺灣,增強免疫力用詞涉及誇大不實,發文給新北市政府動物防疫處卓處,12,2025-05-16T00:00:00,2025,5,2025-06-26T11:30:10.72,,104年1月至115年6月,1,,
4860,彰化縣,,2025/05/16,寵物專科好免疫,犬、貓,補助食品,益生寵愛國際行銷股份有限公司,臺灣,提升免疫系統用詞涉及誇大不實,發文給新北市政府動物防疫處卓處,12,2025-05-16T00:00:00,2025,5,2025-06-26T11:30:10.72,,104年1月至115年6月,1,,
4860,彰化縣,,2025/05/20,鮮雞肉罐 雞肉+吻仔魚,貓,罐頭,崧曜國際有限公司,泰國,無,無,12,2025-05-20T00:00:00,2025,5,2025-06-26T11:30:10.72,,104年1月至115年6月,1,,
4860,彰化縣,,2025/05/20,鮮雞肉罐 雞肉+鮮蝦,貓,罐頭,崧曜國際有限公司,泰國,無,無,12,2025-05-20T00:00:00,2025,5,2025-06-26T11:30:10.72,,104年1月至115年6月,1,,
4860,彰化縣,,2025/05/23,毛毰毰｜狗狗主食罐｜牛雞鱉肉罐,犬,罐頭,品鑫寵物國際有限公司,臺灣,無,無,12,2025-05-23T00:00:00,2025,5,2025-06-26T11:30:10.72,,104年1月至115年6月,1,,
4860,彰化縣,,2025/05/23,毛毰毰｜狗狗主食罐｜鴨雞鱉肉罐,犬,罐頭,品鑫寵物國際有限公司,臺灣,無,無,12,2025-05-23T00:00:00,2025,5,2025-06-26T11:30:10.72,,104年1月至115年6月,1,,
4860,彰化縣,,2025/05/23,臭味滾壯壯雞凍乾,犬、貓,零食,艾穎實業有限公司,臺灣,無,無,12,2025-05-23T00:00:00,2025,5,2025-06-26T11:30:10.72,,104年1月至115年6月,1,,
4860,彰化縣,,2025/05/23,慢烘牛肉薄片,犬、貓,零食,寵毛館有限公司,臺灣,無,無,12,2025-05-23T00:00:00,2025,5,2025-06-26T11:30:10.72,,104年1月至115年6月,1,,
4860,彰化縣,,2025/05/23,慢烘雞肉脆片,犬、貓,零食,寵毛館有限公司,臺灣,無,無,12,2025-05-23T00:00:00,2025,5,2025-06-26T11:30:10.72,,104年1月至115年6月,1,,
4860,彰化縣,,2025/05/27,風味燒-小魚乾,犬、貓,零食,竣百有限公司,越南,無,無,12,2025-05-27T00:00:00,2025,5,2025-06-26T11:30:10.72,,104年1月至115年6月,1,,
4860,彰化縣,,2025/05/27,Catit嘿卡堤 鮮溜肉泥-鮪魚,貓,零食,竣百有限公司,泰國,無,無,12,2025-05-27T00:00:00,2025,5,2025-06-26T11:30:10.72,,104年1月至115年6月,1,,
4860,彰化縣,,2025/05/27,Catit嘿卡堤 鮮溜肉泥-鮪魚佐扇貝,貓,零食,竣百有限公司,泰國,無,無,12,2025-05-27T00:00:00,2025,5,2025-06-26T11:30:10.72,,104年1月至115年6月,1,,
4860,彰化縣,,2025/05/27,CAT FEET呼嚕愛乾淨 薄荷潔牙餡餅(海鮮總匯),貓,零食,台灣美期有限公司,泰國,無,無,12,2025-05-27T00:00:00,2025,5,2025-06-26T11:30:10.72,,104年1月至115年6月,1,,
4860,彰化縣,,2025/05/27,CAT FEET呼嚕愛乾淨 薄荷潔牙餡餅(雞肉口味),貓,零食,台灣美期有限公司,泰國,無,無,12,2025-05-27T00:00:00,2025,5,2025-06-26T11:30:10.72,,104年1月至115年6月,1,,
4860,南投縣,,2025/05/06,1+1滴雞精+貓肉泥主食罐-野味火雞配方,貓,罐頭,短捲麻股份有限公司,臺灣,無,無,13,2025-05-06T00:00:00,2025,5,2025-06-26T11:30:10.72,,104年1月至115年6月,1,,
4860,南投縣,,2025/05/06,本牧 無穀成犬糧 紐西蘭放牧草飼牛,犬,乾飼糧,奧也股份有限公司,紐西蘭,無,無,13,2025-05-06T00:00:00,2025,5,2025-06-26T11:30:10.72,,104年1月至115年6月,1,,
4860,南投縣,,2025/05/06,【原肉凍乾】補鐵骰子牛,犬貓,零食,食寵町國際企業有限公司,臺灣,無,無,13,2025-05-06T00:00:00,2025,5,2025-06-26T11:30:10.72,,104年1月至115年6月,1,,
4860,南投縣,,2025/05/06,鮮鴨-筷子肉乾(鴨肉60g),犬貓,零食,台野畜產有限公司,臺灣,無,無,13,2025-05-06T00:00:00,2025,5,2025-06-26T11:30:10.72,,104年1月至115年6月,1,,
4860,南投縣,,2025/05/06,番茄鮮牛燉纖薯,犬貓,罐頭,毛能寵物營養生技股份有限公司,紐西蘭,無,無,13,2025-05-06T00:00:00,2025,5,2025-06-26T11:30:10.72,,104年1月至115年6月,1,,
4860,南投縣,,2025/05/21,德國柏肯特主食 鮮肉包-兔肉,犬,罐頭,麥可貿易有限公司,德國,無,無,13,2025-05-21T00:00:00,2025,5,2025-06-26T11:30:10.72,,104年1月至115年6月,1,,
4860,南投縣,,2025/05/21,優格吃貨拼盤多拼糧-全齡貓鮭魚佐嫩雞拼盤(亮毛配方),貓,乾飼糧,艾澌克企業股份有限公司,加拿大,無,無,13,2025-05-21T00:00:00,2025,5,2025-06-26T11:30:10.72,,104年1月至115年6月,1,,
4860,南投縣,,2025/05/21,超越巔峰肉泥-野生鮪魚佐魚子醬,犬、貓,零食,王品寵物用品有限公司,泰國,無,無,13,2025-05-21T00:00:00,2025,5,2025-06-26T11:30:10.72,,104年1月至115年6月,1,,
4860,南投縣,,2025/05/21,長崎 小魚乾,犬、貓,零食,雍立貿易股份有限公司,日本,無,無,13,2025-05-21T00:00:00,2025,5,2025-06-26T11:30:10.72,,104年1月至115年6月,1,,
4860,南投縣,,2025/05/21,瑪恩吉 倍愛滿滿蔬果 雞肉+覆盆子 主食犬餐盒,犬,罐頭,柏希菲克股份有限公司,義大利,無,無,13,2025-05-21T00:00:00,2025,5,2025-06-26T11:30:10.72,,104年1月至115年6月,1,,
4860,南投縣,,2025/05/21,芮格爾天然寵糧-成犬-鮭魚,犬,乾飼糧,聯誠寵物有限公司,美國,無,無,13,2025-05-21T00:00:00,2025,5,2025-06-26T11:30:10.72,,104年1月至115年6月,1,,
4860,南投縣,,2025/05/21,生活良好貓用鱈魚蟹肉絲,貓,零食,臺灣生活良好國際股份有限公司,日本,無,無,13,2025-05-21T00:00:00,2025,5,2025-06-26T11:30:10.72,,104年1月至115年6月,1,,
4860,南投縣,,2025/05/21,生活良好貓用鱈魚蟹肉絲,貓,零食,臺灣生活良好國際股份有限公司,日本,無,無,13,2025-05-21T00:00:00,2025,5,2025-06-26T11:30:10.72,,104年1月至115年6月,1,,
4860,南投縣,,2025/05/21,貝蘿塔貓鮮包-腸道配方(貓食)鮪魚鮭魚+益菌生F.O.S,貓,罐頭,正暉股份有限公司,泰國,無,無,13,2025-05-21T00:00:00,2025,5,2025-06-26T11:30:10.72,,104年1月至115年6月,1,,
4860,雲林縣,IP004,2025/05/15,葛莉思犬罐雞肉口味,犬,罐頭,福壽實業股份有限公司,泰國,無,無,14,2025-05-15T00:00:00,2025,5,2025-06-26T11:30:10.72,,104年1月至115年6月,1,,
4860,雲林縣,IP005,2025/05/15,加好寶狗餅乾-關節保健配方,犬,零食,好侶股份有限公司,泰國,無,無,14,2025-05-15T00:00:00,2025,5,2025-06-26T11:30:10.72,,104年1月至115年6月,1,,
4860,雲林縣,,2025/05/16,頂級原肉零食-B群菲力豬,犬,零食,寵愛有家股份有限公司,臺灣,無,無,14,2025-05-16T00:00:00,2025,5,2025-06-26T11:30:10.72,,104年1月至115年6月,1,,
4860,雲林縣,,2025/05/16,天使排淚眼通,犬、貓,補助食品,盟都事業股份有限公司,美國,無,無,14,2025-05-16T00:00:00,2025,5,2025-06-26T11:30:10.72,,104年1月至115年6月,1,,
4860,雲林縣,,2025/05/16,耐吉斯E7極品鹿肉餐-全齡犬配方4.5LB,犬,乾飼糧,艾澌克企業股份有限公司,臺灣,無,無,14,2025-05-16T00:00:00,2025,5,2025-06-26T11:30:10.72,,104年1月至115年6月,1,,
4860,雲林縣,,2025/05/16,優格鮮肉佐餐凍乾 鮭魚60g,犬,零食,艾澌克企業股份有限公司,臺灣,無,無,14,2025-05-16T00:00:00,2025,5,2025-06-26T11:30:10.72,,104年1月至115年6月,1,,
4860,雲林縣,,2025/05/16,骨力勁SILVER plus CoQ10（心血管配方）60錠,犬、貓,補助食品,百世生物科技有限公司,臺灣,無,無,14,2025-05-16T00:00:00,2025,5,2025-06-26T11:30:10.72,,104年1月至115年6月,1,,
4860,雲林縣,,2025/05/19,戀戀貓罐頭-鮪魚+鮭魚口味170g,貓,罐頭,全球寵物用品有限公司,泰國,包裝標示有效日期不符，疑涉違動物保護法第22條之5第1項第6款。,移送責任廠商所在地管轄機關進行查處。,14,2025-05-19T00:00:00,2025,5,2025-06-26T11:30:10.72,,104年1月至115年6月,1,,
4860,雲林縣,IP006,2025/05/19,時光鮮廚愛貓餐罐-鮪魚+牛肉,貓,罐頭,樺隆有限公司,泰國,該商品未申報，另包裝標示有效日期不符，疑涉違動物保護法第22條之3及第22條之5第1項第7款。,移送責任廠商所在地管轄機關進行查處。,14,2025-05-19T00:00:00,2025,5,2025-06-26T11:30:10.72,,104年1月至115年6月,1,,
4860,雲林縣,,2025/05/19,無榖低敏潔牙棒-十字造型500G,犬,潔牙骨,竣百有限公司,泰國,無,無,14,2025-05-19T00:00:00,2025,5,2025-06-26T11:30:10.72,,104年1月至115年6月,1,,
4860,嘉義縣,,2025/05/19,毛孩時代皮膚專科益生菌,犬、貓,補助食品,騰勢股份有限公司,臺灣,無,無,15,2025-05-19T00:00:00,2025,5,2025-06-26T11:30:10.72,,104年1月至115年6月,1,,
4860,嘉義縣,,2025/05/19,毛掌醫學狗貓保健肉泥(魚油),犬、貓,零食,飛輪寵物有限公司,臺灣,無,無,15,2025-05-19T00:00:00,2025,5,2025-06-26T11:30:10.72,,104年1月至115年6月,1,,
4860,嘉義縣,,2025/05/19,Pharcute寵物系列-純離胺酸,貓,補助食品,自力耕生股份有限公司,日本,無,無,15,2025-05-19T00:00:00,2025,5,2025-06-26T11:30:10.72,,104年1月至115年6月,1,,
4860,嘉義縣,,2025/05/19,超越巔峰犬用鮮食肉片-放牧牛&鹿+綠貽貝+牛磺酸,犬,補助食品,王品寵物用品有限公司,紐西蘭,無,無,15,2025-05-19T00:00:00,2025,5,2025-06-26T11:30:10.72,,104年1月至115年6月,1,,
4860,嘉義縣,,2025/05/19,紐西蘭K9 Natural 98% 鮮燉生肉主食罐-無榖牛肉鱈魚,犬,罐頭,極寵有限公司,紐西蘭,無,無,15,2025-05-19T00:00:00,2025,5,2025-06-26T11:30:10.72,,104年1月至115年6月,1,,
4860,嘉義縣,,2025/05/21,AB響食無榖低敏罐（經典雞肉）,犬、貓,罐頭,台灣美期有限公司,新加坡,無,無,15,2025-05-21T00:00:00,2025,5,2025-06-26T11:30:10.72,,104年1月至115年6月,1,,
4860,嘉義縣,,2025/05/21,AB響食無榖低敏罐（雞肉+海鮮）,犬、貓,罐頭,台灣美期有限公司,新加坡,無,無,15,2025-05-21T00:00:00,2025,5,2025-06-26T11:30:10.72,,104年1月至115年6月,1,,
4860,嘉義縣,,2025/05/21,美味極品大貓罐鮪魚&雞肉&蟹柳,貓,罐頭,雄騰國際有限公司,泰國,無,無,15,2025-05-21T00:00:00,2025,5,2025-06-26T11:30:10.72,,104年1月至115年6月,1,,
4860,嘉義縣,,2025/05/21,倍力康大貓罐（鮪魚+鮭魚）,貓,罐頭,雄騰國際有限公司,泰國,無,無,15,2025-05-21T00:00:00,2025,5,2025-06-26T11:30:10.72,,104年1月至115年6月,1,,
4860,嘉義縣,,2025/05/21,貓倍麗成貓乾糧 鮭魚什錦泌尿保健配方,貓,乾飼糧,台灣雀巢股份有限公司,泰國,無,無,15,2025-05-21T00:00:00,2025,5,2025-06-26T11:30:10.72,,104年1月至115年6月,1,,
4860,嘉義縣,,2025/05/21,慧心愛犬餅乾-燒烤牛肉風味,犬,零食,好侶股份有限公司,泰國,無,無,15,2025-05-21T00:00:00,2025,5,2025-06-26T11:30:10.72,,104年1月至115年6月,1,,
4860,屏東縣,MP013,2025/05/06,MC-T8-5入-姆吉 海鮮饗宴貓肉泥-鮪魚龍蝦,貓,零食,聯誠寵物有限公司,泰國,製造日期及有效日期不符,已於114年5月12日以屏府農動字第1140128726號函移請新北市政府動物保護防疫處依規定查處,16,2025-05-06T00:00:00,2025,5,2025-06-26T11:30:10.72,,104年1月至115年6月,1,,
4860,屏東縣,MP014,2025/05/06,Cat Feet 呼嚕愛乾淨 葡萄糖胺化毛潔牙餅 鮪魚口味,貓,零食,台灣美期有限公司,泰國,未依規定申報、製造日期及有效日期不符,已於114年5月12日以屏府農動字第1140128787號函移請臺北市動物保護處依規定查處,16,2025-05-06T00:00:00,2025,5,2025-06-26T11:30:10.72,,104年1月至115年6月,1,,
4860,屏東縣,MP015,2025/05/06,歐姆貓 乳酸菌鱈魚爆脆餅 4入袋裝,貓,零食,台灣愛邦仕實業有限公司,新加坡,無,無,16,2025-05-06T00:00:00,2025,5,2025-06-26T11:30:10.72,,104年1月至115年6月,1,,
4860,屏東縣,,2025/05/06,Antinol Rapid 安適得酷版(動物用食品),犬、貓,補助食品,富邦國際生醫科技有限公司,紐西蘭,無,無,16,2025-05-06T00:00:00,2025,5,2025-06-26T11:30:10.72,,104年1月至115年6月,1,,
4860,屏東縣,,2025/05/06,AM貓專用細切鮪魚條,貓,零食,台灣愛邦仕實業有限公司,泰國,無,無,16,2025-05-06T00:00:00,2025,5,2025-06-26T11:30:10.72,,104年1月至115年6月,1,,
4860,屏東縣,,2025/05/06,Cat Feet 呼嚕愛乾淨 葡萄糖胺化毛潔牙餅 鮭魚口味,貓,零食,台灣美期有限公司,泰國,未依規定申報、製造日期及有效日期不符,已於114年5月12日以屏府農動字第1140128787號函移請臺北市動物保護處依規定查處,16,2025-05-06T00:00:00,2025,5,2025-06-26T11:30:10.72,,104年1月至115年6月,1,,
4860,屏東縣,,2025/05/06,Cat Feet 呼嚕愛乾淨 葡萄糖胺化毛潔牙餅 羊肉口味,貓,零食,台灣美期有限公司,泰國,未依規定申報、製造日期及有效日期不符,已於114年5月12日以屏府農動字第1140128787號函移請臺北市動物保護處依規定查處,16,2025-05-06T00:00:00,2025,5,2025-06-26T11:30:10.72,,104年1月至115年6月,1,,
4860,屏東縣,,2025/05/06,Cat Feet 呼嚕愛乾淨 葡萄糖胺化毛潔牙餅 雞肉口味,貓,零食,台灣美期有限公司,泰國,未依規定申報、製造日期及有效日期不符,已於114年5月12日以屏府農動字第1140128787號函移請臺北市動物保護處依規定查處,16,2025-05-06T00:00:00,2025,5,2025-06-26T11:30:10.72,,104年1月至115年6月,1,,
4860,屏東縣,,2025/05/06,Cat Feet 呼嚕愛乾淨 葡萄糖胺化毛潔牙餅 牛肉口味,貓,零食,台灣美期有限公司,泰國,未依規定申報、製造日期及有效日期不符,已於114年5月12日以屏府農動字第1140128787號函移請臺北市動物保護處依規定查處,16,2025-05-06T00:00:00,2025,5,2025-06-26T11:30:10.72,,104年1月至115年6月,1,,
4860,屏東縣,,2025/05/06,Cat Feet 呼嚕愛乾淨 葡萄糖胺化毛潔牙餅 海鮮總匯,貓,零食,台灣美期有限公司,泰國,未依規定申報、製造日期及有效日期不符,已於114年5月12日以屏府農動字第1140128787號函移請臺北市動物保護處依規定查處,16,2025-05-06T00:00:00,2025,5,2025-06-26T11:30:10.72,,104年1月至115年6月,1,,
4860,屏東縣,,2025/05/06,歐姆貓 乳酸菌螃蟹爆脆餅 4入袋裝,貓,零食,台灣愛邦仕實業有限公司,新加坡,無,無,16,2025-05-06T00:00:00,2025,5,2025-06-26T11:30:10.72,,104年1月至115年6月,1,,
4860,屏東縣,,2025/05/21,犬貓好益菌保健營養粉,犬、貓,補助食品,食尚好國際企業有限公司,臺灣,無,無,16,2025-05-21T00:00:00,2025,5,2025-06-26T11:30:10.72,,104年1月至115年6月,1,,
4860,屏東縣,,2025/05/21,犬貓好亮眼保健營養粉,犬、貓,補助食品,食尚好國際企業有限公司,臺灣,無,無,16,2025-05-21T00:00:00,2025,5,2025-06-26T11:30:10.72,,104年1月至115年6月,1,,
4860,屏東縣,,2025/05/21,Freeze Dry Australia 犬貓通用零食冷凍乾燥系列 鴨胸80g,犬、貓,零食,沛菲有限公司,澳洲,未依規定申報,已於114年5月26日以屏府農動字第1140141638號函限期於114年6月9日前完成改善(6月10日複查，已完成申報)。,16,2025-05-21T00:00:00,2025,5,2025-06-26T11:30:10.72,,104年1月至115年6月,1,,
4860,屏東縣,,2025/05/21,Freeze Dry Australia 犬貓通用零食冷凍乾燥系列 雞肝80g,犬、貓,零食,沛菲有限公司,澳洲,未依規定申報,已於114年5月26日以屏府農動字第1140141638號函限期於114年6月9日前完成改善(6月10日複查，已完成申報)。,16,2025-05-21T00:00:00,2025,5,2025-06-26T11:30:10.72,,104年1月至115年6月,1,,
4860,屏東縣,,2025/05/21,Freeze Dry Australia 犬貓通用零食冷凍乾燥系列 鵪鶉脖子100g,犬、貓,零食,沛菲有限公司,澳洲,未依規定申報,已於114年5月26日以屏府農動字第1140141638號函限期於114年6月9日前完成改善(6月10日複查，已完成申報)。,16,2025-05-21T00:00:00,2025,5,2025-06-26T11:30:10.72,,104年1月至115年6月,1,,
4860,屏東縣,,2025/05/21,Freeze Dry Australia 犬貓通用零食冷凍乾燥系列 雞腿肉訓練零食100g,犬、貓,零食,沛菲有限公司,澳洲,未依規定申報,已於114年5月26日以屏府農動字第1140141638號函限期於114年6月9日前完成改善(6月10日複查，已完成申報)。,16,2025-05-21T00:00:00,2025,5,2025-06-26T11:30:10.72,,104年1月至115年6月,1,,
4860,屏東縣,,2025/05/21,Freeze Dry Australia 犬貓通用零食冷凍乾燥系列 雞心80g,犬、貓,零食,沛菲有限公司,澳洲,未依規定申報,已於114年5月26日以屏府農動字第1140141638號函限期於114年6月9日前完成改善(6月10日複查，已完成申報)。,16,2025-05-21T00:00:00,2025,5,2025-06-26T11:30:10.72,,104年1月至115年6月,1,,
4860,屏東縣,,2025/05/21,Freeze Dry Australia 犬貓通用零食冷凍乾燥系列 雞胸肉100g,犬、貓,零食,沛菲有限公司,澳洲,未依規定申報,已於114年5月26日以屏府農動字第1140141638號函限期於114年6月9日前完成改善(6月10日複查，已完成申報)。,16,2025-05-21T00:00:00,2025,5,2025-06-26T11:30:10.72,,104年1月至115年6月,1,,
4860,屏東縣,,2025/05/21,Freeze Dry Australia 犬貓通用零食冷凍乾燥系列 豬鼻子,犬、貓,零食,沛菲有限公司,澳洲,未依規定申報,已於114年5月26日以屏府農動字第1140141638號函限期於114年6月9日前完成改善(6月10日複查，已完成申報)。,16,2025-05-21T00:00:00,2025,5,2025-06-26T11:30:10.72,,104年1月至115年6月,1,,
4860,屏東縣,,2025/05/21,Freeze Dry Australia 犬貓通用零食冷凍乾燥系列 鱷魚腿肉70g,犬、貓,零食,沛菲有限公司,澳洲,未依規定申報,已於114年5月26日以屏府農動字第1140141638號函限期於114年6月9日前完成改善(6月10日複查，已完成申報)。,16,2025-05-21T00:00:00,2025,5,2025-06-26T11:30:10.72,,104年1月至115年6月,1,,
4860,屏東縣,,2025/05/21,Freeze Dry Australia 犬貓通用零食冷凍乾燥系列 羔羊心100g,犬、貓,零食,沛菲有限公司,澳洲,未依規定申報,已於114年5月26日以屏府農動字第1140141638號函限期於114年6月9日前完成改善(6月10日複查，已完成申報)。,16,2025-05-21T00:00:00,2025,5,2025-06-26T11:30:10.72,,104年1月至115年6月,1,,
4860,屏東縣,,2025/05/21,Freeze Dry Australia 犬貓通用零食冷凍乾燥系列 袋鼠肉餅100g,犬、貓,零食,沛菲有限公司,澳洲,未依規定申報,已於114年5月26日以屏府農動字第1140141638號函限期於114年6月9日前完成改善(6月10日複查，已完成申報)。,16,2025-05-21T00:00:00,2025,5,2025-06-26T11:30:10.72,,104年1月至115年6月,1,,
4860,屏東縣,,2025/05/21,Freeze Dry Australia 犬貓通用零食冷凍乾燥系列 沙丁魚80g,犬、貓,零食,沛菲有限公司,澳洲,未依規定申報,已於114年5月26日以屏府農動字第1140141638號函限期於114年6月9日前完成改善(6月10日複查，已完成申報)。,16,2025-05-21T00:00:00,2025,5,2025-06-26T11:30:10.72,,104年1月至115年6月,1,,
4860,屏東縣,,2025/05/21,Freeze Dry Australia 犬貓通用零食冷凍乾燥系列 袋鼠肝臟100g,犬、貓,零食,沛菲有限公司,澳洲,未依規定申報,已於114年5月26日以屏府農動字第1140141638號函限期於114年6月9日前完成改善(6月10日複查，已完成申報)。,16,2025-05-21T00:00:00,2025,5,2025-06-26T11:30:10.72,,104年1月至115年6月,1,,
4860,屏東縣,,2025/05/21,Freeze Dry Australia 犬貓通用零食冷凍乾燥系列 鴯鶓肉餅100g,犬、貓,零食,沛菲有限公司,澳洲,未依規定申報,已於114年5月26日以屏府農動字第1140141638號函限期於114年6月9日前完成改善(6月10日複查，已完成申報)。,16,2025-05-21T00:00:00,2025,5,2025-06-26T11:30:10.72,,104年1月至115年6月,1,,
4860,屏東縣,,2025/05/21,Freeze Dry Australia 犬貓通用零食冷凍乾燥系列 羔羊肉餅100g,犬、貓,零食,沛菲有限公司,澳洲,未依規定申報,已於114年5月26日以屏府農動字第1140141638號函限期於114年6月9日前完成改善(6月10日複查，已完成申報)。,16,2025-05-21T00:00:00,2025,5,2025-06-26T11:30:10.72,,104年1月至115年6月,1,,
4860,屏東縣,,2025/05/21,Freeze Dry Australia 犬貓通用零食冷凍乾燥系列 綠唇貽貝70g,犬、貓,零食,沛菲有限公司,澳洲,未依規定申報,已於114年5月26日以屏府農動字第1140141638號函限期於114年6月9日前完成改善(6月10日複查，已完成申報)。,16,2025-05-21T00:00:00,2025,5,2025-06-26T11:30:10.72,,104年1月至115年6月,1,,
4860,屏東縣,,2025/05/21,"Freeze Dry Australia
犬貓通用零食冷凍乾燥系列 鮭魚排100g",犬、貓,零食,沛菲有限公司,澳洲,未依規定申報,已於114年5月26日以屏府農動字第1140141638號函限期於114年6月9日前完成改善(6月10日複查，已完成申報)。,16,2025-05-21T00:00:00,2025,5,2025-06-26T11:30:10.72,,104年1月至115年6月,1,,
4860,屏東縣,,2025/05/21,Freeze Dry Australia 犬貓通用零食冷凍乾燥系列 雞脖100g,犬、貓,零食,沛菲有限公司,澳洲,未依規定申報,已於114年5月26日以屏府農動字第1140141638號函限期於114年6月9日前完成改善(6月10日複查，已完成申報)。,16,2025-05-21T00:00:00,2025,5,2025-06-26T11:30:10.72,,104年1月至115年6月,1,,
4860,屏東縣,,2025/05/21,Freeze Dry Australia 犬貓通用零食冷凍乾燥系列 沙丁魚牛肉球100g,犬、貓,零食,沛菲有限公司,澳洲,未依規定申報,已於114年5月26日以屏府農動字第1140141638號函限期於114年6月9日前完成改善(6月10日複查，已完成申報)。,16,2025-05-21T00:00:00,2025,5,2025-06-26T11:30:10.72,,104年1月至115年6月,1,,
4860,屏東縣,,2025/05/21,Freeze Dry Australia 犬貓通用零食冷凍乾燥系列 鹿肉肉餅100g,犬、貓,零食,沛菲有限公司,澳洲,未依規定申報,已於114年5月26日以屏府農動字第1140141638號函限期於114年6月9日前完成改善(6月10日複查，已完成申報)。,16,2025-05-21T00:00:00,2025,5,2025-06-26T11:30:10.72,,104年1月至115年6月,1,,
4860,屏東縣,,2025/05/21,Sheba 希寶 鮮饌包 鮪魚、雞肉及鰹魚口味,貓,罐頭,台灣瑪氏股份有限公司,泰國,無,無,16,2025-05-21T00:00:00,2025,5,2025-06-26T11:30:10.72,,104年1月至115年6月,1,,
4860,屏東縣,,2025/05/21,PARMIR 帕米爾-玄米鹿肉片,犬,零食,創奕貿易有限公司,臺灣,無,無,16,2025-05-21T00:00:00,2025,5,2025-06-26T11:30:10.72,,104年1月至115年6月,1,,
4860,屏東縣,,2025/05/22,法米納天然熱帶水果系列-幼犬/懷孕犬-羊肉木瓜-小顆粒,犬,乾飼糧,聯信寵物有限公司,義大利,製造日期及有效日期不符,已於114年5月27日以屏府農動字第1140146115號函移請新北市政府動物保護防疫處依規定查處,16,2025-05-22T00:00:00,2025,5,2025-06-26T11:30:10.72,,104年1月至115年6月,1,,
4860,屏東縣,,2025/05/22,愛情-乳酸菌短切雞肉條-藍莓,犬,零食,東翔實業股份有限公司,日本,製造日期及有效日期不符,已於114年5月27日以屏府農動字第1140138824號函移請臺北市動物保護處依規定查處,16,2025-05-22T00:00:00,2025,5,2025-06-26T11:30:10.72,,104年1月至115年6月,1,,
4860,臺東縣,,2025/05/05,元氣犬手工嫩肉排-雞肉風味(包裝180g),犬,零食,茂捷有限公司,臺灣,無,無,17,2025-05-05T00:00:00,2025,5,2025-06-26T11:30:10.72,,104年1月至115年6月,1,,
4860,臺東縣,,2025/05/05,香饌細切雞肉絲-雞肉風味(包裝80g),犬、貓,零食,茂捷有限公司,臺灣,無,無,17,2025-05-05T00:00:00,2025,5,2025-06-26T11:30:10.72,,104年1月至115年6月,1,,
4860,臺東縣,,2025/05/05,帕米爾綜合口味條棒-牛羊雞肉風味(包裝55g),犬,零食,創奕貿易有限公司,臺灣,無,無,17,2025-05-05T00:00:00,2025,5,2025-06-26T11:30:10.72,,104年1月至115年6月,1,,
4860,臺東縣,,2025/05/05,佳倍讚潔牙大甜甜圈-鮭魚風味(包裝140g),犬,零食,王品寵物用品有限公司,臺灣,無,無,17,2025-05-05T00:00:00,2025,5,2025-06-26T11:30:10.72,,104年1月至115年6月,1,,
4860,臺東縣,,2025/05/05,雞老大雞肉丁-雞肉風味(包裝160g),犬,零食,壹士達寵物有限公司,臺灣,無,無,17,2025-05-05T00:00:00,2025,5,2025-06-26T11:30:10.72,,104年1月至115年6月,1,,
4860,臺東縣,,2025/05/05,皇家迷你型8+熟齡犬糧(包裝1.5kg),犬,乾飼糧,台灣皇家寵物食品有限公司,韓國,無,無,17,2025-05-05T00:00:00,2025,5,2025-06-26T11:30:10.72,,104年1月至115年6月,1,,
4860,臺東縣,,2025/05/05,catit嘿卡堤三鮮凍貓糧-雞肉風味(包裝1.8kg),貓,乾飼糧,竣百有限公司,加拿大,無,無,17,2025-05-05T00:00:00,2025,5,2025-06-26T11:30:10.72,,104年1月至115年6月,1,,
4860,臺東縣,,2025/05/05,TOMA-PRO優格幼犬糧-羊肉風味(包裝3kg),犬,乾飼糧,艾澌克企業有限公司,美國,無,無,17,2025-05-05T00:00:00,2025,5,2025-06-26T11:30:10.72,,104年1月至115年6月,1,,
4860,臺東縣,,2025/05/05,耐吉斯極品全齡犬-鹿肉風味(包裝3kg),犬,乾飼糧,艾澌克企業有限公司,美國,無,無,17,2025-05-05T00:00:00,2025,5,2025-06-26T11:30:10.72,,104年1月至115年6月,1,,
4860,臺東縣,,2025/05/05,Cesar西莎餐盒-精緻牛肉風味(包裝100g),犬,罐頭,台灣瑪氏股份有限公司,澳洲,無,無,17,2025-05-05T00:00:00,2025,5,2025-06-26T11:30:10.72,,104年1月至115年6月,1,,
4860,花蓮縣,,2025/05/12,長紅貓罐-青花魚+鯷魚,貓,罐頭,福壽實業股份有限公司,泰國,無,無,18,2025-05-12T00:00:00,2025,5,2025-06-26T11:30:10.72,,104年1月至115年6月,1,,
4860,花蓮縣,,2025/05/12,美樂 經典鮪魚紅肉罐3號[鮪魚&鮭魚],貓,罐頭,貓狗甜心數位科技有限公司,泰國,無,無,18,2025-05-12T00:00:00,2025,5,2025-06-26T11:30:10.72,,104年1月至115年6月,1,,
4860,花蓮縣,,2025/05/12,canary犬貓專用羊奶粉,犬、貓,補助食品,經思確有限公司,荷蘭,無申報及標示有問題,移送責任廠商所在地管轄機關卓處,18,2025-05-12T00:00:00,2025,5,2025-06-26T11:30:10.72,,104年1月至115年6月,1,,
4860,花蓮縣,,2025/05/14,"NU-10247紐頓無穀全能系列T23
火雞+雞肉潔牙全齡犬",犬,乾飼糧,展聖寵物用品有限公司,加拿大,無,無,18,2025-05-14T00:00:00,2025,5,2025-06-26T11:30:10.72,,104年1月至115年6月,1,,
4860,花蓮縣,,2025/05/14,"NU-10264紐頓無穀全能系列T29
低敏羊肉挑嘴小顆粒",犬,乾飼糧,展聖寵物用品有限公司,加拿大,無,無,18,2025-05-14T00:00:00,2025,5,2025-06-26T11:30:10.72,,104年1月至115年6月,1,,
4860,花蓮縣,,2025/05/14,"CA-0303-Canidae良善 全齡犬糧
四種肉 2.2kg",犬,乾飼糧,嵩颺有限公司,美國,無,無,18,2025-05-14T00:00:00,2025,5,2025-06-26T11:30:10.72,,104年1月至115年6月,1,,
4860,花蓮縣,,2025/05/20,脫水乾燥-帶毛兔耳,犬、貓,零食,淨然國際有限公司,俄羅斯,無,無,18,2025-05-20T00:00:00,2025,5,2025-06-26T11:30:10.72,,104年1月至115年6月,1,,
4860,花蓮縣,,2025/05/20,脫水乾燥-帶毛兔尾,犬、貓,零食,淨然國際有限公司,俄羅斯,無,無,18,2025-05-20T00:00:00,2025,5,2025-06-26T11:30:10.72,,104年1月至115年6月,1,,
4860,花蓮縣,,2025/05/20,脫水乾燥-帶毛兔腳,犬、貓,零食,淨然國際有限公司,俄羅斯,無,無,18,2025-05-20T00:00:00,2025,5,2025-06-26T11:30:10.72,,104年1月至115年6月,1,,
4860,花蓮縣,,2025/05/20,脫水乾燥-兔腎,犬、貓,零食,淨然國際有限公司,俄羅斯,無,無,18,2025-05-20T00:00:00,2025,5,2025-06-26T11:30:10.72,,104年1月至115年6月,1,,
4860,花蓮縣,,2025/05/20,脫水乾燥-兔肉餅乾,犬、貓,零食,淨然國際有限公司,俄羅斯,無,無,18,2025-05-20T00:00:00,2025,5,2025-06-26T11:30:10.72,,104年1月至115年6月,1,,
4860,澎湖縣,,2025/04/16,維爾滋 天然無榖寵物糧 幼貓食譜,貓,乾飼糧,韋民企業股份有限公司,韓國,無,無,19,2025-04-16T00:00:00,2025,5,2025-06-26T11:30:10.72,,104年1月至115年6月,1,,
4860,澎湖縣,,2025/04/16,強品貓罐-鮪魚+牛肉,貓,罐頭,竣百有限公司,泰國,無,無,19,2025-04-16T00:00:00,2025,5,2025-06-26T11:30:10.72,,104年1月至115年6月,1,,
4860,澎湖縣,,2025/04/16,猋罐頭-牛肉,犬,罐頭,雍立貿易股份有限公司,澳洲,無,無,19,2025-04-16T00:00:00,2025,5,2025-06-26T11:30:10.72,,104年1月至115年6月,1,,
4860,澎湖縣,,2025/04/16,柏萊富特調成犬活力配方(雞肉+糙米),犬,乾飼糧,柏希菲克股份有限公司,美國,無,無,19,2025-04-16T00:00:00,2025,5,2025-06-26T11:30:10.72,,104年1月至115年6月,1,,
4860,澎湖縣,,2025/04/16,ZEUS宙斯 雞肉捲骨-羊肉薄荷風味10入,犬,零食,竣百有限公司,泰國,無,無,19,2025-04-16T00:00:00,2025,5,2025-06-26T11:30:10.72,,104年1月至115年6月,1,,
4860,基隆市,,2025/05/07,乖乖吃飯-吃飯大師干貝醬,犬、貓,罐頭,友伴生活股份有限公司,臺灣,無,無,20,2025-05-07T00:00:00,2025,5,2025-06-26T11:30:10.72,,104年1月至115年6月,1,,
4860,基隆市,,2025/05/07,田園山藥雞肉粽粽,犬、貓,生鮮、冷凍,森田生技企業社,臺灣,無,無,20,2025-05-07T00:00:00,2025,5,2025-06-26T11:30:10.72,,104年1月至115年6月,1,,
4860,基隆市,,2025/05/07,毛老大全方位機能配方(犬專用),犬、貓,補助食品,森田生技企業社,臺灣,無,無,20,2025-05-07T00:00:00,2025,5,2025-06-26T11:30:10.72,,104年1月至115年6月,1,,
4860,基隆市,,2025/05/07,AM簡單餵食營養爽口起司條膏,犬、貓,零食,台灣愛邦仕實業股份有限公司,臺灣,官網適用寵物種類與申報網不符,通知業者限期改善,20,2025-05-07T00:00:00,2025,5,2025-06-26T11:30:10.72,,104年1月至115年6月,1,,
4860,基隆市,,2025/05/07,貓侍CAT-POOL 極致肉泥餐包(500g量販包)-起司雞肉,貓,半溼性飼糧,貓侍股份有限公司,臺灣,官網適用寵物種類與申報網不符,通知業者限期改善,20,2025-05-07T00:00:00,2025,5,2025-06-26T11:30:10.72,,104年1月至115年6月,1,,
4860,基隆市,,2025/05/27,健綠潔牙骨 7-11公斤專用5支裝/3oz*6,犬,潔牙骨,台灣瑪氏股份有限公司,美國,包裝原料及添加物與申報網資料不符,通知業者限期改善,20,2025-05-27T00:00:00,2025,5,2025-06-26T11:30:10.72,,104年1月至115年6月,1,,
4860,基隆市,,2025/05/27,哈緹雞肉條(雞肉風味),犬,零食,韋民企業股份有限公司,泰國,未申報,通知業者限期改善,20,2025-05-27T00:00:00,2025,5,2025-06-26T11:30:10.72,,104年1月至115年6月,1,,
4860,基隆市,,2025/05/27,促泌康-喵喝水(弱酸性.泌尿道保健) 500ML,貓,補助食品,兆宣貿易企業有限公司,加拿大,"1.包裝未標示有效/製造日期
2.包裝廣告標示涉宣稱療效",移請臺北市卓處,20,2025-05-27T00:00:00,2025,5,2025-06-26T11:30:10.72,,104年1月至115年6月,1,,
4860,基隆市,,2025/05/27,GOLDEN CAT健康機能特級金貓餐罐(白身鮪魚+雞肉+蟹肉),貓,罐頭,台灣惜時有限公司,泰國,無,無,20,2025-05-27T00:00:00,2025,5,2025-06-26T11:30:10.72,,104年1月至115年6月,1,,
4860,基隆市,,2025/05/27,猋罐頭-鮮汁雞蔬,犬,罐頭,雍立貿易股份有限公司,泰國,無,無,20,2025-05-27T00:00:00,2025,5,2025-06-26T11:30:10.72,,104年1月至115年6月,1,,
4860,新竹市,,2025/05/20,柏萊富 特調幼犬成長配方（雞肉+糙米）,犬,乾飼糧,萬達寵物事業股份有限公司,美國,無,無,21,2025-05-20T00:00:00,2025,5,2025-06-26T11:30:10.72,,104年1月至115年6月,1,,
4860,新竹市,,2025/05/20,第一饗宴 無穀低敏 海魚藍莓全貓配方,貓,乾飼糧,萬達寵物事業股份有限公司,加拿大,無,無,21,2025-05-20T00:00:00,2025,5,2025-06-26T11:30:10.72,,104年1月至115年6月,1,,
4860,新竹市,,2025/05/20,Natural 10自然食 寵物肉泥條-化毛護毛,犬、貓,罐頭,富邦媒體科技股份有限公司,臺灣,無,無,21,2025-05-20T00:00:00,2025,5,2025-06-26T11:30:10.72,,104年1月至115年6月,1,,
4860,新竹市,,2025/05/20,毛起來-迷你方塊小凍乾,犬、貓,零食,富邦媒體科技股份有限公司,臺灣,無,無,21,2025-05-20T00:00:00,2025,5,2025-06-26T11:30:10.72,,104年1月至115年6月,1,,
4860,新竹市,,2025/05/20,寵貓鮮-貓咪低磷無膠主食罐（蝸牛+豬肉）,貓,罐頭,富邦媒體科技股份有限公司,臺灣,無,無,21,2025-05-20T00:00:00,2025,5,2025-06-26T11:30:10.72,,104年1月至115年6月,1,,
4860,新竹市,RP007,2025/05/21,Main Course每客思全營養主食罐（雞肉+牛肉）,貓,罐頭,台灣惜時有限公司,泰國,無,無,21,2025-05-21T00:00:00,2025,5,2025-06-26T11:30:10.72,,104年1月至115年6月,1,,
4860,新竹市,RP008,2025/05/21,曙光無穀滋養火雞肉食譜犬糧,犬,乾飼糧,昱碩國際事業股份有限公司,荷蘭,無,無,21,2025-05-21T00:00:00,2025,5,2025-06-26T11:30:10.72,,104年1月至115年6月,1,,
4860,新竹市,RP009,2025/05/21,Black Hawk 優選無榖雞肉主食罐,犬,罐頭,四季全球貿易股份有限公司,澳洲,無,無,21,2025-05-21T00:00:00,2025,5,2025-06-26T11:30:10.72,,104年1月至115年6月,1,,
4860,新竹市,,2025/05/21,kitcat 呼嚕嚕肉泥-雞肉+纖維素,貓,罐頭,四季全球貿易股份有限公司,泰國,無,無,21,2025-05-21T00:00:00,2025,5,2025-06-26T11:30:10.72,,104年1月至115年6月,1,,
4860,新竹市,,2025/05/21,鮮燉狗無穀主食罐（嚴選雞肉）,犬,罐頭,四季全球貿易股份有限公司,紐西蘭,無,無,21,2025-05-21T00:00:00,2025,5,2025-06-26T11:30:10.72,,104年1月至115年6月,1,,
4860,嘉義市,,2025/05/13,C.E.T.植物性潔齒嚼片(清新科技)–靈活加強版 M,犬,潔牙骨,台灣維克法蘭斯股份有限公司,越南,無,無,22,2025-05-13T00:00:00,2025,5,2025-06-26T11:30:10.72,,104年1月至115年6月,1,,
4860,嘉義市,,2025/05/13,C.E.T.植物性潔齒嚼片(清新科技)–靈活加強版 M,犬,潔牙骨,台灣維克法蘭斯股份有限公司,越南,無,無,22,2025-05-13T00:00:00,2025,5,2025-06-26T11:30:10.72,,104年1月至115年6月,1,,
4860,嘉義市,,2025/05/15,KaNoodles Plus 韓國多效潔牙棒680g盒裝(M),犬,潔牙骨,四季全球貿易股份有限公司,韓國,無,無,22,2025-05-15T00:00:00,2025,5,2025-06-26T11:30:10.72,,104年1月至115年6月,1,,
4860,嘉義市,,2025/05/15,Feline Natural 雞肉+羊肉 鮮燉貓無穀主食罐,貓,罐頭,四季全球貿易股份有限公司,紐西蘭,無,無,22,2025-05-15T00:00:00,2025,5,2025-06-26T11:30:10.72,,104年1月至115年6月,1,,
4860,嘉義市,,2025/05/20,GUSSTO惡魔喵 無榖有機主食 2野生鮭魚,貓,罐頭,寵愛國際行銷有限公司,德國,無,無,22,2025-05-20T00:00:00,2025,5,2025-06-26T11:30:10.72,,104年1月至115年6月,1,,
4860,嘉義市,,2025/05/20,Prama PD4美味系列假日肉汁烤雞主食餐,狗,罐頭,貓滋味有限公司,泰國,無,無,22,2025-05-20T00:00:00,2025,5,2025-06-26T11:30:10.72,,104年1月至115年6月,1,,
4860,嘉義市,,2025/05/28,【Homiha 好米亞 】貓咪零食｜凍乾酥肉塊(雞肉+β胡蘿蔔素),貓,零食,聯輝生活實業有限公司,臺灣,無,無,22,2025-05-28T00:00:00,2025,5,2025-06-26T11:30:10.72,,104年1月至115年6月,1,,
4860,嘉義市,,2025/05/28,【Homiha 好米亞 】貓咪零食｜卡滋卡滋小脆丁(雞肉+鮪魚),貓,零食,聯輝生活實業有限公司,臺灣,無,無,22,2025-05-28T00:00:00,2025,5,2025-06-26T11:30:10.72,,104年1月至115年6月,1,,
4860,嘉義市,,2025/05/28,【Homiha 好米亞 】貓咪零食｜凍乾酥肉塊(雞肉+紅麴),貓,零食,聯輝生活實業有限公司,臺灣,無,無,22,2025-05-28T00:00:00,2025,5,2025-06-26T11:30:10.72,,104年1月至115年6月,1,,
4860,嘉義市,,2025/05/28,【Homiha 好米亞 】貓咪零食｜凍乾酥肉塊(雞肉+薑黃),貓,零食,聯輝生活實業有限公司,臺灣,無,無,22,2025-05-28T00:00:00,2025,5,2025-06-26T11:30:10.72,,104年1月至115年6月,1,,
4860,嘉義市,,2025/05/28,【Homiha 好米亞 】狗狗零食｜夯肉片(雞肉+鰻魚),犬,零食,聯輝生活實業有限公司,臺灣,無,無,22,2025-05-28T00:00:00,2025,5,2025-06-26T11:30:10.72,,104年1月至115年6月,1,,
4860,金門縣,,2025/05/21,西莎點心-主廚顏選香軟牛肉切塊口味100g,犬,零食,台灣瑪氏股份有限公司,日本,無,無,23,2025-05-21T00:00:00,2025,5,2025-06-26T11:30:10.72,,104年1月至115年6月,1,,
4860,金門縣,,2025/05/21,生活良好貓用鱈魚蟹肉絲40g,貓,零食,台灣生活良好國際股份有限公司,日本,無,無,23,2025-05-21T00:00:00,2025,5,2025-06-26T11:30:10.72,,104年1月至115年6月,1,,
4860,金門縣,,2025/05/21,樂益活寵物專用綜合維他命+葡萄糖胺250g,犬、貓,補助食品,英屬維爾京群島商可娜國際有限公司台灣分公司,美國,無,無,23,2025-05-21T00:00:00,2025,5,2025-06-26T11:30:10.72,,104年1月至115年6月,1,,
4860,金門縣,,2025/05/21,貓倍麗美國經典主食罐香烤嫩雞(燒汁嫩雞)85g,貓,罐頭,台灣雀巢股份有限公司,美國,無,無,23,2025-05-21T00:00:00,2025,5,2025-06-26T11:30:10.72,,104年1月至115年6月,1,,
4860,金門縣,,2025/05/21,CIAO啾嚕肉泥-鮪魚&貝柱綜合營養食56g(14gx4),貓,零食,臺灣生活良好國際股份有限公司,日本,無,無,23,2025-05-21T00:00:00,2025,5,2025-06-26T11:30:10.72,,104年1月至115年6月,1,,
4860,金門縣,,2025/05/21,CIAO啾嚕肉泥-鮪魚&貝柱綜合營養食56g(14gx4),貓,零食,臺灣生活良好國際股份有限公司,日本,無,無,23,2025-05-21T00:00:00,2025,5,2025-06-26T11:30:10.72,,104年1月至115年6月,1,,
4860,連江縣,,2025/05/20,Whiskas偉嘉乾糧鮪魚(吞拿魚)及雞肉口味(1.1kg),貓,乾飼糧,台灣瑪氏股份有限公司,泰國,無,無,24,2025-05-20T00:00:00,2025,5,2025-06-26T11:30:10.72,,104年1月至115年6月,1,,
4860,連江縣,,2025/05/20,Whiskas偉嘉乾糧鮪魚(海鯛鮮蝦)口味(1.1kg),貓,乾飼糧,台灣瑪氏股份有限公司,泰國,無,無,24,2025-05-20T00:00:00,2025,5,2025-06-26T11:30:10.72,,104年1月至115年6月,1,,
4860,連江縣,,2025/05/20,寶路Pedigree-狗罐頭-牛肉口味(400g*1罐),犬,罐頭,台灣瑪氏股份有限公司,澳洲,無,無,24,2025-05-20T00:00:00,2025,5,2025-06-26T11:30:10.72,,104年1月至115年6月,1,,
4860,連江縣,,2025/05/20,GREENS葛莉思-犬乾糧牛肉口味(15kg),犬,罐頭,福壽實業股份有限公司,泰國,無,無,24,2025-05-20T00:00:00,2025,5,2025-06-26T11:30:10.72,,104年1月至115年6月,1,,
4860,連江縣,,2025/05/20,GREENS葛莉思-犬乾糧雞肉口味-含鮪魚成分(400g*1罐),犬,罐頭,福壽實業股份有限公司,泰國,無,無,24,2025-05-20T00:00:00,2025,5,2025-06-26T11:30:10.72,,104年1月至115年6月,1,,
4860,新北市,,2025/06/09,ALPS阿爾卑斯燉肉犬罐-火雞口味 ALP-W154,犬,罐頭,寵兒商貿有限公司,義大利,無,無,0,2025-06-09T00:00:00,2025,6,2025-07-24T15:00:03.603,,104年1月至115年6月,1,,
4860,新北市,AP015,2025/06/09,Halo 嘿囉 幼犬雞肉 350克,犬,乾飼糧,盛貿寵物股份有限公司,美國,無,無,0,2025-06-09T00:00:00,2025,6,2025-07-24T15:00:03.603,,104年1月至115年6月,1,,
4860,新北市,,2025/06/09,曙光冷凍乾燥生食犬用餐食-雞肉餅,犬,零食,昱碩國際事業股份有限公司,美國,無,無,0,2025-06-09T00:00:00,2025,6,2025-07-24T15:00:03.603,,104年1月至115年6月,1,,
4860,新北市,,2025/06/09,安柏希雅 單一肉蛋白 無榖鮮肉犬糧-新鮮沙丁魚+鱈魚,犬,乾飼糧,王品寵物用品有限公司,荷蘭,商品標示之委製商與申報網上之製造或加工業者工廠名稱不符,移請桃園動保處協助妥處,0,2025-06-09T00:00:00,2025,6,2025-07-24T15:00:03.603,,104年1月至115年6月,1,,
4860,新北市,AP016,2025/06/09,蘿菲特雞肉絲養生湯罐-雞肉+鮪魚(LE-T33),貓,罐頭,季峰國際貿易有限公司,泰國,有效期限錯誤,移請台中動保處協助妥處,0,2025-06-09T00:00:00,2025,6,2025-07-24T15:00:03.603,,104年1月至115年6月,1,,
4860,新北市,,2025/06/09,Schesir 低碳水無穀成貓乾糧-雞肉+鯡魚 1.25KG,貓,乾飼糧,兆宣貿易企業有限公司,加拿大,申報網商品名與包裝不符,移請台北動保處協助妥處,0,2025-06-09T00:00:00,2025,6,2025-07-24T15:00:03.603,,104年1月至115年6月,1,,
4860,新北市,,2025/06/09,SS名廚特選主食罐 嫩牛肉塊+雞肉,貓,罐頭,上峰股份有限公司,泰國,無,無,0,2025-06-09T00:00:00,2025,6,2025-07-24T15:00:03.603,,104年1月至115年6月,1,,
4860,新北市,,2025/06/09,優格零穀全齡貓 鮭魚配方 2.5lb,貓,乾飼糧,艾澌克企業股份有限公司,加拿大,無,無,0,2025-06-09T00:00:00,2025,6,2025-07-24T15:00:03.603,,104年1月至115年6月,1,,
4860,新北市,,2025/06/09,經典維齊 (雞肉+雞肝),犬,罐頭,竣百有限公司,泰國,商品標示之委製商與申報網上之製造或加工業者工廠名稱不符,通知業者限期改善,0,2025-06-09T00:00:00,2025,6,2025-07-24T15:00:03.603,,104年1月至115年6月,1,,
4860,新北市,,2025/06/09,燒肉工房 哇酷洋芋片#2 炙燒牛五花味洋芋片,犬,零食,竣百有限公司,泰國,無,無,0,2025-06-09T00:00:00,2025,6,2025-07-24T15:00:03.603,,104年1月至115年6月,1,,
4860,新北市,AP017,2025/06/09,燒肉工房#9 香濃鮮美雞風味,犬,零食,艾澌克企業股份有限公司,泰國,無,無,0,2025-06-09T00:00:00,2025,6,2025-07-24T15:00:03.603,,104年1月至115年6月,1,,
4860,新北市,,2025/06/09,peperoni陪陪香濃地瓜起司,犬,零食,南方鳥股份有限公司,韓國,無,無,0,2025-06-09T00:00:00,2025,6,2025-07-24T15:00:03.603,,104年1月至115年6月,1,,
4860,新北市,,2025/06/09,維齊魚多多貓餐罐-鮪魚+鯛魚,貓,罐頭,竣百有限公司,泰國,無,無,0,2025-06-09T00:00:00,2025,6,2025-07-24T15:00:03.603,,104年1月至115年6月,1,,
4860,新北市,,2025/06/09,K-040 喵洽普袋裝凍乾－魷魚23克,犬、貓,零食,壹士達寵物有限公司,韓國,無,無,0,2025-06-09T00:00:00,2025,6,2025-07-24T15:00:03.603,,104年1月至115年6月,1,,
4860,新北市,,2025/06/09,Hulucat卡滋化毛潔牙餅-鮭魚,貓,零食,王品寵物用品有限公司,泰國,"1. 商品標示之委製商與申報網上之製造或加工業者工廠名稱不符
2. 有效日期錯誤",移請桃園動保處協助妥處,0,2025-06-09T00:00:00,2025,6,2025-07-24T15:00:03.603,,104年1月至115年6月,1,,
4860,臺北市,VP012,2025/06/19,離乳與母貓主食糧BC34W,貓,罐頭,台灣皇家寵物食品有限公司,奧地利,無,無,1,2025-06-19T00:00:00,2025,6,2025-07-24T15:00:03.603,,104年1月至115年6月,1,,
4860,臺北市,VP013,2025/06/19,德國柏肯特主食 鮮肉包-鹿肉,犬,罐頭,麥可貿易有限公司,德國,無,無,1,2025-06-19T00:00:00,2025,6,2025-07-24T15:00:03.603,,104年1月至115年6月,1,,
4860,臺北市,VP014,2025/06/19,法米納獸醫天然處方系列-犬用腎臟配方,犬,罐頭,聯信寵物有限公司,塞爾維亞,無,無,1,2025-06-19T00:00:00,2025,6,2025-07-24T15:00:03.603,,104年1月至115年6月,1,,
4860,臺北市,,2025/06/19,紐萃寶 雞肉&鮮草鹿肚無膠主食狗罐,犬,罐頭,八犬國際行銷有限公司,紐西蘭,有效日期標示錯誤,轉請新北市政府動物保護防疫處卓處,1,2025-06-19T00:00:00,2025,6,2025-07-24T15:00:03.603,,104年1月至115年6月,1,,
4860,臺北市,,2025/06/19,藍摯 幼犬原野精靈 去骨雞肉無穀配方,犬,乾飼糧,盛貿寵物愛股份有限公司,美國,無,無,1,2025-06-19T00:00:00,2025,6,2025-07-24T15:00:03.603,,104年1月至115年6月,1,,
4860,臺北市,,2025/06/19,自然主義草本犬糧-中小型成犬2kg,犬,乾飼糧,東森寵物雲股份有限公司,荷蘭,無,無,1,2025-06-19T00:00:00,2025,6,2025-07-24T15:00:03.603,,104年1月至115年6月,1,,
4860,臺北市,,2025/06/19,冠能小型成犬鮮雞活力配方,犬,乾飼糧,台灣雀巢股份有限公司,美國,無,無,1,2025-06-19T00:00:00,2025,6,2025-07-24T15:00:03.603,,104年1月至115年6月,1,,
4860,臺北市,,2025/06/19,紐頓無穀全能系列T27 火雞+雞肉挑嘴小顆粒,犬,乾飼糧,展聖寵物用品有限公司,加拿大,無,無,1,2025-06-19T00:00:00,2025,6,2025-07-24T15:00:03.603,,104年1月至115年6月,1,,
4860,臺北市,,2025/06/19,愛肯拿農場盛宴犬,犬,乾飼糧,豪翼行銷有限公司,加拿大,無,無,1,2025-06-19T00:00:00,2025,6,2025-07-24T15:00:03.603,,104年1月至115年6月,1,,
4860,臺北市,,2025/06/19,嘿囉小型成犬 無穀雞肉,犬,乾飼糧,盛貿寵物愛股份有限公司,美國,無,無,1,2025-06-19T00:00:00,2025,6,2025-07-24T15:00:03.603,,104年1月至115年6月,1,,
4860,臺北市,,2025/06/19,ADD自然癮食 藍鮭魚 無穀全齡犬,犬,乾飼糧,聯享寵物貿易有限公司,紐西蘭,無,無,1,2025-06-19T00:00:00,2025,6,2025-07-24T15:00:03.603,,104年1月至115年6月,1,,
4860,臺北市,,2025/06/19,優格親親食譜 幼貓益菌成長配方,貓,乾飼糧,艾澌克企業股份有限公司,加拿大,無,無,1,2025-06-19T00:00:00,2025,6,2025-07-24T15:00:03.603,,104年1月至115年6月,1,,
4860,臺北市,,2025/06/19,骰子魚肉風味雞肉塊,犬,零食,台灣多格漫商貿股份有限公司,日本,無,無,1,2025-06-19T00:00:00,2025,6,2025-07-24T15:00:03.603,,104年1月至115年6月,1,,
4860,臺北市,,2025/06/19,貓倍麗成貓乾糧海洋魚高纖化毛配方,貓,乾飼糧,台灣雀巢股份有限公司,泰國,無,無,1,2025-06-19T00:00:00,2025,6,2025-07-24T15:00:03.603,,104年1月至115年6月,1,,
4860,臺北市,,2025/06/19,犬用Hello角切野菜起司塊,犬,零食,台灣多格漫商貿股份有限公司,日本,無,無,1,2025-06-19T00:00:00,2025,6,2025-07-24T15:00:03.603,,104年1月至115年6月,1,,
4860,臺中市,SP016,2025/05/27,極光 全齡犬無穀羊肉(低脂),犬,乾飼糧,邁迪飛貿易有限公司,加拿大,"1.於申報網申報製造商與包裝標示不符
2.國內負責廠商登記地址與商業登記地址不同",已依中市動稽字第1140004810號函轉新北市政府動物保護防疫處,2,2025-05-27T00:00:00,2025,6,2025-07-24T15:00:03.603,,104年1月至115年6月,1,,
4860,臺中市,,2025/05/27,FORCANS護眼保健嚼片,犬,零食,四季全球貿易股份有限公司,韓國,無,無,2,2025-05-27T00:00:00,2025,6,2025-07-24T15:00:03.603,,104年1月至115年6月,1,,
4860,臺中市,,2025/05/27,柏來富 特調成犬活力配方(雞肉+糙米),犬,乾飼糧,柏希菲克股份有限公司,美國,無,無,2,2025-05-27T00:00:00,2025,6,2025-07-24T15:00:03.603,,104年1月至115年6月,1,,
4860,臺中市,,2025/05/27,GOMO PET FOOD成犬無穀美膚亮毛配方,犬,乾飼糧,大成集團 毛能寵物營養生技股份有限公司,臺灣,申報網申報主要原料及添加物與包裝不符,已依中市動稽字第1140005343號函請業者限期改善,2,2025-05-27T00:00:00,2025,6,2025-07-24T15:00:03.603,,104年1月至115年6月,1,,
4860,臺中市,,2025/05/27,強品犬罐-雞肉+牛肉風味,犬,罐頭,竣百有限公司,泰國,無,無,2,2025-05-27T00:00:00,2025,6,2025-07-24T15:00:03.603,,104年1月至115年6月,1,,
4860,臺中市,,2025/05/27,元氣犬 雞肉+起司口味,犬,罐頭,茂捷有限公司,土耳其,"1.未向農業部寵物食品申報網辦理申報。
2.標有「強化愛犬的消化力」及「強化愛犬的體質及自然抵抗力」涉及誇張或易生誤解原則。",已依中市動稽字第1140004810號函轉新北市政府動物保護防疫處,2,2025-05-27T00:00:00,2025,6,2025-07-24T15:00:03.603,,104年1月至115年6月,1,,
4860,臺中市,,2025/05/27,LOVE無穀犬罐(鮮雞+清甜南瓜),犬,罐頭,豪翼行銷有限公司,泰國,無,無,2,2025-05-27T00:00:00,2025,6,2025-07-24T15:00:03.603,,104年1月至115年6月,1,,
4860,臺中市,,2025/05/27,德國柏肯特慢火精燉包 鮭魚,犬,罐頭,麥可貿易有限公司,德國,無,無,2,2025-05-27T00:00:00,2025,6,2025-07-24T15:00:03.603,,104年1月至115年6月,1,,
4860,臺中市,,2025/05/27,歐睿健 鮮雞愛貓 無穀配方,貓,乾飼糧,豪翼行銷有限公司,加拿大,"1.國內負責廠商地址與商業登記地址不同。
2.使用「符合國際標準」詞句或類似詞句，產品未符合對應標準之要求：前揭產品標有「FEDIAF&AFFCO國際認證標準」。",已依中市動稽字第1140004892號函轉新北市政府動物保護防疫處,2,2025-05-27T00:00:00,2025,6,2025-07-24T15:00:03.603,,104年1月至115年6月,1,,
4860,臺中市,,2025/05/27,野宴 全齡貓草飼無穀配方 草飼羊+放牧山羊,貓,乾飼糧,悠遊國際實業股份有限公司,紐西蘭,"1.國內負責廠商地址與商業登記地址不同。
2.使用「符合國際標準」詞句或類似詞句，產品未符合對應標準之要求：前揭產品標有「符合美國AFFCO營養標準」。",已依中市動稽字第1140004989號函轉臺北市動物保護處,2,2025-05-27T00:00:00,2025,6,2025-07-24T15:00:03.603,,104年1月至115年6月,1,,
4860,臺中市,,2025/05/27,貓倍麗 成貓乾糧海鮮拼盤泌尿保健配方,貓,乾糧,台灣雀巢股份有限公司,泰國,無,無,2,2025-05-27T00:00:00,2025,6,2025-07-24T15:00:03.603,,104年1月至115年6月,1,,
4860,臺中市,,2025/05/27,Main course每客思營養主食罐(雞肉+白身鮪魚),貓,罐頭,台灣惜時有限公司,泰國,使用「符合國際標準」詞句或類似詞句，產品未符合對應標準之要求：前揭產品標有「符合AAFCO全營養標準」。,已依中市動稽字第1140004810號函轉新北市政府動物保護防疫處,2,2025-05-27T00:00:00,2025,6,2025-07-24T15:00:03.603,,104年1月至115年6月,1,,
4860,臺中市,,2025/05/27,真野無穀主食貓餐包 成貓(鱈魚+鮮蝦+蔬菜),貓,罐頭,柏希菲克股份有限公司,義大利,無,無,2,2025-05-27T00:00:00,2025,6,2025-07-24T15:00:03.603,,104年1月至115年6月,1,,
4860,臺中市,,2025/05/27,鮪魚雞肉慕斯(幼貓),貓,罐頭,安捷星物流股份有限公司,泰國,無,無,2,2025-05-27T00:00:00,2025,6,2025-07-24T15:00:03.603,,104年1月至115年6月,1,,
4860,臺中市,,2025/05/27,Kit Cat主食餐包-鮪魚.牛肉,貓,罐頭,四季全球貿易股份有限公司,泰國,申報網申報主要原料及添加物與包裝不符,已依中市動稽字第1140005344號函請業者限期改善,2,2025-05-27T00:00:00,2025,6,2025-07-24T15:00:03.603,,104年1月至115年6月,1,,
4860,臺南市,UP011,2025/06/23,邦比-貓餐罐 白身鮪魚+雞肉(湯罐),貓,罐頭,全慶寵物用品有限公司 ,泰國,無,無,4,2025-06-23T00:00:00,2025,6,2025-07-24T15:00:03.603,,104年1月至115年6月,1,,
4860,臺南市,UP012,2025/06/23,邦比-貓餐罐 白身鮪魚+吻仔魚(湯罐),貓,罐頭,全慶寵物用品有限公司 ,泰國,無,無,4,2025-06-23T00:00:00,2025,6,2025-07-24T15:00:03.603,,104年1月至115年6月,1,,
4860,臺南市,UP013,2025/06/23,邦比-貓餐罐 白身鮪魚+鮭魚,貓,罐頭,全慶寵物用品有限公司 ,泰國,無,無,4,2025-06-23T00:00:00,2025,6,2025-07-24T15:00:03.603,,104年1月至115年6月,1,,
4860,高雄市,,2025/06/04,HeroMama經典鮮食餐盒(羊小排-心臟機能),犬,罐頭,飛輪寵物有限公司,泰國,"產品標示有誤
申報與標示不一",移請臺北市卓處,6,2025-06-04T00:00:00,2025,6,2025-07-24T15:00:03.603,,104年1月至115年6月,1,,
4860,高雄市,,2025/06/04,INABA 啾嚕肉泥-犬用綜合營養食 D-105 (雞肉口味) 14g*4入,犬,零食,喬治兄弟企業股份有限公司,日本,無,無,6,2025-06-04T00:00:00,2025,6,2025-07-24T15:00:03.603,,104年1月至115年6月,1,,
4860,高雄市,,2025/06/04,CIAO 啾嚕肉泥膏 CS-154 (化毛配方鮪魚口味)80g,貓,零食,喬治兄弟企業股份有限公司,日本,無,無,6,2025-06-04T00:00:00,2025,6,2025-07-24T15:00:03.603,,104年1月至115年6月,1,,
4860,高雄市,,2025/06/04,ZEAL真致天然風乾零食-牛肉塊,犬、貓,零食,嵩颺有限公司,紐西蘭,無,無,6,2025-06-04T00:00:00,2025,6,2025-07-24T15:00:03.603,,104年1月至115年6月,1,,
4860,高雄市,,2025/06/04,心寵 關節保健｜藜麥X雞肉泥 15gx4入,貓,零食,廣湛有限公司,泰國,無,無,6,2025-06-04T00:00:00,2025,6,2025-07-24T15:00:03.603,,104年1月至115年6月,1,,
4860,高雄市,,2025/06/04,貝可寵PETBAKERY深海魚凍乾(犬)50g,犬,零食,紫雲貿易股份有限公司,紐西蘭,產品標示有誤,移請臺北市卓處,6,2025-06-04T00:00:00,2025,6,2025-07-24T15:00:03.603,,104年1月至115年6月,1,,
4860,高雄市,,2025/06/04,自然印記有機犬糧 鴨肉口味 200g,犬,乾飼糧,寵兒商貿有限公司,韓國,產品未申報,通知業者限期改善,6,2025-06-04T00:00:00,2025,6,2025-07-24T15:00:03.603,,104年1月至115年6月,1,,
4860,高雄市,,2025/06/04,烘焙客 幼犬 野放雞,犬,乾飼糧,宜輝企業有限公司,加拿大,申報有誤,通知業者限期改善,6,2025-06-04T00:00:00,2025,6,2025-07-24T15:00:03.603,,104年1月至115年6月,1,,
4860,高雄市,,2025/06/04,無膠鮮肉煲－鮮雞絲 80g,犬、貓,罐頭,怪獸製造有限公司,泰國,無,無,6,2025-06-04T00:00:00,2025,6,2025-07-24T15:00:03.603,,104年1月至115年6月,1,,
4860,高雄市,,2025/06/04,芮格爾天然寵糧-全齡犬-無穀水牛肉,犬,乾飼糧,聯誠寵物有限公司,美國,產品標示有誤,移請新北市卓處,6,2025-06-04T00:00:00,2025,6,2025-07-24T15:00:03.603,,104年1月至115年6月,1,,
4860,宜蘭縣,,2025/06/10,渴望低敏無穀貓主食罐- 鯖魚佐蟹肉,貓,罐頭,加拿大渴望寵物食品股份有限公司,泰國,無,無,9,2025-06-10T00:00:00,2025,6,2025-07-24T15:00:03.603,,104年1月至115年6月,1,,
4860,宜蘭縣,BP006,2025/06/10,CIAO 全魚宴餐包 (鮪魚+鰹魚+吻仔魚) 60g*3入,貓,零食,強普股份有限公司,泰國,無,無,9,2025-06-10T00:00:00,2025,6,2025-07-24T15:00:03.603,,104年1月至115年6月,1,,
4860,宜蘭縣,,2025/06/10,16827 犬用絹紗牛肉條,犬,零食,台灣多格漫商貿股份有限公司,日本,無,無,9,2025-06-10T00:00:00,2025,6,2025-07-24T15:00:03.603,,104年1月至115年6月,1,,
4860,宜蘭縣,,2025/06/10,曙光無穀滋養食譜-鮭魚犬糧,犬,乾飼糧,昱碩國際事業股份有限公司,荷蘭,無,無,9,2025-06-10T00:00:00,2025,6,2025-07-24T15:00:03.603,,104年1月至115年6月,1,,
4860,宜蘭縣,BP007,2025/06/10,"加好寶狗餅乾 - 關節保健配方 300G
Classic Pets Dog Biscuit - Active Mobility Formula 300G",犬,零食,好侶股份有限公司,泰國,無,無,9,2025-06-10T00:00:00,2025,6,2025-07-24T15:00:03.603,,104年1月至115年6月,1,,
4860,新竹縣,DP010,2025/06/26,自然主義草本美毛貓糧,貓,乾飼糧,東森寵物雲股份有限公司,荷蘭,無,無,10,2025-06-26T00:00:00,2025,6,2025-07-24T15:00:03.603,,104年1月至115年6月,1,,
4860,新竹縣,DP011,2025/06/26,新萃NS 小型犬機能系列 全穀物成犬心臟保健配方,犬,乾飼糧,艾澌克企業股份有限公司,美國,無,無,10,2025-06-26T00:00:00,2025,6,2025-07-24T15:00:03.603,,104年1月至115年6月,1,,
4860,新竹縣,,2025/06/26,自然主義草本美毛貓糧,貓,乾飼糧,東森寵物雲股份有限公司,荷蘭,無,無,10,2025-06-26T00:00:00,2025,6,2025-07-24T15:00:03.603,,104年1月至115年6月,1,,
4860,新竹縣,,2025/06/26,新萃NS 小型犬機能系列 全穀物成犬心臟保健配方,犬,乾飼糧,艾澌克企業股份有限公司,美國,無,無,10,2025-06-26T00:00:00,2025,6,2025-07-24T15:00:03.603,,104年1月至115年6月,1,,
4860,新竹縣,,2025/06/27,御寵食-低敏羊肉,犬,乾飼糧,威力寵物用品股份有限公司,台灣,廠商標示僅有英文沒有中文標示，沒有保存期限、方法及條件,函轉桃園市動保處,10,2025-06-27T00:00:00,2025,6,2025-07-24T15:00:03.603,,104年1月至115年6月,1,,
4860,新竹縣,,2025/06/27,卡咪哇全齡犬-羊.鮪.米配方,犬,乾飼糧,東盈實業股份有限公司,泰國,無,無,10,2025-06-27T00:00:00,2025,6,2025-07-24T15:00:03.603,,104年1月至115年6月,1,,
4860,新竹縣,,2025/06/27,卡咪哇無穀.全齡室內貓配方,貓,乾飼糧,東盈實業股份有限公司,泰國,無,無,10,2025-06-27T00:00:00,2025,6,2025-07-24T15:00:03.603,,104年1月至115年6月,1,,
4860,苗栗縣,,2025/06/19,美味關係 鮮雞肉+牛肉,犬,罐頭,王品寵物用品有限公司,泰國,「主要營養成分及含量」申報與標示不符 ,本所函請業者改善,11,2025-06-19T00:00:00,2025,6,2025-07-24T15:00:03.603,,104年1月至115年6月,1,,
4860,苗栗縣,,2025/06/19,犬用低脂短切軟雞肉條,犬,零食,台灣多格漫商貿股份有限公司, 日本,無,無,11,2025-06-19T00:00:00,2025,6,2025-07-24T15:00:03.603,,104年1月至115年6月,1,,
4860,苗栗縣,,2025/06/19,嘿囉幼貓無穀野生鮭魚燉白魚,貓,乾飼糧,盛貿寵物股份有限公司,美國, 「主要成分及添加物」申報與包裝標示不符,本所函請業者改善,11,2025-06-19T00:00:00,2025,6,2025-07-24T15:00:03.603,,104年1月至115年6月,1,,
4860,苗栗縣,,2025/06/19,奇境無穀幼貓罐 牧場純雞燉雞湯,貓,罐頭,維逸有限公司,泰國,無,無,11,2025-06-19T00:00:00,2025,6,2025-07-24T15:00:03.603,,104年1月至115年6月,1,,
4860,苗栗縣,,2025/06/25,天然吉夫特 成犬護膚亮毛配方-羊肉+糙米,犬,乾飼糧,八犬國際行銷有限公司,澳洲,無,無,11,2025-06-25T00:00:00,2025,6,2025-07-24T15:00:03.603,,104年1月至115年6月,1,,
4860,彰化縣,,2025/06/03,Mr.Bar時光鮮廚大貓罐400g鮪魚+雞肉,貓,罐頭,樺隆有限公司,泰國,違反動物保護法第22條之3第1項規定,彰動防字第1140002888號發文給業者限期改善,12,2025-06-03T00:00:00,2025,6,2025-07-24T15:00:03.603,,104年1月至115年6月,1,,
4860,彰化縣,,2025/06/03,Mr.Bar時光鮮廚大貓罐400g鮪魚+鮭魚,貓,罐頭,樺隆有限公司,泰國,違反動物保護法第22條之3第1項規定,彰動防字第1140002888號發文給業者限期改善,12,2025-06-03T00:00:00,2025,6,2025-07-24T15:00:03.603,,104年1月至115年6月,1,,
4860,彰化縣,,2025/06/03,Mr.Bar時光鮮廚大貓罐400g鮪魚+鮮蝦,貓,罐頭,樺隆有限公司,泰國,違反動物保護法第22條之3第1項規定,彰動防字第1140002888號發文給業者限期改善,12,2025-06-03T00:00:00,2025,6,2025-07-24T15:00:03.603,,104年1月至115年6月,1,,
4860,彰化縣,,2025/06/03,Mr.Bar時光鮮廚大貓罐400g鮪魚+吻仔魚,貓,罐頭,樺隆有限公司,泰國,違反動物保護法第22條之3第1項規定,彰動防字第1140002888號發文給業者限期改善,12,2025-06-03T00:00:00,2025,6,2025-07-24T15:00:03.603,,104年1月至115年6月,1,,
4860,彰化縣,,2025/06/03,Mr.Bar時光鮮廚大貓罐400g鮪魚+牛肉,貓,罐頭,樺隆有限公司,泰國,違反動物保護法第22條之3第1項規定,彰動防字第1140002888號發文給業者限期改善,12,2025-06-03T00:00:00,2025,6,2025-07-24T15:00:03.603,,104年1月至115年6月,1,,
4860,彰化縣,,2025/06/03,Mr.Bar時光鮮廚大貓罐400g鮪魚+蟹肉,貓,罐頭,樺隆有限公司,泰國,違反動物保護法第22條之3第1項規定,彰動防字第1140002888號發文給業者限期改善,12,2025-06-03T00:00:00,2025,6,2025-07-24T15:00:03.603,,104年1月至115年6月,1,,
4860,彰化縣,,2025/06/03,Mr.Bar時光鮮廚貓罐 170g鮪魚+鮮蝦,貓,罐頭,樺隆有限公司,泰國,違反動物保護法第22條之3第1項規定,彰動防字第1140002888號發文給業者限期改善,12,2025-06-03T00:00:00,2025,6,2025-07-24T15:00:03.603,,104年1月至115年6月,1,,
4860,彰化縣,,2025/06/03,Mr.Bar時光鮮廚貓罐 170g鮪魚+吻仔魚,貓,罐頭,樺隆有限公司,泰國,違反動物保護法第22條之3第1項規定,彰動防字第1140002888號發文給業者限期改善,12,2025-06-03T00:00:00,2025,6,2025-07-24T15:00:03.603,,104年1月至115年6月,1,,
4860,彰化縣,,2025/06/03,Mr.Bar時光鮮廚貓罐 170g鮪魚+雞肉,貓,罐頭,樺隆有限公司,泰國,違反動物保護法第22條之3第1項規定,彰動防字第1140002888號發文給業者限期改善,12,2025-06-03T00:00:00,2025,6,2025-07-24T15:00:03.603,,104年1月至115年6月,1,,
4860,彰化縣,,2025/06/03,Mr.Bar時光鮮廚貓罐 170g鮪魚+鮭魚,貓,罐頭,樺隆有限公司,泰國,違反動物保護法第22條之3第1項規定,彰動防字第1140002888號發文給業者限期改善,12,2025-06-03T00:00:00,2025,6,2025-07-24T15:00:03.603,,104年1月至115年6月,1,,
4860,彰化縣,,2025/06/03,Mr.Bar時光鮮廚貓罐 170g鮪魚+蟹肉,貓,罐頭,樺隆有限公司,泰國,違反動物保護法第22條之3第1項規定,彰動防字第1140002888號發文給業者限期改善,12,2025-06-03T00:00:00,2025,6,2025-07-24T15:00:03.603,,104年1月至115年6月,1,,
4860,彰化縣,,2025/06/06,強品貓罐-鮪魚+牛肉,貓,罐頭,竣百有限公司,泰國,無,無,12,2025-06-06T00:00:00,2025,6,2025-07-24T15:00:03.603,,104年1月至115年6月,1,,
4860,彰化縣,,2025/06/06,強品貓罐-鮪魚+蟹肉,貓,罐頭,竣百有限公司,泰國,無,無,12,2025-06-06T00:00:00,2025,6,2025-07-24T15:00:03.603,,104年1月至115年6月,1,,
4860,彰化縣,,2025/06/06,強品貓罐-鮪魚+雞肉,貓,罐頭,竣百有限公司,泰國,無,無,12,2025-06-06T00:00:00,2025,6,2025-07-24T15:00:03.603,,104年1月至115年6月,1,,
4860,彰化縣,,2025/06/06,強品貓罐-鮪魚+鮭魚,貓,罐頭,竣百有限公司,泰國,無,無,12,2025-06-06T00:00:00,2025,6,2025-07-24T15:00:03.603,,104年1月至115年6月,1,,
4860,彰化縣,,2025/06/06,強品貓罐-鮪魚+吻仔,貓,罐頭,竣百有限公司,泰國,無,無,12,2025-06-06T00:00:00,2025,6,2025-07-24T15:00:03.603,,104年1月至115年6月,1,,
4860,彰化縣,,2025/06/06,丹尼爾精緻貓罐170g鮪魚+牛,貓,罐頭,長呈實業股份有限公司,泰國,無,無,12,2025-06-06T00:00:00,2025,6,2025-07-24T15:00:03.603,,104年1月至115年6月,1,,
4860,彰化縣,,2025/06/06,丹尼爾精緻貓罐170g鮪魚+小魚,貓,罐頭,長呈實業股份有限公司,泰國,無,無,12,2025-06-06T00:00:00,2025,6,2025-07-24T15:00:03.603,,104年1月至115年6月,1,,
4860,彰化縣,,2025/06/06,丹尼爾精緻貓罐170g鮪魚+蟹柳,貓,罐頭,長呈實業股份有限公司,泰國,無,無,12,2025-06-06T00:00:00,2025,6,2025-07-24T15:00:03.603,,104年1月至115年6月,1,,
4860,彰化縣,,2025/06/06,丹尼爾精緻貓罐170g鮪魚+雞肉,貓,罐頭,長呈實業股份有限公司,泰國,無,無,12,2025-06-06T00:00:00,2025,6,2025-07-24T15:00:03.603,,104年1月至115年6月,1,,
4860,彰化縣,,2025/06/06,丹尼爾精緻貓罐170g鮪魚+鮭,貓,罐頭,長呈實業股份有限公司,泰國,無,無,12,2025-06-06T00:00:00,2025,6,2025-07-24T15:00:03.603,,104年1月至115年6月,1,,
4860,彰化縣,,2025/06/06,Kent肯特犬罐-羊肉,犬,罐頭,王品寵物用品有限公司,奧地利,無,無,12,2025-06-06T00:00:00,2025,6,2025-07-24T15:00:03.603,,104年1月至115年6月,1,,
4860,彰化縣,,2025/06/06,Kent肯特犬罐-鴨肉,犬,罐頭,王品寵物用品有限公司,奧地利,無,無,12,2025-06-06T00:00:00,2025,6,2025-07-24T15:00:03.603,,104年1月至115年6月,1,,
4860,彰化縣,,2025/06/06,Kent肯特犬罐-火雞肉+蔬菜,犬,罐頭,王品寵物用品有限公司,奧地利,無,無,12,2025-06-06T00:00:00,2025,6,2025-07-24T15:00:03.603,,104年1月至115年6月,1,,
4860,彰化縣,,2025/06/06,Kent肯特犬罐-火雞肉,犬,罐頭,王品寵物用品有限公司,奧地利,無,無,12,2025-06-06T00:00:00,2025,6,2025-07-24T15:00:03.603,,104年1月至115年6月,1,,
4860,彰化縣,,2025/06/06,Kent肯特犬罐-雞肉+蔬菜,犬,罐頭,王品寵物用品有限公司,奧地利,無,無,12,2025-06-06T00:00:00,2025,6,2025-07-24T15:00:03.603,,104年1月至115年6月,1,,
4860,彰化縣,,2025/06/06,Kent肯特犬罐-雞肉,犬,罐頭,王品寵物用品有限公司,奧地利,無,無,12,2025-06-06T00:00:00,2025,6,2025-07-24T15:00:03.603,,104年1月至115年6月,1,,
4860,彰化縣,,2025/06/06,IQ DOG 聰明狗罐頭 - 雞肉+米口味 400G,犬,罐頭,好侶股份有限公司,泰國,無,無,12,2025-06-06T00:00:00,2025,6,2025-07-24T15:00:03.603,,104年1月至115年6月,1,,
4860,彰化縣,,2025/06/06,IQ DOG 聰明狗罐頭 - 牛肉+米口味 400G,犬,罐頭,好侶股份有限公司,泰國,無,無,12,2025-06-06T00:00:00,2025,6,2025-07-24T15:00:03.603,,104年1月至115年6月,1,,
4860,彰化縣,,2025/06/06,時光鮮廚MIT狗罐頭410g雞肉,犬,罐頭,樺隆有限公司,臺灣,違反動物保護法第22條之3第1項規定,彰動防字第1140003010號發文給業者限期改善,12,2025-06-06T00:00:00,2025,6,2025-07-24T15:00:03.603,,104年1月至115年6月,1,,
4860,彰化縣,,2025/06/06,時光鮮廚MIT狗罐頭410g南瓜+雞肉,犬,罐頭,樺隆有限公司,臺灣,違反動物保護法第22條之3第1項規定,彰動防字第1140003010號發文給業者限期改善,12,2025-06-06T00:00:00,2025,6,2025-07-24T15:00:03.603,,104年1月至115年6月,1,,
4860,彰化縣,,2025/06/06,時光鮮廚MIT狗罐頭410g羊肉,犬,罐頭,樺隆有限公司,臺灣,違反動物保護法第22條之3第1項規定,彰動防字第1140003010號發文給業者限期改善,12,2025-06-06T00:00:00,2025,6,2025-07-24T15:00:03.603,,104年1月至115年6月,1,,
4860,彰化縣,,2025/06/06,時光鮮廚MIT狗罐頭410g牛肉,犬,罐頭,樺隆有限公司,臺灣,違反動物保護法第22條之3第1項規定,彰動防字第1140003010號發文給業者限期改善,12,2025-06-06T00:00:00,2025,6,2025-07-24T15:00:03.603,,104年1月至115年6月,1,,
4860,彰化縣,,2025/06/06,鮮一番 (鮪魚+鯖魚),貓,罐頭,帝寶興業有限公司, 泰國,有效日期或製造日期標示超過1日,彰動防字第1140003011號發文給所轄縣市續辦,12,2025-06-06T00:00:00,2025,6,2025-07-24T15:00:03.603,,104年1月至115年6月,1,,
4860,彰化縣,,2025/06/06,鮮一番 (鮪魚+鮭魚),貓,罐頭,帝寶興業有限公司, 泰國,有效日期或製造日期標示超過1日,彰動防字第1140003011號發文給所轄縣市續辦,12,2025-06-06T00:00:00,2025,6,2025-07-24T15:00:03.603,,104年1月至115年6月,1,,
4860,彰化縣,,2025/06/06,鮮一番 (鮪魚+蟹肉),貓,罐頭,帝寶興業有限公司, 泰國,有效日期或製造日期標示超過1日,彰動防字第1140003011號發文給所轄縣市續辦,12,2025-06-06T00:00:00,2025,6,2025-07-24T15:00:03.603,,104年1月至115年6月,1,,
4860,彰化縣,,2025/06/06,鮮一番 (鮪魚+鮮蝦),貓,罐頭,帝寶興業有限公司, 泰國,有效日期或製造日期標示超過1日,彰動防字第1140003011號發文給所轄縣市續辦,12,2025-06-06T00:00:00,2025,6,2025-07-24T15:00:03.603,,104年1月至115年6月,1,,
4860,彰化縣,,2025/06/25,耐嚼型潔牙棒-培根風味(單支/包),犬,零食,竣百有限公司, 泰國,無,無,12,2025-06-25T00:00:00,2025,6,2025-07-24T15:00:03.603,,104年1月至115年6月,1,,
4860,彰化縣,,2025/06/25,耐嚼型潔牙棒-羊肉風味(單支/包),犬,零食,竣百有限公司, 泰國,無,無,12,2025-06-25T00:00:00,2025,6,2025-07-24T15:00:03.603,,104年1月至115年6月,1,,
4860,彰化縣,,2025/06/25,熟齡犬/幼犬板腱牛肉筷子肉乾,犬,零食,樺隆有限公司,臺灣,"1.未標示國內負責廠商名稱
2.未依規定申報於寵物食品申報網",發文給業者限期改善,12,2025-06-25T00:00:00,2025,6,2025-07-24T15:00:03.603,,104年1月至115年6月,1,,
4860,彰化縣,,2025/06/25,熟齡犬/幼犬軟嫩多汁原味肌肉筷子肉乾,犬,零食,樺隆有限公司,臺灣,"1.未標示國內負責廠商名稱
2.未依規定申報於寵物食品申報網",發文給業者限期改善,12,2025-06-25T00:00:00,2025,6,2025-07-24T15:00:03.603,,104年1月至115年6月,1,,
4860,彰化縣,,2025/06/25,熟齡犬/幼犬軟嫩多汁起司肌肉筷子肉乾,犬,零食,樺隆有限公司,臺灣,"1.未標示國內負責廠商名稱
2.未依規定申報於寵物食品申報網",發文給業者限期改善,12,2025-06-25T00:00:00,2025,6,2025-07-24T15:00:03.603,,104年1月至115年6月,1,,
4860,彰化縣,,2025/06/25,慶隆寵物CL04串燒起司雞肉棒棒糖,犬,零食,樺隆有限公司,臺灣,"1.未標示國內負責廠商名稱、未標示適用寵物種類方法及其他應注意事項
2.未依規定申報於寵物食品申報網",發文給業者限期改善,12,2025-06-25T00:00:00,2025,6,2025-07-24T15:00:03.603,,104年1月至115年6月,1,,
4860,彰化縣,,2025/06/25,慶隆寵物CL03串燒雞肉棒棒糖,犬,零食,樺隆有限公司,臺灣,"1.未標示國內負責廠商名稱、未標示適用寵物種類方法及其他應注意事項
2.未依規定申報於寵物食品申報網",發文給業者限期改善,12,2025-06-25T00:00:00,2025,6,2025-07-24T15:00:03.603,,104年1月至115年6月,1,,
4860,彰化縣,,2025/06/25,CIAO SC-79啾嚕肉泥(雞肉+花枝)4P,貓,零食,樺隆有限公司,日本,未依規定申報於寵物食品申報網,發文給業者限期改善,12,2025-06-25T00:00:00,2025,6,2025-07-24T15:00:03.603,,104年1月至115年6月,1,,
4860,彰化縣,,2025/06/25,CIAO SC-143啾嚕肉泥(鮪魚+奢華鮭魚)4P,貓,零食,樺隆有限公司,日本,未依規定申報於寵物食品申報網,發文給業者限期改善,12,2025-06-25T00:00:00,2025,6,2025-07-24T15:00:03.603,,104年1月至115年6月,1,,
4860,彰化縣,,2025/06/25,CIAO SC-178啾嚕肉泥(鰹魚&國產鰹魚高湯)4P,貓,零食,樺隆有限公司,日本,未依規定申報於寵物食品申報網,發文給業者限期改善,12,2025-06-25T00:00:00,2025,6,2025-07-24T15:00:03.603,,104年1月至115年6月,1,,
4860,彰化縣,,2025/06/25,CIAO 4SC-77啾嚕肉泥(鮪魚+干貝)4P,貓,零食,樺隆有限公司,日本,未依規定申報於寵物食品申報網,發文給業者限期改善,12,2025-06-25T00:00:00,2025,6,2025-07-24T15:00:03.603,,104年1月至115年6月,1,,
4860,彰化縣,,2025/06/25,CIAO SC-150啾嚕肉泥(奢華鮪魚)4P,貓,零食,樺隆有限公司,日本,未依規定申報於寵物食品申報網,發文給業者限期改善,12,2025-06-25T00:00:00,2025,6,2025-07-24T15:00:03.603,,104年1月至115年6月,1,,
4860,彰化縣,,2025/06/25,CIAO 4R-104啾嚕鰹魚燒肉泥(柴魚片)4P,貓,零食,樺隆有限公司,日本,未依規定申報於寵物食品申報網,發文給業者限期改善,12,2025-06-25T00:00:00,2025,6,2025-07-24T15:00:03.603,,104年1月至115年6月,1,,
4860,彰化縣,,2025/06/25,CIAO 4SC-75啾嚕肉泥(鰹魚+柴魚片)4P,貓,零食,樺隆有限公司,日本,未依規定申報於寵物食品申報網,發文給業者限期改善,12,2025-06-25T00:00:00,2025,6,2025-07-24T15:00:03.603,,104年1月至115年6月,1,,
4860,彰化縣,,2025/06/25,CIAO SC-246啾嚕肉泥(鰹魚+正宗柴魚片)4P,貓,零食,樺隆有限公司,日本,未依規定申報於寵物食品申報網,發文給業者限期改善,12,2025-06-25T00:00:00,2025,6,2025-07-24T15:00:03.603,,104年1月至115年6月,1,,
4860,彰化縣,,2025/06/25,CIAO SC-248啾嚕肉泥(雞肉+名古屋土雞)4P,貓,零食,樺隆有限公司,日本,未依規定申報於寵物食品申報網,發文給業者限期改善,12,2025-06-25T00:00:00,2025,6,2025-07-24T15:00:03.603,,104年1月至115年6月,1,,
4860,彰化縣,,2025/06/25,CIAO SC-177啾嚕肉泥(鮪魚&國產真鯛)4P,貓,零食,樺隆有限公司,日本,未依規定申報於寵物食品申報網,發文給業者限期改善,12,2025-06-25T00:00:00,2025,6,2025-07-24T15:00:03.603,,104年1月至115年6月,1,,
4860,彰化縣,,2025/06/25,CIAO SC-100啾嚕肉泥(奢華鮪魚+帝王鮭)4P,貓,零食,樺隆有限公司,日本,未依規定申報於寵物食品申報網,發文給業者限期改善,12,2025-06-25T00:00:00,2025,6,2025-07-24T15:00:03.603,,104年1月至115年6月,1,,
4860,彰化縣,,2025/06/25,CIAO 4SC-78啾嚕肉泥11歲老貓用(雞肉)4P,貓,零食,樺隆有限公司,日本,未依規定申報於寵物食品申報網,發文給業者限期改善,12,2025-06-25T00:00:00,2025,6,2025-07-24T15:00:03.603,,104年1月至115年6月,1,,
4860,彰化縣,,2025/06/25,CIAO SC-108啾嚕肉泥(鮪魚+鱈場蟹)4P,貓,零食,樺隆有限公司,日本,未依規定申報於寵物食品申報網,發文給業者限期改善,12,2025-06-25T00:00:00,2025,6,2025-07-24T15:00:03.603,,104年1月至115年6月,1,,
4860,彰化縣,,2025/06/25,CIAO SC-149啾嚕肉泥(奢華鮪魚+龍蝦)4P,貓,零食,樺隆有限公司,日本,未依規定申報於寵物食品申報網,發文給業者限期改善,12,2025-06-25T00:00:00,2025,6,2025-07-24T15:00:03.603,,104年1月至115年6月,1,,
4860,彰化縣,,2025/06/25,CIAO TSC-41啾嚕奢華果凍杯(鮪魚),貓,零食,樺隆有限公司,日本,未依規定申報於寵物食品申報網,發文給業者限期改善,12,2025-06-25T00:00:00,2025,6,2025-07-24T15:00:03.603,,104年1月至115年6月,1,,
4860,彰化縣,,2025/06/25,CIAO TSC-45啾嚕奢華果凍杯(雞肉),貓,零食,樺隆有限公司,日本,未依規定申報於寵物食品申報網,發文給業者限期改善,12,2025-06-25T00:00:00,2025,6,2025-07-24T15:00:03.603,,104年1月至115年6月,1,,
4860,彰化縣,,2025/06/25,CIAO TSC-43啾嚕奢華果凍杯(鰹魚),貓,零食,樺隆有限公司,日本,未依規定申報於寵物食品申報網,發文給業者限期改善,12,2025-06-25T00:00:00,2025,6,2025-07-24T15:00:03.603,,104年1月至115年6月,1,,
4860,彰化縣,,2025/06/25,CIAO TSC-46啾嚕奢華果凍杯(雞肉+干貝),貓,零食,樺隆有限公司,日本,未依規定申報於寵物食品申報網,發文給業者限期改善,12,2025-06-25T00:00:00,2025,6,2025-07-24T15:00:03.603,,104年1月至115年6月,1,,
4860,彰化縣,,2025/06/25,CIAO TSC-44啾嚕奢華果凍杯(鰹魚+柴魚片),貓,零食,樺隆有限公司,日本,未依規定申報於寵物食品申報網,發文給業者限期改善,12,2025-06-25T00:00:00,2025,6,2025-07-24T15:00:03.603,,104年1月至115年6月,1,,
4860,彰化縣,,2025/06/25,CIAO YK-27宗田鰹燒魚柳條化毛配方(柴魚片風味),貓,零食,樺隆有限公司,日本,未依規定申報於寵物食品申報網,發文給業者限期改善,12,2025-06-25T00:00:00,2025,6,2025-07-24T15:00:03.603,,104年1月至115年6月,1,,
4860,彰化縣,,2025/06/25,CIAO YK-23宗田鰹燒魚柳條高齡貓配方(海鮮干貝風味),貓,零食,樺隆有限公司,日本,未依規定申報於寵物食品申報網,發文給業者限期改善,12,2025-06-25T00:00:00,2025,6,2025-07-24T15:00:03.603,,104年1月至115年6月,1,,
4860,彰化縣,,2025/06/25,CIAO YK-02宗田鰹燒魚柳條(干貝風味),貓,零食,樺隆有限公司,日本,未依規定申報於寵物食品申報網,發文給業者限期改善,12,2025-06-25T00:00:00,2025,6,2025-07-24T15:00:03.603,,104年1月至115年6月,1,,
4860,彰化縣,,2025/06/25,CIAO YK-03宗田鰹燒魚柳條(吻仔魚風味),貓,零食,樺隆有限公司,日本,未依規定申報於寵物食品申報網,發文給業者限期改善,12,2025-06-25T00:00:00,2025,6,2025-07-24T15:00:03.603,,104年1月至115年6月,1,,
4860,彰化縣,,2025/06/25,CIAO YK-24宗田鰹燒魚柳條(真高湯風味),貓,零食,樺隆有限公司,日本,未依規定申報於寵物食品申報網,發文給業者限期改善,12,2025-06-25T00:00:00,2025,6,2025-07-24T15:00:03.603,,104年1月至115年6月,1,,
4860,彰化縣,,2025/06/25,CIAO HK-21本鰹燒魚柳高齡貓配方(柴魚片風味),貓,零食,樺隆有限公司,日本,未依規定申報於寵物食品申報網,發文給業者限期改善,12,2025-06-25T00:00:00,2025,6,2025-07-24T15:00:03.603,,104年1月至115年6月,1,,
4860,彰化縣,,2025/06/25,CIAO HK-01本鰹燒魚柳條柴風味,貓,零食,樺隆有限公司,日本,未依規定申報於寵物食品申報網,發文給業者限期改善,12,2025-06-25T00:00:00,2025,6,2025-07-24T15:00:03.603,,104年1月至115年6月,1,,
4860,彰化縣,,2025/06/25,CIAO YK-24宗田鰹燒魚柳條老貓配方(柴魚片風味),貓,零食,樺隆有限公司,日本,未依規定申報於寵物食品申報網,發文給業者限期改善,12,2025-06-25T00:00:00,2025,6,2025-07-24T15:00:03.603,,104年1月至115年6月,1,,
4860,彰化縣,,2025/06/25,TCR-144 CIAO啾嚕2000億乳酸菌4連包(雞肉+吻仔魚),貓,零食,樺隆有限公司,日本,未依規定申報於寵物食品申報網,發文給業者限期改善,12,2025-06-25T00:00:00,2025,6,2025-07-24T15:00:03.603,,104年1月至115年6月,1,,
4860,彰化縣,,2025/06/25,TCR-145 CIAO啾嚕2000億乳酸菌4連包(雞肉+鮭魚),貓,零食,樺隆有限公司,日本,未依規定申報於寵物食品申報網,發文給業者限期改善,12,2025-06-25T00:00:00,2025,6,2025-07-24T15:00:03.603,,104年1月至115年6月,1,,
4860,彰化縣,,2025/06/25,TCR-143 CIAO啾嚕2000億乳酸菌4連包(鰹魚+柴魚片),貓,零食,樺隆有限公司,日本,未依規定申報於寵物食品申報網,發文給業者限期改善,12,2025-06-25T00:00:00,2025,6,2025-07-24T15:00:03.603,,104年1月至115年6月,1,,
4860,彰化縣,,2025/06/25,TCR-142 CIAO啾嚕2000億乳酸菌4連包(鮪魚+干貝),貓,零食,樺隆有限公司,日本,未依規定申報於寵物食品申報網,發文給業者限期改善,12,2025-06-25T00:00:00,2025,6,2025-07-24T15:00:03.603,,104年1月至115年6月,1,,
4860,南投縣,,2025/06/10,野性魅力羊肉鮭魚配方犬,犬,乾飼糧,加拿大野性魅力有限公司,加拿大,無,無,13,2025-06-10T00:00:00,2025,6,2025-07-24T15:00:03.603,,104年1月至115年6月,1,,
4860,南投縣,HP006,2025/06/10,DODOLA 北歐餐盒系列-鱈魚雞肉,犬,罐頭,王品寵物用品有限公司,冰島,無,無,13,2025-06-10T00:00:00,2025,6,2025-07-24T15:00:03.603,,104年1月至115年6月,1,,
4860,南投縣,,2025/06/10,超越巔峰 全方位營養狗主食餐盒100g-嫩羊小排,犬,罐頭,王品寵物用品有限公司,荷蘭,無,無,13,2025-06-10T00:00:00,2025,6,2025-07-24T15:00:03.603,,104年1月至115年6月,1,,
4860,南投縣,HP007,2025/06/10,Zenith頂級無穀全齡犬軟飼料,犬,乾飼糧,品果國際行銷有限公司,韓國,無,無,13,2025-06-10T00:00:00,2025,6,2025-07-24T15:00:03.603,,104年1月至115年6月,1,,
4860,南投縣,,2025/06/10,咪歐啾咪棒 雞肉雞肝口味肉泥,貓,罐頭,好侶股份有限公司,泰國,無,無,13,2025-06-10T00:00:00,2025,6,2025-07-24T15:00:03.603,,104年1月至115年6月,1,,
4860,南投縣,,2025/06/10,德國竣寶-護膚亮毛鮭魚餡餅,貓,零食,八大國際行銷有限公司,德國,無,無,13,2025-06-10T00:00:00,2025,6,2025-07-24T15:00:03.603,,104年1月至115年6月,1,,
4860,南投縣,,2025/06/10,耐嚼型潔牙棒-雞肝風味(3支/包),犬,零食,竣百有限公司,泰國,無,無,13,2025-06-10T00:00:00,2025,6,2025-07-24T15:00:03.603,,104年1月至115年6月,1,,
4860,雲林縣,,2025/06/12,偉嘉乾糧為鮪魚（吞拿魚）總會口味1.2kg×6,貓,乾飼糧,台灣瑪氏股份有限公司,泰國,無,無,14,2025-06-12T00:00:00,2025,6,2025-07-24T15:00:03.603,,104年1月至115年6月,1,,
4860,雲林縣,,2025/06/12,喵愛餡火烤嫩雞口味75g,貓,零食,台灣瑪氏股份有限公司,泰國,無,無,14,2025-06-12T00:00:00,2025,6,2025-07-24T15:00:03.603,,104年1月至115年6月,1,,
4860,雲林縣,,2025/06/16,奧蘭多天然無穀貓糧（野生鮭魚+火雞肉）,貓,乾飼糧,萌光小鎮股份有限公司,臺灣,無,無,14,2025-06-16T00:00:00,2025,6,2025-07-24T15:00:03.603,,104年1月至115年6月,1,,
4860,雲林縣,,2025/06/18,Petty Man健康雞肉條-炭烤牛排,犬,零食,王品寵物用品有限公司,韓國,無,無,14,2025-06-18T00:00:00,2025,6,2025-07-24T15:00:03.603,,104年1月至115年6月,1,,
4860,雲林縣,,2025/06/18,Boby特級機能愛犬餐杯（純鮮嫩雞肉）,犬,零食,台灣惜時有限公司,泰國,無,無,14,2025-06-18T00:00:00,2025,6,2025-07-24T15:00:03.603,,104年1月至115年6月,1,,
4860,雲林縣,,2025/06/18,"O,Bli!噢,比利!水果潔牙好棒棒關節維護（青蘋果口味）",犬,零食,原野國際行銷有限公司,韓國,無,無,14,2025-06-18T00:00:00,2025,6,2025-07-24T15:00:03.603,,104年1月至115年6月,1,,
4860,雲林縣,,2025/06/18,DANLO-犬罐-雞肉佐牛肉,犬,罐頭,豪翼行銷有限公司,泰國,無,無,14,2025-06-18T00:00:00,2025,6,2025-07-24T15:00:03.603,,104年1月至115年6月,1,,
4860,嘉義縣,,2025/06/11,加好寶乾貓糧-海鮮味-成貓專用,貓,乾飼糧,好侶股份有限公司,越南,無,無,15,2025-06-11T00:00:00,2025,6,2025-07-24T15:00:03.603,,104年1月至115年6月,1,,
4860,嘉義縣,,2025/06/11,咪歐貓罐-鮪魚口味,貓,罐頭,好侶股份有限公司,泰國,無,無,15,2025-06-11T00:00:00,2025,6,2025-07-24T15:00:03.603,,104年1月至115年6月,1,,
4860,嘉義縣,JP006,2025/06/11,海特嫩雞肉片,犬,零食,韋民企業股份有限公司,泰國,無,無,15,2025-06-11T00:00:00,2025,6,2025-07-24T15:00:03.603,,104年1月至115年6月,1,,
4860,嘉義縣,JP007,2025/06/11,真致紐西蘭犬貓專用鮮乳,犬、貓,補充品,嵩颺有限公司,紐西蘭,無,無,15,2025-06-11T00:00:00,2025,6,2025-07-24T15:00:03.603,,104年1月至115年6月,1,,
4860,嘉義縣,,2025/06/11,卡滋化毛潔牙餅-雞肉,貓,零食,王品寵物用品有限公司,泰國,無,無,15,2025-06-11T00:00:00,2025,6,2025-07-24T15:00:03.603,,104年1月至115年6月,1,,
4860,嘉義縣,,2025/06/11,和牛香腸,犬、貓,零食,米醬寵物生活館,日本,標示不全及未依規定申報,移交製造商所在地動保機關處置,15,2025-06-11T00:00:00,2025,6,2025-07-24T15:00:03.603,,104年1月至115年6月,1,,
4860,屏東縣,,2025/06/03,元氣王減鹽小魚乾,犬、貓,零食,弘友股份有限公司,日本,無,無,16,2025-06-03T00:00:00,2025,6,2025-07-24T15:00:03.603,,104年1月至115年6月,1,,
4860,屏東縣,,2025/06/03,"CIAO啾嚕肉泥膏-綜合營養食 CS-157
(鮪魚+綜合海鮮口味)80g",貓,零食,喬治兄弟企業股份有限公司,日本,無,無,16,2025-06-03T00:00:00,2025,6,2025-07-24T15:00:03.603,,104年1月至115年6月,1,,
4860,屏東縣,,2025/06/03,"CIAO啾嚕肉泥膏-水分補給 CS-158
(鮪魚口味)80g",貓,零食,喬治兄弟企業股份有限公司,日本,無,無,16,2025-06-03T00:00:00,2025,6,2025-07-24T15:00:03.603,,104年1月至115年6月,1,,
4860,屏東縣,,2025/06/03,風味燒-小魚干,犬、貓,零食,竣百有限公司,越南,無,無,16,2025-06-03T00:00:00,2025,6,2025-07-24T15:00:03.603,,104年1月至115年6月,1,,
4860,屏東縣,,2025/06/03,嘿囉 幼犬雞肉配方,犬,乾飼糧,盛貿寵物股份有限公司,美國,無,無,16,2025-06-03T00:00:00,2025,6,2025-07-24T15:00:03.603,,104年1月至115年6月,1,,
4860,屏東縣,,2025/06/03,"Boby 特級機能愛犬餐杯
雞肉&牛肉&地瓜",犬,罐頭,台灣惜時有限公司,泰國,無,無,16,2025-06-03T00:00:00,2025,6,2025-07-24T15:00:03.603,,104年1月至115年6月,1,,
4860,屏東縣,,2025/06/03,"Boby 特級機能愛犬餐杯
角切羊肉&雞肉&起司",犬,罐頭,台灣惜時有限公司,泰國,無,無,16,2025-06-03T00:00:00,2025,6,2025-07-24T15:00:03.603,,104年1月至115年6月,1,,
4860,屏東縣,MP016,2025/06/12,飛萃凍乾豬鼻子,犬、貓,零食,沛菲有限公司,澳洲,未標示保存期限,已於114年6月16日以屏府農動字第1140163429號函限期於114年7月16日前完成改善,16,2025-06-12T00:00:00,2025,6,2025-07-24T15:00:03.603,,104年1月至115年6月,1,,
4860,屏東縣,,2025/06/17,HappyHour樂點-晶健雞肉條羊肉風味150g,犬,零食,竣百有限公司,泰國,無,無,16,2025-06-17T00:00:00,2025,6,2025-07-24T15:00:03.603,,104年1月至115年6月,1,,
4860,屏東縣,,2025/06/17,CIAO旨定罐 20號(雞肉+甜蝦+吻仔魚)85g,貓,罐頭,強普股份有限公司,日本,無,無,16,2025-06-17T00:00:00,2025,6,2025-07-24T15:00:03.603,,104年1月至115年6月,1,,
4860,屏東縣,,2025/06/17,CIAO旨定罐 82號(鮪魚+干貝)85g,貓,罐頭,強普股份有限公司,日本,無,無,16,2025-06-17T00:00:00,2025,6,2025-07-24T15:00:03.603,,104年1月至115年6月,1,,
4860,臺東縣,,2025/06/10,慧心貓糧-海鮮口味(包裝1.2kg),貓,乾飼糧,好侶股份有限公司,印尼,無,無,17,2025-06-10T00:00:00,2025,6,2025-07-24T15:00:03.603,,104年1月至115年6月,1,,
4860,臺東縣,,2025/06/10,鮮一番貓罐-鮪魚+雞肉風味(包裝170g),貓,罐頭,帝寶興業有限公司,泰國,無,無,17,2025-06-10T00:00:00,2025,6,2025-07-24T15:00:03.603,,104年1月至115年6月,1,,
4860,臺東縣,,2025/06/10,加好寶貓罐-鮭魚風味(包裝170g),貓,乾飼糧,好侶股份有限公司,泰國,無,無,17,2025-06-10T00:00:00,2025,6,2025-07-24T15:00:03.603,,104年1月至115年6月,1,,
4860,臺東縣,,2025/06/10,元氣犬罐-雞肉+羊肉風味(包裝80g),犬,罐頭,茂捷有限公司,泰國,無,無,17,2025-06-10T00:00:00,2025,6,2025-07-24T15:00:03.603,,104年1月至115年6月,1,,
4860,臺東縣,,2025/06/10,有雞愛犬機能湯罐-精緻牛肉風味(包裝80g),犬,罐頭,台灣惜時有限公司,泰國,無,無,17,2025-06-10T00:00:00,2025,6,2025-07-24T15:00:03.603,,104年1月至115年6月,1,,
4860,臺東縣,,2025/06/10,Dr.Wish愛犬營養泥-雞肉+牛肝風味(包裝85g),犬,罐頭,台灣惜時有限公司,泰國,無,無,17,2025-06-10T00:00:00,2025,6,2025-07-24T15:00:03.603,,104年1月至115年6月,1,,
4860,花蓮縣,,2025/06/18,歐力無穀天然寵糧室內成犬(小顆粒)無穀火雞肉+鮪魚,犬,乾飼糧,珍荃有限公司,美國,未申報,通知業者限期改善,18,2025-06-18T00:00:00,2025,6,2025-07-24T15:00:03.603,,104年1月至115年6月,1,,
4860,花蓮縣,,2025/06/18,Catit嘿卡堤 三鮮凍乾糧-體重控制貓雞肉配方,犬,乾飼糧,竣百有限公司,加拿大,無,無,18,2025-06-18T00:00:00,2025,6,2025-07-24T15:00:03.603,,104年1月至115年6月,1,,
4860,花蓮縣,,2025/06/18,吶一口貓脆餅-炙燒鮪魚風味,貓,零食,豪翼行銷有限公司,泰國,無,無,18,2025-06-18T00:00:00,2025,6,2025-07-24T15:00:03.603,,104年1月至115年6月,1,,
4860,花蓮縣,,2025/06/18,野生阿拉斯加鮭魚 無穀成貓&熟齡貓糧,貓,乾飼糧,展聖寵物用品有限公司,美國,無,無,18,2025-06-18T00:00:00,2025,6,2025-07-24T15:00:03.603,,104年1月至115年6月,1,,
4860,花蓮縣,,2025/06/18,吃貨拼盤犬用 鄉村羊肉派,犬,罐頭,艾澌克企業股份有限公司,泰國,無,無,18,2025-06-18T00:00:00,2025,6,2025-07-24T15:00:03.603,,104年1月至115年6月,1,,
4860,澎湖縣,,2025/06/09,VE唯一 鮮肉凍乾貓生食餐-牛＆雞,貓,乾飼糧,壹士達寵物有限公司,美國,無,無,19,2025-06-09T00:00:00,2025,6,2025-07-24T15:00:03.603,,104年1月至115年6月,1,,
4860,澎湖縣,,2025/06/09,自然主義草本美毛貓糧雞肉鮭魚+百合根-全齡貓,貓,乾飼糧,東森寵物股份有限公司,荷蘭,無,無,19,2025-06-09T00:00:00,2025,6,2025-07-24T15:00:03.603,,104年1月至115年6月,1,,
4860,澎湖縣,,2025/06/09,OPEN FARM 開放農場自然農選無穀貓糧-野撈鮮鮭魚食譜,貓,乾飼糧,悠遊國際實業股份有限公司,美國,無,無,19,2025-06-09T00:00:00,2025,6,2025-07-24T15:00:03.603,,104年1月至115年6月,1,,
4860,澎湖縣,,2025/06/09,奇境 澳洲尖吻鱸&鮪魚＋紐西蘭羊肺凍乾 無穀幼貓糧,貓,乾飼糧,維逸有限公司,澳洲,無,無,19,2025-06-09T00:00:00,2025,6,2025-07-24T15:00:03.603,,104年1月至115年6月,1,,
4860,澎湖縣,,2025/06/09,皮特牧場香濃起司磚99g,犬,零食,皮特牧場香濃起司磚99g,尼泊爾,無,無,19,2025-06-09T00:00:00,2025,6,2025-07-24T15:00:03.603,,104年1月至115年6月,1,,
4860,基隆市,QP007,2025/06/18,M11001 迷幻1號　多汁雞肉+胡蘿蔔+貓草貓咪主食罐,貓,罐頭,壹士達寵物有限公司,德國,無,無,20,2025-06-18T00:00:00,2025,6,2025-07-24T15:00:03.603,,104年1月至115年6月,1,,
4860,基隆市,QP008,2025/06/18,瑪恩吉 MONO蔬果 羊肉+藍莓 無穀主食犬餐盒,犬,罐頭,柏希菲克股份有限公司,義大利,無,無,20,2025-06-18T00:00:00,2025,6,2025-07-24T15:00:03.603,,104年1月至115年6月,1,,
4860,基隆市,QP009,2025/06/18,沛滋露 犬用甜薯起司雞肉點心 100克,犬,零食,宸瑋興業有限公司,日本,包裝營養成分及含量與申報網資料不符,通知業者限期改善,20,2025-06-18T00:00:00,2025,6,2025-07-24T15:00:03.603,,104年1月至115年6月,1,,
4860,基隆市,,2025/06/18,克瑞斯天然紐西蘭點心-耐咬牛筋,犬,零食,昱碩國際事業股份有限公司,紐西蘭,無,無,20,2025-06-18T00:00:00,2025,6,2025-07-24T15:00:03.603,,104年1月至115年6月,1,,
4860,基隆市,,2025/06/18,注文時刻 犬用營養餐包80g【鮮雞４蔬】,犬,罐頭,奧也股份有限公司,日本,包裝營養成分及含量與申報網資料不符,通知業者限期改善,20,2025-06-18T00:00:00,2025,6,2025-07-24T15:00:03.603,,104年1月至115年6月,1,,
4860,新竹市,,2025/06/19,NATURAL 10 無榖機能主食罐  鮮蔬嫩雞,貓,罐頭,王品國際行銷有限公司,紐西蘭,無,無,21,2025-06-19T00:00:00,2025,6,2025-07-24T15:00:03.603,,104年1月至115年6月,1,,
4860,新竹市,,2025/06/19,Greenies健綠潔牙骨,犬,潔牙骨,台灣瑪氏股份有限公司,美國,無,無,21,2025-06-19T00:00:00,2025,6,2025-07-24T15:00:03.603,,104年1月至115年6月,1,,
4860,新竹市,,2025/06/19,Hyperr超躍主食田園雞肉佐鹿肉凍乾犬糧,犬,乾糧,極寵有限公司,加拿大,無,無,21,2025-06-19T00:00:00,2025,6,2025-07-24T15:00:03.603,,104年1月至115年6月,1,,
4860,新竹市,,2025/06/19,Hulucat 卡滋化毛潔牙餅 鮪魚,貓,零食,王品寵物用品有限公司,泰國,無,無,21,2025-06-19T00:00:00,2025,6,2025-07-24T15:00:03.603,,104年1月至115年6月,1,,
4860,新竹市,,2025/06/19,超越顛峰 全方位營養狗主食餐盒-田園鴨胸,犬,罐頭,王品寵物用品有限公司,荷蘭,無,無,21,2025-06-19T00:00:00,2025,6,2025-07-24T15:00:03.603,,104年1月至115年6月,1,,
4860,嘉義市,,2025/06/12,Mr.Bone潔牙骨-牛奶+鈣,犬,潔牙骨,品果國際行銷有限公司,新加玻,無,無,22,2025-06-12T00:00:00,2025,6,2025-07-24T15:00:03.603,,104年1月至115年6月,1,,
4860,嘉義市,,2025/06/12,超越巔峰 犬用鮮食肉片 - 放牧牛&鹿+綠貽貝+牛磺酸,犬,乾飼糧,王品寵物用品有限公司,紐西蘭,無,無,22,2025-06-12T00:00:00,2025,6,2025-07-24T15:00:03.603,,104年1月至115年6月,1,,
4860,嘉義市,,2025/06/12,自然本色-中大型成犬亮白無穀白魚配方,犬,乾飼糧,三奇國際生物科技有限公司,立陶宛,無,無,22,2025-06-12T00:00:00,2025,6,2025-07-24T15:00:03.603,,104年1月至115年6月,1,,
4860,嘉義市,,2025/06/12,犬用迷你牛奶骨型消臭餅乾,犬,零食,台灣多格漫商貿股份有限公司,日本,無,無,22,2025-06-12T00:00:00,2025,6,2025-07-24T15:00:03.603,,104年1月至115年6月,1,,
4860,嘉義市,,2025/06/12,衛塔卡夫 樂貓泥 嫩雞口味,貓,零食,聯合東方國際股份有限公司,德國,無,無,22,2025-06-12T00:00:00,2025,6,2025-07-24T15:00:03.603,,104年1月至115年6月,1,,
4860,金門縣,,2025/06/30,IQ DOG 聰明狗罐頭 - 精燉肉醬 400G,犬,罐頭,好侶股份有限公司,泰國,無,無,23,2025-06-30T00:00:00,2025,6,2025-07-24T15:00:03.603,,104年1月至115年6月,1,,
4860,金門縣,,2025/06/30,偉嘉®貓食濕糧 海洋鮮魚餐 185g,貓,罐頭,台灣瑪氏股份有限公司,泰國,無,無,23,2025-06-30T00:00:00,2025,6,2025-07-24T15:00:03.603,,104年1月至115年6月,1,,
4860,金門縣,,2025/06/30,西莎精緻餐盒 小羊肉口味6入裝 (100gx6),犬,罐頭,台灣瑪氏股份有限公司,澳洲,無,無,23,2025-06-30T00:00:00,2025,6,2025-07-24T15:00:03.603,,104年1月至115年6月,1,,
4860,金門縣,,2025/06/30,CIAO 全魚宴餐包 (鮪魚+鰹魚) (60g*3),貓,零食,強普股份有限公司,日本,無,無,23,2025-06-30T00:00:00,2025,6,2025-07-24T15:00:03.603,,104年1月至115年6月,1,,
4860,金門縣,,2025/06/30,耐嚼型潔牙棒-牛肉風味(2支/包),犬,潔牙棒,竣百有限公司,泰國,無,無,23,2025-06-30T00:00:00,2025,6,2025-07-24T15:00:03.603,,104年1月至115年6月,1,,
4860,連江縣,XP001,2025/06/27,野性魅力CHARM-狗乾糧-羊肉鮭魚(340g*1包),犬,乾飼糧,加拿大野性魅力有限公司(高雄),加拿大,無,無,24,2025-06-27T00:00:00,2025,6,2025-07-24T15:00:03.603,,104年1月至115年6月,1,,
4860,連江縣,XP002,2025/06/27,偉嘉whiskas-貓用乾糧-鮪魚(吞拿魚)及雞肉口味(450g*1包),貓,乾飼糧,台灣瑪氏股份有限公司,泰國,無,無,24,2025-06-27T00:00:00,2025,6,2025-07-24T15:00:03.603,,104年1月至115年6月,1,,
4860,連江縣,,2025/06/27,西莎Cesar-犬罐頭-野菜牛肉口味(100g*1罐),犬,罐頭,台灣瑪氏股份有限公司,澳洲,無,無,24,2025-06-27T00:00:00,2025,6,2025-07-24T15:00:03.603,,104年1月至115年6月,1,,
4860,連江縣,,2025/06/27,西莎Cesar-犬罐頭-雞肉口味(100g*1罐),犬,罐頭,台灣瑪氏股份有限公司,澳洲,無,無,24,2025-06-27T00:00:00,2025,6,2025-07-24T15:00:03.603,,104年1月至115年6月,1,,
4860,連江縣,,2025/06/27,喵樂貓罐頭-雞肉口味(80g*1罐),貓,罐頭,艾澌克企業股份有限公司,泰國,無,無,24,2025-06-27T00:00:00,2025,6,2025-07-24T15:00:03.603,,104年1月至115年6月,1,,
4860,新北市,,2025/07/16,福星高鈣磷粉,犬、貓,補充品,亞太動物生技有限公司,臺灣,無,無,0,2025-07-16T00:00:00,2025,7,2025-08-25T13:46:23.75,,104年1月至115年6月,1,,
4860,新北市,,2025/07/16,EFAZOL利美膚散劑,犬、貓,補充品,亞太動物生技有限公司,臺灣,無,無,0,2025-07-16T00:00:00,2025,7,2025-08-25T13:46:23.75,,104年1月至115年6月,1,,
4860,新北市,,2025/07/16,卵護罩-皮膚養護,犬、貓,補充品,亞太動物生技有限公司,臺灣,無,無,0,2025-07-16T00:00:00,2025,7,2025-08-25T13:46:23.75,,104年1月至115年6月,1,,
4860,新北市,AP018,2025/07/16,卵護罩-腸道養護,犬、貓,補充品,亞太動物生技有限公司,臺灣,無,無,0,2025-07-16T00:00:00,2025,7,2025-08-25T13:46:23.75,,104年1月至115年6月,1,,
4860,新北市,,2025/07/16,香犬寶Plus+D/R,犬、貓,補充品,亞太動物生技有限公司,臺灣,無,無,0,2025-07-16T00:00:00,2025,7,2025-08-25T13:46:23.75,,104年1月至115年6月,1,,
4860,新北市,AP019,2025/07/16,香犬寶Plus+O/R,犬、貓,補充品,亞太動物生技有限公司,臺灣,無,無,0,2025-07-16T00:00:00,2025,7,2025-08-25T13:46:23.75,,104年1月至115年6月,1,,
4860,新北市,,2025/07/16,香犬寶(腸道保健),犬、貓,補充品,亞太動物生技有限公司,臺灣,無,無,0,2025-07-16T00:00:00,2025,7,2025-08-25T13:46:23.75,,104年1月至115年6月,1,,
4860,新北市,,2025/07/16,潔牙雞肉片U1,犬,零食,冠閎實業有限公司,臺灣,無,無,0,2025-07-16T00:00:00,2025,7,2025-08-25T13:46:23.75,,104年1月至115年6月,1,,
4860,新北市,,2025/07/16,潔牙雞肉捲U3,犬,零食,冠閎實業有限公司,臺灣,無,無,0,2025-07-16T00:00:00,2025,7,2025-08-25T13:46:23.75,,104年1月至115年6月,1,,
4860,新北市,,2025/07/16,嚴選烘烤雞胗U4,犬,零食,冠閎實業有限公司,臺灣,無,無,0,2025-07-16T00:00:00,2025,7,2025-08-25T13:46:23.75,,104年1月至115年6月,1,,
4860,新北市,,2025/07/16,牛奶雞肉棒U36,犬,零食,冠閎實業有限公司,臺灣,包裝無標示重量,通知業者限期改善,0,2025-07-16T00:00:00,2025,7,2025-08-25T13:46:23.75,,104年1月至115年6月,1,,
4860,新北市,AP022,2025/07/16,雞胗大包裝超值組U4-5,犬,零食,冠閎實業有限公司,臺灣,無,無,0,2025-07-16T00:00:00,2025,7,2025-08-25T13:46:23.75,,104年1月至115年6月,1,,
4860,新北市,AP021,2025/07/16,雞肉捲大包裝超值組U3-5,犬,零食,冠閎實業有限公司,臺灣,無,無,0,2025-07-16T00:00:00,2025,7,2025-08-25T13:46:23.75,,104年1月至115年6月,1,,
4860,新北市,,2025/07/16,牛奶雞肉棒大包裝超值組U36-5,犬,零食,冠閎實業有限公司,臺灣,包裝無標示重量,通知業者限期改善,0,2025-07-16T00:00:00,2025,7,2025-08-25T13:46:23.75,,104年1月至115年6月,1,,
4860,新北市,AP020,2025/07/16,雞肉片大包裝超值組U1-5,犬,零食,冠閎實業有限公司,臺灣,無,無,0,2025-07-16T00:00:00,2025,7,2025-08-25T13:46:23.75,,104年1月至115年6月,1,,
4860,臺北市,,2025/07/07,GOMO 菌衡原力-全齡貓腸胃保健配方,貓,乾飼糧,毛能寵物營養生技股份有限公司,臺灣,無,無,1,2025-07-07T00:00:00,2025,7,2025-08-25T13:46:23.75,,104年1月至115年6月,1,,
4860,臺北市,,2025/07/07,PETTY MAN Chicken點心-香Q雞肉牛皮棒,犬,零食,王品寵物用品有限公司,臺灣,無,無,1,2025-07-07T00:00:00,2025,7,2025-08-25T13:46:23.75,,104年1月至115年6月,1,,
4860,臺北市,,2025/07/07,好命罐-文蛤鮪魚,貓,罐頭,阿寶國際有限公司,臺灣,無,無,1,2025-07-07T00:00:00,2025,7,2025-08-25T13:46:23.75,,104年1月至115年6月,1,,
4860,臺北市,,2025/07/07,南極磷蝦大肉包 峰頂大牛腩,犬,罐頭,金富錸國際寵物有限公司,臺灣,無,無,1,2025-07-07T00:00:00,2025,7,2025-08-25T13:46:23.75,,104年1月至115年6月,1,,
4860,臺北市,,2025/07/07,貪貪蜂之糧-櫻桃鴨烏魚(皮毛保健配方),貓,乾糧,寶研生技有限公司,臺灣,無,無,1,2025-07-07T00:00:00,2025,7,2025-08-25T13:46:23.75,,104年1月至115年6月,1,,
4860,臺北市,,2025/07/07,室內犬無穀低敏犬糧-羊肉鮮蔬,犬,乾糧,唯寵股份有限公司,臺灣,無,無,1,2025-07-07T00:00:00,2025,7,2025-08-25T13:46:23.75,,104年1月至115年6月,1,,
4860,臺北市,,2025/07/07,小鮮肉寵物零食經典蜜香雞肉切條,犬,零食,辛巴國際行銷有限公司,臺灣,無,無,1,2025-07-07T00:00:00,2025,7,2025-08-25T13:46:23.75,,104年1月至115年6月,1,,
4860,臺北市,,2025/07/07,開這罐 白藜蘆醇肉泥主食罐 鱷魚鮮雞,貓,罐頭,慶宇生技股份有限公司,臺灣,無,無,1,2025-07-07T00:00:00,2025,7,2025-08-25T13:46:23.75,,104年1月至115年6月,1,,
4860,臺北市,,2025/07/07,歡樂貓咪主食罐-牛肉x雞精,貓,罐頭,昱碩國際事業股份有限公司,臺灣,無,無,1,2025-07-07T00:00:00,2025,7,2025-08-25T13:46:23.75,,104年1月至115年6月,1,,
4860,臺北市,,2025/07/07,Snack Time 點心時間 手作寵物零食系列 - 起司牛肉條,犬、貓,零食,艾爾發寵物企業社,臺灣,無,無,1,2025-07-07T00:00:00,2025,7,2025-08-25T13:46:23.75,,104年1月至115年6月,1,,
4860,臺北市,,2025/07/07,冰原極鮮冷凍熟成系列–鮮活鬼頭刀,犬、貓,零食,銀池數位文化有限公司,臺灣,中文標示不完整、未完成申報,由動保員函請業者限期改善,1,2025-07-07T00:00:00,2025,7,2025-08-25T13:46:23.75,,104年1月至115年6月,1,,
4860,臺北市,,2025/07/07,喜翻雞肉洋芋片-南瓜濃湯風味,犬、貓,零食,樂芃寵物用品有限公司,臺灣,無,無,1,2025-07-07T00:00:00,2025,7,2025-08-25T13:46:23.75,,104年1月至115年6月,1,,
4860,臺北市,,2025/07/07,霸道貓蒟蒻保健主食罐(泥)白身鮪魚+鮭魚,貓,罐頭,青川淺有限公司,臺灣,無,無,1,2025-07-07T00:00:00,2025,7,2025-08-25T13:46:23.75,,104年1月至115年6月,1,,
4860,臺北市,,2025/07/07,田園勇氣牛腿肉片,犬、貓,零食,沛麋股份有限公司,臺灣,無,無,1,2025-07-07T00:00:00,2025,7,2025-08-25T13:46:23.75,,104年1月至115年6月,1,,
4860,臺北市,,2025/07/07,羅勒地瓜鹿肉片,犬、貓,零食,沛麋股份有限公司,臺灣,無,無,1,2025-07-07T00:00:00,2025,7,2025-08-25T13:46:23.75,,104年1月至115年6月,1,,
4860,臺中市,SP017,2025/07/02,多特機能犬食羊肉配方,犬,乾飼糧,伸達事業有限公司,臺灣,"1.申報適用寵物種類與包裝標示不符
2.使用「經(特定單位)檢驗/認證/核可/批准/通過推薦」詞句或類似詞句，產品未符合對應標準之要求：前揭產品標有「本產品製造系統經ISO9001及ISO22000 HACCP之國際品質食品安全認證」",已依中市動稽字第1140006241號函請業者限期改善,2,2025-07-02T00:00:00,2025,7,2025-08-25T13:46:23.75,,104年1月至115年6月,1,,
4860,臺中市,SP021,2025/07/02,艾思柏純肉犬罐-牛肉+紅蘿蔔,犬,罐頭,福壽實業股份有限公司,臺灣,無,無,2,2025-07-02T00:00:00,2025,7,2025-08-25T13:46:23.75,,104年1月至115年6月,1,,
4860,臺中市,SP020,2025/07/02,艾思柏純肉犬罐-羊肉+雞肉,犬,罐頭,福壽實業股份有限公司,臺灣,無,無,2,2025-07-02T00:00:00,2025,7,2025-08-25T13:46:23.75,,104年1月至115年6月,1,,
4860,臺中市,SP019,2025/07/02,派斯生活Petsup狗狗ㄍㄟ化骨鮮嫩雞腿,犬貓,零食,派優斯國際有限公司,臺灣,無,無,2,2025-07-02T00:00:00,2025,7,2025-08-25T13:46:23.75,,104年1月至115年6月,1,,
4860,臺中市,SP018,2025/07/02,派庫廚房 機能饗宴貓主食罐(鰻魚佐雞肉配方),貓,罐頭,金派庫國際有限公司,臺灣,使用「符合國際標準」詞句或類似詞句，產品未符合對應標準之要求：前揭產品標有「符合美國AFFCO、NRC營養標準」,已依中市動稽字第11400063171號函請業者限期改善,2,2025-07-02T00:00:00,2025,7,2025-08-25T13:46:23.75,,104年1月至115年6月,1,,
4860,臺中市,,2025/07/02,自然印記有機犬糧 鴨肉口味,犬,乾飼糧,寵兒商貿有限公司,韓國,無,無,2,2025-07-02T00:00:00,2025,7,2025-08-25T13:46:23.75,,104年1月至115年6月,1,,
4860,臺中市,,2025/07/02,汪喵星球 慢烘鮮食蔬肉糧(犬用),犬,乾飼糧,自力耕生股份有限公司,臺灣,無,無,2,2025-07-02T00:00:00,2025,7,2025-08-25T13:46:23.75,,104年1月至115年6月,1,,
4860,臺中市,,2025/07/02,飼時候 低敏護膚配方 田野羊肉,犬,乾飼糧,食尚好國際企業有限公司,臺灣,"1.申報主要原料、營養成分、使用及保存方法未完整申報
2.未標示適用動物動物種類",已依中市動稽字第1140006083號函轉屏東縣政府農業處,2,2025-07-02T00:00:00,2025,7,2025-08-25T13:46:23.75,,104年1月至115年6月,1,,
4860,臺中市,,2025/07/02,特百滋 凍乾三重奏 成幼犬‧ 低敏羊肉配方,犬,乾飼糧,艾澌克企業股份有限公司,臺灣,未依規申報,已依中市動稽字第1140006232號函請業者限期改善,2,2025-07-02T00:00:00,2025,7,2025-08-25T13:46:23.75,,104年1月至115年6月,1,,
4860,臺中市,,2025/07/02,超級SP大口吃鮮肉罐-精燉牛肉&新鮮野菜,犬,罐頭,壹士達寵物有限公司,泰國,"1.申報國外製造商與標示不符
2.有效日期或製造日期日月排列不明",已依中市動稽字第1140006163號函轉臺南市動物保護防疫處,2,2025-07-02T00:00:00,2025,7,2025-08-25T13:46:23.75,,104年1月至115年6月,1,,
4860,臺中市,,2025/07/02,自然印記有機貓糧 雞肉南瓜,貓,乾飼糧,寵兒商貿有限公司,韓國,無,無,2,2025-07-02T00:00:00,2025,7,2025-08-25T13:46:23.75,,104年1月至115年6月,1,,
4860,臺中市,,2025/07/02,"Canidae良善-成貓&熟齡貓糧
白身魚-室內貓專用",貓,乾飼糧,嵩颺有限公司,美國,使用「符合國際標準」詞句或類似詞句，產品未符合對應標準之要求：前揭產品標有「符合AAFCO標準」,已依中市動稽字第1140006226號函轉臺北市動物保護處,2,2025-07-02T00:00:00,2025,7,2025-08-25T13:46:23.75,,104年1月至115年6月,1,,
4860,臺中市,,2025/07/02,"維爾滋 天然無穀寵物糧
化毛貓食譜",貓,乾飼糧,韋民企業股份有限公司,韓國,"1.未依規申報
2.使用「符合國際標準」詞句或類似詞句，產品未符合對應標準之要求：前揭產品標有「完整滿足AFFCO對全齡個貓種的所有健康營養需求」",已依中市動稽字第1140006180號函轉新北市政府動物保護防疫處,2,2025-07-02T00:00:00,2025,7,2025-08-25T13:46:23.75,,104年1月至115年6月,1,,
4860,臺中市,,2025/07/02,"歐力化毛主食罐
鮪魚+馬鈴薯+護眼胡蘿蔔",貓,罐頭,珍荃有限公司,韓國,無,無,2,2025-07-02T00:00:00,2025,7,2025-08-25T13:46:23.75,,104年1月至115年6月,1,,
4860,臺中市,,2025/07/02,派庫廚房 機能饗宴貓主食罐(鱉肉佐旗魚配方),貓,罐頭,金派庫國際有限公司,臺灣,使用「符合國際標準」詞句或類似詞句，產品未符合對應標準之要求：前揭產品標有「符合美國AFFCO、NRC營養標準」,已依中市動稽字第11400063171號函請業者限期改善,2,2025-07-02T00:00:00,2025,7,2025-08-25T13:46:23.75,,104年1月至115年6月,1,,
4860,臺中市,,2025/07/10,優康佳犬用水果罐-雞肉鳳梨,犬,罐頭,鴻娟貿易有限公司,泰國,製造日期及有效日期區間逾保存期限三年,已依中市動稽字第1140006383號函請業者限期改善,2,2025-07-10T00:00:00,2025,7,2025-08-25T13:46:23.75,,104年1月至115年6月,1,,
4860,臺中市,,2025/07/10,優康佳海派主食貓罐【鮪魚+白身魚】,貓,罐頭,鴻娟貿易有限公司,泰國,未依規申報,已依中市動稽字第1140006383號函請業者限期改善,2,2025-07-10T00:00:00,2025,7,2025-08-25T13:46:23.75,,104年1月至115年6月,1,,
4860,臺中市,,2025/07/10,PETLINE極品貓罐(Z16),貓,罐頭,溥誠實業有限公司,泰國,製造日期及有效日期區間逾保存期限三年,已依中市動稽字第1140006241號函請業者限期改善,2,2025-07-10T00:00:00,2025,7,2025-08-25T13:46:23.75,,104年1月至115年6月,1,,
4860,臺中市,,2025/07/10,PETLINE極品高齡貓湯罐(Z18),貓,罐頭,溥誠實業有限公司,泰國,製造日期及有效日期區間逾保存期限三年,已依中市動稽字第1140006241號函請業者限期改善,2,2025-07-10T00:00:00,2025,7,2025-08-25T13:46:23.75,,104年1月至115年6月,1,,
4860,高雄市,,2025/07/02,雞肉棒棒糖,犬、貓,零食,台灣天寵企業社,臺灣,申報有誤,通知業者限期改善,6,2025-07-02T00:00:00,2025,7,2025-08-25T13:46:23.75,,104年1月至115年6月,1,,
4860,高雄市,,2025/07/02,御天犬 潔牙雞肉片U1,犬,零食,冠閎實業有限公司,臺灣,無,無,6,2025-07-02T00:00:00,2025,7,2025-08-25T13:46:23.75,,104年1月至115年6月,1,,
4860,高雄市,,2025/07/02,健康時刻 小型犬 螺旋多效潔牙骨-葉綠素+雞肉 (短),犬,潔牙骨,壹士達寵物有限公司,臺灣,無,無,6,2025-07-02T00:00:00,2025,7,2025-08-25T13:46:23.75,,104年1月至115年6月,1,,
4860,高雄市,,2025/07/02,吉沛思狗狗心血管保健膠囊,犬,補助食品,寬祐實業有限公司,臺灣,申報與標示不一,移請臺中市卓處,6,2025-07-02T00:00:00,2025,7,2025-08-25T13:46:23.75,,104年1月至115年6月,1,,
4860,高雄市,,2025/07/02,柏妮絲-雞肉泥牛奶骨(11入),犬,潔牙骨,峰揚貿易有限公司,臺灣,無,無,6,2025-07-02T00:00:00,2025,7,2025-08-25T13:46:23.75,,104年1月至115年6月,1,,
4860,高雄市,,2025/07/02,吃好飽犬罐 原味雞肉,犬,罐頭,沅慶企業有限公司,臺灣,無,無,6,2025-07-02T00:00:00,2025,7,2025-08-25T13:46:23.75,,104年1月至115年6月,1,,
4860,高雄市,,2025/07/02,DO低敏主食狗餐盒-放牧羊佐蔬食,犬,罐頭,昇鼎企業有限公司,臺灣,申報有誤,通知業者限期改善,6,2025-07-02T00:00:00,2025,7,2025-08-25T13:46:23.75,,104年1月至115年6月,1,,
4860,高雄市,,2025/07/02,干貝燉雞,犬,罐頭,食寵町國際企業有限公司,臺灣,無,無,6,2025-07-02T00:00:00,2025,7,2025-08-25T13:46:23.75,,104年1月至115年6月,1,,
4860,高雄市,,2025/07/02,派庫廚房-極鮮蝦大廚凍乾,犬、貓,零食,金派庫國際有限公司,臺灣,申報與標示不一,移請臺中市卓處,6,2025-07-02T00:00:00,2025,7,2025-08-25T13:46:23.75,,104年1月至115年6月,1,,
4860,高雄市,,2025/07/02,泥好！布藍泥,犬、貓,零食,慶宇生技股份有限公司,臺灣,申報有誤,通知業者限期改善,6,2025-07-02T00:00:00,2025,7,2025-08-25T13:46:23.75,,104年1月至115年6月,1,,
4860,宜蘭縣,BP008,2025/07/15,小叼饞-貓御用凍乾原食｜柳葉魚(袋),貓,零食,螢火蟲原創有限公司,臺灣,無,無,9,2025-07-15T00:00:00,2025,7,2025-08-25T13:46:23.75,,104年1月至115年6月,1,,
4860,宜蘭縣,BP009,2025/07/15,Mr.凍乾 貓用天然原肉凍乾(160g)-雞肉,貓,零食,八犬國際行銷有限公司,臺灣,無,無,9,2025-07-15T00:00:00,2025,7,2025-08-25T13:46:23.75,,104年1月至115年6月,1,,
4860,宜蘭縣,BP010,2025/07/17,東方精選優質成貓-海鮮干貝(亮毛挑嘴)-113年,貓,乾飼糧,斑尼菲國際有限公司,臺灣,無,無,9,2025-07-17T00:00:00,2025,7,2025-08-25T13:46:23.75,,104年1月至115年6月,1,,
4860,宜蘭縣,BP011,2025/07/17,BEST倍思特 頂級養生狗罐 (牛肉+馬鈴薯),犬,罐頭,貓狗甜心數位科技有限公司,臺灣,無,無,9,2025-07-17T00:00:00,2025,7,2025-08-25T13:46:23.75,,104年1月至115年6月,1,,
4860,宜蘭縣,BP012,2025/07/17,倍力康 美味極品大狗罐 羊肉,犬,罐頭,雄騰國際有限公司,臺灣,無,無,9,2025-07-17T00:00:00,2025,7,2025-08-25T13:46:23.75,,104年1月至115年6月,1,,
4860,新竹縣,,2025/07/31,3057哞哞牛,犬、貓,零食,宏寶國際企業有限公司,臺灣,未申報產品,函轉彰化縣卓處,10,2025-07-31T00:00:00,2025,7,2025-08-25T13:46:23.75,,104年1月至115年6月,1,,
4860,新竹縣,,2025/07/31,1+1滴雞精+貓肉泥主食罐-鮮香鰹魚配方,貓,罐頭,短捲麻股份有限公司,臺灣,無,無,10,2025-07-31T00:00:00,2025,7,2025-08-25T13:46:23.75,,104年1月至115年6月,1,,
4860,新竹縣,,2025/07/31,DANLO(丹露)手作零食-原味烘焙雞柳條,犬,零食,瀚翔寵物有限公司,臺灣,無,無,10,2025-07-31T00:00:00,2025,7,2025-08-25T13:46:23.75,,104年1月至115年6月,1,,
4860,新竹縣,,2025/07/31,AM貓咪深海鮭魚皮鮭魚丁,貓,零食,琦信企業股份有限公司,泰國,未申報,函轉基隆市卓處,10,2025-07-31T00:00:00,2025,7,2025-08-25T13:46:23.75,,104年1月至115年6月,1,,
4860,新竹縣,,2025/07/31,賀家 無穀貓咪主食罐 山泉踏雪鱘龍,貓,罐頭,奧也股份有限公司,臺灣,無,無,10,2025-07-31T00:00:00,2025,7,2025-08-25T13:46:23.75,,104年1月至115年6月,1,,
4860,苗栗縣,11407CO001,2025/06/30,長崎小魚乾,犬、貓,零食,雍立貿易股份有限公司,日本,無,無,11,2025-06-30T00:00:00,2025,7,2025-08-25T13:46:23.75,,104年1月至115年6月,1,,
4860,苗栗縣,11407CO002,2025/06/30,骰子魚肉風味雞肉塊,犬,零食,台灣多格漫商貿股份有限公司,日本,"1.主要原料及添加物、主要營養成分及含量申報與標示不符
2.包裝之有效期限若僅標示西元年/月，應補充說明為該月之第幾日。",函轉台中市動物保護防疫處,11,2025-06-30T00:00:00,2025,7,2025-08-25T13:46:23.75,,104年1月至115年6月,1,,
4860,苗栗縣,11407CO003,2025/06/30,沛滋露 犬貓用角切起司塊,犬、貓,零食,宸瑋興業有限公司,日本,無,無,11,2025-06-30T00:00:00,2025,7,2025-08-25T13:46:23.75,,104年1月至115年6月,1,,
4860,苗栗縣,11407CO004,2025/06/30,威隆獸醫配方 化毛膏-解憂貓草,貓,補助食品,國歡企業有限公司,加拿大,無,無,11,2025-06-30T00:00:00,2025,7,2025-08-25T13:46:23.75,,104年1月至115年6月,1,,
4860,苗栗縣,,2025/07/23,等等手作零食-抵抗力大師,犬、貓,零食,廣湛有限公司,臺灣,無,無,11,2025-07-23T00:00:00,2025,7,2025-08-25T13:46:23.75,,104年1月至115年6月,1,,
4860,苗栗縣,,2025/07/23,一起變聰明-歐米茄鮪魚凍乾,犬、貓,零食,盛茂寵物股份有限公司,臺灣,無,無,11,2025-07-23T00:00:00,2025,7,2025-08-25T13:46:23.75,,104年1月至115年6月,1,,
4860,苗栗縣,,2025/07/23,毛爪村紓壓罐,貓,罐頭,萊諾亞國際有限公司,臺灣,無,無,11,2025-07-23T00:00:00,2025,7,2025-08-25T13:46:23.75,,104年1月至115年6月,1,,
4860,苗栗縣,,2025/07/23,T.N.A悠遊狗狗說Tasty犬用主食罐-鮮雞燉羊x山藥,犬,罐頭,悠遊國際實業股份有限公司,臺灣,無,無,11,2025-07-23T00:00:00,2025,7,2025-08-25T13:46:23.75,,104年1月至115年6月,1,,
4860,苗栗縣,,2025/07/23,貪貪蜂之糧皮毛保健配方(櫻桃鴨烏魚),貓,乾飼糧,寶研生技有限公司,臺灣,無,無,11,2025-07-23T00:00:00,2025,7,2025-08-25T13:46:23.75,,104年1月至115年6月,1,,
4860,彰化縣,GP015,2025/07/09,嚼醒樂活BL-01雞胸肉片,犬、貓,零食,金牌寵物用品社,臺灣,未依規定申報於寵物食品申報網,發文給業者限期改善,12,2025-07-09T00:00:00,2025,7,2025-08-25T13:46:23.75,,104年1月至115年6月,1,,
4860,彰化縣,GP016,2025/07/09,夯鮮BCL-06嫩牛柳條,犬、貓,零食,金牌寵物用品社,臺灣,未依規定申報於寵物食品申報網,發文給業者限期改善,12,2025-07-09T00:00:00,2025,7,2025-08-25T13:46:23.75,,104年1月至115年6月,1,,
4860,彰化縣,GP017,2025/07/09,3004B 雞腿肉捲,犬,零食,宏寶國際企業有限公司,臺灣,無,無,12,2025-07-09T00:00:00,2025,7,2025-08-25T13:46:23.75,,104年1月至115年6月,1,,
4860,彰化縣,GP018,2025/07/09,9001超軟雞肉乾,犬,零食,宏寶國際企業有限公司,臺灣,無,無,12,2025-07-09T00:00:00,2025,7,2025-08-25T13:46:23.75,,104年1月至115年6月,1,,
4860,彰化縣,GP019,2025/07/09,818雞肉條,犬,零食,宏寶國際企業有限公司,臺灣,無,無,12,2025-07-09T00:00:00,2025,7,2025-08-25T13:46:23.75,,104年1月至115年6月,1,,
4860,彰化縣,,2025/07/10,補鐵牛肉棒,犬,零食,宏寶國際企業有限公司,臺灣,未依規定申報於寵物食品申報網,發文給業者限期改善,12,2025-07-10T00:00:00,2025,7,2025-08-25T13:46:23.75,,104年1月至115年6月,1,,
4860,彰化縣,,2025/07/10,貓咪專用DR.ZOO寵兒保健事泌尿呵護,貓,零食,宏寶國際企業有限公司,臺灣,未依規定申報於寵物食品申報網,發文給業者限期改善,12,2025-07-10T00:00:00,2025,7,2025-08-25T13:46:23.75,,104年1月至115年6月,1,,
4860,彰化縣,,2025/07/10,貓咪專用DR.ZOO寵兒保健事免疫保健,貓,零食,宏寶國際企業有限公司,臺灣,未依規定申報於寵物食品申報網,發文給業者限期改善,12,2025-07-10T00:00:00,2025,7,2025-08-25T13:46:23.75,,104年1月至115年6月,1,,
4860,彰化縣,,2025/07/29,肉匠肉乾鴨里肌條,犬、貓,零食,嗨寵物們股份有限公司,臺灣,無,無,12,2025-07-29T00:00:00,2025,7,2025-08-25T13:46:23.75,,104年1月至115年6月,1,,
4860,彰化縣,,2025/07/29,摩多比高鈣減鹽小魚乾80克,貓,零食,惟多有限公司,臺灣,無,無,12,2025-07-29T00:00:00,2025,7,2025-08-25T13:46:23.75,,104年1月至115年6月,1,,
4860,彰化縣,,2025/07/29,帕米爾-關節保健雞肉鬆200g,犬,零食,創奕貿易有限公司,臺灣,無,無,12,2025-07-29T00:00:00,2025,7,2025-08-25T13:46:23.75,,104年1月至115年6月,1,,
4860,南投縣,,2025/07/21,戀戀貓乾糧1-7歲成貓適用-1.5KG / 多種魚類(鮪魚+鮭魚+鱈魚風味),貓,乾飼糧,全球寵物用品有限公司,台灣,無,無,13,2025-07-21T00:00:00,2025,7,2025-08-25T13:46:23.75,,104年1月至115年6月,1,,
4860,南投縣,,2025/07/21,旺得福狗罐頭-原味雞肉,犬,罐頭,富崴飼料有限公司,台灣,無,無,13,2025-07-21T00:00:00,2025,7,2025-08-25T13:46:23.75,,104年1月至115年6月,1,,
4860,南投縣,,2025/07/21,746牛肉風味棒,犬,零食,宏寶國際企業有限公司,台灣,未申報,發函限期改善,13,2025-07-21T00:00:00,2025,7,2025-08-25T13:46:23.75,,104年1月至115年6月,1,,
4860,南投縣,,2025/07/22,美味關係小不點饅頭-牛奶DHA,犬,零食,王品寵物用品有限公司,台灣,無,無,13,2025-07-22T00:00:00,2025,7,2025-08-25T13:46:23.75,,104年1月至115年6月,1,,
4860,南投縣,,2025/07/22,勇者雞胸棒,犬、貓,零食,峰揚貿易有限公司,台灣,無,無,13,2025-07-22T00:00:00,2025,7,2025-08-25T13:46:23.75,,104年1月至115年6月,1,,
4860,南投縣,,2025/07/22,佳倍讚 貓用鮮肉凍乾(牛肉),貓,零食,王品寵物用品有限公司,台灣,無,無,13,2025-07-22T00:00:00,2025,7,2025-08-25T13:46:23.75,,104年1月至115年6月,1,,
4860,雲林縣,,2025/07/15,健康紀元寵物零食-鮮嫩雞肉片,犬,零食,福壽實業股份有限公司,臺灣,無,無,14,2025-07-15T00:00:00,2025,7,2025-08-25T13:46:23.75,,104年1月至115年6月,1,,
4860,雲林縣,,2025/07/15,健康紀元寵物挑嘴貓專用配方-鮭魚口味,貓,乾飼糧,福壽實業股份有限公司,臺灣,無,無,14,2025-07-15T00:00:00,2025,7,2025-08-25T13:46:23.75,,104年1月至115年6月,1,,
4860,雲林縣,,2025/07/23,極寵宴 生食冷凍乾燥飼料-全齡犬配方-雞肉+牛肉,犬,乾飼糧,螢火蟲原創有限公司,臺灣,無,無,14,2025-07-23T00:00:00,2025,7,2025-08-25T13:46:23.75,,104年1月至115年6月,1,,
4860,雲林縣,,2025/07/23,原味牛肉條,犬、貓,零食,食尚好國際企業有限公司,臺灣,無,無,14,2025-07-23T00:00:00,2025,7,2025-08-25T13:46:23.75,,104年1月至115年6月,1,,
4860,雲林縣,,2025/07/23,御天犬 牛奶雞肉棒大包超值組U36-5,犬、貓,零食,冠閎實業有限公司,臺灣,無,無,14,2025-07-23T00:00:00,2025,7,2025-08-25T13:46:23.75,,104年1月至115年6月,1,,
4860,雲林縣,,2025/07/23,犬王道之新鮮無穀全肉罐-雞肉+鮪魚DNA,犬,罐頭,螢火蟲原創有限公司,臺灣,無,無,14,2025-07-23T00:00:00,2025,7,2025-08-25T13:46:23.75,,104年1月至115年6月,1,,
4860,嘉義縣,JP008,2025/07/03,動物造型餅 起司+養樂多,犬,零食,寵物百事達,臺灣,無,無,15,2025-07-03T00:00:00,2025,7,2025-08-25T13:46:23.75,,104年1月至115年6月,1,,
4860,嘉義縣,JP009,2025/07/03,旺得福-原味牛肉 狗罐頭,犬,罐頭,柏揚貿易有限公司,臺灣,無,無,15,2025-07-03T00:00:00,2025,7,2025-08-25T13:46:23.75,,104年1月至115年6月,1,,
4860,嘉義縣,JP010,2025/07/03,金威寶美味狗罐 雞肉口味 ,犬,罐頭,優豪寵物用品有限公司,臺灣,無,無,15,2025-07-03T00:00:00,2025,7,2025-08-25T13:46:23.75,,104年1月至115年6月,1,,
4860,嘉義縣,JP011,2025/07/03,愛美力健康寵物食品(鮭魚+鰹魚+蔓越莓 化毛挑嘴泌尿保健配方),貓,乾飼糧,柏揚貿易有限公司,臺灣,無,無,15,2025-07-03T00:00:00,2025,7,2025-08-25T13:46:23.75,,104年1月至115年6月,1,,
4860,嘉義縣,JP012,2025/07/03,CAT ONE 日式化毛護眼配方-鮭魚+鰹魚+肌肉,貓,乾飼糧,富崴飼料有限公司,臺灣,無,無,15,2025-07-03T00:00:00,2025,7,2025-08-25T13:46:23.75,,104年1月至115年6月,1,,
4860,嘉義縣,11407CO008,2025/07/03,國王鮭無榖犬香草糧,犬,乾飼糧,瀚翔寵物有限公司,紐西蘭,無,無,15,2025-07-03T00:00:00,2025,7,2025-08-25T13:46:23.75,,104年1月至115年6月,1,,
4860,嘉義縣,11407CO009,2025/07/03,放牧草飼牛成犬無榖糧,犬,乾飼糧,奧也股份有限公司,紐西蘭,無,無,15,2025-07-03T00:00:00,2025,7,2025-08-25T13:46:23.75,,104年1月至115年6月,1,,
4860,嘉義縣,11407CO010,2025/07/03,愛肯拿田園收穫貓(雞肉.火雞肉.藍莓),貓,乾飼糧,豪翼行銷有限公司,加拿大,無,無,15,2025-07-03T00:00:00,2025,7,2025-08-25T13:46:23.75,,104年1月至115年6月,1,,
4860,屏東縣,,2025/07/02,赫緻美饌犬糧-嫩牛佐頂級鴨肝,犬,乾飼糧,珍實堡實業股份有限公司,臺灣,無,無,16,2025-07-02T00:00:00,2025,7,2025-08-25T13:46:23.75,,104年1月至115年6月,1,,
4860,屏東縣,,2025/07/02,赫緻美饌犬糧-嫩羊佐頂級鴨肝,犬,乾飼糧,珍實堡實業股份有限公司,臺灣,無,無,16,2025-07-02T00:00:00,2025,7,2025-08-25T13:46:23.75,,104年1月至115年6月,1,,
4860,屏東縣,,2025/07/02,毛孩噗×福壽×洽富 成犬專業配方,犬,乾飼糧,飛浤有限公司,臺灣,未依規定申報、品名標示不明,經查委製商公司登記地址位於新北市，本府已於114年7月8日以屏府農動字第1140182958號函移請新北市政府動物保護防疫處依規定查處,16,2025-07-02T00:00:00,2025,7,2025-08-25T13:46:23.75,,104年1月至115年6月,1,,
4860,屏東縣,,2025/07/02,毛孩噗×福壽×洽富 成貓專業配方,貓,乾飼糧,飛浤有限公司,臺灣,未依規定申報、品名標示不明,經查委製商公司登記地址位於新北市，本府已於114年7月8日以屏府農動字第1140182958號函移請新北市政府動物保護防疫處依規定查處,16,2025-07-02T00:00:00,2025,7,2025-08-25T13:46:23.75,,104年1月至115年6月,1,,
4860,屏東縣,,2025/07/02,EXPERT艾思柏無穀貓食-腸胃保健配方,貓,乾飼糧,福壽實業股份有限公司,臺灣,無,無,16,2025-07-02T00:00:00,2025,7,2025-08-25T13:46:23.75,,104年1月至115年6月,1,,
4860,屏東縣,,2025/07/10,Do低敏主食狗餐盒 法式南瓜烤雞,犬,罐頭,昇鼎企業有限公司,臺灣,無,無,16,2025-07-10T00:00:00,2025,7,2025-08-25T13:46:23.75,,104年1月至115年6月,1,,
4860,屏東縣,,2025/07/10,Do低敏主食狗餐盒 菲力鮭魚佐蔬食,犬,罐頭,昇鼎企業有限公司,臺灣,無,無,16,2025-07-10T00:00:00,2025,7,2025-08-25T13:46:23.75,,104年1月至115年6月,1,,
4860,屏東縣,,2025/07/10,Mr.凍乾 喵貓凍 鹿肉,貓,零食,八犬國際行銷有限公司,臺灣,無,無,16,2025-07-10T00:00:00,2025,7,2025-08-25T13:46:23.75,,104年1月至115年6月,1,,
4860,屏東縣,,2025/07/10,Mr.凍乾 喵貓凍 白帶魚,貓,零食,八犬國際行銷有限公司,臺灣,無,無,16,2025-07-10T00:00:00,2025,7,2025-08-25T13:46:23.75,,104年1月至115年6月,1,,
4860,屏東縣,,2025/07/10,貝妮星型強效潔牙棒-起司風味(8cm),犬,潔牙骨,全慶寵物用品有限公司,臺灣,無,無,16,2025-07-10T00:00:00,2025,7,2025-08-25T13:46:23.75,,104年1月至115年6月,1,,
4860,屏東縣,,2025/07/10,貝妮星型強效潔牙棒-羊肉風味(8cm),犬,潔牙骨,全慶寵物用品有限公司,臺灣,無,無,16,2025-07-10T00:00:00,2025,7,2025-08-25T13:46:23.75,,104年1月至115年6月,1,,
4860,屏東縣,,2025/07/10,摩爾思機能潔牙骨(蜂蜜長星型),犬,潔牙骨,喬泰寵物用品企業有限公司,臺灣,無,無,16,2025-07-10T00:00:00,2025,7,2025-08-25T13:46:23.75,,104年1月至115年6月,1,,
4860,屏東縣,,2025/07/10,摩爾思機能潔牙骨(苜蓿長星型),犬,潔牙骨,喬泰寵物用品企業有限公司,臺灣,無,無,16,2025-07-10T00:00:00,2025,7,2025-08-25T13:46:23.75,,104年1月至115年6月,1,,
4860,屏東縣,,2025/07/22,怪獸部落 寶寶鮮肉主食糧(牛肉鱈魚),貓,乾飼糧,怪獸製造有限公司,臺灣,無,無,16,2025-07-22T00:00:00,2025,7,2025-08-25T13:46:23.75,,104年1月至115年6月,1,,
4860,屏東縣,,2025/07/22,Crazy嗨派系列-雞肉&干貝無穀貓糧200g,貓,乾飼糧,碰億馬鈴吉有限公司,臺灣,未依規定申報,已於114年7月29日以屏府農動字第1140202768號函限期於114年8月31日前完成改善,16,2025-07-22T00:00:00,2025,7,2025-08-25T13:46:23.75,,104年1月至115年6月,1,,
4860,屏東縣,,2025/07/22,Crazy嗨派系列-雞肉&干貝無穀貓糧1KG,貓,乾飼糧,碰億馬鈴吉有限公司,臺灣,未依規定申報,已於114年7月29日以屏府農動字第1140202768號函限期於114年8月31日前完成改善,16,2025-07-22T00:00:00,2025,7,2025-08-25T13:46:23.75,,104年1月至115年6月,1,,
4860,屏東縣,,2025/07/22,長靴貓-里肌肉原肉凍乾-1入,貓,零食,瀚翔寵物有限公司,臺灣,無,無,16,2025-07-22T00:00:00,2025,7,2025-08-25T13:46:23.75,,104年1月至115年6月,1,,
4860,臺東縣,,2025/07/04,雞老大零食-雞肉+丁香魚口味(包裝200g),犬,零食,壹士達寵物有限公司,臺灣,無,無,17,2025-07-04T00:00:00,2025,7,2025-08-25T13:46:23.75,,104年1月至115年6月,1,,
4860,臺東縣,,2025/07/04,健康時刻-螺旋多效潔牙骨(包裝290g),犬,零食,壹士達寵物有限公司,臺灣,無,無,17,2025-07-04T00:00:00,2025,7,2025-08-25T13:46:23.75,,104年1月至115年6月,1,,
4860,臺東縣,,2025/07/04,巴士特零食-牛肉風味(包裝200g),犬,零食,峰揚貿易有限公司,臺灣,無,無,17,2025-07-04T00:00:00,2025,7,2025-08-25T13:46:23.75,,104年1月至115年6月,1,,
4860,臺東縣,,2025/07/04,超級SP犬用鮮肉凍乾-雞肉風味(包裝180g),犬,零食,壹士達寵物有限公司,臺灣,無,無,17,2025-07-04T00:00:00,2025,7,2025-08-25T13:46:23.75,,104年1月至115年6月,1,,
4860,臺東縣,,2025/07/04,PV牛奶牛皮雞肉大骨結-牛皮雞肉風味(包裝200g),犬,零食,台灣愛邦實業仕有限公司,臺灣,無,無,17,2025-07-04T00:00:00,2025,7,2025-08-25T13:46:23.75,,104年1月至115年6月,1,,
4860,臺東縣,,2025/07/04,柏妮絲雞肉棒棒糖-雞肉風味(包裝200g),犬,零食,峰揚貿易有限公司,臺灣,無,無,17,2025-07-04T00:00:00,2025,7,2025-08-25T13:46:23.75,,104年1月至115年6月,1,,
4860,花蓮縣,,2025/07/03,Mr. Peter皮特先生 貓用多種魚挑嘴配方,貓,乾飼糧,沅豐企業有限公司,臺灣,品名與申報網不符,通知業者限期改善,18,2025-07-03T00:00:00,2025,7,2025-08-25T13:46:23.75,,104年1月至115年6月,1,,
4860,花蓮縣,,2025/07/03,御天犬 牛奶雞肉棒大包超值組U36-5,犬,零食,冠閎實業有限公司,臺灣,標示有誤,移送責任廠商所在地管轄機關卓處,18,2025-07-03T00:00:00,2025,7,2025-08-25T13:46:23.75,,104年1月至115年6月,1,,
4860,花蓮縣,,2025/07/03,PETTY MAN Chicken點心-古早味雞肉乾,犬,零食,王品寵物用品有限公司,臺灣,申報與標示不一,移送責任廠商所在地管轄機關卓處,18,2025-07-03T00:00:00,2025,7,2025-08-25T13:46:23.75,,104年1月至115年6月,1,,
4860,花蓮縣,,2025/07/03,MZD011關健時刻漢方健康糧-關節養生配方,犬,乾飼糧,珍食堡實業股份有限公司,臺灣,申報與標示不一,移送責任廠商所在地管轄機關卓處,18,2025-07-03T00:00:00,2025,7,2025-08-25T13:46:23.75,,104年1月至115年6月,1,,
4860,花蓮縣,,2025/07/03,EZD011-赫緻低溫風乾健康糧-單一純肉•美國火雞肉,犬,乾飼糧,珍食堡實業股份有限公司,臺灣,無,無,18,2025-07-03T00:00:00,2025,7,2025-08-25T13:46:23.75,,104年1月至115年6月,1,,
4860,澎湖縣,,2025/06/09,T.N.A.悠遊 鮮點-鮮烘骰子羊,犬,零食,悠遊國際實業股份有限公司,臺灣,無,無,19,2025-06-09T00:00:00,2025,7,2025-08-25T13:46:23.75,,104年1月至115年6月,1,,
4860,澎湖縣,,2025/06/09,BLOP呷哺呷哺- 咕咕啃啃棒,犬,零食,金閤股份有限公司,臺灣,無,無,19,2025-06-09T00:00:00,2025,7,2025-08-25T13:46:23.75,,104年1月至115年6月,1,,
4860,澎湖縣,,2025/06/09,T.N.A.悠遊 狗狗說早點蛋條-關節好跑跑蛋 (雞蛋+綠貽貝),犬,零食,悠遊國際實業股份有限公司,臺灣,無,無,19,2025-06-09T00:00:00,2025,7,2025-08-25T13:46:23.75,,104年1月至115年6月,1,,
4860,澎湖縣,,2025/06/09,PV香烤火腿乾,犬,零食,台灣愛邦仕實業股份有限公司,臺灣,無,無,19,2025-06-09T00:00:00,2025,7,2025-08-25T13:46:23.75,,104年1月至115年6月,1,,
4860,澎湖縣,,2025/06/09,汪喵星球 - 犬用鮮食餐包 閃亮羊腿佐丁香魚鱉蛋,犬,罐頭,自力耕生股份有限公司,臺灣,無,無,19,2025-06-09T00:00:00,2025,7,2025-08-25T13:46:23.75,,104年1月至115年6月,1,,
4860,基隆市,,2025/07/01,呼嚕泥飽-呼嚕燉雞70g,貓,罐頭,食寵町國際企業有限公司,臺灣,申報網未標明主要營養成分及含量,通知業者限期改善,20,2025-07-01T00:00:00,2025,7,2025-08-25T13:46:23.75,,104年1月至115年6月,1,,
4860,基隆市,,2025/07/01,鮮食餐包-鄉炊鹿肉,犬、貓,零食,食寵町國際企業有限公司,臺灣,申報網未標明主要營養成分及含量,通知業者限期改善,20,2025-07-01T00:00:00,2025,7,2025-08-25T13:46:23.75,,104年1月至115年6月,1,,
4860,基隆市,,2025/07/01,QT水果軟Q潔牙骨-草莓羊奶,犬,潔牙骨,豪翼行銷有限公司,臺灣,無,無,20,2025-07-01T00:00:00,2025,7,2025-08-25T13:46:23.75,,104年1月至115年6月,1,,
4860,基隆市,,2025/07/01,快吃肉乾 它就牛肉乾,犬,零食,艾澌克企業股份有限公司,臺灣,無,無,20,2025-07-01T00:00:00,2025,7,2025-08-25T13:46:23.75,,104年1月至115年6月,1,,
4860,基隆市,,2025/07/01,【T.N.A.悠遊】鮮點-鮮烘骰子鹿,犬、貓,零食,悠遊國際實業股份有限公司,臺灣,無,無,20,2025-07-01T00:00:00,2025,7,2025-08-25T13:46:23.75,,104年1月至115年6月,1,,
4860,基隆市,11407CO005,2025/07/01,金缶特選濃厚6號-鮪.雞.蟹棒,貓,罐頭,東盈實業股份有限公司,日本,無,無,20,2025-07-01T00:00:00,2025,7,2025-08-25T13:46:23.75,,104年1月至115年6月,1,,
4860,基隆市,11407CO006,2025/07/01,CP-806 【貓姬】成貓肉泥杯- 雞肉、鮪魚、鰹魚片,貓,罐頭,聯享寵物貿易有限公司,日本,無,無,20,2025-07-01T00:00:00,2025,7,2025-08-25T13:46:23.75,,104年1月至115年6月,1,,
4860,基隆市,11407CO007,2025/07/01,樂妙喵2號-鮪.雞胸,貓,罐頭,東盈實業股份有限公司,日本,無,無,20,2025-07-01T00:00:00,2025,7,2025-08-25T13:46:23.75,,104年1月至115年6月,1,,
4860,新竹市,,2025/07/15,瑞威天然平衡全齡犬糧-2號森林燉雞-腸胃健康,犬,乾飼糧,瑞威動物科技股份有限公司,臺灣,無,無,21,2025-07-15T00:00:00,2025,7,2025-08-25T13:46:23.75,,104年1月至115年6月,1,,
4860,新竹市,,2025/07/15,OzBone-卡賀家犬零食系列,犬,零食,東森寵物雲股份有限公司,臺灣,無,無,21,2025-07-15T00:00:00,2025,7,2025-08-25T13:46:23.75,,104年1月至115年6月,1,,
4860,新竹市,,2025/07/15,奧力棒-嗑肉一番犬用餐包-田園雞牛肉燉蔬食,犬,罐頭,東森寵物雲股份有限公司,臺灣,無,無,21,2025-07-15T00:00:00,2025,7,2025-08-25T13:46:23.75,,104年1月至115年6月,1,,
4860,新竹市,,2025/07/15,天然原型-里肌條凍乾,貓,零食,東森寵物雲股份有限公司,臺灣,無,無,21,2025-07-15T00:00:00,2025,7,2025-08-25T13:46:23.75,,104年1月至115年6月,1,,
4860,新竹市,,2025/07/15,毛孩時代-100℅原型鮭魚塊凍乾零食,貓,零食,騰勢股份有限公司,臺灣,無,無,21,2025-07-15T00:00:00,2025,7,2025-08-25T13:46:23.75,,104年1月至115年6月,1,,
4860,嘉義市,,2025/07/18,聖萊西羊肉片,犬,零食,台灣惜時有限公司,臺灣,無,無,22,2025-07-18T00:00:00,2025,7,2025-08-25T13:46:23.75,,104年1月至115年6月,1,,
4860,嘉義市,,2025/07/18,健納緹腸胃保健雞肉口味,犬,潔牙骨,韋民企業股份有限公司,臺灣,無,無,22,2025-07-18T00:00:00,2025,7,2025-08-25T13:46:23.75,,104年1月至115年6月,1,,
4860,嘉義市,,2025/07/18,HeroMama幼貓初乳晶球糧-營養嫩雞,貓,乾飼糧,飛輪寵物有限公司,臺灣,無,無,22,2025-07-18T00:00:00,2025,7,2025-08-25T13:46:23.75,,104年1月至115年6月,1,,
4860,嘉義市,,2025/07/21,泥好！大力水手,犬、貓,零食,慶宇生技股份有限公司,臺灣,無,無,22,2025-07-21T00:00:00,2025,7,2025-08-25T13:46:23.75,,104年1月至115年6月,1,,
4860,嘉義市,,2025/07/21,南極磷蝦美毛包 雞肉X膠原蛋白,貓,罐頭,金富錸國際寵物有限公司,臺灣,無,無,22,2025-07-21T00:00:00,2025,7,2025-08-25T13:46:23.75,,104年1月至115年6月,1,,
4860,金門縣,,2025/07/30,健康紀元寵食 挑嘴貓專用配方-鰹魚口味-1kg,貓,乾飼糧,福壽實業股份有限公司,臺灣,無,無,23,2025-07-30T00:00:00,2025,7,2025-08-25T13:46:23.75,,104年1月至115年6月,1,,
4860,金門縣,,2025/07/30,比活力 鱈魚起司三明治-70g,犬,零食,固才有限公司,臺灣,無,無,23,2025-07-30T00:00:00,2025,7,2025-08-25T13:46:23.75,,104年1月至115年6月,1,,
4860,金門縣,,2025/07/30,健康紀元頂級純肉犬罐-香嫩雞排+地瓜-165g*2,犬,罐頭,福壽實業股份有限公司,臺灣,無,無,23,2025-07-30T00:00:00,2025,7,2025-08-25T13:46:23.75,,104年1月至115年6月,1,,
4860,金門縣,,2025/07/30,GREENS葛莉思貓食海洋口味-1.5kg,貓,乾飼糧,福壽實業股份有限公司,臺灣,無,無,23,2025-07-30T00:00:00,2025,7,2025-08-25T13:46:23.75,,104年1月至115年6月,1,,
4860,金門縣,,2025/07/30,乾杯老饕級牛舌 原肉凍乾-40g,犬、貓,零食,乾杯股份有限公司,臺灣,無,無,23,2025-07-30T00:00:00,2025,7,2025-08-25T13:46:23.75,,104年1月至115年6月,1,,
4860,新北市,AP023,2025/08/01,凍凍火雞,犬,零食,怩寶寵物手工零食坊,臺灣,"1.包裝無標示適用寵物種類
2.包裝熱量單位有誤",通知業者限期改善,0,2025-08-01T00:00:00,2025,8,2025-09-30T09:20:05.04,,104年1月至115年6月,1,,
4860,新北市,AP024,2025/08/01,小雞藍莓條,犬,零食,怩寶寵物手工零食坊,臺灣,"1.包裝無標示適用寵物種類
2.包裝熱量單位有誤",通知業者限期改善,0,2025-08-01T00:00:00,2025,8,2025-09-30T09:20:05.04,,104年1月至115年6月,1,,
4860,新北市,AP025,2025/08/01,小奶豆,犬,零食,怩寶寵物手工零食坊,臺灣,"1.外包裝無標示營養成分及含量
2.有效期限逾一天 
3.包裝無標示適用寵物種類",通知業者限期改善,0,2025-08-01T00:00:00,2025,8,2025-09-30T09:20:05.04,,104年1月至115年6月,1,,
4860,新北市,AP026,2025/08/01,麻麻給一口,犬,零食,怩寶寵物手工零食坊,臺灣,"1.包裝無標示適用寵物種類 
2.包裝及申報網熱量單位有誤",通知業者限期改善,0,2025-08-01T00:00:00,2025,8,2025-09-30T09:20:05.04,,104年1月至115年6月,1,,
4860,新北市,,2025/08/01,菠菜小奶豆,犬,零食,怩寶寵物手工零食坊,臺灣,"1.包裝無標示適用寵物種類 
2.外包裝無標示營養成分及含量
3.未申報",通知業者限期改善,0,2025-08-01T00:00:00,2025,8,2025-09-30T09:20:05.04,,104年1月至115年6月,1,,
4860,新北市,,2025/08/01,小雞紅蘿蔔條,犬,零食,怩寶寵物手工零食坊,臺灣,"1.包裝無標示適用寵物種類 
2.包裝熱量單位有誤",通知業者限期改善,0,2025-08-01T00:00:00,2025,8,2025-09-30T09:20:05.04,,104年1月至115年6月,1,,
4860,新北市,,2025/08/01,凍凍貓草雞粒粒,犬,零食,怩寶寵物手工零食坊,臺灣,"1.有效期限逾一天 
2.包裝無標示適用寵物種類 
3.熱量單位有誤
4.未申報",通知業者限期改善,0,2025-08-01T00:00:00,2025,8,2025-09-30T09:20:05.04,,104年1月至115年6月,1,,
4860,新北市,,2025/08/01,與牛相腱,犬,零食,怩寶寵物手工零食坊,臺灣,"1.包裝無標示適用寵物種類 
2.包裝及申報網熱量單位有誤",通知業者限期改善,0,2025-08-01T00:00:00,2025,8,2025-09-30T09:20:05.04,,104年1月至115年6月,1,,
4860,新北市,,2025/08/01,咿比鴨鴨,犬,零食,怩寶寵物手工零食坊,臺灣,"1.包裝無標示適用寵物種類 
2.包裝熱量單位有誤 
3.申報網重量與包裝不符",通知業者限期改善,0,2025-08-01T00:00:00,2025,8,2025-09-30T09:20:05.04,,104年1月至115年6月,1,,
4860,新北市,AP027,2025/08/01,雞肉乾了啦,犬,零食,怩寶寵物手工零食坊,臺灣,"1.包裝無標示適用寵物種類 
2.包裝熱量單位有誤 
3.申報網重量與包裝不符",通知業者限期改善,0,2025-08-01T00:00:00,2025,8,2025-09-30T09:20:05.04,,104年1月至115年6月,1,,
4860,新北市,AP028,2025/08/01,腿腿肉多多,犬,零食,怩寶寵物手工零食坊,臺灣,"1.包裝無標示適用寵物種類 
2.包裝熱量單位有誤 
3.申報網重量與包裝不符",通知業者限期改善,0,2025-08-01T00:00:00,2025,8,2025-09-30T09:20:05.04,,104年1月至115年6月,1,,
4860,新北市,AP029,2025/08/01,凍凍雞里肌,犬,零食,怩寶寵物手工零食坊,臺灣,"1.包裝無標示適用寵物種類 
2.包裝熱量單位有誤",通知業者限期改善,0,2025-08-01T00:00:00,2025,8,2025-09-30T09:20:05.04,,104年1月至115年6月,1,,
4860,新北市,AP030,2025/08/01,米香雞肉球,犬,零食,怩寶寵物手工零食坊,臺灣,"1.包裝無標示適用寵物種類 
2.熱量單位有誤 
3.蛋白質含量有誤 
4.申報網重量與包裝不符",通知業者限期改善,0,2025-08-01T00:00:00,2025,8,2025-09-30T09:20:05.04,,104年1月至115年6月,1,,
4860,新北市,AP031,2025/08/01,小雞南瓜條,犬,零食,怩寶寵物手工零食坊,臺灣,"1.包裝無標示適用寵物種類 
2.熱量單位有誤",通知業者限期改善,0,2025-08-01T00:00:00,2025,8,2025-09-30T09:20:05.04,,104年1月至115年6月,1,,
4860,新北市,AP032,2025/08/08,柏妮絲-5吋油壓骨裹肉(3入),犬,零食,峰揚貿易有限公司,臺灣,無,無,0,2025-08-08T00:00:00,2025,8,2025-09-30T09:20:05.04,,104年1月至115年6月,1,,
4860,新北市,AP033,2025/08/08,"唯潔潔牙骨
Whimzees toothbrush XS Value Bag",犬,潔牙骨,逸寶國際股份有限公司,美國,無,無,0,2025-08-08T00:00:00,2025,8,2025-09-30T09:20:05.04,,104年1月至115年6月,1,,
4860,新北市,AP034,2025/08/08,CBP-22雞老大 雞腿蛋捲,犬,零食,壹士達寵物有限公司,臺灣,外包裝及申報網無標示淨重,移請臺南市動保處協助妥處,0,2025-08-08T00:00:00,2025,8,2025-09-30T09:20:05.04,,104年1月至115年6月,1,,
4860,新北市,AP035,2025/08/08,吶一口凍乾貓飼料-海洋雙饗宴 0.15kg,貓,乾飼糧,豪翼行銷有限公司,"西班牙(乾糧)、
韓國(凍乾)",無,無,0,2025-08-08T00:00:00,2025,8,2025-09-30T09:20:05.04,,104年1月至115年6月,1,,
4860,新北市,AP036,2025/08/08,"貪貪 生態蠶蛹貓主食罐-牛肉&雞肉
Munchee ECO-Wild Recipe - Beef & Chicken",貓,罐頭,寶研生技有限公司,臺灣,無,無,0,2025-08-08T00:00:00,2025,8,2025-09-30T09:20:05.04,,104年1月至115年6月,1,,
4860,新北市,AP037,2025/08/08,黃金系列乳酪條棒,犬,零食,台灣惜時有限公司,臺灣,無,無,0,2025-08-08T00:00:00,2025,8,2025-09-30T09:20:05.04,,104年1月至115年6月,1,,
4860,新北市,AP038,2025/08/08,帕米爾-關節保健雞肉鬆200g,犬、貓,補助食品,創奕貿易有限公司,臺灣,"1.外包裝適用寵物種類與申報網不符。
2.外包裝國內負責廠商登記地址與商業登記地址不符。",通知業者限期改善,0,2025-08-08T00:00:00,2025,8,2025-09-30T09:20:05.04,,104年1月至115年6月,1,,
4860,新北市,AP039,2025/08/08,毛起來吃－阿姆阿姆潔牙棒－南非國寶茶(淨臭),犬,潔牙骨,莫奧數位股份有限公司,臺灣,無,無,0,2025-08-08T00:00:00,2025,8,2025-09-30T09:20:05.04,,104年1月至115年6月,1,,
4860,新北市,AP040,2025/08/08,軟雞肉絲,犬,零食,和風寵物有限公司,臺灣,"1.申報圖片與商品外觀不符
2.外包裝成分與申報網主要原料及添加物不符",移請臺中市動保處協助妥處,0,2025-08-08T00:00:00,2025,8,2025-09-30T09:20:05.04,,104年1月至115年6月,1,,
4860,新北市,AP041,2025/08/08,毛起來吃－毛食事計畫－護膚低敏鮮肉主食罐(貓)｜鮮雞雙魚宴,貓,罐頭,莫奧數位股份有限公司,臺灣,無,無,0,2025-08-08T00:00:00,2025,8,2025-09-30T09:20:05.04,,104年1月至115年6月,1,,
4860,新北市,AP042,2025/08/08,Bone Plus牛奶螺旋四星潔牙棒超值包-S,犬,潔牙骨,台灣愛邦仕實業股份有限公司,新加坡,未申報,通知業者限期改善,0,2025-08-08T00:00:00,2025,8,2025-09-30T09:20:05.04,,104年1月至115年6月,1,,
4860,新北市,AP043,2025/08/08,BP超美味小饅頭-綜合滋味,犬,零食,台灣愛邦仕實業股份有限公司,新加坡,無,無,0,2025-08-08T00:00:00,2025,8,2025-09-30T09:20:05.04,,104年1月至115年6月,1,,
4860,新北市,AP044,2025/08/08,貓 | 搖搖奶昔罐 | 芝士鮭魚燉蛋,貓,罐頭,唯寵股份有限公司,臺灣,無,無,0,2025-08-08T00:00:00,2025,8,2025-09-30T09:20:05.04,,104年1月至115年6月,1,,
4860,新北市,AP045,2025/08/08,南極磷蝦油 寵物營養補充條 雞肉X葡聚醣,犬、貓,補助食品,金富錸國際寵物有限公司,臺灣,無,無,0,2025-08-08T00:00:00,2025,8,2025-09-30T09:20:05.04,,104年1月至115年6月,1,,
4860,新北市,AP046,2025/08/08,升級版低敏食材天然主食罐-雞肉+牛肉,貓,罐頭,貓侍股份有限公司,臺灣,無,無,0,2025-08-08T00:00:00,2025,8,2025-09-30T09:20:05.04,,104年1月至115年6月,1,,
4860,臺北市,VP015,2025/08/19,薄脆雞肉乾,犬、貓,零食,張廷均,臺灣,無,無,1,2025-08-19T00:00:00,2025,8,2025-09-30T09:20:05.04,,104年1月至115年6月,1,,
4860,臺北市,VP016,2025/08/19,薄脆牛肉乾,犬、貓,零食,張廷均,臺灣,無,無,1,2025-08-19T00:00:00,2025,8,2025-09-30T09:20:05.04,,104年1月至115年6月,1,,
4860,臺北市,VP017,2025/08/20,鴨大氣粗,犬、貓,零食,王紫渝,臺灣,中文標示不完整,通知業者限期改善,1,2025-08-20T00:00:00,2025,8,2025-09-30T09:20:05.04,,104年1月至115年6月,1,,
4860,臺北市,VP018,2025/08/20,胸有成雞,犬、貓,零食,王紫渝,臺灣,中文標示不完整,通知業者限期改善,1,2025-08-20T00:00:00,2025,8,2025-09-30T09:20:05.04,,104年1月至115年6月,1,,
4860,臺北市,VP019,2025/08/25,幼喵活力雞,貓,生鮮、冷凍,廖翌軒,臺灣,中文標示不完整,通知業者限期改善,1,2025-08-25T00:00:00,2025,8,2025-09-30T09:20:05.04,,104年1月至115年6月,1,,
4860,臺北市,VP020,2025/08/25,低脂健美雞,犬,生鮮、冷凍,廖翌軒,臺灣,中文標示不完整,通知業者限期改善,1,2025-08-25T00:00:00,2025,8,2025-09-30T09:20:05.04,,104年1月至115年6月,1,,
4860,臺北市,,2025/08/28,【T.N.A.悠遊】鮮食餐包-亞麻籽雞腿煲,犬、貓,罐頭,悠遊國際實業股份有限公司,臺灣,無,無,1,2025-08-28T00:00:00,2025,8,2025-09-30T09:20:05.04,,104年1月至115年6月,1,,
4860,臺北市,,2025/08/28,汪喵星球 - 犬用鮮食餐包 強壯雞腿佐花椰菜小魚 (關節保養配方),犬,罐頭,自力耕生股份有限公司,臺灣,無,無,1,2025-08-28T00:00:00,2025,8,2025-09-30T09:20:05.04,,104年1月至115年6月,1,,
4860,臺北市,,2025/08/28,御天犬 雞胗 大包裝超值組U4-5,犬,零食,冠閎實業有限公司,臺灣,無,無,1,2025-08-28T00:00:00,2025,8,2025-09-30T09:20:05.04,,104年1月至115年6月,1,,
4860,臺北市,,2025/08/28,Meal 海藻牛蒡雞肉 200g,犬,乾飼糧,威饌股份有限公司,臺灣,中文標示不完整,轉請新北市政府動物保護防疫處卓處,1,2025-08-28T00:00:00,2025,8,2025-09-30T09:20:05.04,,104年1月至115年6月,1,,
4860,臺北市,,2025/08/28,阿姆阿姆潔牙棒－超級1棒 薑黃 (護心),犬,潔牙骨,莫奧數位股份有限公司,臺灣,無,無,1,2025-08-28T00:00:00,2025,8,2025-09-30T09:20:05.04,,104年1月至115年6月,1,,
4860,臺北市,,2025/08/28,柏妮絲-豬耳朵經濟包(350g),犬,零食,峰揚貿易有限公司,臺灣,無,無,1,2025-08-28T00:00:00,2025,8,2025-09-30T09:20:05.04,,104年1月至115年6月,1,,
4860,臺北市,,2025/08/28,【T.N.A.悠遊】保健營養錠-關節好骨力,犬、貓,零食,悠遊國際實業股份有限公司,臺灣,無,無,1,2025-08-28T00:00:00,2025,8,2025-09-30T09:20:05.04,,104年1月至115年6月,1,,
4860,臺北市,,2025/08/28,樂健飛-貓用寵物超級褐藻潔牙粉,貓,補助食品,勤達實業有限公司,臺灣,無,無,1,2025-08-28T00:00:00,2025,8,2025-09-30T09:20:05.04,,104年1月至115年6月,1,,
4860,臺北市,,2025/08/28,星巴哈尼-貓用寵物免疫力維持保健(米蕈多醣體),貓,補助食品,家得健康股份有限公司,臺灣,無,無,1,2025-08-28T00:00:00,2025,8,2025-09-30T09:20:05.04,,104年1月至115年6月,1,,
4860,臺北市,,2025/08/28,鮮肉大廚嫩雞腿,犬、貓,零食,強普股份有限公司,臺灣,"1.有效日期標示錯誤
2.標示品名與寵物食品申報網之品名不一致",轉請新北市政府動物保護防疫處卓處,1,2025-08-28T00:00:00,2025,8,2025-09-30T09:20:05.04,,104年1月至115年6月,1,,
4860,臺北市,,2025/08/28,喜樂寵宴鄉村田園主食餐-鮮嫩火雞起司派(關節養護),犬,罐頭,螢火蟲原創有限公司,臺灣,無,無,1,2025-08-28T00:00:00,2025,8,2025-09-30T09:20:05.04,,104年1月至115年6月,1,,
4860,臺北市,,2025/08/28,【T.N.A.悠遊】厚肉肉貓用營養主食罐-鮮燉雞拼火雞肉,貓,罐頭,悠遊國際實業股份有限公司,臺灣,無,無,1,2025-08-28T00:00:00,2025,8,2025-09-30T09:20:05.04,,104年1月至115年6月,1,,
4860,臺北市,,2025/08/28,喵皇奴╱貓咪經典主食罐（雞肉鮭魚）,貓,罐頭,逆風飛翔股份有限公司,臺灣,無,無,1,2025-08-28T00:00:00,2025,8,2025-09-30T09:20:05.04,,104年1月至115年6月,1,,
4860,臺北市,,2025/08/28,五行貓膳(綠),貓,罐頭,寶昕股份有限公司,臺灣,無,無,1,2025-08-28T00:00:00,2025,8,2025-09-30T09:20:05.04,,104年1月至115年6月,1,,
4860,臺北市,,2025/08/28,陪心SUPER小白狗狗主食罐 雞鵪鶉 X 黑木耳,犬,罐頭,唯寵股份有限公司,臺灣,無,無,1,2025-08-28T00:00:00,2025,8,2025-09-30T09:20:05.04,,104年1月至115年6月,1,,
4860,臺中市,,2025/08/05,杜莎天然無穀寵糧-成貓化毛配方-鮮雞佐鴨,貓,乾飼糧,裕昌寵物有限公司,義大利,無,無,2,2025-08-05T00:00:00,2025,8,2025-09-30T09:20:05.04,,104年1月至115年6月,1,,
4860,臺中市,,2025/08/05,金牌無穀 高齡貓配方(火雞+鱈魚+扁豆),貓,乾飼糧,東盈實業股份有限公司,美國,無,無,2,2025-08-05T00:00:00,2025,8,2025-09-30T09:20:05.04,,104年1月至115年6月,1,,
4860,臺中市,,2025/08/05,澳野 原野無穀主食成貓餐包 雞肉+袋鼠,貓,零食,維逸有限公司,澳洲,無,無,2,2025-08-05T00:00:00,2025,8,2025-09-30T09:20:05.04,,104年1月至115年6月,1,,
4860,臺中市,,2025/08/05,BISCAL必吃客消臭餅乾,犬,零食,韋民企業股份有限公司,日本,"1.未依規申報
2.未標示完整年月日",已依中市動稽字第1140007347號函轉新北市政府動物保護防疫處,2,2025-08-05T00:00:00,2025,8,2025-09-30T09:20:05.04,,104年1月至115年6月,1,,
4860,臺中市,,2025/08/05,Novee汪旺關節保健小西點,犬,零食,韋民企業股份有限公司,泰國,1.未依規申報,已依中市動稽字第1140007371號函請業者限期改善,2,2025-08-05T00:00:00,2025,8,2025-09-30T09:20:05.04,,104年1月至115年6月,1,,
4860,臺中市,,2025/08/05,極致美味 全齡犬 雞肉低敏+海陸總匯凍乾,犬,乾飼糧,冠宸國際有限公司,臺灣,無,無,2,2025-08-05T00:00:00,2025,8,2025-09-30T09:20:05.04,,104年1月至115年6月,1,,
4860,臺中市,,2025/08/05,LOLO烘焙點心(S),犬,零食,八犬國際行銷有限公司,波蘭,無,無,2,2025-08-05T00:00:00,2025,8,2025-09-30T09:20:05.04,,104年1月至115年6月,1,,
4860,臺中市,,2025/08/05,100%左旋離胺酸,犬、貓,補助食品,騰勢股份有限公司,臺灣,1.未依規申報,已依中市動稽字第1140007027號函請業者限期改善,2,2025-08-05T00:00:00,2025,8,2025-09-30T09:20:05.04,,104年1月至115年6月,1,,
4860,臺中市,,2025/08/05,陪心無穀低碳犬糧-雞肉鮮蔬口味,犬,乾飼糧,唯寵股份有限公司,臺灣,無,無,2,2025-08-05T00:00:00,2025,8,2025-09-30T09:20:05.04,,104年1月至115年6月,1,,
4860,臺中市,,2025/08/05,Karoko羊肉成犬天然食品低過敏,犬,乾飼糧,台灣渴樂果行銷有限公司,臺灣,"1.申報主要原料及添加物與包裝標示不符
2.使用「符合國際標準」詞句或類似詞句，產品未符合對應標準之要求：前揭產品標有「符合美國AFFCO營養標準及寵物食品安全法」",已依中市動稽字第1140007344號函轉高雄市動物保護處,2,2025-08-05T00:00:00,2025,8,2025-09-30T09:20:05.04,,104年1月至115年6月,1,,
4860,臺中市,,2025/08/05, 海祭貓補丁 漢方保健肉乾-海蝦,犬、貓,零食,得仁生技股份有限公司,臺灣,"1.申報網申報重量愈包裝標示不符
2.未標示使用方法",已依中市動稽字第1140007344號函轉高雄市動物保護處,2,2025-08-05T00:00:00,2025,8,2025-09-30T09:20:05.04,,104年1月至115年6月,1,,
4860,臺中市,,2025/08/05,等等手撕貓零食‧紓壓大師,貓,零食,嵩颺有限公司,臺灣,無,無,2,2025-08-05T00:00:00,2025,8,2025-09-30T09:20:05.04,,104年1月至115年6月,1,,
4860,臺中市,,2025/08/06,犬用絹紗雞肝香鬆,犬,零食,台灣多格漫商貿股份有限公司,日本,1.未依規申報,已依中市動稽字第1140007374號函請業者限期改善,2,2025-08-06T00:00:00,2025,8,2025-09-30T09:20:05.04,,104年1月至115年6月,1,,
4860,臺中市,SP022,2025/08/06,派庫廚房 低溫手工烘焙系列 吮指麻花牛,犬、貓,零食,金派庫國際有限公司,臺灣,無,無,2,2025-08-06T00:00:00,2025,8,2025-09-30T09:20:05.04,,104年1月至115年6月,1,,
4860,臺中市,SP023,2025/08/06,派庫廚房 低溫手工烘焙系列 吮指蜜汁雞,犬、貓,零食,金派庫國際有限公司,臺灣,無,無,2,2025-08-06T00:00:00,2025,8,2025-09-30T09:20:05.04,,104年1月至115年6月,1,,
4860,臺中市,SP024,2025/08/06,台灣牛月牙骨,犬、貓,零食,寵鮮灶腳有限公司,臺灣,"1.於申報網申報適用寵物種類與包裝標示不符
2.使用「經(特定單位)檢驗/認證/核可/批准/通過推薦」詞句或類似詞句：前揭產品標有「食材SGS檢驗」",已依中市動稽字第1140007354號函請業者限期改善,2,2025-08-06T00:00:00,2025,8,2025-09-30T09:20:05.04,,104年1月至115年6月,1,,
4860,臺中市,SP025,2025/08/06,台灣牛肋骨,犬、貓,零食,寵鮮灶腳有限公司,臺灣,"1.於申報網申報適用寵物種類與包裝標示不符
2.使用「經(特定單位)檢驗/認證/核可/批准/通過推薦」詞句或類似詞句：前揭產品標有「食材SGS檢驗」",已依中市動稽字第1140007354號函請業者限期改善,2,2025-08-06T00:00:00,2025,8,2025-09-30T09:20:05.04,,104年1月至115年6月,1,,
4860,臺中市,,2025/08/06,蜂王乳益生菌凍乾飼料,貓,乾飼糧,台灣愛邦仕實業股份有限公司,臺灣,無,無,2,2025-08-06T00:00:00,2025,8,2025-09-30T09:20:05.04,,104年1月至115年6月,1,,
4860,臺中市,,2025/08/06,幼貓初乳晶球糧 營養嫩雞,貓,乾飼糧,飛輪寵物有限公司,臺灣,無,無,2,2025-08-06T00:00:00,2025,8,2025-09-30T09:20:05.04,,104年1月至115年6月,1,,
4860,臺中市,SP026,2025/08/12,好味小姐 1+1滴雞精 貓肉泥主食罐 香嫩鴨胸,貓,罐頭,短捲麻股份有限公司,臺灣,無,無,2,2025-08-12T00:00:00,2025,8,2025-09-30T09:20:05.04,,104年1月至115年6月,1,,
4860,臺中市,SP028,2025/08/18,A101-雞肉片乾,犬、貓,零食,宏綸食品有限公司(個人：林士軒),臺灣,未以公司行號申報,通知業者限期改善,2,2025-08-18T00:00:00,2025,8,2025-09-30T09:20:05.04,,104年1月至115年6月,1,,
4860,臺中市,SP027,2025/08/18,A202-雞柳冷乾,犬、貓,零食,宏綸食品有限公司(個人：林士軒),臺灣,未以公司行號申報,通知業者限期改善,2,2025-08-18T00:00:00,2025,8,2025-09-30T09:20:05.04,,104年1月至115年6月,1,,
4860,臺中市,SP029,2025/08/19,低溫烘培-鮭魚蔓越莓,犬、貓,零食,福樂寵工作室(個人：顏依庭),臺灣,"未以公司行號申報
標示未完整",通知業者限期改善,2,2025-08-19T00:00:00,2025,8,2025-09-30T09:20:05.04,,104年1月至115年6月,1,,
4860,臺中市,SP030,2025/08/20,職人手切-經典雞,犬、貓,零食,福樂寵工作室(個人：顏依庭),臺灣,"未以公司行號申報
標示未完整",通知業者限期改善,2,2025-08-20T00:00:00,2025,8,2025-09-30T09:20:05.04,,104年1月至115年6月,1,,
4860,臺中市,SP037,2025/08/20,嗚托邦 鹿肉花生醬,犬,零食,維京聯合有限公司 ,臺灣,標示未完整,通知業者限期改善,2,2025-08-20T00:00:00,2025,8,2025-09-30T09:20:05.04,,104年1月至115年6月,1,,
4860,臺中市,SP038,2025/08/20,嗚托邦 巴西莓花生醬,犬,零食,維京聯合有限公司 ,臺灣,標示未完整,通知業者限期改善,2,2025-08-20T00:00:00,2025,8,2025-09-30T09:20:05.04,,104年1月至115年6月,1,,
4860,臺中市,SP036,2025/08/21,菜鮭,犬、貓,零食,狗嶼工作室(個人：朱冠穎),臺灣,標示未完整,通知業者限期改善,2,2025-08-21T00:00:00,2025,8,2025-09-30T09:20:05.04,,104年1月至115年6月,1,,
4860,臺中市,SP035,2025/08/21,經典原味雞肉乾,犬、貓,零食,狗嶼工作室(個人：朱冠穎),臺灣,標示未完整,通知業者限期改善,2,2025-08-21T00:00:00,2025,8,2025-09-30T09:20:05.04,,104年1月至115年6月,1,,
4860,臺中市,SP034,2025/08/21,滿滿海苔雞肉乾,犬、貓,零食,狗嶼工作室(個人：朱冠穎),臺灣,標示未完整,通知業者限期改善,2,2025-08-21T00:00:00,2025,8,2025-09-30T09:20:05.04,,104年1月至115年6月,1,,
4860,臺中市,SP031,2025/08/21,汪汪仙貝,犬、貓,零食,群鈦企業有限公司(個人：劉律緯),臺灣,"未以公司行號申報
標示未完整",通知業者限期改善,2,2025-08-21T00:00:00,2025,8,2025-09-30T09:20:05.04,,104年1月至115年6月,1,,
4860,臺中市,SP032,2025/08/21,牛肉凍乾大粒丸,犬、貓,零食,群鈦企業有限公司(個人：劉律緯),臺灣,"未以公司行號申報
標示未完整",通知業者限期改善,2,2025-08-21T00:00:00,2025,8,2025-09-30T09:20:05.04,,104年1月至115年6月,1,,
4860,臺中市,SP033,2025/08/21,鮪魚凍乾大粒丸,犬、貓,零食,群鈦企業有限公司(個人：劉律緯),臺灣,"未以公司行號申報
標示未完整",通知業者限期改善,2,2025-08-21T00:00:00,2025,8,2025-09-30T09:20:05.04,,104年1月至115年6月,1,,
4860,高雄市,WP016,2025/08/08,小野雞-化骨雞腿,犬、貓,零食,旺宏寵物用品有限公司,臺灣,產品標示有誤,移請桃園市卓處,6,2025-08-08T00:00:00,2025,8,2025-09-30T09:20:05.04,,104年1月至115年6月,1,,
4860,高雄市,WP017,2025/08/08,經典蜜香雞肉切條,犬,零食,辛巴國際行銷有限公司,臺灣,無,無,6,2025-08-08T00:00:00,2025,8,2025-09-30T09:20:05.04,,104年1月至115年6月,1,,
4860,高雄市,WP019,2025/08/08,犬方位咔咔雞里肌條肉,犬,零食,雲鏈實業有限公司,臺灣,中文標示不完整,移請臺南市卓處,6,2025-08-08T00:00:00,2025,8,2025-09-30T09:20:05.04,,104年1月至115年6月,1,,
4860,高雄市,WP020,2025/08/08,就饗吃-雞腿肉嚼片,犬,補助食品,大同寵物用品有限公司,臺灣,無,無,6,2025-08-08T00:00:00,2025,8,2025-09-30T09:20:05.04,,104年1月至115年6月,1,,
4860,高雄市,,2025/08/08,Ms.PET犬貓營養配方奶粉,犬、貓,潔牙骨,王品寵物用品有限公司,臺灣,申報與標示不一,移請桃園市卓處,6,2025-08-08T00:00:00,2025,8,2025-09-30T09:20:05.04,,104年1月至115年6月,1,,
4860,高雄市,,2025/08/08,摩爾思-機能潔牙骨(蜂蜜口味單入),犬,零食,峰揚貿易有限公司,臺灣,無,無,6,2025-08-08T00:00:00,2025,8,2025-09-30T09:20:05.04,,104年1月至115年6月,1,,
4860,高雄市,,2025/08/08,純煉熱狗棒-起司口味,犬,零食,松桀企業社,臺灣,產品未申報,通知業者限期改善,6,2025-08-08T00:00:00,2025,8,2025-09-30T09:20:05.04,,104年1月至115年6月,1,,
4860,高雄市,,2025/08/08,里肌肉原肉凍乾,貓,零食,瀚翔寵物有限公司,臺灣,無,無,6,2025-08-08T00:00:00,2025,8,2025-09-30T09:20:05.04,,104年1月至115年6月,1,,
4860,高雄市,,2025/08/08,歐姆貓海陸原肉凍乾粒-雞肉鱈魚袋裝,貓,零食,台灣愛邦仕實業股份有限公司,臺灣,無,無,6,2025-08-08T00:00:00,2025,8,2025-09-30T09:20:05.04,,104年1月至115年6月,1,,
4860,高雄市,WP018,2025/08/12,鮮烘里肌肉片,犬,零食,辛巴國際行銷有限公司,臺灣,無,無,6,2025-08-12T00:00:00,2025,8,2025-09-30T09:20:05.04,,104年1月至115年6月,1,,
4860,高雄市,WP021,2025/08/26,雞肉凍乾,犬、貓,零食,粹霖凍乾(個人：邱品霖),臺灣,業者產品未申報及產品標示有誤,通知業者限期改善,6,2025-08-26T00:00:00,2025,8,2025-09-30T09:20:05.04,,104年1月至115年6月,1,,
4860,高雄市,WP022,2025/08/26,鮭魚凍乾,犬、貓,零食,粹霖凍乾(個人：邱品霖),臺灣,業者產品未申報及產品標示有誤,通知業者限期改善,6,2025-08-26T00:00:00,2025,8,2025-09-30T09:20:05.04,,104年1月至115年6月,1,,
4860,高雄市,WP023,2025/08/28,雞肉乾,犬、貓,零食,挑挑柴手作零食(個人：黃巧涵),臺灣,產品申報及標示有誤,通知業者限期改善,6,2025-08-28T00:00:00,2025,8,2025-09-30T09:20:05.04,,104年1月至115年6月,1,,
4860,高雄市,WP024,2025/08/28,鴨鴨脆脆,犬、貓,零食,挑挑柴手作零食(個人：黃巧涵),臺灣,產品申報及標示有誤,通知業者限期改善,6,2025-08-28T00:00:00,2025,8,2025-09-30T09:20:05.04,,104年1月至115年6月,1,,
4860,高雄市,WP025,2025/08/28,雞肉薄脆片,犬、貓,零食,寵物一家Pet  Family(個人：鄭明在),臺灣,中文標示不完整,通知業者限期改善,6,2025-08-28T00:00:00,2025,8,2025-09-30T09:20:05.04,,104年1月至115年6月,1,,
4860,高雄市,WP026,2025/08/28,酥脆洋芋片,犬、貓,零食,寵物一家Pet  Family(個人：鄭明在),臺灣,中文標示不完整,通知業者限期改善,6,2025-08-28T00:00:00,2025,8,2025-09-30T09:20:05.04,,104年1月至115年6月,1,,
4860,高雄市,WP027,2025/08/28,肉肉薯片,犬、貓,零食,Odelia寵愛食作(個人：陳珮禎),臺灣,無,無,6,2025-08-28T00:00:00,2025,8,2025-09-30T09:20:05.04,,104年1月至115年6月,1,,
4860,高雄市,WP028,2025/08/28,雞肉棒棒,犬、貓,零食,Odelia寵愛食作(個人：陳珮禎),臺灣,無,無,6,2025-08-28T00:00:00,2025,8,2025-09-30T09:20:05.04,,104年1月至115年6月,1,,
4860,宜蘭縣,,2025/08/07,汪喵星球 無膠純肉泥 鮪魚,犬、貓,零食,自力耕生股份有限公司,臺灣,無,無,9,2025-08-07T00:00:00,2025,8,2025-09-30T09:20:05.04,,104年1月至115年6月,1,,
4860,宜蘭縣,,2025/08/07,阿嬤養的香烤燒肉零食(蜜汁雞里肌),犬,零食,飛輪寵物有限公司,臺灣,無,無,9,2025-08-07T00:00:00,2025,8,2025-09-30T09:20:05.04,,104年1月至115年6月,1,,
4860,宜蘭縣,,2025/08/07,貓用益生菌晶球夾心糧-曠野鮮雞180g,貓,乾飼糧,飛輪寵物有限公司,臺灣,無,無,9,2025-08-07T00:00:00,2025,8,2025-09-30T09:20:05.04,,104年1月至115年6月,1,,
4860,宜蘭縣,,2025/08/07,野性魅力凍乾零食-鮪魚塊佐鱉蛋,犬、貓,零食,加拿大野性魅力有限公司,臺灣,無,無,9,2025-08-07T00:00:00,2025,8,2025-09-30T09:20:05.04,,104年1月至115年6月,1,,
4860,宜蘭縣,,2025/08/07,奇啃保健雞腿-原味,犬、貓,零食,勤翔國際股份有限公司,臺灣,無,無,9,2025-08-07T00:00:00,2025,8,2025-09-30T09:20:05.04,,104年1月至115年6月,1,,
4860,新竹縣,,2025/08/28,元氣貓-鮪魚極品,貓,乾飼糧,亞洲寵物事業股份有限公司,臺灣,無,無,10,2025-08-28T00:00:00,2025,8,2025-09-30T09:20:05.04,,104年1月至115年6月,1,,
4860,新竹縣,,2025/08/29,吶一口無穀貓咪湯罐-鮪魚+鮮嫩鮭魚,貓,罐頭,豪翼行銷有限公司,泰國,無,無,10,2025-08-29T00:00:00,2025,8,2025-09-30T09:20:05.04,,104年1月至115年6月,1,,
4860,新竹縣,,2025/08/29,NU-10261紐頓無穀全能系列T28　鮭魚+鱒魚挑嘴小顆粒,犬,罐頭,展聖寵物用品有限公司,加拿大,無,無,10,2025-08-29T00:00:00,2025,8,2025-09-30T09:20:05.04,,104年1月至115年6月,1,,
4860,新竹縣,,2025/08/29,吃好飽犬罐 鳳梨,犬,罐頭,沅慶企業有限公司,臺灣,無,無,10,2025-08-29T00:00:00,2025,8,2025-09-30T09:20:05.04,,104年1月至115年6月,1,,
4860,新竹縣,,2025/08/29,犬用益生菌凍乾晶球糧-羊奶燉雞+牛肉丁1.65kg,犬,乾飼糧,飛輪寵物有限公司,臺灣,無,無,10,2025-08-29T00:00:00,2025,8,2025-09-30T09:20:05.04,,104年1月至115年6月,1,,
4860,苗栗縣,,2025/08/20,帕米爾-豬耳朵切絲(彩包),犬,零食,創奕貿易有限公司,臺灣,申報資訊有誤,函請業者改善,11,2025-08-20T00:00:00,2025,8,2025-09-30T09:20:05.04,,104年1月至115年6月,1,,
4860,苗栗縣,,2025/08/20,DANLO等肉!手作零食-軟香雞肉小圓片,犬,零食,瀚翔寵物有限公司,臺灣,無,無,11,2025-08-20T00:00:00,2025,8,2025-09-30T09:20:05.04,,104年1月至115年6月,1,,
4860,苗栗縣,,2025/08/20,Let’s Cate 凱勒黑酵母主食營養貓罐－雞肉+干貝,貓,罐頭,傑希有限公司,臺灣,無,無,11,2025-08-20T00:00:00,2025,8,2025-09-30T09:20:05.04,,104年1月至115年6月,1,,
4860,苗栗縣,,2025/08/20,保羅叔叔田園生機狗食-成年期-室內/消化道,犬,乾飼糧,大地營養有限公司,臺灣, 「主要成分及添加物」申報與包裝標示不符,函請業者改善,11,2025-08-20T00:00:00,2025,8,2025-09-30T09:20:05.04,,104年1月至115年6月,1,,
4860,苗栗縣,,2025/08/20,亨利口袋 泥泥滴雞精主食美味雞肉,貓,罐頭,辛巴國際行銷有限公司,臺灣,無,無,11,2025-08-20T00:00:00,2025,8,2025-09-30T09:20:05.04,,104年1月至115年6月,1,,
4860,彰化縣,,2025/08/29,豪門優鮮-牛肉+蔬菜口味愛犬食品,犬,乾飼糧,福壽實業股份有限公司,臺灣,無,無,12,2025-08-29T00:00:00,2025,8,2025-09-30T09:20:05.04,,104年1月至115年6月,1,,
4860,彰化縣,,2025/08/29,伴你一生Be with you頂級饗宴犬罐美味牛肉口味,犬,罐頭,福壽實業股份有限公司,臺灣,無,無,12,2025-08-29T00:00:00,2025,8,2025-09-30T09:20:05.04,,104年1月至115年6月,1,,
4860,彰化縣,,2025/08/29,伴你一生Be with you頂級饗宴犬罐美味羊肉口味,犬,罐頭,福壽實業股份有限公司,臺灣,無,無,12,2025-08-29T00:00:00,2025,8,2025-09-30T09:20:05.04,,104年1月至115年6月,1,,
4860,彰化縣,,2025/08/29,炘易-寵物益生菌-情緒紓緩,犬、貓,補助食品,日昶企業社,臺灣,無,無,12,2025-08-29T00:00:00,2025,8,2025-09-30T09:20:05.04,,104年1月至115年6月,1,,
4860,彰化縣,,2025/08/29,炘易-寵物益生菌-皮膚保健,犬、貓,補助食品,日昶企業社,臺灣,無,無,12,2025-08-29T00:00:00,2025,8,2025-09-30T09:20:05.04,,104年1月至115年6月,1,,
4860,彰化縣,,2025/08/29,Ab寵物芝麻雞肉條-犬用,犬,零食,聚茂生技股份有限公司,臺灣,無,無,12,2025-08-29T00:00:00,2025,8,2025-09-30T09:20:05.04,,104年1月至115年6月,1,,
4860,彰化縣,,2025/08/29,Ab寵物南瓜子雞肉條-犬用,犬,零食,聚茂生技股份有限公司,臺灣,無,無,12,2025-08-29T00:00:00,2025,8,2025-09-30T09:20:05.04,,104年1月至115年6月,1,,
4860,南投縣,,2025/08/13,Keptbaby吃軟飯-放蕩野雞,貓,罐頭,碰億馬鈴吉有限公司,臺灣,無,無,13,2025-08-13T00:00:00,2025,8,2025-09-30T09:20:05.04,,104年1月至115年6月,1,,
4860,南投縣,,2025/08/13,巧之燒 小肉丁,犬、貓,零食,昇鼎企業有限公司,臺灣,無,無,13,2025-08-13T00:00:00,2025,8,2025-09-30T09:20:05.04,,104年1月至115年6月,1,,
4860,南投縣,,2025/08/13,倍力斯無穀全肉罐-鮪魚+雞肉,貓,罐頭,昇鼎企業有限公司,臺灣,無,無,13,2025-08-13T00:00:00,2025,8,2025-09-30T09:20:05.04,,104年1月至115年6月,1,,
4860,南投縣,,2025/08/13,家福超值狗乾糧(牛肉風味)3.5Kg,犬,乾飼糧,家福股份有限公司,臺灣,無,無,13,2025-08-13T00:00:00,2025,8,2025-09-30T09:20:05.04,,104年1月至115年6月,1,,
4860,南投縣,,2025/08/13,健康紀元頂級純肉犬罐-香嫩雞排丁,犬,罐頭,福壽實業股份有限公司,臺灣,無,無,13,2025-08-13T00:00:00,2025,8,2025-09-30T09:20:05.04,,104年1月至115年6月,1,,
4860,南投縣,,2025/08/13,戀戀起司小餅-45g,犬,零食,全球寵物用品有限公司,臺灣,無,無,13,2025-08-13T00:00:00,2025,8,2025-09-30T09:20:05.04,,104年1月至115年6月,1,,
4860,南投縣,,2025/08/13,野性魅力凍乾零食-土雞塊佐白蝦,犬、貓,零食,加拿大野性魅力有限公司,臺灣,無,無,13,2025-08-13T00:00:00,2025,8,2025-09-30T09:20:05.04,,104年1月至115年6月,1,,
4860,雲林縣,IP007,2025/08/20,旺德福犬乾糧-清燉牛肉,犬,乾飼糧,富崴飼料有限公司,臺灣,無,無,14,2025-08-20T00:00:00,2025,8,2025-09-30T09:20:05.04,,104年1月至115年6月,1,,
4860,雲林縣,IP008,2025/08/20,愛美力貓乾糧 鱈魚+鰹魚+牛肉,貓,乾飼糧,富崴飼料有限公司,臺灣,無,無,14,2025-08-20T00:00:00,2025,8,2025-09-30T09:20:05.04,,104年1月至115年6月,1,,
4860,雲林縣,IP010,2025/08/22,鮭魚泥,貓,零食,水膜婗有限公司,臺灣,包裝標示製造商有誤及該品項未申報，疑涉違動物保護法第22條之5第1項第5款、第22條之3,移送責任廠商所在地管轄機關進行查處。,14,2025-08-22T00:00:00,2025,8,2025-09-30T09:20:05.04,,104年1月至115年6月,1,,
4860,雲林縣,IP009,2025/08/22,鮭魚雞肉泥,貓,零食,水膜婗有限公司,臺灣,包裝標示無製造、加工業者資訊及該品項未申報，疑涉違動物保護法第22條之5第1項第5款、第22條之3,移送責任廠商所在地管轄機關進行查處。,14,2025-08-22T00:00:00,2025,8,2025-09-30T09:20:05.04,,104年1月至115年6月,1,,
4860,雲林縣,IP011,2025/08/22,老北法式嫩雞腸,犬、貓,零食,水膜婗有限公司,臺灣,包裝未標示淨重及該品項未申報，疑涉違動物保護法第22條之5第1項第2款、第22條之3,移送責任廠商所在地管轄機關進行查處。,14,2025-08-22T00:00:00,2025,8,2025-09-30T09:20:05.04,,104年1月至115年6月,1,,
4860,嘉義縣,,2025/08/21,多納室內犬狗糧 (雞肉鮭魚口味),犬,乾飼糧,寶榮寵物企業股份有限公司,臺灣,無,無,15,2025-08-21T00:00:00,2025,8,2025-09-30T09:20:05.04,,104年1月至115年6月,1,,
4860,嘉義縣,,2025/08/21,多納結紮貓(泌尿道保健配方),貓,乾飼糧,寶榮寵物企業股份有限公司,臺灣,無,無,15,2025-08-21T00:00:00,2025,8,2025-09-30T09:20:05.04,,104年1月至115年6月,1,,
4860,嘉義縣,,2025/08/21,耐吉斯100%全雞凍乾生食餐,貓,乾飼糧,艾澌克企業股份有限公司,臺灣,無,無,15,2025-08-21T00:00:00,2025,8,2025-09-30T09:20:05.04,,104年1月至115年6月,1,,
4860,嘉義縣,,2025/08/21,陪心super小黑狗狗輕脂主食罐 黑棗雞牛腸胃保健配方,犬,罐頭,唯寵股份有限公司,臺灣,無,無,15,2025-08-21T00:00:00,2025,8,2025-09-30T09:20:05.04,,104年1月至115年6月,1,,
4860,嘉義縣,,2025/08/21,旺旺羊雞如意棒,犬、貓,零食,辛巴國際行銷有限公司,臺灣,標示不全,公文限期改善,15,2025-08-21T00:00:00,2025,8,2025-09-30T09:20:05.04,,104年1月至115年6月,1,,
4860,嘉義縣,,2025/08/21,鮮烘里肌肉片,犬,零食,辛巴國際行銷有限公司,臺灣,無,無,15,2025-08-21T00:00:00,2025,8,2025-09-30T09:20:05.04,,104年1月至115年6月,1,,
4860,屏東縣,,2025/08/04,毛孩膳坊-亞麻籽雞肉餅乾,犬,零食,鎧文企業有限公司,臺灣,無,無,16,2025-08-04T00:00:00,2025,8,2025-09-30T09:20:05.04,,104年1月至115年6月,1,,
4860,屏東縣,,2025/08/05,海饌喵點心-特級丁香魚,貓,零食,茂捷有限公司,臺灣,包裝標示與申報資訊不符,經查委製商公司登記地址位於新北市，本府已於114年8月12日以屏府農動字第1140217301號函移請新北市政府動物保護防疫處依規定查處,16,2025-08-05T00:00:00,2025,8,2025-09-30T09:20:05.04,,104年1月至115年6月,1,,
4860,屏東縣,,2025/08/05,HERO幼貓初乳晶球糧-營養嫩雞 1.2kg,貓,乾飼糧,飛輪寵物有限公司,臺灣,無,無,16,2025-08-05T00:00:00,2025,8,2025-09-30T09:20:05.04,,104年1月至115年6月,1,,
4860,屏東縣,MP017,2025/08/05,犬用天然蔬果肉鬆糧-雞羊拌肉鬆餐 0.9kg,犬,乾飼糧,飛輪寵物有限公司,臺灣,無,無,16,2025-08-05T00:00:00,2025,8,2025-09-30T09:20:05.04,,104年1月至115年6月,1,,
4860,屏東縣,MP018,2025/08/05,貓族凍乾主食開胃山海鮮肉餅150g-鱈魚魷魚,貓,乾飼糧,怪獸製造有限公司,臺灣,無,無,16,2025-08-05T00:00:00,2025,8,2025-09-30T09:20:05.04,,104年1月至115年6月,1,,
4860,屏東縣,,2025/08/12,黃金雞菲力,犬、貓,零食,寵鮮灶腳有限公司,臺灣,無,無,16,2025-08-12T00:00:00,2025,8,2025-09-30T09:20:05.04,,104年1月至115年6月,1,,
4860,屏東縣,,2025/08/12,脆嚼雞胗,犬、貓,零食,寵鮮灶腳有限公司,臺灣,無,無,16,2025-08-12T00:00:00,2025,8,2025-09-30T09:20:05.04,,104年1月至115年6月,1,,
4860,屏東縣,MP019,2025/08/14,飼寶菌飼添配方,犬、貓,補助食品,聯發生物科技股份有限公司,臺灣,無,無,16,2025-08-14T00:00:00,2025,8,2025-09-30T09:20:05.04,,104年1月至115年6月,1,,
4860,屏東縣,MP020,2025/08/15,田園主食罐-南瓜X雞肉,貓,罐頭,食寵町國際企業有限公司,臺灣,無,無,16,2025-08-15T00:00:00,2025,8,2025-09-30T09:20:05.04,,104年1月至115年6月,1,,
4860,屏東縣,MP021,2025/08/15,呼嚕泥飽-呼嚕燉雞70g,貓,罐頭,食寵町國際企業有限公司,臺灣,無,無,16,2025-08-15T00:00:00,2025,8,2025-09-30T09:20:05.04,,104年1月至115年6月,1,,
4860,屏東縣,,2025/08/28,關鍵時刻漢方食補養生嚼棒-護眼養護,犬,零食,珍食堡實業股份有限公司,臺灣,包裝標示與申報資訊不符,經查委製商公司登記地址位於新北市，本府已於114年9月3日以屏府農動字第1140240352號函移請新北市政府動物保護防疫處依規定查處,16,2025-08-28T00:00:00,2025,8,2025-09-30T09:20:05.04,,104年1月至115年6月,1,,
4860,屏東縣,,2025/08/28,關鍵時刻漢方食補養生嚼棒-心血管養護,犬,零食,珍食堡實業股份有限公司,臺灣,包裝標示與申報資訊不符,經查委製商公司登記地址位於新北市，本府已於114年9月3日以屏府農動字第1140240352號函移請新北市政府動物保護防疫處依規定查處,16,2025-08-28T00:00:00,2025,8,2025-09-30T09:20:05.04,,104年1月至115年6月,1,,
4860,屏東縣,,2025/08/28,關鍵時刻漢方食補養生嚼棒-關節養護,犬,零食,珍食堡實業股份有限公司,臺灣,包裝標示與申報資訊不符,經查委製商公司登記地址位於新北市，本府已於114年9月3日以屏府農動字第1140240352號函移請新北市政府動物保護防疫處依規定查處,16,2025-08-28T00:00:00,2025,8,2025-09-30T09:20:05.04,,104年1月至115年6月,1,,
4860,屏東縣,,2025/08/28,關鍵時刻漢方食補養生嚼棒-皮毛養護,犬,零食,珍食堡實業股份有限公司,臺灣,包裝標示與申報資訊不符,經查委製商公司登記地址位於新北市，本府已於114年9月3日以屏府農動字第1140240352號函移請新北市政府動物保護防疫處依規定查處,16,2025-08-28T00:00:00,2025,8,2025-09-30T09:20:05.04,,104年1月至115年6月,1,,
4860,屏東縣,,2025/08/28,袋鼠廚房-野生袋鼠肉乾,犬、貓,零食,緯豪實業股份有限公司,臺灣,無,無,16,2025-08-28T00:00:00,2025,8,2025-09-30T09:20:05.04,,104年1月至115年6月,1,,
4860,屏東縣,,2025/08/28,袋鼠廚房-野生袋鼠洋芋片,犬、貓,零食,緯豪實業股份有限公司,臺灣,包裝標示涉及不實表述,經查委製商公司登記地址位於新北市，本府已於114年9月3日以屏府農動字第1140240420號函移請新北市政府動物保護防疫處依規定查處,16,2025-08-28T00:00:00,2025,8,2025-09-30T09:20:05.04,,104年1月至115年6月,1,,
4860,屏東縣,,2025/08/28,袋鼠廚房-野生袋鼠蔬菜棒,犬、貓,零食,緯豪實業股份有限公司,臺灣,包裝標示涉及不實表述,經查委製商公司登記地址位於新北市，本府已於114年9月3日以屏府農動字第1140240420號函移請新北市政府動物保護防疫處依規定查處,16,2025-08-28T00:00:00,2025,8,2025-09-30T09:20:05.04,,104年1月至115年6月,1,,
4860,臺東縣,,2025/08/19,寶貝餌子-牛肉口味(包裝210g),犬,零食,宏寶國際企業有限公司,臺灣,無,無,17,2025-08-19T00:00:00,2025,8,2025-09-30T09:20:05.04,,104年1月至115年6月,1,,
4860,臺東縣,,2025/08/19,BLOP-牛嚼管(包裝290g),犬,零食,金閣股份有限公司,臺灣,無,無,17,2025-08-19T00:00:00,2025,8,2025-09-30T09:20:05.04,,104年1月至115年6月,1,,
4860,臺東縣,,2025/08/19,肉出來了-燕麥雞肉風味(包裝120g),犬、貓,零食,東森寵物雲股份有限公司,臺灣,無,無,17,2025-08-19T00:00:00,2025,8,2025-09-30T09:20:05.04,,104年1月至115年6月,1,,
4860,臺東縣,,2025/08/19,席瑞絲-鮭魚明蝦風味(包裝1.5Kg),貓,乾飼糧,福壽實業股份有限公司,臺灣,無,無,17,2025-08-19T00:00:00,2025,8,2025-09-30T09:20:05.04,,104年1月至115年6月,1,,
4860,臺東縣,,2025/08/19,歡樂派成犬糧-雞肉風味(包裝3.5Kg),犬,乾飼糧,全球寵物用品有限公司,臺灣,無,無,17,2025-08-19T00:00:00,2025,8,2025-09-30T09:20:05.04,,104年1月至115年6月,1,,
4860,臺東縣,,2025/08/19,米克斯狗糧-雞肉風味(包裝3.6Kg),犬,乾飼糧,斑尼菲國際有限公司,臺灣,無,無,17,2025-08-19T00:00:00,2025,8,2025-09-30T09:20:05.04,,104年1月至115年6月,1,,
4860,臺東縣,,2025/08/19,亞培特狗糧-牛肉風味(包裝9Kg),犬,乾飼糧,帝寶興業有限公司,臺灣,無,無,17,2025-08-19T00:00:00,2025,8,2025-09-30T09:20:05.04,,104年1月至115年6月,1,,
4860,臺東縣,,2025/08/19,雞本饗宴犬糧-田園雞肉風味(包裝3.5Kg),犬,乾飼糧,毛能寵物營養生技股份有限公司,臺灣,無,無,17,2025-08-19T00:00:00,2025,8,2025-09-30T09:20:05.04,,104年1月至115年6月,1,,
4860,臺東縣,,2025/08/19,寶貝心情狗糧-田園雞肉風味(包裝3Kg),犬,乾飼糧,昇鼎企業有限公司,臺灣,無,無,17,2025-08-19T00:00:00,2025,8,2025-09-30T09:20:05.04,,104年1月至115年6月,1,,
4860,臺東縣,,2025/08/19,富基10-狗糧-雞肉風味(包裝3.5Kg),犬,乾飼糧,洽發興農業科技股份有限公司,臺灣,無,無,17,2025-08-19T00:00:00,2025,8,2025-09-30T09:20:05.04,,104年1月至115年6月,1,,
4860,臺東縣,,2025/08/19,東方精選狗糧-田園雞肉風味(包裝3Kg),犬,乾飼糧,斑尼菲國際有限公司,臺灣,無,無,17,2025-08-19T00:00:00,2025,8,2025-09-30T09:20:05.04,,104年1月至115年6月,1,,
4860,臺東縣,,2025/08/19,倍利斯貓罐-鮪魚鮭魚風味(包裝3Kg),貓,罐頭,昇鼎企業有限公司,臺灣,無,無,17,2025-08-19T00:00:00,2025,8,2025-09-30T09:20:05.04,,104年1月至115年6月,1,,
4860,花蓮縣,,2025/08/07,Ocheers歡樂貓咪主食罐-鹿肉x鱸魚精,貓,罐頭,昱碩國際事業股份有限公司,臺灣,無,無,18,2025-08-07T00:00:00,2025,8,2025-09-30T09:20:05.04,,104年1月至115年6月,1,,
4860,花蓮縣,,2025/08/07,Ab寵物細切雞肉絲-犬用,犬,零食,聚茂生技股份有限公司,臺灣,無,無,18,2025-08-07T00:00:00,2025,8,2025-09-30T09:20:05.04,,104年1月至115年6月,1,,
4860,花蓮縣,,2025/08/07,寵貓專用營養肉泥條 鮭魚+干貝,貓,零食,毛能寵物營養生技股份有限公司,臺灣,無,無,18,2025-08-07T00:00:00,2025,8,2025-09-30T09:20:05.04,,104年1月至115年6月,1,,
4860,花蓮縣,,2025/08/07,腳有力棒棒腿(藥膳煲湯),犬、貓,半溼性飼糧,飯島生技股份有限公司,臺灣,無,無,18,2025-08-07T00:00:00,2025,8,2025-09-30T09:20:05.04,,104年1月至115年6月,1,,
4860,花蓮縣,,2025/08/07,貓狗-派比樂寵物食品50g-雞胸肉片,犬、貓,零食,飯島生技股份有限公司,臺灣,未申報及未依規定標示,移送責任廠商所在地管轄機關卓處,18,2025-08-07T00:00:00,2025,8,2025-09-30T09:20:05.04,,104年1月至115年6月,1,,
4860,花蓮縣,,2025/08/07,新鮮鮪魚佐鱉蛋凍乾,犬、貓,零食,加拿大渴望寵物食品股份有限公司,臺灣,無,無,18,2025-08-07T00:00:00,2025,8,2025-09-30T09:20:05.04,,104年1月至115年6月,1,,
4860,花蓮縣,,2025/08/07,鴨氣管雞肉夾心棒,犬,零食,凱普頓企業股份有限公司,臺灣,未依規定標示,移送責任廠商所在地管轄機關卓處,18,2025-08-07T00:00:00,2025,8,2025-09-30T09:20:05.04,,104年1月至115年6月,1,,
4860,澎湖縣,,2025/08/11,保羅叔叔高級經濟貓糧-成貓/全貓種用-海鮮燕麥,貓,乾飼糧,大地營養有限公司,臺灣,無,無,19,2025-08-11T00:00:00,2025,8,2025-09-30T09:20:05.04,,104年1月至115年6月,1,,
4860,澎湖縣,,2025/08/11,汪喵星球 天然低敏凍乾主食餐-貓用鮭魚雞肉,貓,乾飼糧,自力耕生股份有限公司,臺灣,無,無,19,2025-08-11T00:00:00,2025,8,2025-09-30T09:20:05.04,,104年1月至115年6月,1,,
4860,澎湖縣,,2025/08/11,美味關係小不點饅頭-蘋果口味,犬,零食,宜蘭食品工業股份有限公司,臺灣,無,無,19,2025-08-11T00:00:00,2025,8,2025-09-30T09:20:05.04,,104年1月至115年6月,1,,
4860,澎湖縣,,2025/08/11,倍力關節保健低敏狗配方,犬,乾飼糧,盈寶寵物股份有限公司,臺灣,無,無,19,2025-08-11T00:00:00,2025,8,2025-09-30T09:20:05.04,,104年1月至115年6月,1,,
4860,澎湖縣,,2025/08/11,寵愛物語犬飼料-活動犬,犬,乾飼糧,竣百有限公司,臺灣,無,無,19,2025-08-11T00:00:00,2025,8,2025-09-30T09:20:05.04,,104年1月至115年6月,1,,
4860,基隆市,,2025/08/25,陪心機能PLUS-貓三寶(雞肉),貓,補助食品,唯寵股份有限公司,臺灣,無,無,20,2025-08-25T00:00:00,2025,8,2025-09-30T09:20:05.04,,104年1月至115年6月,1,,
4860,基隆市,,2025/08/25,巴卡諾-凍乾雞脆片(75g),犬、貓,零食,峰揚貿易有限公司,臺灣,無,無,20,2025-08-25T00:00:00,2025,8,2025-09-30T09:20:05.04,,104年1月至115年6月,1,,
4860,基隆市,,2025/08/25,犬族2種肉主食罐 - 羊肉佐嫩雞82g,犬,罐頭,怪獸製造有限公司,臺灣,無,無,20,2025-08-25T00:00:00,2025,8,2025-09-30T09:20:05.04,,104年1月至115年6月,1,,
4860,基隆市,,2025/08/25,Deli好食犬慕斯系列110g 毛髮水噹噹,犬,罐頭,沅慶企業有限公司,臺灣,無,無,20,2025-08-25T00:00:00,2025,8,2025-09-30T09:20:05.04,,104年1月至115年6月,1,,
4860,基隆市,,2025/08/25,南極磷蝦美毛包 雞牛X白藜蘆醇 185g,貓,罐頭,金富錸國際寵物有限公司,臺灣,無,無,20,2025-08-25T00:00:00,2025,8,2025-09-30T09:20:05.04,,104年1月至115年6月,1,,
4860,嘉義市,,2025/08/13,帕米爾精緻貓點心-干貝,貓,零食,創奕貿易有限公司,臺灣,無,無,22,2025-08-13T00:00:00,2025,8,2025-09-30T09:20:05.04,,104年1月至115年6月,1,,
4860,嘉義市,,2025/08/13,長靴貓-迷你凍乾-雞肉,貓,零食,瀚翔寵物有限公司,臺灣,無,無,22,2025-08-13T00:00:00,2025,8,2025-09-30T09:20:05.04,,104年1月至115年6月,1,,
4860,嘉義市,,2025/08/13,初光光 天然原肉凍乾 雞腿肉,犬,零食,冠閎實業有限公司,臺灣,無,無,22,2025-08-13T00:00:00,2025,8,2025-09-30T09:20:05.04,,104年1月至115年6月,1,,
4860,嘉義市,,2025/08/21,汪喵星球 咬咬原肉-雞肉甜甜圈,犬,零食,自力耕生股份有限公司,臺灣,無,無,22,2025-08-21T00:00:00,2025,8,2025-09-30T09:20:05.04,,104年1月至115年6月,1,,
4860,嘉義市,,2025/08/21,野性魅力海陸龍蝦盛宴貓,貓,乾飼糧,加拿大野性魅力有限公司,臺灣,無,無,22,2025-08-21T00:00:00,2025,8,2025-09-30T09:20:05.04,,104年1月至115年6月,1,,
4860,金門縣,,2025/09/12,寶貝心情 田園雞犬糧-3kg,犬,乾飼糧,昇鼎企業有限公司,臺灣,無,無,23,2025-09-12T00:00:00,2025,8,2025-09-30T09:20:05.04,,104年1月至115年6月,1,,
4860,金門縣,,2025/09/12,東方精選御用幼犬-雞肉蔬果(滋補配方)-1.5kg,犬,乾飼糧,斑尼菲國際股份有限公司,臺灣,無,無,23,2025-09-12T00:00:00,2025,8,2025-09-30T09:20:05.04,,104年1月至115年6月,1,,
4860,金門縣,,2025/09/12,RICO味覺系機能貓肉泥(魚油)-15g*4,貓,零食,昇鼎企業有限公司,臺灣,無,無,23,2025-09-12T00:00:00,2025,8,2025-09-30T09:20:05.04,,104年1月至115年6月,1,,
4860,金門縣,,2025/09/12,倍力斯無穀全肉罐-鮪魚+鮭魚-170g,貓,罐頭,昇鼎企業有限公司,臺灣,無,無,23,2025-09-12T00:00:00,2025,8,2025-09-30T09:20:05.04,,104年1月至115年6月,1,,
4860,金門縣,,2025/09/12,巧之燒鮮肉軟條-100g,犬,零食,昇鼎企業有限公司,臺灣,無,無,23,2025-09-12T00:00:00,2025,8,2025-09-30T09:20:05.04,,104年1月至115年6月,1,,
4860,連江縣,,2025/08/20,HERO MAMA阿嬤養的-香烤燒肉犬零食-蜜汁雞里肌-密封袋100g,犬,零食,飛輪寵物有限公司,臺灣,無,無,24,2025-08-20T00:00:00,2025,8,2025-09-30T09:20:05.04,,104年1月至115年6月,1,,
4860,連江縣,,2025/08/20,汪喵星球-冷凍乾燥零嘴-牛心丁-密封袋17g,犬、貓,零食,自力耕生股份有限公司,臺灣,無,無,24,2025-08-20T00:00:00,2025,8,2025-09-30T09:20:05.04,,104年1月至115年6月,1,,
4860,連江縣,,2025/08/20,汪喵星球-冷凍乾燥零嘴-大尾丁香魚-密封袋15g,犬、貓,零食,自力耕生股份有限公司,臺灣,無,無,24,2025-08-20T00:00:00,2025,8,2025-09-30T09:20:05.04,,104年1月至115年6月,1,,
4860,連江縣,,2025/08/20,HERO MAMA蒸鮮棒棒腿-關節保健-真空袋80g,犬、貓,零食,飛輪寵物有限公司,臺灣,無,無,24,2025-08-20T00:00:00,2025,8,2025-09-30T09:20:05.04,,104年1月至115年6月,1,,
4860,連江縣,,2025/08/20,寶多福Petlife-雙饗鮮糧餐(原野牧羊乾糧、南瓜雞絲料理包各100g),犬,乾飼糧,統一企業股份有限公司,臺灣,無,無,24,2025-08-20T00:00:00,2025,8,2025-09-30T09:20:05.04,,104年1月至115年6月,1,,
4860,連江縣,,2025/08/20,怪獸部落-鮮肉咔滋-雞胸丁-17g,犬、貓,零食,怪獸製造有限公司,臺灣,無,無,24,2025-08-20T00:00:00,2025,8,2025-09-30T09:20:05.04,,104年1月至115年6月,1,,
4860,連江縣,,2025/08/20,奇啃CHIKEN-保健雞腿(真空高壓水煮雞腿)70g,犬、貓,零食,勤翔國際股份有限公司,臺灣,無,無,24,2025-08-20T00:00:00,2025,8,2025-09-30T09:20:05.04,,104年1月至115年6月,1,,
4860,連江縣,,2025/08/21,HERO MAMA阿嬤養的-香烤燒肉犬零食-蜜汁雞里肌-密封袋100g,犬,零食,飛輪寵物有限公司,臺灣,無,無,24,2025-08-21T00:00:00,2025,8,2025-09-30T09:20:05.04,,104年1月至115年6月,1,,
4860,連江縣,,2025/08/21,汪喵星球-冷凍乾燥零嘴-牛肉-密封袋17g,犬、貓,零食,自力耕生股份有限公司,臺灣,無,無,24,2025-08-21T00:00:00,2025,8,2025-09-30T09:20:05.04,,104年1月至115年6月,1,,
4860,連江縣,,2025/08/21,汪喵星球-無膠純肉泥-鮪魚-密封袋6g*5條,犬、貓,零食,自力耕生股份有限公司,臺灣,無,無,24,2025-08-21T00:00:00,2025,8,2025-09-30T09:20:05.04,,104年1月至115年6月,1,,
4860,新北市,AP047,2025/09/12,貓族美國太空生肉糧(原野鮮兔佐嫩雞),貓,乾飼糧,怪獸製造有限公司,美國,無,無,0,2025-09-12T00:00:00,2025,9,2025-10-27T18:24:19.983,,104年1月至115年6月,1,,
4860,新北市,AP048,2025/09/12,DANLO(丹露)手作零食-香醇雞肉切條,犬,零食,瀚翔寵物有限公司,臺灣,無,無,0,2025-09-12T00:00:00,2025,9,2025-10-27T18:24:19.983,,104年1月至115年6月,1,,
4860,新北市,,2025/09/12,汪喵星球 機能優格丁-高纖南瓜22g,貓,零食,自力耕生股份有限公司,臺灣,無,無,0,2025-09-12T00:00:00,2025,9,2025-10-27T18:24:19.983,,104年1月至115年6月,1,,
4860,新北市,,2025/09/12,卡尼純肉零食 澎湖海味丁香魚凍乾,犬、貓,零食,圓寵有限公司,臺灣,無,無,0,2025-09-12T00:00:00,2025,9,2025-10-27T18:24:19.983,,104年1月至115年6月,1,,
4860,新北市,,2025/09/12,Zimple呼嚕凍乾 鮮雞心＋貓薄荷,貓,零食,艾澌克企業股份有限公司,臺灣,無,無,0,2025-09-12T00:00:00,2025,9,2025-10-27T18:24:19.983,,104年1月至115年6月,1,,
4860,新北市,,2025/09/12,汪喵冷凍乾燥小零嘴 - 骰子牛 40g｜天然原肉,犬、貓,零食,自力耕生股份有限公司,臺灣,無,無,0,2025-09-12T00:00:00,2025,9,2025-10-27T18:24:19.983,,104年1月至115年6月,1,,
4860,新北市,,2025/09/12,呀咪!呀咪!凍乾 香鮮雞胸肉,犬、貓,零食,金富錸國際寵物有限公司,臺灣,"1.包裝無標示適用寵物種類 
2.未申報",移請台中動保處協助妥處,0,2025-09-12T00:00:00,2025,9,2025-10-27T18:24:19.983,,104年1月至115年6月,1,,
4860,新北市,,2025/09/12,長靴貓-迷你凍乾-雞肉 0.6cm,貓,零食,瀚翔寵物有限公司,臺灣,包裝與申報網內容不符(包裝標示台灣，申報網為輸入),移請高雄動保處協助妥處,0,2025-09-12T00:00:00,2025,9,2025-10-27T18:24:19.983,,104年1月至115年6月,1,,
4860,新北市,,2025/09/12,喵洽普 貓咪凍乾小顆粒-鮭魚 40g,貓,零食,壹士達寵物有限公司,韓國,"1.包裝與申報網標示適用寵物種類不符
2.申報網營養成分標示與包裝不符",移請台南動保處協助妥處,0,2025-09-12T00:00:00,2025,9,2025-10-27T18:24:19.983,,104年1月至115年6月,1,,
4860,新北市,,2025/09/12,雞老大 健腸牛肉圓片(含益生菌),犬,零食,壹士達寵物有限公司,臺灣,"1.外包裝外觀與申報網不符
2.申報網營養成分標示與包裝不符",移請台南動保處協助妥處,0,2025-09-12T00:00:00,2025,9,2025-10-27T18:24:19.983,,104年1月至115年6月,1,,
4860,新北市,,2025/09/12,雞老大 軟性羊肉點心棒,犬,零食,壹士達寵物有限公司,臺灣,外包裝外觀與申報網不符,移請台南動保處協助妥處,0,2025-09-12T00:00:00,2025,9,2025-10-27T18:24:19.983,,104年1月至115年6月,1,,
4860,新北市,,2025/09/12,克瑞斯天然紐西蘭點心 - 牛肋排,犬,零食,昱碩國際事業股份有限公司,紐西蘭,外包裝無標示製造商電話,通知業者限期改善,0,2025-09-12T00:00:00,2025,9,2025-10-27T18:24:19.983,,104年1月至115年6月,1,,
4860,新北市,,2025/09/12,藤澤極上逸品魚乾 150g,犬、貓,零食,弘友股份有限公司,日本,"1.外包裝熱量標示與申報網不符
2.無保存期限",移請台北動保處協助妥處,0,2025-09-12T00:00:00,2025,9,2025-10-27T18:24:19.983,,104年1月至115年6月,1,,
4860,新北市,,2025/09/12,汪喵星球 - 養生食補95%雞肉餅 養生補氣 50g,犬、貓,零食,自力耕生股份有限公司,臺灣,無,無,0,2025-09-12T00:00:00,2025,9,2025-10-27T18:24:19.983,,104年1月至115年6月,1,,
4860,新北市,,2025/09/12,怪獸卡滋原肉零食(雞胸丁),犬、貓,零食,怪獸製造有限公司,臺灣,無,無,0,2025-09-12T00:00:00,2025,9,2025-10-27T18:24:19.983,,104年1月至115年6月,1,,
4860,臺北市,VP021,2025/09/17,ITI 一醍 | 貓咪-天然風乾主食-羊肉+鯖魚200g,貓,乾飼糧,咆陪喵有限公司,紐西蘭,無,無,1,2025-09-17T00:00:00,2025,9,2025-10-27T18:24:19.983,,104年1月至115年6月,1,,
4860,臺北市,VP022,2025/09/17,巴卡諾-滑嫩鴨小將,犬、貓,零食,峰揚貿易有限公司,臺灣,無,無,1,2025-09-17T00:00:00,2025,9,2025-10-27T18:24:19.983,,104年1月至115年6月,1,,
4860,臺北市,,2025/09/17,柏萊富 功能性 腸胃保健配方(鮭魚+糙米),犬,乾飼糧,柏希菲克股份有限公司,美國,有效日期標示錯誤,轉請新北市政府動物保護防疫處卓處,1,2025-09-17T00:00:00,2025,9,2025-10-27T18:24:19.983,,104年1月至115年6月,1,,
4860,臺北市,,2025/09/17,赫緻低溫風乾健康糧-單一純肉•美國火雞肉,犬,乾飼糧,珍食堡實業股份有限公司,臺灣,無,無,1,2025-09-17T00:00:00,2025,9,2025-10-27T18:24:19.983,,104年1月至115年6月,1,,
4860,臺北市,,2025/09/17,Catit嘿卡堤 三鮮凍乾糧-體重控制貓雞肉配方,貓,乾飼糧,竣百有限公司,加拿大,無,無,1,2025-09-17T00:00:00,2025,9,2025-10-27T18:24:19.983,,104年1月至115年6月,1,,
4860,臺北市,,2025/09/17,BLOP 呷哺呷哺 鱈魚凍乾,犬、貓,零食,金閤股份有限公司,臺灣,無,無,1,2025-09-17T00:00:00,2025,9,2025-10-27T18:24:19.983,,104年1月至115年6月,1,,
4860,臺北市,,2025/09/17,烘不讓 - 蘋果豬里肌,犬、貓,零食,寵愛毛毛股份有限公司,臺灣,無,無,1,2025-09-17T00:00:00,2025,9,2025-10-27T18:24:19.983,,104年1月至115年6月,1,,
4860,臺北市,,2025/09/17,凍未條凍乾－超鮮小卷,犬、貓,零食,寵愛毛毛股份有限公司,臺灣,無,無,1,2025-09-17T00:00:00,2025,9,2025-10-27T18:24:19.983,,104年1月至115年6月,1,,
4860,臺北市,,2025/09/17,派庫廚房-虎克鬼頭刀凍乾,犬、貓,零食,金派庫國際有限公司,臺灣,無,無,1,2025-09-17T00:00:00,2025,9,2025-10-27T18:24:19.983,,104年1月至115年6月,1,,
4860,臺北市,,2025/09/17,ZEAL真致天然風乾零食-牛肝,犬、貓,零食,嵩颺有限公司,紐西蘭,無,無,1,2025-09-17T00:00:00,2025,9,2025-10-27T18:24:19.983,,104年1月至115年6月,1,,
4860,臺北市,,2025/09/17,派庫廚房-急凍骰子鹿凍乾,犬、貓,零食,金派庫國際有限公司,臺灣,無,無,1,2025-09-17T00:00:00,2025,9,2025-10-27T18:24:19.983,,104年1月至115年6月,1,,
4860,臺北市,,2025/09/17,【派莫】原獵生食 凍乾即食塊(犬用) 羊肉,犬,乾飼糧,廣湛有限公司,美國,無,無,1,2025-09-17T00:00:00,2025,9,2025-10-27T18:24:19.983,,104年1月至115年6月,1,,
4860,臺北市,,2025/09/17,薛丁格(鴨肉丁)貓凍乾零食,貓,零食,奧也股份有限公司,臺灣,無,無,1,2025-09-17T00:00:00,2025,9,2025-10-27T18:24:19.983,,104年1月至115年6月,1,,
4860,臺北市,,2025/09/17,肉嗨吃(犬) 雞肉 凍乾,犬,零食,宜輝企業有限公司,臺灣,無,無,1,2025-09-17T00:00:00,2025,9,2025-10-27T18:24:19.983,,104年1月至115年6月,1,,
4860,臺北市,,2025/09/17,烘焙客 全犬 無穀深海魚,犬,乾飼糧,宜輝企業有限公司,加拿大,無,無,1,2025-09-17T00:00:00,2025,9,2025-10-27T18:24:19.983,,104年1月至115年6月,1,,
4860,臺北市,,2025/09/17,小叼饞-貓御用凍乾小丁 鮮美鰹魚,貓,零食,螢火蟲原創有限公司,臺灣,無,無,1,2025-09-17T00:00:00,2025,9,2025-10-27T18:24:19.983,,104年1月至115年6月,1,,
4860,臺中市,SP040,2025/09/11,鮮骨圓餅 貓 丁香魚口味,貓,生鮮、冷凍,育曜有限公司,臺灣,"1.未標示營養成分及含量。
2.未標示製造加工業者名稱及電話。
3.未標示原產地。
4.國內負責廠商地址與商業登記地址不同。
5.未標示保存方法及條件。
6.未標示使用方法。",已依中市動稽字第1140008552號函請業者限期改善,2,2025-09-11T00:00:00,2025,9,2025-10-27T18:24:19.983,,104年1月至115年6月,1,,
4860,臺中市,SP039,2025/09/11,鮮骨圓餅 狗 鮪魚口味,犬,生鮮、冷凍,育曜有限公司,臺灣,"1.未標示營養成分及含量。
2.未標示製造加工業者名稱及電話。
3.未標示原產地。
4.國內負責廠商地址與商業登記地址不同。
5.未標示保存方法及條件。
6.未標示使用方法。",已依中市動稽字第1140008552號函請業者限期改善,2,2025-09-11T00:00:00,2025,9,2025-10-27T18:24:19.983,,104年1月至115年6月,1,,
4860,臺中市,,2025/09/15,干貝,犬、貓,零食,舍予寵愛有限公司,臺灣,"1.未於農業部寵物食品申報網申報
2.未標示使用方法",已依中市動稽字第1140005359號函轉桃園市政府動物保護處,2,2025-09-15T00:00:00,2025,9,2025-10-27T18:24:19.983,,104年1月至115年6月,1,,
4860,臺中市,,2025/09/15,鴨柳條,犬、貓,零食,舍予寵愛有限公司,臺灣,"1.未於農業部寵物食品申報網申報
2.未標示使用方法",已依中市動稽字第1140005359號函轉桃園市政府動物保護處,2,2025-09-15T00:00:00,2025,9,2025-10-27T18:24:19.983,,104年1月至115年6月,1,,
4860,臺中市,,2025/09/15,凍乾探險隊 爆香美膚鯖魚,犬、貓,零食,白手起稼有限公司,臺灣,1.未標示保存期限,已依中市動稽字第1140008352號函轉新北市政府動物保護防疫處,2,2025-09-15T00:00:00,2025,9,2025-10-27T18:24:19.983,,104年1月至115年6月,1,,
4860,臺中市,,2025/09/15,超級8 皇室85%鮭魚無穀幼犬糧(關節保養食譜),犬,乾飼糧,聯享寵物貿易有限公司,西班牙,無,無,2,2025-09-15T00:00:00,2025,9,2025-10-27T18:24:19.983,,104年1月至115年6月,1,,
4860,臺中市,,2025/09/15,珍鮮天小魚乾,犬、貓,零食,寵物百事達商行,臺灣,"1.未於農業部寵物食品申報網申報
2.未標示營養成分及含量
3.國內負責廠商地址與商業登記地不同
4.未標示保存期限、保存方法及條件
5.未標示使用方法",已依中市動稽字第1140008352號函轉新北市政府動物保護防疫處,2,2025-09-15T00:00:00,2025,9,2025-10-27T18:24:19.983,,104年1月至115年6月,1,,
4860,臺中市,,2025/09/15,鮭魚粉,犬、貓,零食,威饌股份有限公司,臺灣,1.使用「符合國際標準」詞句或類似詞句，產品未符合對應標準之要求：前揭產品標有「本工廠符合食品安全管理系統」,已依中市動稽字第1140008352號函轉新北市政府動物保護防疫處,2,2025-09-15T00:00:00,2025,9,2025-10-27T18:24:19.983,,104年1月至115年6月,1,,
4860,臺中市,,2025/09/15,苔苔鮭香鬆,犬、貓,零食,食寵町國際企業有限公司,臺灣,"1.未標示適用寵物寵類
2.未標示使用方法",已依中市動稽字第1140008357號函轉屏東縣政府農業處,2,2025-09-15T00:00:00,2025,9,2025-10-27T18:24:19.983,,104年1月至115年6月,1,,
4860,臺中市,,2025/09/15,吶一口貓咪凍乾新鮮虱目魚,貓,零食,豪翼行銷有限公司,臺灣,無,無,2,2025-09-15T00:00:00,2025,9,2025-10-27T18:24:19.983,,104年1月至115年6月,1,,
4860,臺中市,,2025/09/15,吶一口-豐收漁獲,貓,乾飼糧,豪翼行銷有限公司,西班牙,無,無,2,2025-09-15T00:00:00,2025,9,2025-10-27T18:24:19.983,,104年1月至115年6月,1,,
4860,臺中市,,2025/09/15,喜樂寵宴-極寵宴生食冷凍乾燥飼料｜鮮美鮪魚+鮭魚,貓,乾飼糧,螢火蟲原創有限公司,臺灣,1.使用「符合國際標準」詞句或類似詞句，產品未符合對應標準之要求：前揭產品標有「符合美國AFFCO&NRC全營養主食標準」,已依中市動稽字第1140008366號函轉新北市政府動物保護防疫處,2,2025-09-15T00:00:00,2025,9,2025-10-27T18:24:19.983,,104年1月至115年6月,1,,
4860,臺中市,,2025/09/15,天然密碼 無穀鮭魚、鯡魚和曼哈頓魚 全齡貓配方,貓,乾飼糧,廣湛有限公司,美國,無,無,2,2025-09-15T00:00:00,2025,9,2025-10-27T18:24:19.983,,104年1月至115年6月,1,,
4860,臺中市,,2025/09/15,紐頓無穀鱒魚和鮭魚全能天然貓糧,貓,乾飼糧,展聖寵物用品有限公司,加拿大,無,無,2,2025-09-15T00:00:00,2025,9,2025-10-27T18:24:19.983,,104年1月至115年6月,1,,
4860,臺中市,,2025/09/15,Happy Hour樂點-晶健雞肉條羊肉風味150g,犬,零食,竣百有限公司,泰國,無,無,2,2025-09-15T00:00:00,2025,9,2025-10-27T18:24:19.983,,104年1月至115年6月,1,,
4860,臺中市,,2025/09/15,喜樂寵宴-犬王道新鮮無穀全肉罐-雞肉+鮪魚DHA,犬,罐頭,螢火蟲原創有限公司,臺灣,無,無,2,2025-09-15T00:00:00,2025,9,2025-10-27T18:24:19.983,,104年1月至115年6月,1,,
4860,臺中市,,2025/09/15,Canidae良善 全齡犬糧-鮮鮭魚,犬,乾飼糧,嵩颺有限公司,美國,無,無,2,2025-09-15T00:00:00,2025,9,2025-10-27T18:24:19.983,,104年1月至115年6月,1,,
4860,臺中市,,2025/09/15,真致ZEAL 野牧無穀94%鮮肉主食貓罐-野雞鮭,貓,罐頭,嵩颺有限公司,紐西蘭,無,無,2,2025-09-15T00:00:00,2025,9,2025-10-27T18:24:19.983,,104年1月至115年6月,1,,
4860,臺中市,,2025/09/15,台灣黃金雞【全齡貓鮮肉蒸湯主食罐】,貓,罐頭,青川淺有限公司,臺灣,"1.未於農業部寵物食品申報網申報
2.國內負責廠商地址與商業登記地不同
3.未標示保存期限
4.使用「符合國際標準」詞句或類似詞句，產品未符合對應標準之要求：前揭產品標有「符合AFFCO&NRC建議之全齡貓營養標準」",已依中市動稽字第1140008352號函轉新北市政府動物保護防疫處,2,2025-09-15T00:00:00,2025,9,2025-10-27T18:24:19.983,,104年1月至115年6月,1,,
4860,臺中市,,2025/09/15,美洲草飼牛【全齡貓鮮肉蒸湯主食罐】,貓,罐頭,青川淺有限公司,臺灣,"1.未於農業部寵物食品申報網申報
2.國內負責廠商地址與商業登記地不同
3.未標示保存期限
4.使用「符合國際標準」詞句或類似詞句，產品未符合對應標準之要求：前揭產品標有「符合AFFCO&NRC建議之全齡貓營養標準」",已依中市動稽字第1140008352號函轉新北市政府動物保護防疫處,2,2025-09-15T00:00:00,2025,9,2025-10-27T18:24:19.983,,104年1月至115年6月,1,,
4860,臺中市,,2025/09/26,GOOD!毛孩凍乾小零嘴 雞里肌口味,犬、貓,零食,貓皇奴(逆風飛翔股份有限公司),臺灣,無,無,2,2025-09-26T00:00:00,2025,9,2025-10-27T18:24:19.983,,104年1月至115年6月,1,,
4860,臺中市,,2025/09/26,GOOD!毛孩凍乾小零嘴 柳葉魚口味,犬、貓,零食,貓皇奴(逆風飛翔股份有限公司),臺灣,無,無,2,2025-09-26T00:00:00,2025,9,2025-10-27T18:24:19.983,,104年1月至115年6月,1,,
4860,臺中市,,2025/09/26,一起吃宵夜 香噴雞腿排凍乾,犬、貓,零食,盛貿寵物股份有限公司,臺灣,"1.國內負責廠商地址與商業登記地不同
2.未標示使用方法",已依中市動稽字第1140008358號函轉臺北市動物保護處,2,2025-09-26T00:00:00,2025,9,2025-10-27T18:24:19.983,,104年1月至115年6月,1,,
4860,臺中市,,2025/09/26,一起變幸運 經典骰子牛凍乾,犬、貓,零食,盛貿寵物股份有限公司,臺灣,"1.國內負責廠商地址與商業登記地不同
2.未標示使用方法",已依中市動稽字第1140008358號函轉臺北市動物保護處,2,2025-09-26T00:00:00,2025,9,2025-10-27T18:24:19.983,,104年1月至115年6月,1,,
4860,臺中市,,2025/09/26,紐澳牛肉丁,貓,零食,峰揚貿易有限公司,臺灣,無,無,2,2025-09-26T00:00:00,2025,9,2025-10-27T18:24:19.983,,104年1月至115年6月,1,,
4860,高雄市,WP029,2025/09/05,赫緻美饌犬糧-嫩雞佐頂級鴨肝,犬,乾飼糧,珍食堡實業股份有限公司,臺灣,無,無,6,2025-09-05T00:00:00,2025,9,2025-10-27T18:24:19.983,,104年1月至115年6月,1,,
4860,高雄市,WP030,2025/09/05,赫緻低溫風乾健康糧-單一純肉美國火雞肉,犬,乾飼糧,珍食堡實業股份有限公司,臺灣,無,無,6,2025-09-05T00:00:00,2025,9,2025-10-27T18:24:19.983,,104年1月至115年6月,1,,
4860,高雄市,,2025/09/05,肉鮮生犬凍乾主食-牛肉,犬,乾飼糧,品果國際行銷有限公司,臺灣,無,無,6,2025-09-05T00:00:00,2025,9,2025-10-27T18:24:19.983,,104年1月至115年6月,1,,
4860,高雄市,,2025/09/05,怪獸部落凍乾主食開胃山海鮮肉餅雞肉蝦仁,犬,乾飼糧,怪獸製造有限公司,臺灣,無,無,6,2025-09-05T00:00:00,2025,9,2025-10-27T18:24:19.983,,104年1月至115年6月,1,,
4860,高雄市,,2025/09/05,寶寶鮮肉主食糧250g（牛肉鱈魚）,犬,乾飼糧,怪獸製造有限公司,臺灣,無,無,6,2025-09-05T00:00:00,2025,9,2025-10-27T18:24:19.983,,104年1月至115年6月,1,,
4860,高雄市,,2025/09/05,超越巔峰犬用凍乾主食-牛肉,犬,乾飼糧,王品寵物用品有限公司,臺灣,無,無,6,2025-09-05T00:00:00,2025,9,2025-10-27T18:24:19.983,,104年1月至115年6月,1,,
4860,高雄市,,2025/09/05,紐崔斯凍乾主食-黑鑽營養能量犬凍乾(豬肉+蘋果),犬,乾飼糧,八犬國際行銷有限公司,加拿大,無,無,6,2025-09-05T00:00:00,2025,9,2025-10-27T18:24:19.983,,104年1月至115年6月,1,,
4860,高雄市,,2025/09/05,紐崔斯凍乾主食-黑鑽營養能量貓凍乾(白鮭+蔓越莓),貓,乾飼糧,八犬國際行銷有限公司,加拿大,無,無,6,2025-09-05T00:00:00,2025,9,2025-10-27T18:24:19.983,,104年1月至115年6月,1,,
4860,高雄市,,2025/09/05,Mr.凍乾 貓用天然原肉凍乾(170g)-鴨肉,貓,零食,八犬國際行銷有限公司,臺灣,無,無,6,2025-09-05T00:00:00,2025,9,2025-10-27T18:24:19.983,,104年1月至115年6月,1,,
4860,高雄市,,2025/09/05,薛丁格(鮪魚丁)貓凍乾零食 70g,貓,零食,奧也股份有限公司,臺灣,無,無,6,2025-09-05T00:00:00,2025,9,2025-10-27T18:24:19.983,,104年1月至115年6月,1,,
4860,桃園市,,2025/02/13,蟲癭果凍乾,犬、貓,零食,宏駿商行,中國,無,無,8,2025-02-13T00:00:00,2025,9,2025-10-27T18:24:19.983,,104年1月至115年6月,1,,
4860,桃園市,,2025/02/13,WATER GO!鮪魚BROTH（肉汁湯罐）,犬、貓,零食,勤達實業有限公司,泰國,無,無,8,2025-02-13T00:00:00,2025,9,2025-10-27T18:24:19.983,,104年1月至115年6月,1,,
4860,桃園市,,2025/02/13,GOOD！毛孩凍乾小零嘴（雞里肌口味）,犬、貓,零食,逆風飛翔股份有限公司,臺灣,無,無,8,2025-02-13T00:00:00,2025,9,2025-10-27T18:24:19.983,,104年1月至115年6月,1,,
4860,桃園市,,2025/02/13,澳洲貓用牛肉 幼貓用200ml,貓,補助食品,臺灣多格漫商貿股份有限公司,日本,無,無,8,2025-02-13T00:00:00,2025,9,2025-10-27T18:24:19.983,,104年1月至115年6月,1,,
4860,桃園市,,2025/02/13,CIAO啾嚕肉泥-鮪魚+鱈場蟹,犬、貓,零食,強普股份有限公司,日本,無,無,8,2025-02-13T00:00:00,2025,9,2025-10-27T18:24:19.983,,104年1月至115年6月,1,,
4860,桃園市,,2025/02/13,PEPERONI陪陪香濃起司,犬、貓,零食,南方鳥股份有限公司,韓國,無,無,8,2025-02-13T00:00:00,2025,9,2025-10-27T18:24:19.983,,104年1月至115年6月,1,,
4860,桃園市,,2025/02/13,澳洲犬用牛奶成犬用1000ml,犬,補助食品,臺灣多格漫商貿股份有限公司,日本,無,無,8,2025-02-13T00:00:00,2025,9,2025-10-27T18:24:19.983,,104年1月至115年6月,1,,
4860,桃園市,,2025/02/13,潔牙雞腿棒 大包裝超值組,犬,零食,冠閎實業有限公司,臺灣,無,無,8,2025-02-13T00:00:00,2025,9,2025-10-27T18:24:19.983,,104年1月至115年6月,1,,
4860,桃園市,,2025/02/13,ZEAL真致紐西蘭犬貓專用鮮乳（不含乳糖）,犬、貓,補助食品,篙颺有限公司,紐西蘭,無,無,8,2025-02-13T00:00:00,2025,9,2025-10-27T18:24:19.983,,104年1月至115年6月,1,,
4860,桃園市,,2025/02/13,天目雷地瓜雞肉捲,犬、貓,零食,四季全球貿易股份有限公司,臺灣,無,無,8,2025-02-13T00:00:00,2025,9,2025-10-27T18:24:19.983,,104年1月至115年6月,1,,
4860,桃園市,,2025/02/13,希爾思寵物食品 幼貓 雞肉特調食譜,貓,乾飼糧,臺灣希爾思寵物營養品有限公司,美國,無,無,8,2025-02-13T00:00:00,2025,9,2025-10-27T18:24:19.983,,104年1月至115年6月,1,,
4860,桃園市,,2025/02/14,CAT-POOL貓侍天然無穀貓糧-黑色奇蹟,貓,乾飼糧,樂宙股份有限公司,臺灣,無,無,8,2025-02-14T00:00:00,2025,9,2025-10-27T18:24:19.983,,104年1月至115年6月,1,,
4860,桃園市,,2025/02/14,CAT-POOL貓侍天然無穀貓糧,貓,乾飼糧,樂宙股份有限公司,臺灣,無,無,8,2025-02-14T00:00:00,2025,9,2025-10-27T18:24:19.983,,104年1月至115年6月,1,,
4860,桃園市,,2025/02/14,法米納天然熱帶水果系列-室內/結紮貓-雞肉芒果,貓,乾飼糧,聯信寵物有限公司,義大利,無,無,8,2025-02-14T00:00:00,2025,9,2025-10-27T18:24:19.983,,104年1月至115年6月,1,,
4860,桃園市,,2025/02/14,挑嘴成貓濃郁香味配方,貓,乾飼糧,臺灣皇家寵物食品有限公司,法國,無,無,8,2025-02-14T00:00:00,2025,9,2025-10-27T18:24:19.983,,104年1月至115年6月,1,,
4860,桃園市,,2025/02/14,CAT-POOL金貓侍低蛋白無穀貓糧,貓,乾飼糧,樂宙股份有限公司,臺灣,無,無,8,2025-02-14T00:00:00,2025,9,2025-10-27T18:24:19.983,,104年1月至115年6月,1,,
4860,桃園市,,2025/02/14,陪心無穀低敏犬糧-魚肉鮮蔬口味,犬,乾飼糧,唯寵股份有限公司,臺灣,無,無,8,2025-02-14T00:00:00,2025,9,2025-10-27T18:24:19.983,,104年1月至115年6月,1,,
4860,桃園市,,2025/02/14,馬肉糧,犬、貓,乾飼糧,鎧帛實業有限公司,日本,無,無,8,2025-02-14T00:00:00,2025,9,2025-10-27T18:24:19.983,,104年1月至115年6月,1,,
4860,桃園市,,2025/02/14,T.N.A.悠遊狗狗說TASTY犬用主食罐-四種鮮魚X鷹嘴豆,犬,罐頭,悠遊國際實業股份有限公司,臺灣,無,無,8,2025-02-14T00:00:00,2025,9,2025-10-27T18:24:19.983,,104年1月至115年6月,1,,
4860,桃園市,,2025/02/14,食尚汪汪狗罐-鮮嫩雞肉,犬,罐頭,八犬國際行銷有限公司,泰國,無,無,8,2025-02-14T00:00:00,2025,9,2025-10-27T18:24:19.983,,104年1月至115年6月,1,,
4860,桃園市,,2025/02/14,MIIT有雞愛犬機能湯罐（鮮嫩雞丁蔬菜湯佐炒蛋番薯胡蘿蔔）,犬,罐頭,臺灣惜時有限公司,泰國,無,無,8,2025-02-14T00:00:00,2025,9,2025-10-27T18:24:19.983,,104年1月至115年6月,1,,
4860,桃園市,,2025/05/09,木入森-木入森 鮮蝦排毛粉 30入,貓,補助食品,仁和生物科技股份有限公司,臺灣,無,無,8,2025-05-09T00:00:00,2025,9,2025-10-27T18:24:19.983,,104年1月至115年6月,1,,
4860,桃園市,,2025/05/09,木入森-高EPA寵物魚油 30粒 ,犬、貓,補助食品,仁和生物科技股份有限公司,臺灣,無,無,8,2025-05-09T00:00:00,2025,9,2025-10-27T18:24:19.983,,104年1月至115年6月,1,,
4860,桃園市,,2025/05/09,毛孩時代 100%原型凍乾零食 牛肉塊 40克 ,犬、貓,零食,騰勢股份有限公司,臺灣,無,無,8,2025-05-09T00:00:00,2025,9,2025-10-27T18:24:19.983,,104年1月至115年6月,1,,
4860,桃園市,,2025/05/09,毛孩時代 關節強效保健粉,犬、貓,補助食品,騰勢股份有限公司,臺灣,無,無,8,2025-05-09T00:00:00,2025,9,2025-10-27T18:24:19.983,,104年1月至115年6月,1,,
4860,桃園市,,2025/05/09,毛孩時代 皮膚專科益生菌,犬、貓,補助食品,騰勢股份有限公司,臺灣,無,無,8,2025-05-09T00:00:00,2025,9,2025-10-27T18:24:19.983,,104年1月至115年6月,1,,
4860,桃園市,,2025/05/09,Kit Cat 貓罐【鮪魚+雞肉】,貓,罐頭,四季全球貿易股份有限公司,泰國,無,無,8,2025-05-09T00:00:00,2025,9,2025-10-27T18:24:19.983,,104年1月至115年6月,1,,
4860,桃園市,,2025/05/09,鮮咬一口 機能鮮凍乾 咕咕雞 30克,犬、貓,零食,宏寶國際企業有限公司,臺灣,無,無,8,2025-05-09T00:00:00,2025,9,2025-10-27T18:24:19.983,,104年1月至115年6月,1,,
4860,桃園市,,2025/05/09,耐嚼型潔牙棒,犬,零食,竣百有限公司,泰國,無,無,8,2025-05-09T00:00:00,2025,9,2025-10-27T18:24:19.983,,104年1月至115年6月,1,,
4860,桃園市,,2025/05/09,多效雙頭潔牙骨SS,犬,潔牙骨,台灣愛邦仕實業股份有限公司,新加坡,無,無,8,2025-05-09T00:00:00,2025,9,2025-10-27T18:24:19.983,,104年1月至115年6月,1,,
4860,桃園市,,2025/05/09,天目雷 香噴牛肉條,犬、貓,零食,四季全球貿易股份有限公司,臺灣,無,無,8,2025-05-09T00:00:00,2025,9,2025-10-27T18:24:19.983,,104年1月至115年6月,1,,
4860,桃園市,,2025/07/03,南極磷蝦美毛包,貓,罐頭,金富錸國際寵物有限公司,臺灣,無,無,8,2025-07-03T00:00:00,2025,9,2025-10-27T18:24:19.983,,104年1月至115年6月,1,,
4860,桃園市,,2025/07/17,呷哺呷哺蜜汁白帶魚,犬、貓,乾飼糧,金閣股份有限公司,臺灣,無,無,8,2025-07-17T00:00:00,2025,9,2025-10-27T18:24:19.983,,104年1月至115年6月,1,,
4860,桃園市,,2025/07/28,汪喵星球-貓用98%無膠鮮肉主食罐草飼牛肉餐,犬、貓,罐頭,自力耕生股份有限公司,臺灣,無,無,8,2025-07-28T00:00:00,2025,9,2025-10-27T18:24:19.983,,104年1月至115年6月,1,,
4860,桃園市,,2025/07/28,貓族寶寶無膠主食罐-咕咕雞,貓,罐頭,牧羊人生技有限公司,臺灣,無,無,8,2025-07-28T00:00:00,2025,9,2025-10-27T18:24:19.983,,104年1月至115年6月,1,,
4860,桃園市,,2025/07/28,虱目魚柳,貓,零食,野小孩寵物有限公司,臺灣,無,無,8,2025-07-28T00:00:00,2025,9,2025-10-27T18:24:19.983,,104年1月至115年6月,1,,
4860,桃園市,,2025/07/28,渴樂果-成犬雞肉,犬,乾飼糧,經匯有限公司,臺灣,無,無,8,2025-07-28T00:00:00,2025,9,2025-10-27T18:24:19.983,,104年1月至115年6月,1,,
4860,桃園市,,2025/08/01,8C03細切里肌肉條,犬,零食,京晟企業有限公司,臺灣,未申報,發文要求改善,8,2025-08-01T00:00:00,2025,9,2025-10-27T18:24:19.983,,104年1月至115年6月,1,,
4860,桃園市,,2025/08/01,希爾斯五星頂級消臭天然糧(全齡)無穀養生配方,貓,乾飼糧,無標示,臺灣,無標示委製商,發陳述意見通知書,8,2025-08-01T00:00:00,2025,9,2025-10-27T18:24:19.983,,104年1月至115年6月,1,,
4860,桃園市,,2025/08/01,無穀低碳凍乾糧/黃金乳酪雞,貓,乾飼糧,唯寵股份有限公司,臺灣,無,無,8,2025-08-01T00:00:00,2025,9,2025-10-27T18:24:19.983,,104年1月至115年6月,1,,
4860,桃園市,,2025/08/07,全犬隻成犬熱情紅毛無穀羊肉（自然本色）,犬,乾飼糧,三奇國際生物科技有限公司,臺灣,無,無,8,2025-08-07T00:00:00,2025,9,2025-10-27T18:24:19.983,,104年1月至115年6月,1,,
4860,桃園市,,2025/08/07,小蚓力CardioForce心臟專護保健粉,犬、貓,補助食品,盈寶寵物股份有限公司,臺灣,無,無,8,2025-08-07T00:00:00,2025,9,2025-10-27T18:24:19.983,,104年1月至115年6月,1,,
4860,桃園市,,2025/08/12,甜甜貓肉泥-雞肉+鮪魚,貓,罐頭,韋民企業股份有限公司,泰國,無,無,8,2025-08-12T00:00:00,2025,9,2025-10-27T18:24:19.983,,104年1月至115年6月,1,,
4860,桃園市,,2025/08/12,健康機能特級金貓大罐（純白身鮪魚),貓,罐頭,臺灣惜時有限公司,泰國,無,無,8,2025-08-12T00:00:00,2025,9,2025-10-27T18:24:19.983,,104年1月至115年6月,1,,
4860,桃園市,,2025/08/13,肌關大師錠60粒18克,犬、貓,補助食品,鏵爾有限公司,日本,無,無,8,2025-08-13T00:00:00,2025,9,2025-10-27T18:24:19.983,,104年1月至115年6月,1,,
4860,桃園市,,2025/08/13,低礦袋鼠肉,犬、貓,乾飼糧,鏵爾有限公司,日本,無,無,8,2025-08-13T00:00:00,2025,9,2025-10-27T18:24:19.983,,104年1月至115年6月,1,,
4860,桃園市,,2025/08/20,肉嗨吃（犬）豬耳呆修,犬,零食,宜輝企業有限公司,臺灣,無,無,8,2025-08-20T00:00:00,2025,9,2025-10-27T18:24:19.983,,104年1月至115年6月,1,,
4860,桃園市,,2025/08/20,臺灣牛氣管,犬、貓,零食,寵鮮灶腳有限公司,臺灣,無,無,8,2025-08-20T00:00:00,2025,9,2025-10-27T18:24:19.983,,104年1月至115年6月,1,,
4860,桃園市,,2025/08/21,IN Plus蛋殼膜卵磷脂 犬用60顆,犬,補助食品,艾澌克企業股份有限公司,臺灣,無,無,8,2025-08-21T00:00:00,2025,9,2025-10-27T18:24:19.983,,104年1月至115年6月,1,,
4860,桃園市,,2025/08/21,喜樂寵宴-小叼饞御用凍乾原食(雞柳片),犬、貓,零食,螢火蟲原創有限公司,臺灣,無,無,8,2025-08-21T00:00:00,2025,9,2025-10-27T18:24:19.983,,104年1月至115年6月,1,,
4860,桃園市,,2025/08/21,肌肉潔牙棒,犬,潔牙骨,星岳行銷有限公司,臺灣,無,無,8,2025-08-21T00:00:00,2025,9,2025-10-27T18:24:19.983,,104年1月至115年6月,1,,
4860,桃園市,,2025/08/21,御天犬急凍肌肉,犬,零食,冠閎實業有限公司,臺灣,無,無,8,2025-08-21T00:00:00,2025,9,2025-10-27T18:24:19.983,,104年1月至115年6月,1,,
4860,桃園市,,2025/08/21,自然食早午晚安心肉泥條-日式鮪魚貝,犬,零食,原合股份有限公司,臺灣,無,無,8,2025-08-21T00:00:00,2025,9,2025-10-27T18:24:19.983,,104年1月至115年6月,1,,
4860,桃園市,,2025/08/21,自然食早午晚安心肉泥條-義式莓果雞,犬,零食,原合股份有限公司,臺灣,無,無,8,2025-08-21T00:00:00,2025,9,2025-10-27T18:24:19.983,,104年1月至115年6月,1,,
4860,桃園市,,2025/08/21,傑德不錯-大包潔牙骨（雞肉＋燕麥）,犬,零食,巴斯企業社,臺灣,無,無,8,2025-08-21T00:00:00,2025,9,2025-10-27T18:24:19.983,,104年1月至115年6月,1,,
4860,桃園市,,2025/08/21,喜樂寵宴-每日潔巧心保健潔牙骨（腸胃養護）S,犬,潔牙骨,螢火蟲原創有限公司,臺灣,無,無,8,2025-08-21T00:00:00,2025,9,2025-10-27T18:24:19.983,,104年1月至115年6月,1,,
4860,桃園市,,2025/08/21,汪喵星球 幼母貓營養主食罐（98%含肉量）鮭魚,貓,罐頭,自力耕生股份有限公司,臺灣,無,無,8,2025-08-21T00:00:00,2025,9,2025-10-27T18:24:19.983,,104年1月至115年6月,1,,
4860,桃園市,,2025/08/21,汪喵星球 幼母貓營養主食罐（98%含肉量）鱸魚雞肉,貓,罐頭,自力耕生股份有限公司,臺灣,無,無,8,2025-08-21T00:00:00,2025,9,2025-10-27T18:24:19.983,,104年1月至115年6月,1,,
4860,桃園市,,2025/08/26,貪貪Fun桑泌尿保健,犬、貓,補助食品,寶研生技有限公司,臺灣,無,無,8,2025-08-26T00:00:00,2025,9,2025-10-27T18:24:19.983,,104年1月至115年6月,1,,
4860,桃園市,,2025/08/26,貪貪Fun桑排毛粉,貓,補助食品,寶研生技有限公司,臺灣,無,無,8,2025-08-26T00:00:00,2025,9,2025-10-27T18:24:19.983,,104年1月至115年6月,1,,
4860,桃園市,,2025/08/26,貪貪Fun桑乳鐵離胺酸,貓,補助食品,寶研生技有限公司,臺灣,無,無,8,2025-08-26T00:00:00,2025,9,2025-10-27T18:24:19.983,,104年1月至115年6月,1,,
4860,桃園市,,2025/08/26,貪貪肉泥機能主食罐-寶島鮮雞,貓,罐頭,寶研生技有限公司,臺灣,無,無,8,2025-08-26T00:00:00,2025,9,2025-10-27T18:24:19.983,,104年1月至115年6月,1,,
4860,桃園市,,2025/08/26,貪貪蜂之糧泌尿道保健配方-田野雙雞,貓,乾飼糧,寶研生技有限公司,臺灣,無,無,8,2025-08-26T00:00:00,2025,9,2025-10-27T18:24:19.983,,104年1月至115年6月,1,,
4860,桃園市,,2025/08/26,芝麻雞肉棒棒糖,犬,零食,峰揚貿易有限公司,臺灣,無,無,8,2025-08-26T00:00:00,2025,9,2025-10-27T18:24:19.983,,104年1月至115年6月,1,,
4860,桃園市,,2025/08/26,野牧鮮糧-無穀野生鮭,犬,乾飼糧,展聖寵物用品有限公司,紐西蘭,無,無,8,2025-08-26T00:00:00,2025,9,2025-10-27T18:24:19.983,,104年1月至115年6月,1,,
4860,桃園市,CP032,2025/09/09,丹露手作零食-香Q耐咬雞胗,犬,零食,瀚翔寵物有限公司,臺灣,無,無,8,2025-09-09T00:00:00,2025,9,2025-10-27T18:24:19.983,,104年1月至115年6月,1,,
4860,桃園市,CP033,2025/09/09,烘培客成貓野放雞,貓,乾飼糧,宜輝企業有限公司,加拿大,無,無,8,2025-09-09T00:00:00,2025,9,2025-10-27T18:24:19.983,,104年1月至115年6月,1,,
4860,桃園市,,2025/09/11,糧拌-凍乾粉-鮮雞x貓草,貓,補助食品,峰揚貿易有限公司,臺灣,無,無,8,2025-09-11T00:00:00,2025,9,2025-10-27T18:24:19.983,,104年1月至115年6月,1,,
4860,桃園市,,2025/09/11,長崎-丁香魚,貓,零食,雍立貿易股份有限公司,日本,無,無,8,2025-09-11T00:00:00,2025,9,2025-10-27T18:24:19.983,,104年1月至115年6月,1,,
4860,桃園市,,2025/09/11,瑪恩吉-天然全能-結紮貓配方(鱒魚),貓,乾飼糧,柏希菲克股份有限公司,義大利,無,無,8,2025-09-11T00:00:00,2025,9,2025-10-27T18:24:19.983,,104年1月至115年6月,1,,
4860,桃園市,,2025/09/11,Bistro Cat特級銀貓健康餐罐(白身鮪魚+吻仔魚),貓,罐頭,台灣惜時有限公司,泰國,無,無,8,2025-09-11T00:00:00,2025,9,2025-10-27T18:24:19.983,,104年1月至115年6月,1,,
4860,宜蘭縣,BP013,2025/09/16,袋鼠廚房野生袋鼠小肉餅50g,犬、貓,零食,緯豪實業股份有限公司,臺灣,無,無,9,2025-09-16T00:00:00,2025,9,2025-10-27T18:24:19.983,,104年1月至115年6月,1,,
4860,宜蘭縣,BP014,2025/09/16,MKF01 心血管養生大補帖,犬、貓,乾飼糧,珍食堡實業股份有限公司,臺灣,無,無,9,2025-09-16T00:00:00,2025,9,2025-10-27T18:24:19.983,,104年1月至115年6月,1,,
4860,宜蘭縣,,2025/09/16,派庫廚房 低溫手工烘焙系列 蔓越莓牛酥,犬、貓,零食,金派庫國際有限公司,臺灣,無,無,9,2025-09-16T00:00:00,2025,9,2025-10-27T18:24:19.983,,104年1月至115年6月,1,,
4860,宜蘭縣,BP015,2025/09/16,卡尼生肉餐 羊肉生肉餐-犬貓生食(小),犬、貓,生鮮、冷凍,圓寵有限公司,臺灣,無,無,9,2025-09-16T00:00:00,2025,9,2025-10-27T18:24:19.983,,104年1月至115年6月,1,,
4860,宜蘭縣,,2025/09/16,潔牙鯊魚軟骨,犬、貓,零食,寵鮮灶腳有限公司,臺灣,無,無,9,2025-09-16T00:00:00,2025,9,2025-10-27T18:24:19.983,,104年1月至115年6月,1,,
4860,新竹縣,DP012,2025/10/08,JC-020雞胸原片,犬、貓,零食,珍荃有限公司,臺灣,未申報,新竹縣發函改善,10,2025-10-08T00:00:00,2025,9,2025-10-27T18:24:19.983,,104年1月至115年6月,1,,
4860,新竹縣,DP013,2025/10/08,JC-001炭燒雞肉切條,犬、貓,零食,珍荃有限公司,臺灣,未申報,新竹縣發函改善,10,2025-10-08T00:00:00,2025,9,2025-10-27T18:24:19.983,,104年1月至115年6月,1,,
4860,新竹縣,DP014,2025/10/08,JC-033牛筋條,犬、貓,零食,珍荃有限公司,臺灣,未申報,新竹縣發函改善,10,2025-10-08T00:00:00,2025,9,2025-10-27T18:24:19.983,,104年1月至115年6月,1,,
4860,新竹縣,,2025/10/09,加好寶乾貓糧 - 海鮮口味,貓,乾飼糧,好侶股份有限公司,泰國,無,無,10,2025-10-09T00:00:00,2025,9,2025-10-27T18:24:19.983,,104年1月至115年6月,1,,
4860,新竹縣,,2025/10/09,寵介讚 成犬飼料,犬,乾飼糧,海慶企業社,立陶宛,無,無,10,2025-10-09T00:00:00,2025,9,2025-10-27T18:24:19.983,,104年1月至115年6月,1,,
4860,新竹縣,,2025/10/09,沛品世家貓糧3KG-海鮮風味,貓,乾飼糧,奪標寵物用品總匯,臺灣,無,無,10,2025-10-09T00:00:00,2025,9,2025-10-27T18:24:19.983,,104年1月至115年6月,1,,
4860,新竹縣,,2025/10/09,沛品世家貓糧3KG-嫩雞風味,貓,乾飼糧,奪標寵物用品總匯,臺灣,無,無,10,2025-10-09T00:00:00,2025,9,2025-10-27T18:24:19.983,,104年1月至115年6月,1,,
4860,新竹縣,,2025/10/09,沛品世家貓糧3KG-海陸風味,貓,乾飼糧,奪標寵物用品總匯,臺灣,無,無,10,2025-10-09T00:00:00,2025,9,2025-10-27T18:24:19.983,,104年1月至115年6月,1,,
4860,苗栗縣,EP007,2025/09/15,肉嗨吃(貓) 貓草雞肉片,貓,零食,宜輝企業有限公司,臺灣,無,無,11,2025-09-15T00:00:00,2025,9,2025-10-27T18:24:19.983,,104年1月至115年6月,1,,
4860,苗栗縣,EP008,2025/09/15,初光光 QQ雞胗 GL3,犬、貓,零食,冠閎實業有限公司,臺灣,無,無,11,2025-09-15T00:00:00,2025,9,2025-10-27T18:24:19.983,,104年1月至115年6月,1,,
4860,苗栗縣,EP009,2025/09/15,Pros choice博士巧思-牛肉凍乾犬餐,犬,乾飼糧,福壽實業股份有限公司,臺灣,無,無,11,2025-09-15T00:00:00,2025,9,2025-10-27T18:24:19.983,,104年1月至115年6月,1,,
4860,苗栗縣,,2025/09/15,100%鮮蝦丁凍乾塊零食,犬、貓,零食,達欣生物科技股份有限公司,臺灣,無,無,11,2025-09-15T00:00:00,2025,9,2025-10-27T18:24:19.983,,104年1月至115年6月,1,,
4860,苗栗縣,,2025/09/15,小叼饞-貓御用凍乾小丁｜櫻桃鴨(桶),貓,零食,穩澂企業有限公司,臺灣,無,無,11,2025-09-15T00:00:00,2025,9,2025-10-27T18:24:19.983,,104年1月至115年6月,1,,
4860,彰化縣,GP020,2025/09/14,毛孩站起來-毛孩凍乾(雞胸丁),犬、貓,零食,飛起來行銷股份有限公司,臺灣,無,無,12,2025-09-14T00:00:00,2025,9,2025-10-27T18:24:19.983,,104年1月至115年6月,1,,
4860,彰化縣,GP021,2025/09/14,Mr.凍乾 犬用天然原肉凍乾(75g)-鰹魚,犬,零食,八犬國際行銷有限公司,臺灣,無,無,12,2025-09-14T00:00:00,2025,9,2025-10-27T18:24:19.983,,104年1月至115年6月,1,,
4860,彰化縣,GP022,2025/09/14,特百滋凍乾三重奏 熟齡犬 低敏雞肉配方 2lb,犬,乾飼糧,艾澌克企業股份有限公司,臺灣,無,無,12,2025-09-14T00:00:00,2025,9,2025-10-27T18:24:19.983,,104年1月至115年6月,1,,
4860,彰化縣,,2025/09/23,Mr.凍乾 犬用天然原肉凍乾(75g)-火雞肉,犬,零食,八犬國際行銷有限公司,臺灣,無,無,12,2025-09-23T00:00:00,2025,9,2025-10-27T18:24:19.983,,104年1月至115年6月,1,,
4860,彰化縣,,2025/09/23,Mr.凍乾 犬用天然原肉凍乾(70g)-鴨肉,犬,零食,八犬國際行銷有限公司,臺灣,無,無,12,2025-09-23T00:00:00,2025,9,2025-10-27T18:24:19.983,,104年1月至115年6月,1,,
4860,彰化縣,,2025/09/23,驕傲貓貓犬共享鮭魚生肉凍乾主食餐,犬、貓,零食,台灣愛邦仕實業股份有限公司,泰國,無,無,12,2025-09-23T00:00:00,2025,9,2025-10-27T18:24:19.983,,104年1月至115年6月,1,,
4860,彰化縣,,2025/09/23,驕傲貓貓犬共享鱈魚生肉凍乾主食餐,犬、貓,零食,台灣愛邦仕實業股份有限公司,泰國,無,無,12,2025-09-23T00:00:00,2025,9,2025-10-27T18:24:19.983,,104年1月至115年6月,1,,
4860,彰化縣,,2025/09/23,驕傲貓貓犬共享綠貽貝生肉凍乾主食餐,犬、貓,零食,台灣愛邦仕實業股份有限公司,泰國,無,無,12,2025-09-23T00:00:00,2025,9,2025-10-27T18:24:19.983,,104年1月至115年6月,1,,
4860,彰化縣,,2025/09/23,毛孩站起來-毛孩凍乾(蝦蝦丁),犬、貓,零食,飛起來行銷股份有限公司,臺灣,無,無,12,2025-09-23T00:00:00,2025,9,2025-10-27T18:24:19.983,,104年1月至115年6月,1,,
4860,南投縣,HP008,2025/09/23,博士巧思-雞爪,犬、貓,零食,福壽實業股份有限公司,臺灣,無,無,13,2025-09-23T00:00:00,2025,9,2025-10-27T18:24:19.983,,104年1月至115年6月,1,,
4860,南投縣,HP009,2025/09/23,奧力棒-嗑肉一番鮮食營養餐-田園雞鮭魚燉蔬食,犬,罐頭,東森寵物雲股份有限公司,臺灣,無,無,13,2025-09-23T00:00:00,2025,9,2025-10-27T18:24:19.983,,104年1月至115年6月,1,,
4860,南投縣,HP010,2025/09/23,南極磷蝦大肉包 谷風雞大腿,犬,罐頭,金富錸國際寵物有限公司,臺灣,無,無,13,2025-09-23T00:00:00,2025,9,2025-10-27T18:24:19.983,,104年1月至115年6月,1,,
4860,南投縣,,2025/09/23,鷹嘴青蔬燉鮮雞,犬、貓,罐頭,毛能寵物營養生技股份有限公司,臺灣,無,無,13,2025-09-23T00:00:00,2025,9,2025-10-27T18:24:19.983,,104年1月至115年6月,1,,
4860,南投縣,,2025/09/23,鮮食餐包-牧野牛羊燉時蔬,犬、貓,乾飼糧,悠遊國際實業股份有限公司,臺灣,無,無,13,2025-09-23T00:00:00,2025,9,2025-10-27T18:24:19.983,,104年1月至115年6月,1,,
4860,南投縣,,2025/09/23,汪喵星球-犬用鮮食餐包 閃亮羊腿佐丁香魚鱉蛋 (毛髮亮麗配方),犬,罐頭,自力耕生股份有限公司,臺灣,無,無,13,2025-09-23T00:00:00,2025,9,2025-10-27T18:24:19.983,,104年1月至115年6月,1,,
4860,雲林縣,,2025/09/15,柏萊富極鮮無穀低敏純淨配方（雞肉+豌豆）,犬,乾飼糧,柏希菲克股份有限公司,美國,無,無,14,2025-09-15T00:00:00,2025,9,2025-10-27T18:24:19.983,,104年1月至115年6月,1,,
4860,雲林縣,IP012,2025/09/15,沃野肉出來-鴨脆管棒棒糖10入,犬、貓,零食,東森寵物雲股份有限公司,臺灣,無,無,14,2025-09-15T00:00:00,2025,9,2025-10-27T18:24:19.983,,104年1月至115年6月,1,,
4860,雲林縣,IP013,2025/09/16,寶貝餌子-香烤牛肉風味棒,犬,零食,宏寶國際企業有限公司,臺灣,該品項未申報，涉違動物保護法第22條之3,依同法第31條第1項第10款規定請該公司限期完成申報並以公文檢附完成申報證明文件至本所。,14,2025-09-16T00:00:00,2025,9,2025-10-27T18:24:19.983,,104年1月至115年6月,1,,
4860,雲林縣,IP014,2025/09/16,CBP-01雞老大 黃金薄切雞腿肉,犬,零食,壹士達寵物有限公司,臺灣,無,無,14,2025-09-16T00:00:00,2025,9,2025-10-27T18:24:19.983,,104年1月至115年6月,1,,
4860,雲林縣,,2025/09/16,ST-003〔等等手作零食〕視力大師（葉黃素+玉米黃素）,犬、貓,零食,嵩颺有限公司,臺灣,無,無,14,2025-09-16T00:00:00,2025,9,2025-10-27T18:24:19.983,,104年1月至115年6月,1,,
4860,嘉義縣,JP016,2025/09/19,犬用絹紗牛肉條,犬,零食,台灣多格漫商貿股份有限公司,日本,無,無,15,2025-09-19T00:00:00,2025,9,2025-10-27T18:24:19.983,,104年1月至115年6月,1,,
4860,嘉義縣,JP017,2025/09/19,健康紀元寵物零食-鮮嫩雞肉片,犬,零食,福壽實業股份有限公司,臺灣,無,無,15,2025-09-19T00:00:00,2025,9,2025-10-27T18:24:19.983,,104年1月至115年6月,1,,
4860,嘉義縣,JP018,2025/09/19,生活良好犬用雞柳條,犬,零食,臺灣生活良好國際股份有限公司,日本,無,無,15,2025-09-19T00:00:00,2025,9,2025-10-27T18:24:19.983,,104年1月至115年6月,1,,
4860,嘉義縣,JP018,2025/09/19,生活良好犬用雞柳條,犬,零食,臺灣生活良好國際股份有限公司,日本,無,無,15,2025-09-19T00:00:00,2025,9,2025-10-27T18:24:19.983,,104年1月至115年6月,1,,
4860,嘉義縣,,2025/09/19,野性魅力凍乾大西洋鮪魚塊,犬、貓,零食,加拿大野性魅力有限公司 ,臺灣,無,無,15,2025-09-19T00:00:00,2025,9,2025-10-27T18:24:19.983,,104年1月至115年6月,1,,
4860,嘉義縣,,2025/09/19,渴望新鮮鮪魚佐鱉蛋凍乾,犬、貓,零食,加拿大渴望寵物食品股份有限公司,臺灣,無,無,15,2025-09-19T00:00:00,2025,9,2025-10-27T18:24:19.983,,104年1月至115年6月,1,,
4860,屏東縣,MP022,2025/09/02,原味雞柳條,犬、貓,零食,益堡寵物飼料用品店,臺灣,未依規定申報、未標示適用寵物種類,已於114年9月3日以屏府農動字第1140242567號函限期於114年9月30日前完成改善(9月10日複查，已完成改善),16,2025-09-02T00:00:00,2025,9,2025-10-27T18:24:19.983,,104年1月至115年6月,1,,
4860,屏東縣,MP023,2025/09/02,生骨泥,犬,生鮮、冷凍,益堡寵物飼料用品店,臺灣,未依規定申報、包裝無任何標示及可供辨識資訊,已於114年9月3日以屏府農動字第1140242567號函限期於114年9月30日前完成改善(9月10日複查，已完成改善),16,2025-09-02T00:00:00,2025,9,2025-10-27T18:24:19.983,,104年1月至115年6月,1,,
4860,屏東縣,MP024,2025/09/04,克瑞斯天然紐西蘭凍乾肉鬆-牛肉+鹿肉,犬、貓,零食,昱碩國際事業股份有限公司,紐西蘭,未標示製造商電話,經查進口商公司登記地址位於新北市，本府已於114年9月9日以屏府農動字第1140247452號函移請新北市政府動物保護防疫處依規定查處,16,2025-09-04T00:00:00,2025,9,2025-10-27T18:24:19.983,,104年1月至115年6月,1,,
4860,屏東縣,,2025/09/09,雞肉圈,犬,零食,億大寵物食品股份有限公司,臺灣,無,無,16,2025-09-09T00:00:00,2025,9,2025-10-27T18:24:19.983,,104年1月至115年6月,1,,
4860,屏東縣,,2025/09/11,Zimple 呼嚕凍乾 草蝦仁+木天蓼,貓,零食,艾澌克企業股份有限公司,臺灣,無,無,16,2025-09-11T00:00:00,2025,9,2025-10-27T18:24:19.983,,104年1月至115年6月,1,,
4860,屏東縣,,2025/09/11,咻蛋雞a豬耳朵,犬,零食,昕昕寵物企業有限公司,臺灣,無,無,16,2025-09-11T00:00:00,2025,9,2025-10-27T18:24:19.983,,104年1月至115年6月,1,,
4860,屏東縣,,2025/09/26,初光光 烘烤鮮雞胸 GL02,犬、貓,零食,八方國際寵物有限公司,臺灣,無,無,16,2025-09-26T00:00:00,2025,9,2025-10-27T18:24:19.983,,104年1月至115年6月,1,,
4860,屏東縣,,2025/09/26,初光光 呱呱脆迪酥 GL08,犬、貓,零食,八方國際寵物有限公司,臺灣,無,無,16,2025-09-26T00:00:00,2025,9,2025-10-27T18:24:19.983,,104年1月至115年6月,1,,
4860,屏東縣,,2025/09/26,御天犬 潔牙雞胸肉片 U2,犬,零食,冠閎實業有限公司,臺灣,無,無,16,2025-09-26T00:00:00,2025,9,2025-10-27T18:24:19.983,,104年1月至115年6月,1,,
4860,屏東縣,,2025/09/26,御天犬 薄切牛肉片 U32,犬,零食,冠閎實業有限公司,臺灣,無,無,16,2025-09-26T00:00:00,2025,9,2025-10-27T18:24:19.983,,104年1月至115年6月,1,,
4860,臺東縣,,2025/09/04,卡賀家-羊肉小圓片(包裝150g),犬,零食,東森寵物雲股份有限公司,臺灣,無,無,17,2025-09-04T00:00:00,2025,9,2025-10-27T18:24:19.983,,104年1月至115年6月,1,,
4860,臺東縣,,2025/09/04,肉出來了-南瓜雞肉餅(包裝120g),犬,零食,東森寵物雲股份有限公司,臺灣,無,無,17,2025-09-04T00:00:00,2025,9,2025-10-27T18:24:19.983,,104年1月至115年6月,1,,
4860,臺東縣,,2025/09/04,鮮雞饗宴-軟雞肉條(包裝100g),犬,零食,億大寵物食品股份有限公司,臺灣,無,無,17,2025-09-04T00:00:00,2025,9,2025-10-27T18:24:19.983,,104年1月至115年6月,1,,
4860,臺東縣,,2025/09/04,燒肉工坊-蜜汁香醇雞腿柳(包裝160g),犬,零食,艾澌克企業股份有限公司,臺灣,無,無,17,2025-09-04T00:00:00,2025,9,2025-10-27T18:24:19.983,,104年1月至115年6月,1,,
4860,臺東縣,,2025/09/04,寶貝餌子-豬耳朵條(包裝120g),犬,零食,宏寶國際企業有限公司,臺灣,無,無,17,2025-09-04T00:00:00,2025,9,2025-10-27T18:24:19.983,,104年1月至115年6月,1,,
4860,臺東縣,,2025/09/04,香饌-小皮捲雞肉串(包裝170g),犬,零食,茂捷有限公司,臺灣,無,無,17,2025-09-04T00:00:00,2025,9,2025-10-27T18:24:19.983,,104年1月至115年6月,1,,
4860,臺東縣,,2025/09/04,紐澳牧場-牛肉亞麻子條(包裝200g),犬,零食,茂捷有限公司,臺灣,無,無,17,2025-09-04T00:00:00,2025,9,2025-10-27T18:24:19.983,,104年1月至115年6月,1,,
4860,臺東縣,,2025/09/04,BLOP甲哺甲哺-鴨舌(包裝40g),犬,零食,金閣股份有限公司,臺灣,無,無,17,2025-09-04T00:00:00,2025,9,2025-10-27T18:24:19.983,,104年1月至115年6月,1,,
4860,臺東縣,,2025/09/04,藤園凍乾小鮮肉-牛排風味(包裝200g),犬、貓,零食,愷利企業有限公司,臺灣,無,無,17,2025-09-04T00:00:00,2025,9,2025-10-27T18:24:19.983,,104年1月至115年6月,1,,
4860,臺東縣,,2025/09/04,薛丁格貓凍乾-鮪魚.鱈魚風味(包裝70g),貓,零食,奧也股份有限公司,臺灣,無,無,17,2025-09-04T00:00:00,2025,9,2025-10-27T18:24:19.983,,104年1月至115年6月,1,,
4860,臺東縣,,2025/09/04,晨光鮮食凍乾-鮮蝦風味(包裝30g),貓,零食,品果國際行銷有限公司,韓國,無,無,17,2025-09-04T00:00:00,2025,9,2025-10-27T18:24:19.983,,104年1月至115年6月,1,,
4860,臺東縣,,2025/09/04,餵我貓咪機能凍乾-雞肉風味(包裝160g),貓,零食,沛貝兒有限公司,臺灣,無,無,17,2025-09-04T00:00:00,2025,9,2025-10-27T18:24:19.983,,104年1月至115年6月,1,,
4860,臺東縣,,2025/09/04,香饌-雞肉軟骨(包裝170g),犬,零食,茂捷有限公司,臺灣,無,無,17,2025-09-04T00:00:00,2025,9,2025-10-27T18:24:19.983,,104年1月至115年6月,1,,
4860,臺東縣,,2025/09/04,玩味嚼嚼-鯊魚肉乾(包裝100g),犬,零食,琦信企業股份有限公司,臺灣,無,無,17,2025-09-04T00:00:00,2025,9,2025-10-27T18:24:19.983,,104年1月至115年6月,1,,
4860,臺東縣,,2025/09/04,貓大爺的銀帶鯡(包裝100g),貓,零食,經思確有限公司,臺灣,無,無,17,2025-09-04T00:00:00,2025,9,2025-10-27T18:24:19.983,,104年1月至115年6月,1,,
4860,臺東縣,,2025/09/04,AM貓專用魚乾雞肉丁(包裝35g),貓,零食,琦信企業股份有限公司,臺灣,無,無,17,2025-09-04T00:00:00,2025,9,2025-10-27T18:24:19.983,,104年1月至115年6月,1,,
4860,臺東縣,,2025/09/04,D&C大魚乾-沙丁魚風味(包裝320g),犬、貓,零食,雍立貿易有限公司,日本,無,無,17,2025-09-04T00:00:00,2025,9,2025-10-27T18:24:19.983,,104年1月至115年6月,1,,
4860,臺東縣,,2025/09/04,派庫廚房卵蛋地瓜球凍乾-雞蛋黃風味(包裝100g),犬、貓,零食,金派庫國際有限公司,臺灣,無,無,17,2025-09-04T00:00:00,2025,9,2025-10-27T18:24:19.983,,104年1月至115年6月,1,,
4860,臺東縣,,2025/09/04,初光光天然原肉凍乾-雞肉風味(包裝120g),犬、貓,零食,八風國際寵物有限公司,臺灣,無,無,17,2025-09-04T00:00:00,2025,9,2025-10-27T18:24:19.983,,104年1月至115年6月,1,,
4860,臺東縣,,2025/09/04,汪事如意無敵凍乾-櫻桃鴨風味(包裝120g),犬,零食,寵愛有家股份有限公司,臺灣,無,無,17,2025-09-04T00:00:00,2025,9,2025-10-27T18:24:19.983,,104年1月至115年6月,1,,
4860,臺東縣,,2025/09/04,卡默砰然心凍-牛肉塊(包裝50g),犬、貓,零食,耐維滋寵物食品有限公司,臺灣,無,無,17,2025-09-04T00:00:00,2025,9,2025-10-27T18:24:19.983,,104年1月至115年6月,1,,
4860,臺東縣,,2025/09/04,御天犬急凍雞胗(包裝60g),犬,零食,冠閎實業有限公司,臺灣,無,無,17,2025-09-04T00:00:00,2025,9,2025-10-27T18:24:19.983,,104年1月至115年6月,1,,
4860,花蓮縣,OP007,2025/09/12,Mr.凍乾 犬用天然原肉凍乾(60g)-柳葉魚,犬,零食,八犬國際行銷有限公司,臺灣,申報與標示不一,移送責任廠商所在地管轄機關卓處,18,2025-09-12T00:00:00,2025,9,2025-10-27T18:24:19.983,,104年1月至115年6月,1,,
4860,花蓮縣,OP008,2025/09/12,燒鳥一番犬用零嘴170g 5吋長棒裏肉(鱈魚) HF24,犬,零食,沅慶企業有限公司,臺灣,申報與標示不一,移送責任廠商所在地管轄機關卓處,18,2025-09-12T00:00:00,2025,9,2025-10-27T18:24:19.983,,104年1月至115年6月,1,,
4860,花蓮縣,,2025/09/12,佳倍讚 雞肉鱈魚短切,犬,零食,王品寵物用品有限公司,臺灣,申報與標示不一,移送責任廠商所在地管轄機關卓處,18,2025-09-12T00:00:00,2025,9,2025-10-27T18:24:19.983,,104年1月至115年6月,1,,
4860,花蓮縣,,2025/09/12,PV香烤軟雞肉卷,犬,零食,台灣愛邦仕實業股份有限公司,泰國,無,無,18,2025-09-12T00:00:00,2025,9,2025-10-27T18:24:19.983,,104年1月至115年6月,1,,
4860,花蓮縣,OP009,2025/09/22,起司雞肉圓片,犬,零食,宏寶國際企業有限公司,臺灣,未申報,通知業者限期改善,18,2025-09-22T00:00:00,2025,9,2025-10-27T18:24:19.983,,104年1月至115年6月,1,,
4860,花蓮縣,,2025/09/22,C.C.P機能雞肉 視力 保健零食,犬,零食,東森寵物雲股份有限公司,臺灣,無,無,18,2025-09-22T00:00:00,2025,9,2025-10-27T18:24:19.983,,104年1月至115年6月,1,,
4860,澎湖縣,,2025/09/08,帕米爾-軟骨嫩雞腿,犬、貓,零食,創奕貿易有限公司,臺灣,無,無,19,2025-09-08T00:00:00,2025,9,2025-10-27T18:24:19.983,,104年1月至115年6月,1,,
4860,澎湖縣,,2025/09/08,摩爾思-豬耳朵,犬,零食,峰揚貿易有限公司,臺灣,無,無,19,2025-09-08T00:00:00,2025,9,2025-10-27T18:24:19.983,,104年1月至115年6月,1,,
4860,澎湖縣,,2025/09/08,CBP-27雞老大 蜜汁軟嫩雞肉甜甜圈,犬,零食,壹士達寵物有限公司,臺灣,無,無,19,2025-09-08T00:00:00,2025,9,2025-10-27T18:24:19.983,,104年1月至115年6月,1,,
4860,澎湖縣,,2025/09/08,Mr.凍乾 犬用天然原肉凍乾-鴨肉,犬,零食,八犬國際行銷有限公司,臺灣,無,無,19,2025-09-08T00:00:00,2025,9,2025-10-27T18:24:19.983,,104年1月至115年6月,1,,
4860,澎湖縣,,2025/09/08,天然低敏凍乾主食餐-貓用低敏鴨,貓,乾飼糧,自力耕生股份有限公司,臺灣,無,無,19,2025-09-08T00:00:00,2025,9,2025-10-27T18:24:19.983,,104年1月至115年6月,1,,
4860,基隆市,QP013,2025/09/04,萌老大山藥菇菇G鮮食包,犬、貓,生鮮、冷凍,森田生技企業社,臺灣,無,無,20,2025-09-04T00:00:00,2025,9,2025-10-27T18:24:19.983,,104年1月至115年6月,1,,
4860,基隆市,QP014,2025/09/04,萌老大雞肉時蔬鮮食包,犬、貓,生鮮、冷凍,森田生技企業社,臺灣,無,無,20,2025-09-04T00:00:00,2025,9,2025-10-27T18:24:19.983,,104年1月至115年6月,1,,
4860,基隆市,QP015,2025/09/04,萌老大五蔬雞肉丸,犬、貓,生鮮、冷凍,森田生技企業社,臺灣,無,無,20,2025-09-04T00:00:00,2025,9,2025-10-27T18:24:19.983,,104年1月至115年6月,1,,
4860,基隆市,,2025/09/04,萌老大綠金蝦堡,犬、貓,生鮮、冷凍,森田生技企業社,臺灣,無,無,20,2025-09-04T00:00:00,2025,9,2025-10-27T18:24:19.983,,104年1月至115年6月,1,,
4860,基隆市,,2025/09/04,萌老大就是雞腿,犬、貓,生鮮、冷凍,森田生技企業社,臺灣,無,無,20,2025-09-04T00:00:00,2025,9,2025-10-27T18:24:19.983,,104年1月至115年6月,1,,
4860,新竹市,RP010,2025/09/26,汪喵星球-慢烘鮮食蔬肉糧,犬,乾飼糧,自力耕生股份有限公司,臺灣,無,無,21,2025-09-26T00:00:00,2025,9,2025-10-27T18:24:19.983,,104年1月至115年6月,1,,
4860,新竹市,RP011,2025/09/26,HEROMAMA貓用益生菌晶球夾心糧,貓,乾飼糧,飛輪寵物有限公司,臺灣,無,無,21,2025-09-26T00:00:00,2025,9,2025-10-27T18:24:19.983,,104年1月至115年6月,1,,
4860,新竹市,RP012,2025/09/26,和風雞肉米花,犬,零食,和風寵物有限公司,臺灣,無,無,21,2025-09-26T00:00:00,2025,9,2025-10-27T18:24:19.983,,104年1月至115年6月,1,,
4860,新竹市,,2025/09/26,超躍主食田園雞肉佐牛肉凍乾犬糧,犬,乾飼糧,極寵有限公司,加拿大,無,無,21,2025-09-26T00:00:00,2025,9,2025-10-27T18:24:19.983,,104年1月至115年6月,1,,
4860,新竹市,,2025/09/26,貓吃魚-香嫩蟹肉絲,貓,零食,壹士達寵物有限公司,臺灣,無,無,21,2025-09-26T00:00:00,2025,9,2025-10-27T18:24:19.983,,104年1月至115年6月,1,,
4860,嘉義市,TP011,2025/09/24,Mr.凍乾 貓用天然原肉凍乾-鴨肉,貓,零食,八犬國際行銷有限公司,臺灣,無,無,22,2025-09-24T00:00:00,2025,9,2025-10-27T18:24:19.983,,104年1月至115年6月,1,,
4860,嘉義市,TP012,2025/09/24,Mr.凍乾 貓用天然原肉凍乾-牛肉,貓,零食,八犬國際行銷有限公司,臺灣,無,無,22,2025-09-24T00:00:00,2025,9,2025-10-27T18:24:19.983,,104年1月至115年6月,1,,
4860,嘉義市,TP013,2025/09/25,Mr.凍乾 貓用天然原肉凍乾-火雞肉,貓,零食,八犬國際行銷有限公司,臺灣,無,無,22,2025-09-25T00:00:00,2025,9,2025-10-27T18:24:19.983,,104年1月至115年6月,1,,
4860,嘉義市,,2025/09/29,黃地瓜丁 地瓜凍乾,犬、貓,零食,天允生物科技有限公司,臺灣,無,無,22,2025-09-29T00:00:00,2025,9,2025-10-27T18:24:19.983,,104年1月至115年6月,1,,
4860,嘉義市,,2025/09/29,波焙克-鱈魚營養凍乾,犬、貓,零食,悠達食品有限公司,臺灣,無,無,22,2025-09-29T00:00:00,2025,9,2025-10-27T18:24:19.983,,104年1月至115年6月,1,,
4860,嘉義市,,2025/09/29,Pet.B貝星計劃-冰鮮無刺虱目魚凍乾,貓,零食,寵寶飽股份有限公司,臺灣,無,無,22,2025-09-29T00:00:00,2025,9,2025-10-27T18:24:19.983,,104年1月至115年6月,1,,
4860,嘉義市,,2025/09/29,原點 天然羊肉凍乾全犬配方,犬,乾飼糧,四季全球貿易股份有限公司,美國,無,無,22,2025-09-29T00:00:00,2025,9,2025-10-27T18:24:19.983,,104年1月至115年6月,1,,
4860,嘉義市,,2025/09/29,優格鮮肉佐餐凍乾 鮭魚,犬,零食,艾澌克企業股份有限公司,臺灣,無,無,22,2025-09-29T00:00:00,2025,9,2025-10-27T18:24:19.983,,104年1月至115年6月,1,,
4860,金門縣,,2025/09/12,西莎®點心 雞肉佐甘藍與安納芋口味 100g,犬,零食,台灣瑪氏股份有限公司,日本,無,無,23,2025-09-12T00:00:00,2025,9,2025-10-27T18:24:19.983,,104年1月至115年6月,1,,
4860,金門縣,,2025/09/12,犬用絹紗牛肉方塊 100g,犬,零食,台灣多格漫商貿股份有限公司,日本,無,無,23,2025-09-12T00:00:00,2025,9,2025-10-27T18:24:19.983,,104年1月至115年6月,1,,
4860,金門縣,,2025/09/12,寶路雞肉包 25g,犬,零食,台灣瑪氏股份有限公司,泰國,無,無,23,2025-09-12T00:00:00,2025,9,2025-10-27T18:24:19.983,,104年1月至115年6月,1,,
4860,金門縣,,2025/09/12,犬用Hello角切乳香牛奶塊 100g,犬,零食,台灣多格漫商貿股份有限公司,日本,無,無,23,2025-09-12T00:00:00,2025,9,2025-10-27T18:24:19.983,,104年1月至115年6月,1,,
4860,金門縣,,2025/09/12,西莎®點心 贅沢濃厚切達起司條口味 100g,犬,零食,台灣瑪氏股份有限公司,日本,無,無,23,2025-09-12T00:00:00,2025,9,2025-10-27T18:24:19.983,,104年1月至115年6月,1,,
4860,新北市,AP001,2026/01/07,花田太郎狗餐包100g-牛肉+起司風味,犬,濕糧,凱璜實業有限公司,泰國,標示、宣傳或廣告有不實、誇張或易生誤解之情形(強化體質),函臺中市動保處處理,0,2026-01-07T00:00:00,2026,1,2026-03-26T15:22:03.567,,104年1月至115年6月,1,,
4860,新北市,AP002,2026/01/07,英迪格有機貓糧-毛球控制&腸道配方 0.2kg,貓,乾糧,寵兒商貿有限公司,韓國,無,,0,2026-01-07T00:00:00,2026,1,2026-03-26T15:22:03.567,,104年1月至115年6月,1,,
4860,新北市,AP003,2026/01/07,澳洲新艾莎餐盒-雞肉+時令鮮蔬,犬,濕糧,王品寵物用品有限公司,澳洲,無,,0,2026-01-07T00:00:00,2026,1,2026-03-26T15:22:03.567,,104年1月至115年6月,1,,
4860,新北市,,2026/01/07,貓咪巧鮮杯-雞肉+米,貓,濕糧,雍立貿易股份有限公司,泰國,有效日期標示逾期一日,函轉臺北市動保處處理,0,2026-01-07T00:00:00,2026,1,2026-03-26T15:22:03.567,,104年1月至115年6月,1,,
4860,新北市,,2026/01/07,妙喵11號片狀-鮪魚,貓,罐頭,東盈實業股份有限公司,日本,無,,0,2026-01-07T00:00:00,2026,1,2026-03-26T15:22:03.567,,104年1月至115年6月,1,,
4860,新北市,,2026/01/07,西莎®點心 贅沢濃厚切達起司條口味 100g,犬,零食,台灣瑪氏股份有限公司,日本,無,,0,2026-01-07T00:00:00,2026,1,2026-03-26T15:22:03.567,,104年1月至115年6月,1,,
4860,新北市,,2026/01/07,PV牛奶牛皮壓骨,犬,零食,台灣愛邦仕實業股份有限公司,中國,未申報,通知業者限期改善,0,2026-01-07T00:00:00,2026,1,2026-03-26T15:22:03.567,,104年1月至115年6月,1,,
4860,新北市,,2026/01/07,M5咪芙雞肉泥(小麥草風味)15g,貓,零食,力高企業社,泰國,無,,0,2026-01-07T00:00:00,2026,1,2026-03-26T15:22:03.567,,104年1月至115年6月,1,,
4860,新北市,,2026/01/07,無IN肉泥-鮪魚+鮭魚,貓,零食,八犬國際行銷有限公司,韓國,無,,0,2026-01-07T00:00:00,2026,1,2026-03-26T15:22:03.567,,104年1月至115年6月,1,,
4860,新北市,,2026/01/07,THE DOG 狗狗新鮮蒸蛋條 -鱈魚,犬,零食,瀚翔寵物有限公司,韓國,未申報,通知業者限期改善,0,2026-01-07T00:00:00,2026,1,2026-03-26T15:22:03.567,,104年1月至115年6月,1,,
4860,新北市,,2026/01/07,WELLNESS寵物健康 全方位鮮肉餐包 碎肉 鮪魚+鯖魚,貓,濕糧,逸寶國際股份有限公司,泰國,無,,0,2026-01-07T00:00:00,2026,1,2026-03-26T15:22:03.567,,104年1月至115年6月,1,,
4860,新北市,,2026/01/07,驕傲貓小口食-貓薄荷鮭魚片,貓,零食,台灣愛邦仕實業股份有限公司,泰國,無,,0,2026-01-07T00:00:00,2026,1,2026-03-26T15:22:03.567,,104年1月至115年6月,1,,
4860,新北市,,2026/01/07,卡咪哇全齡室內小型犬配方370g,犬,乾糧,東盈實業股份有限公司,泰國,無,,0,2026-01-07T00:00:00,2026,1,2026-03-26T15:22:03.567,,104年1月至115年6月,1,,
4860,新北市,,2026/01/07,THE DOG 爐烤點心餅乾-原味,犬貓,零食,瀚翔寵物有限公司,韓國,無,,0,2026-01-07T00:00:00,2026,1,2026-03-26T15:22:03.567,,104年1月至115年6月,1,,
4860,新北市,,2026/01/07,義大利啓蒙主食狗罐 幼母犬-雞肉+火雞肉,犬,罐頭,品果國際行銷有限公司,義大利,無,,0,2026-01-07T00:00:00,2026,1,2026-03-26T15:22:03.567,,104年1月至115年6月,1,,
4860,臺北市,VP001,2026/01/15,克瑞斯天然寵物飼料-無榖火雞肉貓糧,貓,乾糧,昱碩國際事業股份有限公司,加拿大,,,1,2026-01-15T00:00:00,2026,1,2026-03-26T15:22:03.567,,104年1月至115年6月,1,,
4860,臺北市,VP002,2026/01/15,KitCat 挑嘴貓獨享(雞肉乾配方),貓,乾糧,四季全球貿易股份有限公司,泰國,,,1,2026-01-15T00:00:00,2026,1,2026-03-26T15:22:03.567,,104年1月至115年6月,1,,
4860,臺北市,VP003,2026/01/15,小型成犬主食濕糧 MNW85G,犬,濕糧,台灣皇家寵物食品有限公司,奧地利,,,1,2026-01-15T00:00:00,2026,1,2026-03-26T15:22:03.567,,104年1月至115年6月,1,,
4860,臺北市,VP004,2026/01/15,Plaisir 法樂食 狗狗主食餐盒 - 雞肉與蔬菜口味,犬,濕糧,逸寶國際股份有限公司,法國,有效日期標示錯誤,由動保員通知業者限期改善,1,2026-01-15T00:00:00,2026,1,2026-03-26T15:22:03.567,,104年1月至115年6月,1,,
4860,臺北市,,2026/01/15,新優格成犬雞肉配方,犬,乾糧,艾澌克企業股份有限公司,美國,,,1,2026-01-15T00:00:00,2026,1,2026-03-26T15:22:03.567,,104年1月至115年6月,1,,
4860,臺北市,,2026/01/15,耐吉斯 E2 活力羊肉餐-成犬配方(小顆粒) 4.5LB,犬,乾糧,艾澌克企業股份有限公司,加拿大,,,1,2026-01-15T00:00:00,2026,1,2026-03-26T15:22:03.567,,104年1月至115年6月,1,,
4860,臺北市,,2026/01/15,go!全方位天然糧 低敏無穀 低致敏鮭魚無穀全犬糧,犬,乾糧,極寵有限公司,加拿大,,,1,2026-01-15T00:00:00,2026,1,2026-03-26T15:22:03.567,,104年1月至115年6月,1,,
4860,臺北市,,2026/01/15,本牧 無穀成犬糧 紐西蘭放牧草飼羊,犬,乾糧,奧也股份有限公司,紐西蘭,有效日期標示錯誤,移請新北市政府動物保護防疫處卓處,1,2026-01-15T00:00:00,2026,1,2026-03-26T15:22:03.567,,104年1月至115年6月,1,,
4860,臺北市,,2026/01/15,藍摯 幼貓原野精靈 去骨雞肉無穀配方,貓,乾糧,盛貿寵物股份有限公司,美國,,,1,2026-01-15T00:00:00,2026,1,2026-03-26T15:22:03.567,,104年1月至115年6月,1,,
4860,臺北市,,2026/01/15,紐頓無穀全能系列T22　火雞+雞肉挑嘴全齡貓,貓,乾糧,展聖寵物用品有限公司,加拿大,,,1,2026-01-15T00:00:00,2026,1,2026-03-26T15:22:03.567,,104年1月至115年6月,1,,
4860,臺北市,,2026/01/15,ZIWI巔峰鮮肉貓糧100g-羊肉,貓,乾糧,極寵有限公司,紐西蘭,,,1,2026-01-15T00:00:00,2026,1,2026-03-26T15:22:03.567,,104年1月至115年6月,1,,
4860,臺北市,,2026/01/15,Rrannk機能餐盒-雞肉口味,犬,濕糧,統冠生活事業股份有限公司,泰國,,,1,2026-01-15T00:00:00,2026,1,2026-03-26T15:22:03.567,,104年1月至115年6月,1,,
4860,臺北市,,2026/01/15,國產雞-鮪魚雪花雞肉片,貓,零食,東翔實業股份有限公司,日本,,,1,2026-01-15T00:00:00,2026,1,2026-03-26T15:22:03.567,,104年1月至115年6月,1,,
4860,臺北市,,2026/01/15,小玉貓餐包-鮮味高湯配方 (鮪魚.蟹肉風味),貓,濕糧,四季全球貿易股份有限公司,日本,,,1,2026-01-15T00:00:00,2026,1,2026-03-26T15:22:03.567,,104年1月至115年6月,1,,
4860,臺北市,,2026/01/15,Kit Cat 主食餐包-鮪魚.雞肉,貓,濕糧,四季全球貿易股份有限公司,泰國,,,1,2026-01-15T00:00:00,2026,1,2026-03-26T15:22:03.567,,104年1月至115年6月,1,,
4860,臺中市,SP02,2026/01/14,愛肯拿美膚羊肉+蘋果低敏無穀,犬,乾糧,豪翼行銷有限公司,加拿大,"1.申報「品名」及「主要原料及添加物」與包裝標示不符。
2.使用「經(特定單位)檢驗/認證/核可/認可/批准/通過推薦」 詞句或類似詞句，與事實不符或無法提供證明：前揭產品標有「WDJ年年推薦」。",已依中市動稽字第1150001010號函轉高雄市動物保護處,2,2026-01-14T00:00:00,2026,1,2026-03-26T15:22:03.567,,104年1月至115年6月,1,,
4860,臺中市,SP03,2026/01/14,自然本色 全犬種成犬亮白無穀白魚+磷蝦配方,犬,乾糧,三奇國際生物科技有限公司,立陶宛,無,,2,2026-01-14T00:00:00,2026,1,2026-03-26T15:22:03.567,,104年1月至115年6月,1,,
4860,臺中市,SP04,2026/01/14,開放農場自然農選無穀寵糧-野撈季節白魚(全齡貓),貓,乾糧,悠遊國際實業股份有限公司 ,美國,"1.申報「製造或加工業者工廠名稱」與包裝標示不符。
2.使用「經(特定單位)檢驗/認證/核可/認可/批准/通過推薦」 詞句或類似詞句，與事實不符或無法提供證明：前揭產品標有「美國WDJ推薦優良品牌」。",已依中市動稽字第1150000954號函轉臺北市動物保護處,2,2026-01-14T00:00:00,2026,1,2026-03-26T15:22:03.567,,104年1月至115年6月,1,,
4860,臺中市,SP05,2026/01/14,森仕低卡結紮貓無穀雞肉鴨肉,貓,乾糧,博東客企業有限公司,西班牙,無,,2,2026-01-14T00:00:00,2026,1,2026-03-26T15:22:03.567,,104年1月至115年6月,1,,
4860,臺中市,1,2026/01/14,Petio蔬菜雞肉條,犬,零食,韋民企業股份有限公司,日本,未於農業部寵物食品申報網申報,已依中市動稽字第1150001022號函請業者限期改善,2,2026-01-14T00:00:00,2026,1,2026-03-26T15:22:03.567,,104年1月至115年6月,1,,
4860,臺中市,2,2026/01/14,西沙點心 主廚嚴選香軟牛肉切塊口味,犬,零食,台灣瑪氏股份有限公司,日本,無,,2,2026-01-14T00:00:00,2026,1,2026-03-26T15:22:03.567,,104年1月至115年6月,1,,
4860,臺中市,3,2026/01/14,胡蘿蔔起司條,犬,零食,王品寵物用品有限公司,韓國,標示使用「幫助清除毛孩齒垢」疑涉違反不實誇張或易生誤解認定原則。,已依中市動稽字第1150000951號函轉桃園市政府動物保護處,2,2026-01-14T00:00:00,2026,1,2026-03-26T15:22:03.567,,104年1月至115年6月,1,,
4860,臺中市,4,2026/01/14,PURE巧鮮杯-老犬,犬,濕食,雍立貿易股份有限公司,泰國,無,,2,2026-01-14T00:00:00,2026,1,2026-03-26T15:22:03.567,,104年1月至115年6月,1,,
4860,臺中市,5,2026/01/14,上選小牛肉,犬,濕食,王品寵物用品有限公司,澳洲,申報「製造或加工業者工廠名稱」與包裝標示不符。,已依中市動稽字第1150000951號函轉桃園市政府動物保護處,2,2026-01-14T00:00:00,2026,1,2026-03-26T15:22:03.567,,104年1月至115年6月,1,,
4860,臺中市,6,2026/01/14,義大利卓越無穀主食餐包-成犬(兔肉),犬,濕食,品果國際行銷有限公司,義大利,無,,2,2026-01-14T00:00:00,2026,1,2026-03-26T15:22:03.567,,104年1月至115年6月,1,,
4860,臺中市,7,2026/01/14,Canidae良善 全齡犬種-四種肉,犬,乾糧,嵩颺有限公司,美國,無,,2,2026-01-14T00:00:00,2026,1,2026-03-26T15:22:03.567,,104年1月至115年6月,1,,
4860,臺中市,8,2026/01/14,第一盛宴貓 低GI食材,貓,乾糧,豪翼行銷有限公司,加拿大,未於農業部寵物食品申報網申報,已依中市動稽字第1150001017號函請業者限期改善,2,2026-01-14T00:00:00,2026,1,2026-03-26T15:22:03.567,,104年1月至115年6月,1,,
4860,臺中市,9,2026/01/14,紐西蘭貓主食罐-鹿肉配方,貓,濕食,短捲麻股份有限公司,紐西蘭,"1.保存申報「製造或加工業者工廠名稱」與包裝標示不符。
2.申報產品內容未檢附產品外觀照片。
3.使用「符合國際標準」詞句或類似詞句，產品未符合對應標準之要求：前揭寵物食品標有「配方依據AFFCO成貓營養標準設計」，應提供相關佐證資料。",已依中市動稽字第1150001012號函請業者限期改善,2,2026-01-14T00:00:00,2026,1,2026-03-26T15:22:03.567,,104年1月至115年6月,1,,
4860,臺中市,10,2026/01/14,紐西蘭貓主食罐-羊肉配方,貓,濕食,短捲麻股份有限公司,紐西蘭,"1.保存申報「製造或加工業者工廠名稱」與包裝標示不符。
2.申報產品內容未檢附產品外觀照片。
3.使用「符合國際標準」詞句或類似詞句，產品未符合對應標準之要求：前揭寵物食品標有「配方依據AFFCO成貓營養標準設計」，應提供相關佐證資料。",已依中市動稽字第1150001012號函請業者限期改善,2,2026-01-14T00:00:00,2026,1,2026-03-26T15:22:03.567,,104年1月至115年6月,1,,
4860,臺中市,11,2026/01/14,日本三洋 小玉傳說餐包(鰹魚),貓,濕食,老地方國際有限公司,日本,未於農業部寵物食品申報網申報,已依中市動稽字第1150001019號函請業者限期改善,2,2026-01-14T00:00:00,2026,1,2026-03-26T15:22:03.567,,104年1月至115年6月,1,,
4860,臺中市,12,2026/01/14,M6咪芙雞肉泥-雪蟹風味,貓,零食,力高企業社,泰國,申報「產品重量」及「產品外包裝照片」與包裝標示不符。,已依中市動稽字第1150000954號函轉臺北市動物保護處,2,2026-01-14T00:00:00,2026,1,2026-03-26T15:22:03.567,,104年1月至115年6月,1,,
4860,臺中市,13,2026/01/14,鮮嫩雞胸肉佐蟹肉,貓,濕食,八犬國際行銷有限公司,泰國,"1.申報「製造或加工業者工廠名稱」與包裝標示不符。
2.未標示製造(加工)業者電話。",已依中市動稽字第1150000996號函轉新北市政府動物保護防疫處,2,2026-01-14T00:00:00,2026,1,2026-03-26T15:22:03.567,,104年1月至115年6月,1,,
4860,臺中市,14,2026/01/14,日本藍 小魚乾,犬貓,零食,雍立貿易股份有限公司,日本,無,,2,2026-01-14T00:00:00,2026,1,2026-03-26T15:22:03.567,,104年1月至115年6月,1,,
4860,臺中市,15,2026/01/14,AB 饗食無穀低敏罐(雞肉+銀魚),犬貓,濕食,台灣美期有限公司,泰國,製造及有效日期區間逾保存期限3年。,已依中市動稽字第1150000954號函轉臺北市動物保護處,2,2026-01-14T00:00:00,2026,1,2026-03-26T15:22:03.567,,104年1月至115年6月,1,,
4860,臺南市,,2026/01/29,【T.N.A.悠遊】狗狗說Tasty犬用主食罐-鮮雞燉鵪鶉×黑豆,犬,濕糧,悠遊國際實業股份有限公司,台灣,無,,4,2026-01-29T00:00:00,2026,1,2026-03-26T15:22:03.567,,104年1月至115年6月,1,,
4860,臺南市,,2026/01/29,Deli好食狗慕斯主食罐心臟很健康,犬,濕糧,沅慶企業有限公司,台灣,無,,4,2026-01-29T00:00:00,2026,1,2026-03-26T15:22:03.567,,104年1月至115年6月,1,,
4860,臺南市,,2026/01/29,BLOP 呷哺呷哺QQ鴨脆管,犬,零食,金閤股份有限公司,台灣,水分標示與申報不符,移案至新北市卓處,4,2026-01-29T00:00:00,2026,1,2026-03-26T15:22:03.567,,104年1月至115年6月,1,,
4860,臺南市,,2026/01/29,【派斯生活】爆舔GABA兔,犬,零食,派優斯國際有限公司,台灣,無,,4,2026-01-29T00:00:00,2026,1,2026-03-26T15:22:03.567,,104年1月至115年6月,1,,
4860,臺南市,,2026/01/29,貪貪 生態蠶蛹貓主食罐-鮭魚& 雞,貓,濕糧,寶研生技有限公司,台灣,無,,4,2026-01-29T00:00:00,2026,1,2026-03-26T15:22:03.567,,104年1月至115年6月,1,,
4860,臺南市,,2026/01/30,JUST就是鴨肉泥,犬貓,濕糧,台灣艾瑪企業有限公司,台灣,無,,4,2026-01-30T00:00:00,2026,1,2026-03-26T15:22:03.567,,104年1月至115年6月,1,,
4860,臺南市,,2026/01/30,沙發馬鈴薯 Lazy懶蟲系列-黑水虻無穀犬糧,犬,乾糧,碰億馬鈴吉有限公司,台灣,無,,4,2026-01-30T00:00:00,2026,1,2026-03-26T15:22:03.567,,104年1月至115年6月,1,,
4860,臺南市,,2026/01/30,寵愛毛毛-濃鮮蝦仁,犬貓,零食,寵愛毛毛股份有限公司,台灣,無,,4,2026-01-30T00:00:00,2026,1,2026-03-26T15:22:03.567,,104年1月至115年6月,1,,
4860,臺南市,,2026/01/30,派庫廚房 低溫手工烘焙系列 牛肉吉士餅,犬貓,零食,金派庫國際有限公司,台灣,無,,4,2026-01-30T00:00:00,2026,1,2026-03-26T15:22:03.567,,104年1月至115年6月,1,,
4860,臺南市,,2026/01/30,100% SELECT-快樂肉肉-鱉蛋香烤雞,犬,零食,寵物百分百股份有限公司,台灣,無,,4,2026-01-30T00:00:00,2026,1,2026-03-26T15:22:03.567,,104年1月至115年6月,1,,
4860,高雄市,WP001,2026/01/08,犬用寡糖添加野菜餅乾 450g,犬,零食,台灣多格漫商貿股份有限公司,泰國,無,,6,2026-01-08T00:00:00,2026,1,2026-03-26T15:22:03.567,,104年1月至115年6月,1,,
4860,高雄市,WP002,2026/01/08,無穀鮮肉貓餐包-老貓鮪魚綠貽貝,犬,罐頭,聯誠寵物有限公司,泰國,產品標示有誤,移請新北市卓處,6,2026-01-08T00:00:00,2026,1,2026-03-26T15:22:03.567,,104年1月至115年6月,1,,
4860,高雄市,WP003,2026/01/08,王牌天菜-雞肉+鯖魚,貓,罐頭,沛緹雅股份有限公司,泰國,無,,6,2026-01-08T00:00:00,2026,1,2026-03-26T15:22:03.567,,104年1月至115年6月,1,,
4860,高雄市,WP004,2026/01/08,雞肉香濃起司條 100G,貓,零食,王品寵物用品有限公司,韓國,無,,6,2026-01-08T00:00:00,2026,1,2026-03-26T15:22:03.567,,104年1月至115年6月,1,,
4860,高雄市,,2026/01/08,CAT FEET呼嚕愛乾淨 薄荷潔牙餡餅(羊肉口味),貓,零食,台灣美期有限公司,泰國,產品標示有誤,移請臺北市卓處,6,2026-01-08T00:00:00,2026,1,2026-03-26T15:22:03.567,,104年1月至115年6月,1,,
4860,高雄市,,2026/01/08,護眼保健鮪魚餡餅,貓,零食,八犬國際行銷有限公司,奧地利,產品標示有誤,移請新北市卓處,6,2026-01-08T00:00:00,2026,1,2026-03-26T15:22:03.567,,104年1月至115年6月,1,,
4860,高雄市,,2026/01/08,熱浪椰島貓湯包-鮪魚鰹魚,貓,罐頭,聯誠寵物有限公司,泰國,產品標示有誤,移請新北市卓處,6,2026-01-08T00:00:00,2026,1,2026-03-26T15:22:03.567,,104年1月至115年6月,1,,
4860,高雄市,,2026/01/08,Pramy普拉山羊奶初乳+牛磺酸,貓,零食,寵愛國際行銷有限公司,泰國,產品未申報、標示有誤,移請新北市卓處,6,2026-01-08T00:00:00,2026,1,2026-03-26T15:22:03.567,,104年1月至115年6月,1,,
4860,高雄市,,2026/01/08,Pramy普拉香酥脆-鮪魚,貓,零食,寵愛國際行銷有限公司,泰國,產品未申報、標示有誤,移請新北市卓處,6,2026-01-08T00:00:00,2026,1,2026-03-26T15:22:03.567,,104年1月至115年6月,1,,
4860,高雄市,,2026/01/08,Combo北大西洋鮭魚點心棒-原味,貓,零食,韋民企業股份有限公司,奧地利,產品申報、標示有誤,移請新北市卓處,6,2026-01-08T00:00:00,2026,1,2026-03-26T15:22:03.567,,104年1月至115年6月,1,,
4860,高雄市,WP005,2026/01/15,美膚羊肉+蘋果 低敏無穀,犬,乾飼糧,豪翼行銷有限公司,加拿大,無,,6,2026-01-15T00:00:00,2026,1,2026-03-26T15:22:03.567,,104年1月至115年6月,1,,
4860,桃園市,CP001,2026/01/11,"O,Bli! 噢，比利！潔牙點心 - 深海鮭魚+香濃起司(犬用)",狗,零食,品果國際行銷有限公司,韓國,無,,8,2026-01-11T00:00:00,2026,1,2026-03-26T15:22:03.567,,104年1月至115年6月,1,,
4860,桃園市,CP002,2026/01/11,NAS Pro-Vita Lac - 山羊奶粉 (200g),貓,補充品,宜輝企業有限公司,澳大利亞,無,,8,2026-01-11T00:00:00,2026,1,2026-03-26T15:22:03.567,,104年1月至115年6月,1,,
4860,桃園市,CP003,2026/01/11,3002 SHN 皇家小型熟齡犬8+歲齡MNA+8 2KG,狗,乾糧,台灣皇家寵物食品有限公司,韓國,無,,8,2026-01-11T00:00:00,2026,1,2026-03-26T15:22:03.567,,104年1月至115年6月,1,,
4860,桃園市,CP007,2026/01/11,家福超值水煮鮪魚貓食,貓,濕糧,家福股份有限公司,泰國,無,,8,2026-01-11T00:00:00,2026,1,2026-03-26T15:22:03.567,,104年1月至115年6月,1,,
4860,桃園市,CP010,2026/01/11,斯博康®小型成犬鮮鮪活力配方 12473187,狗,乾糧,台灣雀巢股份有限公司,泰國,無,,8,2026-01-11T00:00:00,2026,1,2026-03-26T15:22:03.567,,104年1月至115年6月,1,,
4860,桃園市,CP012,2026/01/12,THE CAT 厚韻貓肉泥-鮭魚,狗,零食,瀚翔寵物有限公司,韓國,無,,8,2026-01-12T00:00:00,2026,1,2026-03-26T15:22:03.567,,104年1月至115年6月,1,,
4860,桃園市,CP009,2026/01/20,Respet Lab 紅蔘益生菌,貓,補充品,東方中宇國際有限公司,韓國,無,,8,2026-01-20T00:00:00,2026,1,2026-03-26T15:22:03.567,,104年1月至115年6月,1,,
4860,桃園市,CP008,2026/01/23,自然牧場—紐西蘭天然零食—起司牛肉塊 60g,狗,零食,澳新美有限公司,紐西蘭,無,,8,2026-01-23T00:00:00,2026,1,2026-03-26T15:22:03.567,,104年1月至115年6月,1,,
4860,桃園市,CP011,2026/01/25,【Water Go】雞肉肉泥罐/140g,貓,濕糧,愛貓園有限公司,泰國,無,,8,2026-01-25T00:00:00,2026,1,2026-03-26T15:22:03.567,,104年1月至115年6月,1,,
4860,桃園市,CP013,2026/01/25,關喜靈(貓) 30粒,貓,補充品,立聖生物科技有限公司,紐西蘭,無,,8,2026-01-25T00:00:00,2026,1,2026-03-26T15:22:03.567,,104年1月至115年6月,1,,
4860,宜蘭縣,BP001,2026/01/20,西莎®點心 主廚嚴選香軟牛肉切塊口味 100g,犬,零食,台灣瑪氏股份有限公司,日本,無,,9,2026-01-20T00:00:00,2026,1,2026-03-26T15:22:03.567,,104年1月至115年6月,1,,
4860,宜蘭縣,,2026/01/20,Hulucatd卡滋化毛潔牙餅-鮪魚,貓,零食,王品寵物用品有限公司,泰國,無,,9,2026-01-20T00:00:00,2026,1,2026-03-26T15:22:03.567,,104年1月至115年6月,1,,
4860,宜蘭縣,BP002,2026/01/20,Friskies喜躍成貓乾糧-香烤燒肉拼盤口味 ,貓,乾飼糧,台灣雀巢股份有限公司,泰國,無,,9,2026-01-20T00:00:00,2026,1,2026-03-26T15:22:03.567,,104年1月至115年6月,1,,
4860,宜蘭縣,,2026/01/20,羊肉鮭魚貓1kg,貓,乾飼糧,加拿大渴望寵物食品股份有限公司,加拿大,無,,9,2026-01-20T00:00:00,2026,1,2026-03-26T15:22:03.567,,104年1月至115年6月,1,,
4860,宜蘭縣,,2026/01/20,Rrannk瑞可營養犬餐盒-雞肉口味,犬,罐頭,統冠生活事業股份有限公司,泰國,無,,9,2026-01-20T00:00:00,2026,1,2026-03-26T15:22:03.567,,104年1月至115年6月,1,,
4860,新竹縣,,2026/02/26,C.C.P機能保健雞肉鬆-腸胃保健(益生菌+魚腥草),犬,補助食品,寵物王國股份有限公司,台灣,未申報,發文要求改善,10,2026-02-26T00:00:00,2026,1,2026-03-26T15:22:03.567,,104年1月至115年6月,1,,
4860,新竹縣,,2026/02/26,台灣牛肋骨,犬貓 ,零食 ,寵鮮灶腳有限公司,台灣,無,,10,2026-02-26T00:00:00,2026,1,2026-03-26T15:22:03.567,,104年1月至115年6月,1,,
4860,新竹縣,,2026/02/26,野性魅力凍乾零食-大西洋鮪魚塊,犬貓 ,零食 ,加拿大野性魅力有限公司,台灣,無,,10,2026-02-26T00:00:00,2026,1,2026-03-26T15:22:03.567,,104年1月至115年6月,1,,
4860,新竹縣,,2026/02/26,袋鼠廚房野生袋鼠小肉餅5,犬貓 ,零食 ,緯豪實業股份有限公司,台灣,無,,10,2026-02-26T00:00:00,2026,1,2026-03-26T15:22:03.567,,104年1月至115年6月,1,,
4860,新竹縣,,2026/02/26,CIAO 啾嚕肉泥-(奢華鮪魚+龍蝦) ,貓,零食 ,強普股份有限公司,日本,無,,10,2026-02-26T00:00:00,2026,1,2026-03-26T15:22:03.567,,104年1月至115年6月,1,,
4860,苗栗縣,EP001,2026/01/08,YOYO愛犬機能餐罐(羊肉醬佐雞肉野菜),犬,罐頭,台灣惜時有限公司,泰國,無,,11,2026-01-08T00:00:00,2026,1,2026-03-26T15:22:03.567,,104年1月至115年6月,1,,
4860,苗栗縣,EP002,2026/01/08,犬用絹紗雞胸肉塊-原味 100g,犬,零食,台灣多格漫商貿股份有限公司,日本,申報資訊有誤(熱量)、「使用及保存方法」申報與包裝標示不符,廠商已修正,11,2026-01-08T00:00:00,2026,1,2026-03-26T15:22:03.567,,104年1月至115年6月,1,,
4860,苗栗縣,EP003,2026/01/08,Rrannk機能主食罐-白身鮪魚+雞肉,貓,罐頭,統冠生活事業股份有限公司,泰國,「營養成分」申報與包裝標示不符,函轉臺中市動物保護防疫處辦理,11,2026-01-08T00:00:00,2026,1,2026-03-26T15:22:03.567,,104年1月至115年6月,1,,
4860,苗栗縣,1150113-01,2026/01/13,深海鮪魚罐170G 鮪魚+雞肉,貓,罐頭,崧曜國際有限公司,泰國,「主要原料及添加物、主要營養成分及含量、使用方法」申報與包裝標示不符,函轉彰化縣動物防疫所辦理,11,2026-01-13T00:00:00,2026,1,2026-03-26T15:22:03.567,,104年1月至115年6月,1,,
4860,苗栗縣,1150113-02,2026/01/13,瑪恩吉 倍愛滿滿蔬果 羊肉+蘋果 主食犬餐盒,犬,罐頭,柏希菲克股份有限公司,義大利,無,,11,2026-01-13T00:00:00,2026,1,2026-03-26T15:22:03.567,,104年1月至115年6月,1,,
4860,彰化縣,,2026/01/13,AB饗食無穀低敏罐（經典雞肉）,全犬貓適用,罐頭,台灣美期有限公司,泰國,無,,12,2026-01-13T00:00:00,2026,1,2026-03-26T15:22:03.567,,104年1月至115年6月,1,,
4860,彰化縣,,2026/01/13,AB饗食無穀低敏罐(鮪魚+鯷魚),全犬貓適用,罐頭,台灣美期有限公司,泰國,無,,12,2026-01-13T00:00:00,2026,1,2026-03-26T15:22:03.567,,104年1月至115年6月,1,,
4860,彰化縣,,2026/01/13,AB饗食無穀低敏罐(經典鮪魚),全犬貓適用,罐頭,台灣美期有限公司,泰國,無,,12,2026-01-13T00:00:00,2026,1,2026-03-26T15:22:03.567,,104年1月至115年6月,1,,
4860,彰化縣,,2026/01/13,GOLDEN CAT健康機能特級金貓餐罐(白身鮪魚+吻仔魚+雞肉),全貓種,罐頭,台灣惜時有限公司,泰國,無,,12,2026-01-13T00:00:00,2026,1,2026-03-26T15:22:03.567,,104年1月至115年6月,1,,
4860,彰化縣,,2026/01/13,GOLDEN CAT健康機能特級金貓餐罐(白身鮪魚+吻仔魚+魚丸),全貓種,罐頭,台灣惜時有限公司,泰國,無,,12,2026-01-13T00:00:00,2026,1,2026-03-26T15:22:03.567,,104年1月至115年6月,1,,
4860,彰化縣,,2026/01/13,GOLDEN CAT健康機能特級金貓餐罐(白身鮪魚+蝦肉+蟹肉),全貓種,罐頭,台灣惜時有限公司,泰國,無,,12,2026-01-13T00:00:00,2026,1,2026-03-26T15:22:03.567,,104年1月至115年6月,1,,
4860,彰化縣,,2026/01/13,海饌貓用罐頭 白身鮪魚&柴魚,全貓種,罐頭,茂捷有限公司,泰國,無,,12,2026-01-13T00:00:00,2026,1,2026-03-26T15:22:03.567,,104年1月至115年6月,1,,
4860,彰化縣,,2026/01/13,海饌貓用罐頭 白身鮪魚&雞肉,全貓種,罐頭,茂捷有限公司,泰國,無,,12,2026-01-13T00:00:00,2026,1,2026-03-26T15:22:03.567,,104年1月至115年6月,1,,
4860,彰化縣,,2026/01/13,海饌貓用罐頭 白身鮪魚&吻仔魚,全貓種,罐頭,茂捷有限公司,泰國,無,,12,2026-01-13T00:00:00,2026,1,2026-03-26T15:22:03.567,,104年1月至115年6月,1,,
4860,彰化縣,,2026/01/13,Hello Fresh好鮮原汁湯罐(清蒸鯖魚),全貓種,罐頭,台灣惜時有限公司,泰國,無,,12,2026-01-13T00:00:00,2026,1,2026-03-26T15:22:03.567,,104年1月至115年6月,1,,
4860,彰化縣,,2026/01/13,Hello Fresh好鮮原汁湯罐(清蒸鮪魚),全貓種,罐頭,台灣惜時有限公司,泰國,無,,12,2026-01-13T00:00:00,2026,1,2026-03-26T15:22:03.567,,104年1月至115年6月,1,,
4860,彰化縣,,2026/01/13,ZE-PM-380　ZEAL真致 紐西蘭犬貓專用鮮乳 (不含乳糖),全犬貓適用,補助食品,嵩颺有限公司,紐西蘭,無,,12,2026-01-13T00:00:00,2026,1,2026-03-26T15:22:03.567,,104年1月至115年6月,1,,
4860,彰化縣,,2026/01/13,沛滋露 犬用香濃軟Ｑ起司條 9條,犬用,零食,宸瑋興業有限公司,日本,無,,12,2026-01-13T00:00:00,2026,1,2026-03-26T15:22:03.567,,104年1月至115年6月,1,,
4860,彰化縣,,2026/01/13,慧心愛犬餅乾－燒烤牛肉風味 100G,犬用,零食,好侶股份有限公司,泰國,無,,12,2026-01-13T00:00:00,2026,1,2026-03-26T15:22:03.567,,104年1月至115年6月,1,,
4860,彰化縣,,2026/01/13,慧心愛犬餅乾－健康蔬果口味 100G,犬用,零食,好侶股份有限公司,泰國,無,,12,2026-01-13T00:00:00,2026,1,2026-03-26T15:22:03.567,,104年1月至115年6月,1,,
4860,彰化縣,,2026/01/13,美味極品大貓罐 鮪魚&雞肉&蟹柳,一歲齡以上貓咪用,罐頭,雄騰國際有限公司,泰國,無,,12,2026-01-13T00:00:00,2026,1,2026-03-26T15:22:03.567,,104年1月至115年6月,1,,
4860,彰化縣,,2026/01/13,美味極品大貓罐 鮪魚&雞肉&干貝,一歲齡以上貓咪用,罐頭,雄騰國際有限公司,泰國,無,,12,2026-01-13T00:00:00,2026,1,2026-03-26T15:22:03.567,,104年1月至115年6月,1,,
4860,彰化縣,,2026/01/13,丹尼爾精緻貓罐170g鮪魚+牛,全成貓,罐頭,長呈實業股份有限公司,泰國,無,,12,2026-01-13T00:00:00,2026,1,2026-03-26T15:22:03.567,,104年1月至115年6月,1,,
4860,彰化縣,,2026/01/13,丹尼爾精緻貓罐170g鮪魚+小魚,全成貓,罐頭,長呈實業股份有限公司,泰國,無,,12,2026-01-13T00:00:00,2026,1,2026-03-26T15:22:03.567,,104年1月至115年6月,1,,
4860,彰化縣,,2026/01/13,丹尼爾精緻貓罐170g鮪魚+雞肉,全成貓,罐頭,長呈實業股份有限公司,泰國,無,,12,2026-01-13T00:00:00,2026,1,2026-03-26T15:22:03.567,,104年1月至115年6月,1,,
4860,彰化縣,,2026/01/13,戀戀貓罐頭170g-鮪魚+蟹肉口味,適用於3~5KG成貓食用,罐頭,全球寵物用品有限公司,泰國,無,,12,2026-01-13T00:00:00,2026,1,2026-03-26T15:22:03.567,,104年1月至115年6月,1,,
4860,彰化縣,,2026/01/13,戀戀貓罐頭170g-鮪魚+雞肉口味,適用於3~5KG成貓食用,罐頭,全球寵物用品有限公司,泰國,無,,12,2026-01-13T00:00:00,2026,1,2026-03-26T15:22:03.567,,104年1月至115年6月,1,,
4860,彰化縣,,2026/01/13,戀戀貓罐頭170g-鮪魚+蝦子口味,適用於3~5KG成貓食用,罐頭,全球寵物用品有限公司,泰國,無,,12,2026-01-13T00:00:00,2026,1,2026-03-26T15:22:03.567,,104年1月至115年6月,1,,
4860,彰化縣,,2026/01/13,席瑞思貓湯罐-鮪魚+蛤蜊,貓,罐頭,福壽實業股份有限公司,泰國,無,,12,2026-01-13T00:00:00,2026,1,2026-03-26T15:22:03.567,,104年1月至115年6月,1,,
4860,彰化縣,,2026/01/13,席瑞思貓湯罐-鮪魚+明太鱈,貓,罐頭,福壽實業股份有限公司,泰國,無,,12,2026-01-13T00:00:00,2026,1,2026-03-26T15:22:03.567,,104年1月至115年6月,1,,
4860,彰化縣,,2026/01/13,Hulucat卡滋化毛潔牙餅-鮭魚,貓,零食,王品寵物用品有限公司,泰國,無,,12,2026-01-13T00:00:00,2026,1,2026-03-26T15:22:03.567,,104年1月至115年6月,1,,
4860,彰化縣,,2026/01/13,Hulucat卡滋化毛潔牙餅-羊肉,貓,零食,王品寵物用品有限公司,泰國,無,,12,2026-01-13T00:00:00,2026,1,2026-03-26T15:22:03.567,,104年1月至115年6月,1,,
4860,彰化縣,,2026/01/13,鮮一番 (鮪魚+鮭魚),貓,罐頭,帝寶興業有限公司,泰國,無,,12,2026-01-13T00:00:00,2026,1,2026-03-26T15:22:03.567,,104年1月至115年6月,1,,
4860,彰化縣,,2026/01/13,鮮一番 (鮪魚+吻仔魚),貓,罐頭,帝寶興業有限公司,泰國,無,,12,2026-01-13T00:00:00,2026,1,2026-03-26T15:22:03.567,,104年1月至115年6月,1,,
4860,彰化縣,,2026/01/13,鮮一番 (鮪魚+鮮蝦),貓,罐頭,帝寶興業有限公司,泰國,無,,12,2026-01-13T00:00:00,2026,1,2026-03-26T15:22:03.567,,104年1月至115年6月,1,,
4860,南投縣,,2026/01/15,Denti健齒 全方位機能潔牙棒(S),犬,潔牙骨,四季全球貿易股份有限公司,韓國,無,,13,2026-01-15T00:00:00,2026,1,2026-03-26T15:22:03.567,,104年1月至115年6月,1,,
4860,南投縣,,2026/01/15,ZIWI巔峰微蒸乾式熟成狗狗鮮肉糧800g-羊肉,犬,乾糧,古迪寵物食品有限公司,紐西蘭,無,,13,2026-01-15T00:00:00,2026,1,2026-03-26T15:22:03.567,,104年1月至115年6月,1,,
4860,南投縣,,2026/01/15,K9 Natural 嚴選羊肉 鮮燉狗無穀主食罐,犬,濕糧,四季全球貿易股份有限公司,紐西蘭,無,,13,2026-01-15T00:00:00,2026,1,2026-03-26T15:22:03.567,,104年1月至115年6月,1,,
4860,南投縣,,2026/01/15,金缶特選濃厚8號-鮪.雞.柴,貓,濕糧,東盈實業股份有限公司,日本,無,,13,2026-01-15T00:00:00,2026,1,2026-03-26T15:22:03.567,,104年1月至115年6月,1,,
4860,南投縣,,2026/01/15,海夫默克 挪威鱈魚魚皮捲 50g,犬,零食,奧也股份有限公司,越南,無,,13,2026-01-15T00:00:00,2026,1,2026-03-26T15:22:03.567,,104年1月至115年6月,1,,
4860,南投縣,,2026/01/15,室內成貓化毛加強配方雞肉口味 400g,貓,乾糧,強普股份有限公司,日本,無,,13,2026-01-15T00:00:00,2026,1,2026-03-26T15:22:03.567,,104年1月至115年6月,1,,
4860,南投縣,,2026/01/15,WELLNESS寵物健康 CORE無穀 成犬 低卡 新鮮火雞肉,犬,乾糧,逸寶國際股份有限公司,美國,未以中文標示適用寵物種類,發函至業者所在縣市動保機關卓處,13,2026-01-15T00:00:00,2026,1,2026-03-26T15:22:03.567,,104年1月至115年6月,1,,
4860,雲林縣,15AIP001,2026/01/22,咪歐啾咪棒-鮪魚羊奶口味肉泥15G（4+1袋裝）,貓,補助食品,好侶股份有限公司,泰國,無,,14,2026-01-22T00:00:00,2026,1,2026-03-26T15:22:03.567,,104年1月至115年6月,1,,
4860,雲林縣,15AIP002,2026/01/22,寶路雞肉包,犬,潔牙骨,台灣瑪氏股份有限公司,泰國,無,,14,2026-01-22T00:00:00,2026,1,2026-03-26T15:22:03.567,,104年1月至115年6月,1,,
4860,雲林縣,15AIP003,2026/01/22,Kent肯特犬罐-雞肉+蔬菜,犬,濕糧/罐頭（水分含量65%以上）,王品寵物用品有限公司,奧地利,無,,14,2026-01-22T00:00:00,2026,1,2026-03-26T15:22:03.567,,104年1月至115年6月,1,,
4860,雲林縣,15AIP004,2026/01/22,PETTY MAN健康雞肉條-炭烤牛排,犬,零食,王品寵物用品有限公司,韓國,無,,14,2026-01-22T00:00:00,2026,1,2026-03-26T15:22:03.567,,104年1月至115年6月,1,,
4860,雲林縣,15AIP005,2026/01/22,"O,Bi噢,比利!軟式潔牙骨-青翠蘋果+清涼薄荷（犬用）",犬,潔牙骨,品果國際行銷有限公司,韓國,無,,14,2026-01-22T00:00:00,2026,1,2026-03-26T15:22:03.567,,104年1月至115年6月,1,,
4860,嘉義縣,,2026/01/22,嘿卡堤 鮮溜肉泥-雞肝,貓,零食,竣百有限公司,泰國,無,,15,2026-01-22T00:00:00,2026,1,2026-03-26T15:22:03.567,,104年1月至115年6月,1,,
4860,嘉義縣,,2026/01/22,Novee-咩咩羊奶潔牙嚼嚼骨,犬,零食,樺隆有限公司,泰國,未依規定申報,移交製造商所在地動保機關處置,15,2026-01-22T00:00:00,2026,1,2026-03-26T15:22:03.567,,104年1月至115年6月,1,,
4860,嘉義縣,,2026/01/22,威比貓咪雞肉羊奶肉泥,貓,零食,威豐國際有限公司,泰國,無,,15,2026-01-22T00:00:00,2026,1,2026-03-26T15:22:03.567,,104年1月至115年6月,1,,
4860,嘉義縣,,2026/01/22,啾嚕迷你肉泥夾心捲(柴魚),犬、貓,零食,台灣稻葉食品股份有限公司,日本,無,,15,2026-01-22T00:00:00,2026,1,2026-03-26T15:22:03.567,,104年1月至115年6月,1,,
4860,嘉義縣,,2026/01/22,咪歐貓罐-雞肝鮪魚口味,貓,濕糧,好侶股份有限公司,泰國,無,,15,2026-01-22T00:00:00,2026,1,2026-03-26T15:22:03.567,,104年1月至115年6月,1,,
4860,屏東縣,,2026/01/15,耐嚼型潔牙棒-培根風味(3支/包),犬,潔牙骨,進口商-竣百有限公司,泰國,無,,16,2026-01-15T00:00:00,2026,1,2026-03-26T15:22:03.567,,104年1月至115年6月,1,,
4860,屏東縣,,2026/01/15,咬著玩潔牙骨-炭燒雞肝L,犬,潔牙骨,進口商-茂捷有限公司,泰國,製造及有效日期不符、保存期限標示不實,於115年1月19日以屏府農動字第1150018273號函移請新北市政府動物保護防疫處依規定查處,16,2026-01-15T00:00:00,2026,1,2026-03-26T15:22:03.567,,104年1月至115年6月,1,,
4860,屏東縣,,2026/01/15,咬著玩潔牙骨-深海鮪魚L,犬,潔牙骨,進口商-茂捷有限公司,泰國,製造及有效日期不符、保存期限標示不實,於115年1月19日以屏府農動字第1150018273號函移請新北市政府動物保護防疫處依規定查處,16,2026-01-15T00:00:00,2026,1,2026-03-26T15:22:03.567,,104年1月至115年6月,1,,
4860,屏東縣,,2026/01/15,咬著玩潔牙骨-炭烤小羊肉L,犬,潔牙骨,進口商-茂捷有限公司,泰國,製造及有效日期不符、保存期限標示不實,於115年1月19日以屏府農動字第1150018273號函移請新北市政府動物保護防疫處依規定查處,16,2026-01-15T00:00:00,2026,1,2026-03-26T15:22:03.567,,104年1月至115年6月,1,,
4860,屏東縣,,2026/01/15,咬著玩潔牙骨-岩燒牛肉L,犬,潔牙骨,進口商-茂捷有限公司,泰國,製造及有效日期不符、保存期限標示不實,於115年1月19日以屏府農動字第1150018273號函移請新北市政府動物保護防疫處依規定查處,16,2026-01-15T00:00:00,2026,1,2026-03-26T15:22:03.567,,104年1月至115年6月,1,,
4860,屏東縣,,2026/01/15,咬著玩潔牙骨-雞肉+起司L,犬,潔牙骨,進口商-茂捷有限公司,泰國,製造及有效日期不符、保存期限標示不實,於115年1月19日以屏府農動字第1150018273號函移請新北市政府動物保護防疫處依規定查處,16,2026-01-15T00:00:00,2026,1,2026-03-26T15:22:03.567,,104年1月至115年6月,1,,
4860,屏東縣,,2026/01/15,咬著玩潔牙骨-炙燒雞肉L,犬,潔牙骨,進口商-茂捷有限公司,泰國,製造及有效日期不符、保存期限標示不實,於115年1月19日以屏府農動字第1150018273號函移請新北市政府動物保護防疫處依規定查處,16,2026-01-15T00:00:00,2026,1,2026-03-26T15:22:03.567,,104年1月至115年6月,1,,
4860,屏東縣,,2026/01/20,芙爾莎日常精選魚配方(成貓),貓,乾飼糧,進口商-百羚生技有限公司,義大利,無,,16,2026-01-20T00:00:00,2026,1,2026-03-26T15:22:03.567,,104年1月至115年6月,1,,
4860,屏東縣,,2026/01/20,芙爾莎低過敏性配方(貓),貓,乾飼糧,進口商-百羚生技有限公司,義大利,無,,16,2026-01-20T00:00:00,2026,1,2026-03-26T15:22:03.567,,104年1月至115年6月,1,,
4860,屏東縣,,2026/01/20,芙爾莎消化/排便調理配方(貓),貓,乾飼糧,進口商-百羚生技有限公司,義大利,無,,16,2026-01-20T00:00:00,2026,1,2026-03-26T15:22:03.567,,104年1月至115年6月,1,,
4860,屏東縣,,2026/01/20,芙爾莎消化/排便調理一期配方(犬),犬,乾飼糧,進口商-百羚生技有限公司,義大利,無,,16,2026-01-20T00:00:00,2026,1,2026-03-26T15:22:03.567,,104年1月至115年6月,1,,
4860,屏東縣,,2026/01/20,芙爾莎超級皮膚配方(犬),犬,乾飼糧,進口商-百羚生技有限公司,義大利,無,,16,2026-01-20T00:00:00,2026,1,2026-03-26T15:22:03.567,,104年1月至115年6月,1,,
4860,屏東縣,,2026/01/20,芙爾莎腎臟配方(犬),犬,乾飼糧,進口商-百羚生技有限公司,義大利,無,,16,2026-01-20T00:00:00,2026,1,2026-03-26T15:22:03.567,,104年1月至115年6月,1,,
4860,屏東縣,,2026/01/20,芙爾莎關節配方(成犬),犬,乾飼糧,進口商-百羚生技有限公司,義大利,無,,16,2026-01-20T00:00:00,2026,1,2026-03-26T15:22:03.567,,104年1月至115年6月,1,,
4860,臺東縣,,2026/01/30,維奇犬罐 雞肉+肝 (80g),犬,罐頭,峻百有限公司,泰國,無,,17,2026-01-30T00:00:00,2026,1,2026-03-26T15:22:03.567,,104年1月至115年6月,1,,
4860,臺東縣,,2026/01/30,超越巔峰全方位狗主食餐 嫩雞(85g),犬,罐頭,王品寵物用品有限公司,馬來西亞,無,,17,2026-01-30T00:00:00,2026,1,2026-03-26T15:22:03.567,,104年1月至115年6月,1,,
4860,臺東縣,,2026/01/30,咪歐超級主食罐 雞肉 鮪魚(170g),貓,罐頭,好侶股份有限公司,泰國,無,,17,2026-01-30T00:00:00,2026,1,2026-03-26T15:22:03.567,,104年1月至115年6月,1,,
4860,臺東縣,,2026/01/30,加好寶 遠洋鮪魚大餐(170g),貓,罐頭,好侶股份有限公司,泰國,無,,17,2026-01-30T00:00:00,2026,1,2026-03-26T15:22:03.567,,104年1月至115年6月,1,,
4860,臺東縣,,2026/01/30,Mr. Bone 多效潔牙骨(95g),犬,潔牙骨,品來國際行銷有限公司,新加坡,無,,17,2026-01-30T00:00:00,2026,1,2026-03-26T15:22:03.567,,104年1月至115年6月,1,,
4860,花蓮縣,,2026/01/19,柏萊富 功能性 腸胃保健配方(鮭魚+糙米),犬 ,乾飼糧,柏希菲克股份有限公司,美國,無,,18,2026-01-19T00:00:00,2026,1,2026-03-26T15:22:03.567,,104年1月至115年6月,1,,
4860,花蓮縣,,2026/01/19,天然密碼 永恆無穀主食罐(鳳梨),貓,罐頭,廣湛有限公司,泰國,標示有誤,移送責任廠商所在地管轄機關卓處,18,2026-01-19T00:00:00,2026,1,2026-03-26T15:22:03.567,,104年1月至115年6月,1,,
4860,花蓮縣,,2026/01/19,芮格爾天然寵糧-全齡犬-無穀水牛肉,犬 ,乾飼糧,聯誠寵物有限公司,美國,標示有誤,移送責任廠商所在地管轄機關卓處,18,2026-01-19T00:00:00,2026,1,2026-03-26T15:22:03.567,,104年1月至115年6月,1,,
4860,花蓮縣,,2026/01/19,澳野守護無穀主食成貓餐包室內化毛配方,貓,罐頭,維逸有限公司,澳洲,標示有誤,移送責任廠商所在地管轄機關卓處,18,2026-01-19T00:00:00,2026,1,2026-03-26T15:22:03.567,,104年1月至115年6月,1,,
4860,花蓮縣,,2026/01/19,貓倍麗成貓乾糧海鮮拼盤泌尿保健配方 450g,貓,乾飼糧,台灣雀巢股份有限公司,泰國,無,,18,2026-01-19T00:00:00,2026,1,2026-03-26T15:22:03.567,,104年1月至115年6月,1,,
4860,澎湖縣,PP001,2026/01/12,GOLDEN CAT健康機能特級金貓大罐(純白身鮪魚),貓,罐頭,台灣惜食有限公司,泰國,無,,19,2026-01-12T00:00:00,2026,1,2026-03-26T15:22:03.567,,104年1月至115年6月,1,,
4860,澎湖縣,PP002,2026/01/12,MyCat我的貓 (雞肉+鮪魚 11) 5號機能餐,貓,罐頭,台灣惜食有限公司,泰國,無,,19,2026-01-12T00:00:00,2026,1,2026-03-26T15:22:03.567,,104年1月至115年6月,1,,
4860,澎湖縣,PP003,2026/01/12,莫比自然食 雞肉&米 低卡成貓化毛配方,貓,乾飼糧,博東客企業有限公司,美國,無,,19,2026-01-12T00:00:00,2026,1,2026-03-26T15:22:03.567,,104年1月至115年6月,1,,
4860,澎湖縣,PP004,2026/01/12,S3 咪芙好鮮餐包-鮪魚鮭魚濃湯,貓,罐頭,博東客企業有限公司,泰國,無,,19,2026-01-12T00:00:00,2026,1,2026-03-26T15:22:03.567,,104年1月至115年6月,1,,
4860,澎湖縣,PP005,2026/01/12,Litö ! 輕肉泥 純鮪魚(維他命D3添加),貓,零食、潔牙骨,怪獸製造有限公司,泰國,無,,19,2026-01-12T00:00:00,2026,1,2026-03-26T15:22:03.567,,104年1月至115年6月,1,,
4860,基隆市,,2026/01/23,喵嚕貓用肉泥條(鮭魚)5入,貓,零食,玉美生技股份有限公司,日本,包裝營養成分含量與申報網資料不符,通知業者限期改善,20,2026-01-23T00:00:00,2026,1,2026-03-26T15:22:03.567,,104年1月至115年6月,1,,
4860,基隆市,,2026/01/23,Boby特級機能愛犬餐罐(角切牛肉& 鵪鶉蛋& 南瓜),犬,罐頭,台灣惜時有限公司,泰國,無,,20,2026-01-23T00:00:00,2026,1,2026-03-26T15:22:03.567,,104年1月至115年6月,1,,
4860,基隆市,,2026/01/23,銀湯匙三明治脆餅海鮮,貓,零食,嬌聯股份有限公司,日本,無,,20,2026-01-23T00:00:00,2026,1,2026-03-26T15:22:03.567,,104年1月至115年6月,1,,
4860,基隆市,,2026/01/23,BOWWOW 雞肉香濃起司條 100G,犬,零食,王品寵物用品有限公司,韓國,無,,20,2026-01-23T00:00:00,2026,1,2026-03-26T15:22:03.567,,104年1月至115年6月,1,,
4860,基隆市,,2026/01/23,花田太郎狗餐包100g-羊肉+起司風味,犬,罐頭,凱璜實業有限公司,泰國,無,,20,2026-01-23T00:00:00,2026,1,2026-03-26T15:22:03.567,,104年1月至115年6月,1,,
4860,新竹市,RP115001,2026/01/21,嘿囉 最接近鮮食的乾糧 Halo holistic ,成貓,乾糧,盛貿股份有限公司,美國,無,,21,2026-01-21T00:00:00,2026,1,2026-03-26T15:22:03.567,,104年1月至115年6月,1,,
4860,新竹市,RP115002,2026/01/21,天然密碼.低敏雞肉 Nourish Life,室內貓&絕育貓,乾糧,廣湛有限公司,美國,無,,21,2026-01-21T00:00:00,2026,1,2026-03-26T15:22:03.567,,104年1月至115年6月,1,,
4860,新竹市,RP115003,2026/01/21,亞米亞米 美味牛肉角燒大餐 YAMI YAMI Beef Flavor,犬,濕糧,沛特國際股份有限公司,泰國,無,,21,2026-01-21T00:00:00,2026,1,2026-03-26T15:22:03.567,,104年1月至115年6月,1,,
4860,新竹市,RP115004,2026/01/21,元氣家族-美味雞肉罐(肉排罐),犬,濕糧,韋民企業股份有限公司,義大利,無,,21,2026-01-21T00:00:00,2026,1,2026-03-26T15:22:03.567,,104年1月至115年6月,1,,
4860,新竹市,RP115005,2026/01/21,喵嚕 貓用肉泥條(鰹魚),貓,零食,玉美生技股份有限公司,日本東京,無,,21,2026-01-21T00:00:00,2026,1,2026-03-26T15:22:03.567,,104年1月至115年6月,1,,
4860,嘉義市,TP001,2026/01/15,海陸饗宴荒野鴨肉火雞肉配方,犬,乾飼料,博東客企業有限公司,美國,無,,22,2026-01-15T00:00:00,2026,1,2026-03-26T15:22:03.567,,104年1月至115年6月,1,,
4860,嘉義市,TP002,2026/01/15,野性魅力幼貓配方1公斤,貓,乾飼料,加拿大野性魅力有限公司,加拿大,無,,22,2026-01-15T00:00:00,2026,1,2026-03-26T15:22:03.567,,104年1月至115年6月,1,,
4860,嘉義市,,2026/01/15,好好愛益生菌,犬,補充品,鎰澄國際有限公司,,未申報,請業者限期改善,22,2026-01-15T00:00:00,2026,1,2026-03-26T15:22:03.567,,104年1月至115年6月,1,,
4860,嘉義市,,2026/01/15,毛孩專科排毛粉貓草口味,貓,補充品,志飛企業有限公司,台灣,無,,22,2026-01-15T00:00:00,2026,1,2026-03-26T15:22:03.567,,104年1月至115年6月,1,,
4860,嘉義市,,2026/01/15,肉嗨吃(貓) 豬腿+鱉蛋,貓,零食,宜輝企業有限公司,台灣,無,,22,2026-01-15T00:00:00,2026,1,2026-03-26T15:22:03.567,,104年1月至115年6月,1,,
4860,嘉義市,,2026/01/15,德國竣寶貓草錠,貓,零食,八大國際行銷有限公司,德國,無,,22,2026-01-15T00:00:00,2026,1,2026-03-26T15:22:03.567,,104年1月至115年6月,1,,
4860,金門縣,YP061,2026/02/13,西莎®點心 低脂雞胸培根切片口味 80g,犬,零食,"Kyushu Pet Food Co.， Ltd./
台灣瑪氏股份有限公司",日本,無,,23,2026-02-13T00:00:00,2026,1,2026-03-26T15:22:03.567,,104年1月至115年6月,1,,
4860,金門縣,YP062,2026/02/13,偉嘉妙鮮包 鯖魚及鮭魚四入裝 4x80g,貓,罐頭、濕糧,"Mars Petcare (Thailand) Co., Ltd/
台灣瑪氏股份有限公司",泰國,無,,23,2026-02-13T00:00:00,2026,1,2026-03-26T15:22:03.567,,104年1月至115年6月,1,,
4860,金門縣,YP063,2026/02/13,寶路罐頭 牛肉口味 400g,犬,罐頭、濕糧,"Mars Petcare Australia (WOD)/
台灣瑪氏股份有限公司",澳洲,無,,23,2026-02-13T00:00:00,2026,1,2026-03-26T15:22:03.567,,104年1月至115年6月,1,,
4860,金門縣,YP064,2026/02/13,西莎精緻餐盒 雞肉6入裝 6x100g,犬,濕糧,"Mars Petcare Australia (WOD)/
台灣瑪氏股份有限公司",澳洲,無,,23,2026-02-13T00:00:00,2026,1,2026-03-26T15:22:03.567,,104年1月至115年6月,1,,
4860,金門縣,YP065,2026/02/13,"偉嘉®乾糧 化毛配方 
鮪魚(吞拿魚)及雞肉口味 450g",貓,乾飼糧,"Mars Petcare (Thailand) Co., Ltd./
台灣瑪氏股份有限公司",泰國,無,,23,2026-02-13T00:00:00,2026,1,2026-03-26T15:22:03.567,,104年1月至115年6月,1,,
4860,連江縣,XP061,2026/01/30,西莎Cesar-犬罐頭-野菜牛肉口味(100g*1罐),犬,罐頭,台灣瑪氏Mars Petcare/進口,澳洲,無,,24,2026-01-30T00:00:00,2026,1,2026-03-26T15:22:03.567,,104年1月至115年6月,1,,
4860,連江縣,XP062,2026/01/30,西莎Cesar-犬罐頭-雞肉口味(100g*1罐),犬,罐頭,台灣瑪氏Mars Petcare/進口,澳洲,無,,24,2026-01-30T00:00:00,2026,1,2026-03-26T15:22:03.567,,104年1月至115年6月,1,,
4860,連江縣,XP063,2026/01/30,喵樂貓罐頭-雞肉口味(80g*1罐),貓,罐頭,艾澌克企業股份有限公司/進口,泰國,無,,24,2026-01-30T00:00:00,2026,1,2026-03-26T15:22:03.567,,104年1月至115年6月,1,,
4860,連江縣,XP064,2026/01/30,偉嘉whiskas-什錦珍味雞肉鮪魚真空包(70g*1包),貓,罐頭(真空包),台灣瑪氏Mars Petcare/進口,泰國,無,,24,2026-01-30T00:00:00,2026,1,2026-03-26T15:22:03.567,,104年1月至115年6月,1,,
4860,連江縣,XP065,2026/01/30,偉嘉whiskas-貓用乾糧-海洋魚類口味(1.2kg*1包),貓,乾糧,瑪氏食品Mars Petcare(Thailand)/進口,泰國,無,,24,2026-01-30T00:00:00,2026,1,2026-03-26T15:22:03.567,,104年1月至115年6月,1,,
4860,新北市,AP004,2026/02/06,唯寶機能潔牙餅-美毛護膚配方,貓,零食,品果國際行銷有限公司,泰國,"1.未標示製造商名稱/地址/電話
2.申報網業者名稱與包裝不符
3.有效日期標示錯誤",轉桃園市政府動物保護處卓處,0,2026-02-06T00:00:00,2026,2,2026-04-09T10:57:16.243,,104年1月至115年6月,1,,
4860,新北市,AP005,2026/02/06,佛跳牆80g－翡翠燉雞,貓,罐頭,怪獸製造有限公司,泰國,無,無,0,2026-02-06T00:00:00,2026,2,2026-04-09T10:57:16.243,,104年1月至115年6月,1,,
4860,新北市,AP006,2026/02/06,牛奶牛皮骨結4吋-210g,犬,潔牙骨,台灣愛邦仕實業股份有限公司,中國,無,無,0,2026-02-06T00:00:00,2026,2,2026-04-09T10:57:16.243,,104年1月至115年6月,1,,
4860,新北市,,2026/02/06,SP587 超級SP補水炸彈湯罐-白身鮪魚,貓,罐頭,壹士達寵物有限公司,泰國,"1.有效日期標示錯誤
2.申報網製造業者名稱與包裝不符",轉臺南市政府動物保護處卓處,0,2026-02-06T00:00:00,2026,2,2026-04-09T10:57:16.243,,104年1月至115年6月,1,,
4860,新北市,,2026/02/06,倍力康大貓罐400克 鮪魚&蟹柳,貓,罐頭,雄騰國際有限公司,泰國,無,,0,2026-02-06T00:00:00,2026,2,2026-04-09T10:57:16.243,,104年1月至115年6月,1,,
4860,新北市,,2026/02/06,優格零穀全齡貓 鮭魚配方 2.5lb,貓,乾飼糧,艾澌克企業股份有限公司,加拿大,無,,0,2026-02-06T00:00:00,2026,2,2026-04-09T10:57:16.243,,104年1月至115年6月,1,,
4860,新北市,,2026/02/06,2521 FHN 皇家腸胃敏感成貓S33 2KG,貓,乾飼糧,台灣皇家寵物食品有限公司,韓國,無,,0,2026-02-06T00:00:00,2026,2,2026-04-09T10:57:16.243,,104年1月至115年6月,1,,
4860,新北市,,2026/02/06,冠能成貓鮮鮭室內化毛配方 12432545,貓,乾飼糧,台灣雀巢股份有限公司,美國,無,,0,2026-02-06T00:00:00,2026,2,2026-04-09T10:57:16.243,,104年1月至115年6月,1,,
4860,新北市,,2026/02/06,原野優越無穀糧-農場低敏無穀貓,貓,乾飼糧,王品寵物用品有限公司,美國,無,,0,2026-02-06T00:00:00,2026,2,2026-04-09T10:57:16.243,,104年1月至115年6月,1,,
4860,新北市,,2026/02/06,K193 喵洽普 貓咪肉泥-雞肉 & 蔓越莓,貓,零食,壹士達寵物有限公司,韓國,無,,0,2026-02-06T00:00:00,2026,2,2026-04-09T10:57:16.243,,104年1月至115年6月,1,,
4860,新北市,,2026/02/06,"5""雙色脆皮棒12入",犬,零食,沛貝兒有限公司,泰國,未申報,發文業者限期改善,0,2026-02-06T00:00:00,2026,2,2026-04-09T10:57:16.243,,104年1月至115年6月,1,,
4860,新北市,,2026/02/06,"O,Bli! 噢，比利！軟式潔牙骨 - 清爽藍莓+酸甜蔓越莓(犬用)",犬,零食,品果國際行銷有限公司,韓國,主要營養成分及含量（磷）與包裝不符,轉桃園市政府動物保護處卓處,0,2026-02-06T00:00:00,2026,2,2026-04-09T10:57:16.243,,104年1月至115年6月,1,,
4860,新北市,,2026/02/06,A★star 潔牙配方無穀狗糧 (雞肉+牛肉),犬,乾飼糧,台灣愛邦仕實業股份有限公司,澳洲/新加坡,"1.主要營養成分及含量與包裝不符
2.申報網製造商名稱與包裝不符（僅放澳洲製造商）",轉基隆市動物保護防疫所,0,2026-02-06T00:00:00,2026,2,2026-04-09T10:57:16.243,,104年1月至115年6月,1,,
4860,新北市,,2026/02/06,義大利啟蒙主食狗罐-鮪魚+鮭魚,犬,罐頭,品果國際行銷有限公司,義大利,無,,0,2026-02-06T00:00:00,2026,2,2026-04-09T10:57:16.243,,104年1月至115年6月,1,,
4860,新北市,,2026/02/06,奧地利WILD CALLING犬罐415g-雞肉+蔬菜,犬,罐頭,八犬國際行銷有限公司,奧地利,未標示製造商名稱/地址/電話,發文業者限期改善,0,2026-02-06T00:00:00,2026,2,2026-04-09T10:57:16.243,,104年1月至115年6月,1,,
4860,臺北市,VP005,2026/02/11,歐睿健ORIJEN 鮮雞愛貓 無穀配方(野牧鮮雞+野生漁獲),貓,乾糧,瀚翔寵物有限公司,加拿大,無,無,1,2026-02-11T00:00:00,2026,2,2026-04-09T10:57:16.243,,104年1月至115年6月,1,,
4860,臺北市,VP006,2026/02/11,純境 無穀全齡犬糧-澳洲袋鼠肉+凍乾,犬,乾糧,品果國際行銷有限公司,澳洲,無,無,1,2026-02-11T00:00:00,2026,2,2026-04-09T10:57:16.243,,104年1月至115年6月,1,,
4860,臺北市,VP007,2026/02/11,澳洲新艾莎餐盒-肝醬小牛肉,犬,罐頭,王品寵物用品有限公司,澳洲,無,無,1,2026-02-11T00:00:00,2026,2,2026-04-09T10:57:16.243,,104年1月至115年6月,1,,
4860,臺北市,VP008,2026/02/11,妙喵主食軟包24號-精選魚類,貓,零食,東盈實業股份有限公司,泰國,無,無,1,2026-02-11T00:00:00,2026,2,2026-04-09T10:57:16.243,,104年1月至115年6月,1,,
4860,臺北市,,2026/02/11,索美達低溫烘焙糧+鮮食肉片狗狗餐-紐西蘭草飼牛肉&羊肉,犬,乾糧,品果國際行銷有限公司,紐西蘭,有效日期標示錯誤,移請桃園市政府動物保護處卓處,1,2026-02-11T00:00:00,2026,2,2026-04-09T10:57:16.243,,104年1月至115年6月,1,,
4860,臺北市,,2026/02/11,BOWWOW 愛貓鮭魚點心棒,貓,零食,王品寵物用品有限公司,韓國,未標示保存方法及條件,移請桃園市政府動物保護處卓處,1,2026-02-11T00:00:00,2026,2,2026-04-09T10:57:16.243,,104年1月至115年6月,1,,
4860,臺北市,,2026/02/11,銀湯匙貓餐包鮪魚15歲,貓,濕糧,嬌聯股份有限公司,泰國,有效日期標示錯誤,移請新北市政府動物保護防疫處卓處,1,2026-02-11T00:00:00,2026,2,2026-04-09T10:57:16.243,,104年1月至115年6月,1,,
4860,臺北市,,2026/02/11,犬用Hello起司條17入經濟包,犬,零食,台灣多格漫商貿股份有限公司,日本,無,無,1,2026-02-11T00:00:00,2026,2,2026-04-09T10:57:16.243,,104年1月至115年6月,1,,
4860,臺北市,,2026/02/11,法麗 全照護主食罐- 雞肉佐南瓜慕斯,貓,罐頭,派脆客有限公司,泰國,無,無,1,2026-02-11T00:00:00,2026,2,2026-04-09T10:57:16.243,,104年1月至115年6月,1,,
4860,臺北市,,2026/02/11,LIVIN WILD 野宴 無穀犬糧-草飼牛& 野牧山羊,犬,乾糧,悠遊國際實業股份有限公司,紐西蘭,無,無,1,2026-02-11T00:00:00,2026,2,2026-04-09T10:57:16.243,,104年1月至115年6月,1,,
4860,臺北市,,2026/02/11,RR凍乾主食-袋鼠,犬、貓,乾糧,傑樂比國際貿易有限公司,澳洲,無,無,1,2026-02-11T00:00:00,2026,2,2026-04-09T10:57:16.243,,104年1月至115年6月,1,,
4860,臺北市,,2026/02/11,Shinycat 德國竣寶經典貓罐-鮮嫩雞胸肉雞湯罐,貓,罐頭,八犬國際行銷有限公司,泰國,無,無,1,2026-02-11T00:00:00,2026,2,2026-04-09T10:57:16.243,,104年1月至115年6月,1,,
4860,臺北市,,2026/02/11,"O,Bli! 噢，比利！頂級機能軟飼料 - 關節配方 (犬用)",犬,半溼性飼糧,品果國際行銷有限公司,韓國,無,無,1,2026-02-11T00:00:00,2026,2,2026-04-09T10:57:16.243,,104年1月至115年6月,1,,
4860,臺北市,,2026/02/11,澳野-守護無穀主食成犬餐盒-袋鼠 活力防護配方,犬,罐頭,維逸有限公司,澳洲,無,無,1,2026-02-11T00:00:00,2026,2,2026-04-09T10:57:16.243,,104年1月至115年6月,1,,
4860,臺北市,,2026/02/11,PETTY MAN 健康雞肉條-高纖蔬菜,犬,零食,王品寵物用品有限公司,韓國,無,無,1,2026-02-11T00:00:00,2026,2,2026-04-09T10:57:16.243,,104年1月至115年6月,1,,
4860,臺中市,SP006,2026/01/28,森仕成犬小顆粒無穀羊肉,犬,乾糧,博東客企業有限公司,西班牙,無,無,2,2026-01-28T00:00:00,2026,2,2026-04-09T10:57:16.243,,104年1月至115年6月,1,,
4860,臺中市,SP007,2026/01/28,鮮鮪鮮蝦青花魚白金主食餐,貓,濕食,沛特國際股份有限公司,泰國,無,無,2,2026-01-28T00:00:00,2026,2,2026-04-09T10:57:16.243,,104年1月至115年6月,1,,
4860,臺中市,SP008,2026/01/28,室內成貓低鎂泌尿道維護配方 雞肉口味,貓,乾糧,強普股份有限公司,日本,未標示保存期限。,已依中市動稽字第1150001706號函轉新北市政府動物保護防疫處,2,2026-01-28T00:00:00,2026,2,2026-04-09T10:57:16.243,,104年1月至115年6月,1,,
4860,臺中市,,2026/01/28,英迪格機能有機犬糧 皮膚&腸道配方,犬,乾糧,寵兒商貿有限公司,韓國,無,無,2,2026-01-28T00:00:00,2026,2,2026-04-09T10:57:16.243,,104年1月至115年6月,1,,
4860,臺中市,,2026/01/28,本牧 紐西蘭 太平洋鯖魚 成犬無穀糧,犬,乾糧,奧也股份有限公司,紐西蘭,申報「製造或加工業者工廠名稱」與包裝標示不符。,已依中市動稽字第1150001706號函轉新北市政府動物保護防疫處,2,2026-01-28T00:00:00,2026,2,2026-04-09T10:57:16.243,,104年1月至115年6月,1,,
4860,臺中市,,2026/01/28,皇冠精緻犬罐 雞肉+羊肉,犬,濕食,皇冠國際企業有限公司,泰國,申報「主要原料及添加物」及「主要營養成分及含量」與包裝標示不符。,已依中市動稽字第1150001932號函轉臺北市動物保護處,2,2026-01-28T00:00:00,2026,2,2026-04-09T10:57:16.243,,104年1月至115年6月,1,,
4860,臺中市,,2026/01/28,皇冠精緻犬罐 雞肉,犬,濕食,皇冠國際企業有限公司,泰國,製造及有效日期區間逾包裝所標示保存期限。,已依中市動稽字第1150001932號函轉臺北市動物保護處,2,2026-01-28T00:00:00,2026,2,2026-04-09T10:57:16.243,,104年1月至115年6月,1,,
4860,臺中市,,2026/01/28,毛好食GOOD GOOD MEAT雞肉脆片,犬,零食,飛起來行銷股份有限公司,台灣,無,無,2,2026-01-28T00:00:00,2026,2,2026-04-09T10:57:16.243,,104年1月至115年6月,1,,
4860,臺中市,,2026/01/28,犬方位咔咔雞胸肉片,犬,零食,雲鏈實業有限公司,台灣,未標示保存期限。,已依中市動稽字第1150001944號函轉臺南市動物保護防疫處,2,2026-01-28T00:00:00,2026,2,2026-04-09T10:57:16.243,,104年1月至115年6月,1,,
4860,臺中市,,2026/01/28,美味雞胗,犬,零食,茂捷有限公司,台灣,無,無,2,2026-01-28T00:00:00,2026,2,2026-04-09T10:57:16.243,,104年1月至115年6月,1,,
4860,臺中市,,2026/01/28,牛肉亞麻子條,犬,零食,茂捷有限公司,台灣,申報「主要原料及添加物」及「產品外觀照片」與包裝標示不符。,已依中市動稽字第1150001706號函轉新北市政府動物保護防疫處,2,2026-01-28T00:00:00,2026,2,2026-04-09T10:57:16.243,,104年1月至115年6月,1,,
4860,臺中市,,2026/01/28,英迪格機能有機貓糧 泌尿&腸道配方,貓,乾糧,寵兒商貿有限公司,韓國,無,無,2,2026-01-28T00:00:00,2026,2,2026-04-09T10:57:16.243,,104年1月至115年6月,1,,
4860,臺中市,,2026/01/28,金牌無穀 全齡貓配方 鱈魚+鴨肉,貓,乾糧,東盈實業股份有限公司,美國,無,無,2,2026-01-28T00:00:00,2026,2,2026-04-09T10:57:16.243,,104年1月至115年6月,1,,
4860,臺中市,,2026/01/28,金牌無穀 成貓化毛配方 雞肉+鱈魚,貓,乾糧,東盈實業股份有限公司,美國,無,無,2,2026-01-28T00:00:00,2026,2,2026-04-09T10:57:16.243,,104年1月至115年6月,1,,
4860,臺中市,,2026/01/28,化毛大貓罐 鮪魚&牛肉,貓,濕食,雄騰國際有限公司,泰國,未於農業部寵物食品申報網申報,已依中市動稽字第1150002018號函請業者限期改善,2,2026-01-28T00:00:00,2026,2,2026-04-09T10:57:16.243,,104年1月至115年6月,1,,
4860,臺中市,,2026/01/28,化毛大貓罐 鮪魚&蟹柳&起司,貓,濕食,雄騰國際有限公司,泰國,申報「業者名稱」、「主要原料及添加物」及「主要營養成分及含量」與包裝標示不符。,已依中市動稽字第1150001706號函轉新北市政府動物保護防疫處,2,2026-01-28T00:00:00,2026,2,2026-04-09T10:57:16.243,,104年1月至115年6月,1,,
4860,臺中市,,2026/01/28,鮪魚青花魚活力餐,貓,濕食,沛特國際股份有限公司,泰國,"1.申報「主要原料及添加物」與包裝標示不符。
2.製造及有效日期區間逾包裝所標示保存期限。",已依中市動稽字第1150001706號函轉新北市政府動物保護防疫處,2,2026-01-28T00:00:00,2026,2,2026-04-09T10:57:16.243,,104年1月至115年6月,1,,
4860,臺中市,,2026/01/28,毛孩站起來 軟罐頭 全齡貓主食包 鵪鶉口味,貓,濕食,飛起來行銷股份有限公司,台灣,使用「符合國際標準」詞句或類似詞句，產品未符合對應標準之要求：前揭寵物食品標有「遵循AFFCO、NRC、fediaf多國權威營養標準」，應提供相關佐證資料。,已依中市動稽字第1150001944號函轉臺南市動物保護防疫處,2,2026-01-28T00:00:00,2026,2,2026-04-09T10:57:16.243,,104年1月至115年6月,1,,
4860,臺中市,SP009,2026/02/03,DPF愛犬食品-犬威配方,犬,乾糧,伊必富實業商行,台灣,"1.申報「品名」與包裝標示不符。
2.使用「符合國際標準」詞句或類似詞句，產品未符合對應標準之要求：前揭寵物食品標有「符合AFFCO狗糧營養成分針對狗一生各階段的營養水平」，應提供相關佐證資料。",已依中市動稽字第1150001389號函請業者限期改善,2,2026-02-03T00:00:00,2026,2,2026-04-09T10:57:16.243,,104年1月至115年6月,1,,
4860,臺中市,,2026/02/10,至福一刻 馬肉凍乾．顆粒狀(犬貓用),犬貓,零食,馥瀛國際有限公司,日本,無,無,2,2026-02-10T00:00:00,2026,2,2026-04-09T10:57:16.243,,104年1月至115年6月,1,,
4860,臺中市,,2026/02/10,至福一刻 馬肉凍乾．棒狀(犬貓用),犬貓,零食,馥瀛國際有限公司,日本,無,無,2,2026-02-10T00:00:00,2026,2,2026-04-09T10:57:16.243,,104年1月至115年6月,1,,
4860,臺中市,,2026/02/10,至福一刻 馬肉凍乾．切片(犬貓用),犬貓,零食,馥瀛國際有限公司,日本,無,無,2,2026-02-10T00:00:00,2026,2,2026-04-09T10:57:16.243,,104年1月至115年6月,1,,
4860,臺中市,,2026/02/10,至福一刻 馬肉凍乾．肺臟(犬貓用),犬貓,零食,馥瀛國際有限公司,日本,無,無,2,2026-02-10T00:00:00,2026,2,2026-04-09T10:57:16.243,,104年1月至115年6月,1,,
4860,臺中市,,2026/02/10,至福一刻 馬肉凍乾．心臟(犬貓用),犬貓,零食,馥瀛國際有限公司,日本,無,無,2,2026-02-10T00:00:00,2026,2,2026-04-09T10:57:16.243,,104年1月至115年6月,1,,
4860,臺中市,,2026/02/10,至福一刻 馬肉肉乾 赤身切片 (犬用副食),犬,零食,馥瀛國際有限公司,日本,無,無,2,2026-02-10T00:00:00,2026,2,2026-04-09T10:57:16.243,,104年1月至115年6月,1,,
4860,臺中市,,2026/02/10,至福一刻 馬肉肉乾 肺臟切片 (犬用副食),犬,零食,馥瀛國際有限公司,日本,無,無,2,2026-02-10T00:00:00,2026,2,2026-04-09T10:57:16.243,,104年1月至115年6月,1,,
4860,臺中市,,2026/02/10,至福一刻 馬肉肉乾 馬背筋 (犬用副食),犬,零食,馥瀛國際有限公司,日本,無,無,2,2026-02-10T00:00:00,2026,2,2026-04-09T10:57:16.243,,104年1月至115年6月,1,,
4860,臺中市,,2026/02/10,至福一刻 馬肉肉乾 馬阿基里斯腱 (犬用副食),犬,零食,馥瀛國際有限公司,日本,無,無,2,2026-02-10T00:00:00,2026,2,2026-04-09T10:57:16.243,,104年1月至115年6月,1,,
4860,臺中市,,2026/02/10,至福一刻 馬肉即食包 赤身100% (犬用副食),犬,濕食,馥瀛國際有限公司,日本,於寵物食品申報網申報「主要營養成分及含量」與包裝標示不符,已依中市動稽字第1150002216號函請業者限期改善,2,2026-02-10T00:00:00,2026,2,2026-04-09T10:57:16.243,,104年1月至115年6月,1,,
4860,臺南市,UP001,2026/02/12,瑪恩吉倍愛滿滿 羊肉+蘋果 主食犬餐盒,犬,濕糧,柏希菲克股份有限公司,義大利,無,,4,2026-02-12T00:00:00,2026,2,2026-04-09T10:57:16.243,,104年1月至115年6月,1,,
4860,臺南市,UP002,2026/02/12,自然魔法經典無穀系列雞肉鱈魚成貓主食罐,貓,濕糧,紐寵國際有限公司,紐西蘭,無,,4,2026-02-12T00:00:00,2026,2,2026-04-09T10:57:16.243,,104年1月至115年6月,1,,
4860,臺南市,UP003,2026/02/12,Halo 嘿囉 低敏舒膚 -南瓜花生酥餅 226g,犬,零食,盛貿寵物股份有限公司,美國,無,,4,2026-02-12T00:00:00,2026,2,2026-04-09T10:57:16.243,,104年1月至115年6月,1,,
4860,臺南市,UP004,2026/02/12,Dr. Mamma獸醫媽媽蔬果泥-香蕉口味,犬/貓,零食,寵物百分百股份有限公司,韓國,無,,4,2026-02-12T00:00:00,2026,2,2026-04-09T10:57:16.243,,104年1月至115年6月,1,,
4860,臺南市,UP005,2026/02/12,Dr. Mamma獸醫媽媽機能肉派 紓壓放鬆(鴨里肌+茶胺酸),犬/貓,濕糧,寵物百分百股份有限公司,韓國,無,,4,2026-02-12T00:00:00,2026,2,2026-04-09T10:57:16.243,,104年1月至115年6月,1,,
4860,臺南市,,2026/03/12,Hello角切乳香牛奶塊,犬,零食,台灣多格漫商貿股份有限公司,日本,無,,4,2026-03-12T00:00:00,2026,2,2026-04-09T10:57:16.243,,104年1月至115年6月,1,,
4860,臺南市,,2026/03/12,纖嚼 無穀健齒棒 M號(草莓) -1入,犬,零食,奧也股份有限公司,新加坡,無,,4,2026-03-12T00:00:00,2026,2,2026-04-09T10:57:16.243,,104年1月至115年6月,1,,
4860,臺南市,,2026/03/12,星益生趣 貓貓凍乾主食餐 兔肉配方,貓,乾飼糧,盛貿寵物股份有限公司,美國,無,,4,2026-03-12T00:00:00,2026,2,2026-04-09T10:57:16.243,,104年1月至115年6月,1,,
4860,臺南市,,2026/03/12,乾杯 老饕級牛舌 原肉凍乾 40克,犬/貓,零食(含潔牙骨),乾杯股份有限公司,澳洲,無,,4,2026-03-12T00:00:00,2026,2,2026-04-09T10:57:16.243,,104年1月至115年6月,1,,
4860,臺南市,,2026/03/12,派庫廚房 急凍骰子鹿凍乾40克(貓零食)(狗零食),犬/貓,零食(含潔牙骨),金派庫國際有限公司,紐西蘭,無,,4,2026-03-12T00:00:00,2026,2,2026-04-09T10:57:16.243,,104年1月至115年6月,1,,
4860,高雄市,WP006,2026/02/04,Boby特級機能愛犬餐杯(雞肉+野菜),犬,罐頭,台灣惜時有限公司,泰國,無,無,6,2026-02-04T00:00:00,2026,2,2026-04-09T10:57:16.243,,104年1月至115年6月,1,,
4860,高雄市,WP007,2026/02/04,主子優選 極鮮鮪魚紅肉罐 鮪魚&鮭魚5號罐,貓,罐頭,貓狗甜心數位科技有限公司,泰國,無,無,6,2026-02-04T00:00:00,2026,2,2026-04-09T10:57:16.243,,104年1月至115年6月,1,,
4860,高雄市,WP008,2026/02/04,NUTRA TECH STAR 愛犬狗罐 雞肉口味,犬,罐頭,皇冠國際企業有限公司,泰國,產品未申報、標示有誤,移請臺北市卓處,6,2026-02-04T00:00:00,2026,2,2026-04-09T10:57:16.243,,104年1月至115年6月,1,,
4860,高雄市,,2026/02/04,SB 倍適選PLUS餐包-雞肉+雞肝 （絕育犬專用配方）,犬,罐頭,強普股份有限公司,日本,無,無,6,2026-02-04T00:00:00,2026,2,2026-04-09T10:57:16.243,,104年1月至115年6月,1,,
4860,高雄市,,2026/02/04,腸胃保健犬主食濕糧,犬,罐頭,台灣皇家寵物食品有限公司,奧地利,無,無,6,2026-02-04T00:00:00,2026,2,2026-04-09T10:57:16.243,,104年1月至115年6月,1,,
4860,高雄市,,2026/02/04,健康雞肉條-高纖蔬菜,犬,零食,王品寵物用品有限公司,韓國,無,無,6,2026-02-04T00:00:00,2026,2,2026-04-09T10:57:16.243,,104年1月至115年6月,1,,
4860,高雄市,,2026/02/04,澳洲新艾莎餐盒-牛肉+時令鮮蔬,犬,罐頭,王品寵物用品有限公司,澳洲,申報與標示不一、標示有誤,移請桃園市卓處,6,2026-02-04T00:00:00,2026,2,2026-04-09T10:57:16.243,,104年1月至115年6月,1,,
4860,高雄市,,2026/02/04,慧心柯雞棒 - 照燒雞肉口味 15G (4入袋裝),犬,零食,好侶股份有限公司,泰國,申報有誤,業者限期改善,6,2026-02-04T00:00:00,2026,2,2026-04-09T10:57:16.243,,104年1月至115年6月,1,,
4860,高雄市,,2026/02/04,花田太郎狗餐包(Dogsin)-牛肉+蔬菜,犬,罐頭,凱璜實業有限公司,泰國,無,無,6,2026-02-04T00:00:00,2026,2,2026-04-09T10:57:16.243,,104年1月至115年6月,1,,
4860,桃園市,CP003,2026/01/25,82800無添加JUICY肉舖牛肉培根100G,狗,零食,台灣多格漫商貿股份有限公司,日本,無,無,8,2026-01-25T00:00:00,2026,2,2026-04-09T10:57:16.243,,104年1月至115年6月,1,,
4860,桃園市,CP007,2026/01/25,耐嚼型潔牙棒-鮭魚風味(單支/包),狗,零食,竣百有限公司,泰國,無,無,8,2026-01-25T00:00:00,2026,2,2026-04-09T10:57:16.243,,104年1月至115年6月,1,,
4860,桃園市,CP009,2026/01/25,SB 室內成犬亮毛呵護配方雞肉口味 400g,狗,乾糧,強普股份有限公司,日本,無,無,8,2026-01-25T00:00:00,2026,2,2026-04-09T10:57:16.243,,104年1月至115年6月,1,,
4860,桃園市,CP001,2026/01/27,A★star 潔牙配方無穀狗糧  (鮭魚+雞肉) ,狗,乾飼糧,台灣愛邦仕實業股份有限公司,澳洲,無,無,8,2026-01-27T00:00:00,2026,2,2026-04-09T10:57:16.243,,104年1月至115年6月,1,,
4860,桃園市,CP002,2026/01/27,Medi湯品 貓用 肝臟保健,貓,補充品,圓融生物科技有限公司,日本,無,無,8,2026-01-27T00:00:00,2026,2,2026-04-09T10:57:16.243,,104年1月至115年6月,1,,
4860,桃園市,CP008,2026/02/05,佛跳牆80g－龍鳳呈祥,貓,濕糧,怪獸製造有限公司,泰國,無,無,8,2026-02-05T00:00:00,2026,2,2026-04-09T10:57:16.243,,104年1月至115年6月,1,,
4860,桃園市,CP005,2026/02/05,WELLNESS寵物健康 CORE無穀 成犬 新鮮羊肉,狗,乾糧,逸寶國際股份有限公司,美國,成分標示不符,通知業者限期改善,8,2026-02-05T00:00:00,2026,2,2026-04-09T10:57:16.243,,104年1月至115年6月,1,,
4860,桃園市,CP006,2026/02/05,樂妙喵1號-鮪魚,貓,濕糧,東盈實業股份有限公司,日本,無,無,8,2026-02-05T00:00:00,2026,2,2026-04-09T10:57:16.243,,104年1月至115年6月,1,,
4860,桃園市,CP010,2026/02/05,亞米BC機能貓罐(幼貓成長特餐) 70g,貓,濕糧,沛特國際股份有限公司,泰國,成分標示不符,通知業者限期改善,8,2026-02-05T00:00:00,2026,2,2026-04-09T10:57:16.243,,104年1月至115年6月,1,,
4860,桃園市,CP004,2026/02/25,安補鐵,貓,補充品,圓融生物科技有限公司,日本,無,無,8,2026-02-25T00:00:00,2026,2,2026-04-09T10:57:16.243,,104年1月至115年6月,1,,
4860,宜蘭縣,,2026/02/10,"野性魅力羊肉鮭魚配方犬340g
CHARM Lamb& Salmon Dog",犬,乾飼糧(水分含量12％以下) ,加拿大野性魅力有限公司,加拿大,無,無,9,2026-02-10T00:00:00,2026,2,2026-04-09T10:57:16.243,,104年1月至115年6月,1,,
4860,宜蘭縣,,2026/02/10,"咪歐啾咪棒 - 蟹肉口味肉泥 15G (4+1入袋裝)
ME-O CREAMY TREATS CRAB FLAVOR 15G*(4+1)*24(4 SACHETS FREE 1)",貓,補助食品,好侶股份有限公司,泰國,"申報網產品外包裝照片與實際產品不符(少了""限量4+1""貼紙)。","產品申報2/11通知業者限期改善(2/25)。

*2/26複查：已完成改善。",9,2026-02-10T00:00:00,2026,2,2026-04-09T10:57:16.243,,104年1月至115年6月,1,,
4860,宜蘭縣,,2026/02/10,無膠鮮肉煲-鮮雞絲,犬貓,濕糧/罐頭(水分含量65％以上) ,怪獸製造有限公司,泰國,無,無,9,2026-02-10T00:00:00,2026,2,2026-04-09T10:57:16.243,,104年1月至115年6月,1,,
4860,宜蘭縣,,2026/02/10,貓倍麗鰹魚鮮雞雙拼餐盒 12471648,貓,濕糧/罐頭(水分含量65％以上) ,台灣雀巢股份有限公司,泰國,無,無,9,2026-02-10T00:00:00,2026,2,2026-04-09T10:57:16.243,,104年1月至115年6月,1,,
4860,宜蘭縣,,2026/02/10,"SHEBA® 鮮饌包™ 鮪魚(吞拿魚)及鯛魚口味
SHEBAR Tuna and Bream Flavor",貓,濕糧/罐頭(水分含量65％以上) ,台灣瑪氏股份有限公司,泰國,申報網產品外包裝照片設計與實際產品不符。,"產品申報2/11通知業者限期改善(2/25)。

*2/26複查：已完成改善。",9,2026-02-10T00:00:00,2026,2,2026-04-09T10:57:16.243,,104年1月至115年6月,1,,
4860,新竹縣,DP001,2026/02/26,特百滋凍乾三重奏 成幼犬 低敏羊肉配方,犬,乾飼糧,艾澌克企業股份有限公司,加拿大,無,無,10,2026-02-26T00:00:00,2026,2,2026-04-09T10:57:16.243,,104年1月至115年6月,1,,
4860,新竹縣,DP002,2026/02/26,偉嘉®乾糧 海洋魚類口味,貓,乾飼糧,台灣瑪氏股份有限公司,泰國,無,無,10,2026-02-26T00:00:00,2026,2,2026-04-09T10:57:16.243,,104年1月至115年6月,1,,
4860,新竹縣,DP003,2026/02/26,Friskies喜躍成貓乾糧-海洋魚總匯,貓,乾飼糧,台灣雀巢股份有限公司,泰國,無,無,10,2026-02-26T00:00:00,2026,2,2026-04-09T10:57:16.243,,104年1月至115年6月,1,,
4860,新竹縣,,2026/02/26,慧心柯雞棒 - 照燒雞肉口味,犬,補助食品,好侶股份有限公司,泰國,無,無,10,2026-02-26T00:00:00,2026,2,2026-04-09T10:57:16.243,,104年1月至115年6月,1,,
4860,新竹縣,,2026/02/26,慧心柯雞棒 - 蔬菜雞肉口味,犬,補助食品,好侶股份有限公司,泰國,無,無,10,2026-02-26T00:00:00,2026,2,2026-04-09T10:57:16.243,,104年1月至115年6月,1,,
4860,新竹縣,,2026/02/26,寶路雞肉包,犬,潔牙骨,台灣瑪氏股份有限公司,泰國,無,無,10,2026-02-26T00:00:00,2026,2,2026-04-09T10:57:16.243,,104年1月至115年6月,1,,
4860,新竹縣,,2026/02/26,犬用Hello起司條,犬,零食,台灣多格漫商貿股份有限公司,日本,無,無,10,2026-02-26T00:00:00,2026,2,2026-04-09T10:57:16.243,,104年1月至115年6月,1,,
4860,新竹縣,,2026/02/26,特百滋凍乾三重奏 成幼犬 低敏羊肉配方,犬,乾飼糧,艾澌克企業股份有限公司,加拿大,無,無,10,2026-02-26T00:00:00,2026,2,2026-04-09T10:57:16.243,,104年1月至115年6月,1,,
4860,苗栗縣,1150209-01,2026/02/09,Hulucat卡滋化毛潔牙餅-鮭魚,貓,零食,王品寵物用品有限公司,泰國,「製造商」申報資料與標示內容不一,函轉桃園市政府動物保護處辦理,11,2026-02-09T00:00:00,2026,2,2026-04-09T10:57:16.243,,104年1月至115年6月,1,,
4860,苗栗縣,1150209-02,2026/02/09,SC-142啾嚕肉泥(雞肉+甜蝦)14gx4入,貓,濕糧,歐維氏企業社,日本,「重量」、「主要營養成分及含量」、「保存方法」申報資料與標示內容不一，有效日期或製造日期未完整標示，無標示其他應注意事項,函轉臺北市動物保護處辦理,11,2026-02-09T00:00:00,2026,2,2026-04-09T10:57:16.243,,104年1月至115年6月,1,,
4860,苗栗縣,1150211-01,2026/02/09,貓倍麗成貓乾糧海洋魚高纖化毛配方,貓,乾飼料,台灣雀巢股份有限公司,泰國,無,,11,2026-02-09T00:00:00,2026,2,2026-04-09T10:57:16.243,,104年1月至115年6月,1,,
4860,苗栗縣,1150211-03,2026/02/09,凱莉廚房犬用營養凍乾-鮭魚,犬,零食,東森寵物雲股份有限公司,泰國,「主要營養成分及含量」申報資料與標示內容不一,廠商已修正,11,2026-02-09T00:00:00,2026,2,2026-04-09T10:57:16.243,,104年1月至115年6月,1,,
4860,彰化縣,GP001,2026/02/02,3in 經典狗狗餐盒：田園雞-關節機能 (雞肉+鵪鶉蛋),全齡犬,罐頭,飛輪寵物有限公司,泰國,無,無,12,2026-02-02T00:00:00,2026,2,2026-04-09T10:57:16.243,,104年1月至115年6月,1,,
4860,彰化縣,,2026/02/02,3in 經典狗狗餐盒：鮮嫩鴨-護膚機能 (鴨肉+蘋果),全齡犬,罐頭,飛輪寵物有限公司,泰國,無,無,12,2026-02-02T00:00:00,2026,2,2026-04-09T10:57:16.243,,104年1月至115年6月,1,,
4860,彰化縣,GP002,2026/02/02,Us Dog 愛犬主食餐罐(雞肉風味),全齡犬,罐頭,台灣惜時有限公司,義大利,無,無,12,2026-02-02T00:00:00,2026,2,2026-04-09T10:57:16.243,,104年1月至115年6月,1,,
4860,彰化縣,GP003,2026/02/02,舒肥罐 鮪魚+蘋果,貓,罐頭,崧曜國際有限公司,泰國,無,無,12,2026-02-02T00:00:00,2026,2,2026-04-09T10:57:16.243,,104年1月至115年6月,1,,
4860,彰化縣,GP004,2026/02/02,Natural Kitty 98%動物性蛋白質主食罐 雞肉佐雞心,貓,罐頭,派脆客有限公司,泰國,無,無,12,2026-02-02T00:00:00,2026,2,2026-04-09T10:57:16.243,,104年1月至115年6月,1,,
4860,彰化縣,,2026/02/02,Natural Kitty 98%動物性蛋白質主食罐 鮪魚佐雞肉,貓,罐頭,派脆客有限公司,泰國,無,無,12,2026-02-02T00:00:00,2026,2,2026-04-09T10:57:16.243,,104年1月至115年6月,1,,
4860,南投縣,,2026/02/10,巧鮮杯-雞肉+米+牛肉,犬,濕糧,雍立貿易股份有限公司,泰國,無,無,13,2026-02-10T00:00:00,2026,2,2026-04-09T10:57:16.243,,104年1月至115年6月,1,,
4860,南投縣,,2026/02/10,吃貨拼盤犬用 經典烤嫩雞+蛋,犬,濕糧,艾澌克企業股份有限公司,泰國,無,無,13,2026-02-10T00:00:00,2026,2,2026-04-09T10:57:16.243,,104年1月至115年6月,1,,
4860,南投縣,,2026/02/10,自然牧場－紐西蘭天然零食—牛肋 140g,犬,零食,澳新美有限公司,紐西蘭,無,無,13,2026-02-10T00:00:00,2026,2,2026-04-09T10:57:16.243,,104年1月至115年6月,1,,
4860,南投縣,,2026/02/10,貓專用骨骼抗氧化貓草潔牙骨,犬,潔牙骨,台灣愛邦仕實業股份有限公司,新加坡,無,無,13,2026-02-10T00:00:00,2026,2,2026-04-09T10:57:16.243,,104年1月至115年6月,1,,
4860,南投縣,,2026/02/10,4磅柏萊富特調無穀全齡貓配方(雞肉+豌豆),貓,乾糧,柏希菲克股份有限公司,美國,無,無,13,2026-02-10T00:00:00,2026,2,2026-04-09T10:57:16.243,,104年1月至115年6月,1,,
4860,南投縣,,2026/02/10,關健時刻 漢方食補(皮毛養護餐),貓,濕糧,珍食堡實業股份有限公司,越南,無,無,13,2026-02-10T00:00:00,2026,2,2026-04-09T10:57:16.243,,104年1月至115年6月,1,,
4860,南投縣,,2026/02/10,AB饗食無穀低敏罐(經典鮪魚),貓,濕糧,台灣美期有限公司,泰國,無,無,13,2026-02-10T00:00:00,2026,2,2026-04-09T10:57:16.243,,104年1月至115年6月,1,,
4860,南投縣,,2026/02/10,Dr. Wish愛犬營養食(雞肉+牛肝+膳食纖維+果寡糖)(泥狀),犬,濕糧,台灣惜時有限公司,泰國,無,無,13,2026-02-10T00:00:00,2026,2,2026-04-09T10:57:16.243,,104年1月至115年6月,1,,
4860,南投縣,,2026/02/10,希爾思寵物食品 成犬 7歲以上 小顆粒 雞肉、大麥與米特調食譜,犬,乾糧,台灣希爾思寵物營養品有限公司,美國,無,無,13,2026-02-10T00:00:00,2026,2,2026-04-09T10:57:16.243,,104年1月至115年6月,1,,
4860,雲林縣,15AIP006,2026/02/16,耐嚼型潔牙棒-鮭魚風味,犬,零食,竣百有限公司,泰國,無,無,14,2026-02-16T00:00:00,2026,2,2026-04-09T10:57:16.243,,104年1月至115年6月,1,,
4860,雲林縣,15AIP007,2026/02/16,CIAO-SC80啾嚕幼貓肉泥(鮪魚口味)4p,貓,零食,樺隆有限公司,日本,無,無,14,2026-02-16T00:00:00,2026,2,2026-04-09T10:57:16.243,,104年1月至115年6月,1,,
4860,雲林縣,15AIP008,2026/02/16,喵Bar營養貓餐罐-鮮蝦+鮪魚400g,貓,濕糧,樺隆有限公司,泰國,無,無,14,2026-02-16T00:00:00,2026,2,2026-04-09T10:57:16.243,,104年1月至115年6月,1,,
4860,雲林縣,15AIP009,2026/02/16,悅鑫深海鮪魚罐 鮪魚+雞肉,貓,濕糧,崧曜國際有限公司,泰國,無,無,14,2026-02-16T00:00:00,2026,2,2026-04-09T10:57:16.243,,104年1月至115年6月,1,,
4860,雲林縣,15AIP010,2026/02/16,加好寶幼貓乾貓糧-海洋魚+牛奶,貓,乾飼料,好侶股份有限公司,泰國,無,無,14,2026-02-16T00:00:00,2026,2,2026-04-09T10:57:16.243,,104年1月至115年6月,1,,
4860,嘉義縣,JP001,2026/02/12,Vosto深海鮪魚罐(純鮪魚),貓,濕糧,崧曜國際有限公司,泰國,無,無,15,2026-02-12T00:00:00,2026,2,2026-04-09T10:57:16.243,,104年1月至115年6月,1,,
4860,嘉義縣,JP002,2026/02/12,悅鑫深海鮪魚罐(鮪魚+吻仔魚),貓,濕糧,彰記行銷有限公司,泰國,無,無,15,2026-02-12T00:00:00,2026,2,2026-04-09T10:57:16.243,,104年1月至115年6月,1,,
4860,嘉義縣,,2026/02/12,葛莉思貓罐(鮪魚+鮭魚),貓,濕糧,福壽實業股份有限公司,泰國,無,無,15,2026-02-12T00:00:00,2026,2,2026-04-09T10:57:16.243,,104年1月至115年6月,1,,
4860,嘉義縣,,2026/02/12,加好寶牛肉口味,犬,乾糧,好侶股份有限公司,泰國,無,無,15,2026-02-12T00:00:00,2026,2,2026-04-09T10:57:16.243,,104年1月至115年6月,1,,
4860,嘉義縣,,2026/02/12,加好寶羊肉口味,犬,乾糧,好侶股份有限公司,泰國,無,無,15,2026-02-12T00:00:00,2026,2,2026-04-09T10:57:16.243,,104年1月至115年6月,1,,
4860,屏東縣,,2026/02/04,芙爾莎_低敏素食配方(全型成犬),犬,乾飼糧,進口商-百羚生技有限公司,義大利,無,無,16,2026-02-04T00:00:00,2026,2,2026-04-09T10:57:16.243,,104年1月至115年6月,1,,
4860,屏東縣,,2026/02/04,PV鱈魚皮骨結-煙燻,犬,零食,進口商-台灣愛邦仕實業股份有限公司,泰國,無,無,16,2026-02-04T00:00:00,2026,2,2026-04-09T10:57:16.243,,104年1月至115年6月,1,,
4860,屏東縣,,2026/02/04,Main Course每客思全營養主食罐 (雞肉+牛肉),貓,罐頭,進口商-台灣惜時有限公司,泰國,無,無,16,2026-02-04T00:00:00,2026,2,2026-04-09T10:57:16.243,,104年1月至115年6月,1,,
4860,屏東縣,,2026/02/04,Main Course每客思全營養主食罐 (白身鮪魚+羊肉),貓,罐頭,進口商-台灣惜時有限公司,泰國,無,無,16,2026-02-04T00:00:00,2026,2,2026-04-09T10:57:16.243,,104年1月至115年6月,1,,
4860,屏東縣,,2026/02/05,GOLDEN CAT 健康機能特級金貓大罐 (白身鮪魚+雞肉+牛肉),貓,罐頭,進口商-台灣惜時有限公司,泰國,無,無,16,2026-02-05T00:00:00,2026,2,2026-04-09T10:57:16.243,,104年1月至115年6月,1,,
4860,屏東縣,,2026/02/05,GOLDEN CAT 健康機能特級金貓大罐 (白身鮪魚+雞肉+蟹肉),貓,罐頭,進口商-台灣惜時有限公司,泰國,無,無,16,2026-02-05T00:00:00,2026,2,2026-04-09T10:57:16.243,,104年1月至115年6月,1,,
4860,屏東縣,,2026/02/05,吶一口貓肉泥-鮪魚+蟹肉,貓,零食,進口商-豪翼行銷有限公司,泰國,無,無,16,2026-02-05T00:00:00,2026,2,2026-04-09T10:57:16.243,,104年1月至115年6月,1,,
4860,屏東縣,,2026/02/05,吶一口貓肉泥-鮪魚+蝦,貓,零食,進口商-豪翼行銷有限公司,泰國,無,無,16,2026-02-05T00:00:00,2026,2,2026-04-09T10:57:16.243,,104年1月至115年6月,1,,
4860,屏東縣,,2026/02/05,咪歐啾咪棒-鮪魚番茄口味肉泥,貓,零食,進口商-好侶股份有限公司,泰國,無,無,16,2026-02-05T00:00:00,2026,2,2026-04-09T10:57:16.243,,104年1月至115年6月,1,,
4860,屏東縣,,2026/02/05,咪歐啾咪棒-鮪魚羊奶口味肉泥,貓,零食,進口商-好侶股份有限公司,泰國,無,無,16,2026-02-05T00:00:00,2026,2,2026-04-09T10:57:16.243,,104年1月至115年6月,1,,
4860,屏東縣,,2026/02/05,歐姆貓凍乾貓草細棒-蔓越莓袋裝,貓,零食,進口商-台灣愛邦仕實業股份有限公司,泰國,無,無,16,2026-02-05T00:00:00,2026,2,2026-04-09T10:57:16.243,,104年1月至115年6月,1,,
4860,屏東縣,,2026/02/05,歐姆貓凍乾貓草細棒-蜂王乳袋裝,貓,零食,進口商-台灣愛邦仕實業股份有限公司,泰國,無,無,16,2026-02-05T00:00:00,2026,2,2026-04-09T10:57:16.243,,104年1月至115年6月,1,,
4860,屏東縣,,2026/02/26,KI PAI肉肉食客 雞肉,犬,罐頭,進口商-崧曜國際有限公司,泰國,未標示製造業者電話,經查進口商登記地址位於彰化縣，於115年3月11日以屏府農動字第1150063802號函移請彰化縣動物防疫所依規定查處,16,2026-02-26T00:00:00,2026,2,2026-04-09T10:57:16.243,,104年1月至115年6月,1,,
4860,屏東縣,,2026/02/26,KI PAI肉肉食客 羊肉,犬,罐頭,進口商-崧曜國際有限公司,泰國,未標示製造業者電話,經查進口商登記地址位於彰化縣，於115年3月11日以屏府農動字第1150063802號函移請彰化縣動物防疫所依規定查處,16,2026-02-26T00:00:00,2026,2,2026-04-09T10:57:16.243,,104年1月至115年6月,1,,
4860,屏東縣,,2026/02/26,KI PAI肉肉食客 牛肉,犬,罐頭,進口商-崧曜國際有限公司,泰國,未標示製造業者電話,經查進口商登記地址位於彰化縣，於115年3月11日以屏府農動字第1150063802號函移請彰化縣動物防疫所依規定查處,16,2026-02-26T00:00:00,2026,2,2026-04-09T10:57:16.243,,104年1月至115年6月,1,,
4860,屏東縣,,2026/02/26,"添頌系列-142247 
成犬配方主食罐 雞肉& 鴨肉",犬,罐頭,進口商-三怡水族寵物用品有限公司,澳洲,包裝標示與申報資訊不符、製造日期與有效日期不符,經查進口商登記地址位於臺北市，於115年3月11日以屏府農動字第1150063752號函移請臺北市動物保護處依規定查處,16,2026-02-26T00:00:00,2026,2,2026-04-09T10:57:16.243,,104年1月至115年6月,1,,
4860,屏東縣,,2026/02/26,"添頌系列-142226 
成犬配方主食罐 多汁羊肉",犬,罐頭,進口商-三怡水族寵物用品有限公司,澳洲,包裝標示與申報資訊不符、製造日期與有效日期不符,經查進口商登記地址位於臺北市，於115年3月11日以屏府農動字第1150063752號函移請臺北市動物保護處依規定查處,16,2026-02-26T00:00:00,2026,2,2026-04-09T10:57:16.243,,104年1月至115年6月,1,,
4860,屏東縣,,2026/02/26,"添頌系列-142245 
成犬配方主食罐 嫩雞",犬,罐頭,進口商-三怡水族寵物用品有限公司,澳洲,包裝標示與申報資訊不符、製造日期與有效日期不符,經查進口商登記地址位於臺北市，於115年3月11日以屏府農動字第1150063752號函移請臺北市動物保護處依規定查處,16,2026-02-26T00:00:00,2026,2,2026-04-09T10:57:16.243,,104年1月至115年6月,1,,
4860,屏東縣,,2026/02/26,"添頌系列-142227 
成犬配方主食罐 醬汁上選牛肉",犬,罐頭,進口商-三怡水族寵物用品有限公司,澳洲,包裝標示與申報資訊不符、製造日期與有效日期不符,經查進口商登記地址位於臺北市，於115年3月11日以屏府農動字第1150063752號函移請臺北市動物保護處依規定查處,16,2026-02-26T00:00:00,2026,2,2026-04-09T10:57:16.243,,104年1月至115年6月,1,,
4860,臺東縣,NP001,2026/02/24,貓Bar+全能貓餐罐-鮪魚+雞肉(170g),貓,罐頭,寶聯商行,泰國,申報內容有誤,函文業者限期改善，已於115年3月5日完成申報內容改善。,17,2026-02-24T00:00:00,2026,2,2026-04-09T10:57:16.243,,104年1月至115年6月,1,,
4860,臺東縣,NP002,2026/02/24,全方位營養狗主食餐盒-松阪豚肉(100g),犬,罐頭,王品寵物用品有限公司,荷蘭,無,無,17,2026-02-24T00:00:00,2026,2,2026-04-09T10:57:16.243,,104年1月至115年6月,1,,
4860,臺東縣,NP003,2026/02/24,西沙鄉村嫩燒小羊肉口味(100g),犬,罐頭,台灣瑪氏股份有限公司,澳洲,無,無,17,2026-02-24T00:00:00,2026,2,2026-04-09T10:57:16.243,,104年1月至115年6月,1,,
4860,臺東縣,,2026/02/24,加好寶 鮪魚口味(1.5kg),貓,乾飼糧,好侶股份有限公司,泰國,無,無,17,2026-02-24T00:00:00,2026,2,2026-04-09T10:57:16.243,,104年1月至115年6月,1,,
4860,臺東縣,,2026/02/24,切爾蔓幼貓添愛無穀慕斯餐包(70g),貓,罐頭,貓狗甜心數位科技有限公司,泰國,無,無,17,2026-02-24T00:00:00,2026,2,2026-04-09T10:57:16.243,,104年1月至115年6月,1,,
4860,花蓮縣,,2026/02/25,超越巔峰 鮪魚佐吻仔魚純肉泥,犬、貓,零食,王品寵物用品有限公司,新加坡,包裝標示與申報網不符,移送責任廠商所在地管轄機關卓處,18,2026-02-25T00:00:00,2026,2,2026-04-09T10:57:16.243,,104年1月至115年6月,1,,
4860,花蓮縣,,2026/02/25,維齊魚多多貓餐罐-鮪魚+鯖魚,貓,罐頭,竣百有限公司,泰國,無,,18,2026-02-25T00:00:00,2026,2,2026-04-09T10:57:16.243,,104年1月至115年6月,1,,
4860,花蓮縣,,2026/02/25,靖和風貓食特吉米罐(鮪魚+米+吻仔魚),貓,罐頭,竣百有限公司,泰國,包裝標示與申報網不符,移送責任廠商所在地管轄機關卓處,18,2026-02-25T00:00:00,2026,2,2026-04-09T10:57:16.243,,104年1月至115年6月,1,,
4860,花蓮縣,,2026/02/25,天然優吉-高齡犬營養餐 -火雞肉+燕麥,犬、貓,乾飼糧,帝寶興業有限公司,澳洲,包裝標示與申報網不符,移送責任廠商所在地管轄機關卓處,18,2026-02-25T00:00:00,2026,2,2026-04-09T10:57:16.243,,104年1月至115年6月,1,,
4860,花蓮縣,,2026/02/25,丹尼爾精緻貓罐170g鮪魚+雞肉,貓,罐頭,長呈實業股份有限公司,泰國,無,,18,2026-02-25T00:00:00,2026,2,2026-04-09T10:57:16.243,,104年1月至115年6月,1,,
4860,澎湖縣,PP006,2026/02/02,INABA D-105 汪啾嚕肉泥犬用綜合營養食(雞肉)14g4入,貓,零食、潔牙骨,稻葉寵物食品,日本,無,無,19,2026-02-02T00:00:00,2026,2,2026-04-09T10:57:16.243,,104年1月至115年6月,1,,
4860,澎湖縣,PP007,2026/02/02,Hulucat卡滋化毛潔牙餅-海鮮,貓,零食、潔牙骨,王品寵物用品有限公司,泰國,無,無,19,2026-02-02T00:00:00,2026,2,2026-04-09T10:57:16.243,,104年1月至115年6月,1,,
4860,澎湖縣,PP008,2026/02/02,喵樂小食趣 雞肉薄切,貓,零食、潔牙骨,艾澌克企業股份有限公司,泰國,無,無,19,2026-02-02T00:00:00,2026,2,2026-04-09T10:57:16.243,,104年1月至115年6月,1,,
4860,澎湖縣,PP009,2026/02/02,2.5吋 牛奶打結骨(7入),犬,零食、潔牙骨,沛貝兒有限公司,泰國,無,無,19,2026-02-02T00:00:00,2026,2,2026-04-09T10:57:16.243,,104年1月至115年6月,1,,
4860,澎湖縣,PP010,2026/02/02,犬用絹紗牛肉條,犬,零食、潔牙骨,台灣多格漫商貿股份有限公司,日本,無,無,19,2026-02-02T00:00:00,2026,2,2026-04-09T10:57:16.243,,104年1月至115年6月,1,,
4860,基隆市,QP001,2026/02/11,K221 汪洽普 狗狗凍乾零食-雞胸肉,犬,零食,壹士達寵物有限公司,韓國,包裝營養成分含量與申報網資料不符,以基市動防字第1150200124號函移請臺南市卓處,20,2026-02-11T00:00:00,2026,2,2026-04-09T10:57:16.243,,104年1月至115年6月,1,,
4860,基隆市,QP002,2026/02/11,倍力康 挑嘴之最 小貓罐 鮪魚&蝦,貓,罐頭,雄騰國際有限公司,泰國,包裝營養成分含量與申報網資料不符,以基市動防字第1150200125號函移請新北市卓處,20,2026-02-11T00:00:00,2026,2,2026-04-09T10:57:16.243,,104年1月至115年6月,1,,
4860,基隆市,QP003,2026/02/11,海陸龍蝦貓340g,貓,乾飼糧,加拿大渴望寵物食品股份有限公司,加拿大,無,無,20,2026-02-11T00:00:00,2026,2,2026-04-09T10:57:16.243,,104年1月至115年6月,1,,
4860,基隆市,,2026/02/11,德國竣寶-三合一維他命錠,貓,零食,八犬國際行銷有限公司,德國,無,無,20,2026-02-11T00:00:00,2026,2,2026-04-09T10:57:16.243,,104年1月至115年6月,1,,
4860,基隆市,,2026/02/11,澳洲新艾莎餐盒-上選小牛肉,犬,罐頭,王品寵物用品有限公司,澳洲,無,無,20,2026-02-11T00:00:00,2026,2,2026-04-09T10:57:16.243,,104年1月至115年6月,1,,
4860,新竹市,,2026/02/11,1161紗餐盒 高齡犬養護日本博多放牧雞 六種穀物野菜 ,高齡犬,半濕性飼糧,台灣多格漫商貿股份有限公司,日本,無,無,21,2026-02-11T00:00:00,2026,2,2026-04-09T10:57:16.243,,104年1月至115年6月,1,,
4860,新竹市,,2026/02/11,森仕室內貓無榖兔肉Dibaq Sense GF CAT INDOOR(RABBIT),成貓,乾飼糧,博東客企業有限公司,西班牙,無,無,21,2026-02-11T00:00:00,2026,2,2026-04-09T10:57:16.243,,104年1月至115年6月,1,,
4860,新竹市,,2026/02/11,樂透 舒緩壓力餡餅 beaphar stressless Herbad Calming Treats,貓,補助食品,博東客企業有限公司,荷蘭,無,無,21,2026-02-11T00:00:00,2026,2,2026-04-09T10:57:16.243,,104年1月至115年6月,1,,
4860,新竹市,,2026/02/11,皇家小型幼犬專用乾糧MNP / SHN MINI PUPPY,犬,乾飼糧,台灣皇家寵物食品有限公司,韓國,無,無,21,2026-02-11T00:00:00,2026,2,2026-04-09T10:57:16.243,,104年1月至115年6月,1,,
4860,新竹市,,2026/02/11,優格 吃或拼盤海陸羊肉鮭魚鮮蔬 TOMA-PRO,犬,濕飼糧/罐頭,艾澌克企業股份有限公司,泰國,無,無,21,2026-02-11T00:00:00,2026,2,2026-04-09T10:57:16.243,,104年1月至115年6月,1,,
4860,嘉義市,TP003,2026/03/09,寵心出發-泥好布蘭泥,貓,零食,慶宇生技股份有限公司,台灣,未申報,通知業者限期改善,22,2026-03-09T00:00:00,2026,2,2026-04-09T10:57:16.243,,104年1月至115年6月,1,,
4860,嘉義市,TP004,2026/03/09,膠原羊肉棒棒糖,犬,零食,智新寵物有限公司,台灣,未申報,通知業者限期改善,22,2026-03-09T00:00:00,2026,2,2026-04-09T10:57:16.243,,104年1月至115年6月,1,,
4860,嘉義市,,2026/03/09,雞眕,犬,零食,宏寶國際企業有限公司,台灣,無,,22,2026-03-09T00:00:00,2026,2,2026-04-09T10:57:16.243,,104年1月至115年6月,1,,
4860,嘉義市,,2026/03/09,主子吃肉貓主食罐(牧野鮮雞+深海鰹魚),貓,罐頭,喬泰寵物用品企業有限公司岡山廠,台灣,未申報,通知業者限期改善,22,2026-03-09T00:00:00,2026,2,2026-04-09T10:57:16.243,,104年1月至115年6月,1,,
4860,嘉義市,,2026/03/09,驕傲貓 貓掌凍乾棒棒糖(蔓越莓鱈魚),貓,零食,琦信企業股份有限公司,泰國,未申報,通知業者限期改善,22,2026-03-09T00:00:00,2026,2,2026-04-09T10:57:16.243,,104年1月至115年6月,1,,
4860,嘉義市,,2026/03/09,歐娜特犬用無麩質腸胃機能照護配方,犬,乾飼料,瀚揚國際企業有限公司,西班牙,未申報,通知業者限期改善,22,2026-03-09T00:00:00,2026,2,2026-04-09T10:57:16.243,,104年1月至115年6月,1,,
4860,金門縣,YP066,2026/02/13,SHEBA® 鮮饌包™ 鮪魚(吞拿魚)及鯛魚口味 70g,貓,濕糧,"Mars Petcare (Thailand) Co., Ltd./
台灣瑪氏股份有限公司",泰國,無,無,23,2026-02-13T00:00:00,2026,2,2026-04-09T10:57:16.243,,104年1月至115年6月,1,,
4860,金門縣,YP067,2026/02/13,貓倍麗上等鮮嫩鮪魚餐盒 57g,貓,濕糧,"Southeast Asian Packaging and Canning Limited/
台灣雀",泰國,無,無,23,2026-02-13T00:00:00,2026,2,2026-04-09T10:57:16.243,,104年1月至115年6月,1,,
4860,金門縣,YP068,2026/02/13,"貓倍麗成貓乾糧海鮮拼盤
泌尿保健配方即享包40g",貓,乾飼糧,"Nestlé (Thai) Ltd./
台灣雀巢股份有限公司",泰國,無,無,23,2026-02-13T00:00:00,2026,2,2026-04-09T10:57:16.243,,104年1月至115年6月,1,,
4860,金門縣,YP069,2026/02/13,Sheba 希寶 主食罐 雞肉慕斯佐羊心 70g,貓,罐頭、濕糧,"Unicord Public Company Limited/
台灣瑪氏股份有限公司",泰國,無,無,23,2026-02-13T00:00:00,2026,2,2026-04-09T10:57:16.243,,104年1月至115年6月,1,,
4860,金門縣,YP070,2026/02/13,Miki特級機能愛貓餐杯 (鮮嫩軟雞絲+白身鮪魚 in 南瓜湯凍) 80g,貓,罐頭、濕糧,"Southeast Asian Packaging and Canning Limited/
台灣惜",泰國,無,無,23,2026-02-13T00:00:00,2026,2,2026-04-09T10:57:16.243,,104年1月至115年6月,1,,
4860,連江縣,XP066,2026/02/26,西莎Cesar-犬罐頭-牛肉及肝口味(100g*1罐),犬,罐頭,台灣瑪氏Mars Petcare/進口,澳洲,無,無,24,2026-02-26T00:00:00,2026,2,2026-04-09T10:57:16.243,,104年1月至115年6月,1,,
4860,連江縣,XP067,2026/02/26,西莎Cesar-犬罐頭-南法野菜燉雞口味(100g*1罐),犬,罐頭,台灣瑪氏Mars Petcare/進口,澳洲,無,無,24,2026-02-26T00:00:00,2026,2,2026-04-09T10:57:16.243,,104年1月至115年6月,1,,
4860,連江縣,XP068,2026/02/26,寶路Pedigree-狗罐頭-牛肉口味(400g*1罐),犬,罐頭,台灣瑪氏Mars Petcare/進口,澳洲,無,無,24,2026-02-26T00:00:00,2026,2,2026-04-09T10:57:16.243,,104年1月至115年6月,1,,
4860,連江縣,XP069,2026/02/26,偉嘉whiskas-貓用乾糧-鮪魚(吞拿魚)總匯口味(7kg*1包),貓,乾糧,瑪氏食品Mars Petcare(Thailand)/進口,泰國,無,無,24,2026-02-26T00:00:00,2026,2,2026-04-09T10:57:16.243,,104年1月至115年6月,1,,
4860,連江縣,XP070,2026/02/26,喵樂貓罐頭-雞肉口味(80g*1罐),貓,罐頭,艾澌克企業股份有限公司/進口,泰國,無,無,24,2026-02-26T00:00:00,2026,2,2026-04-09T10:57:16.243,,104年1月至115年6月,1,,
4860,新北市,AP007,2026/03/09,EPD051赫緻美饌犬糧-嫩鹿佐頂級鴨肝,犬,乾飼糧,珍食堡實業股份有限公司,臺灣,無,無,0,2026-03-09T00:00:00,2026,3,2026-05-08T13:55:00.803,,104年1月至115年6月,1,,
4860,新北市,AP008,2026/03/09,EPD020赫緻美饌犬糧-嫩羊佐頂級鴨肝,犬,乾飼糧,珍食堡實業股份有限公司,臺灣,無,無,0,2026-03-09T00:00:00,2026,3,2026-05-08T13:55:00.803,,104年1月至115年6月,1,,
4860,新北市,AP009,2026/03/09,EPD06S赫緻美饌犬糧-嫩雞佐頂級鴨肝,犬,乾飼糧,珍食堡實業股份有限公司,臺灣,無,無,0,2026-03-09T00:00:00,2026,3,2026-05-08T13:55:00.803,,104年1月至115年6月,1,,
4860,新北市,AP010,2026/03/09,EZD051-赫緻低溫風乾健康糧(單一純肉• 無榖鹿肉),犬,乾飼糧,珍食堡實業股份有限公司,臺灣,"1.申報品名與標示不符
2.申報適用寵物種類與標示不符",發文業者限期改善,0,2026-03-09T00:00:00,2026,3,2026-05-08T13:55:00.803,,104年1月至115年6月,1,,
4860,新北市,,2026/03/09,EZD031-赫緻低溫風乾健康糧(單一純肉 • 台灣鴨肉),犬,乾飼糧,珍食堡實業股份有限公司,臺灣,產品外觀照申報與實際不符,發文業者限期改善,0,2026-03-09T00:00:00,2026,3,2026-05-08T13:55:00.803,,104年1月至115年6月,1,,
4860,新北市,,2026/03/09,漢方食補心血管養生佐餐大補帖-50g,犬,零食,珍食堡實業股份有限公司,臺灣,無,無,0,2026-03-09T00:00:00,2026,3,2026-05-08T13:55:00.803,,104年1月至115年6月,1,,
4860,新北市,,2026/03/09,漢方食補關節養生佐餐大補帖-50g,犬,零食,珍食堡實業股份有限公司,臺灣,無,無,0,2026-03-09T00:00:00,2026,3,2026-05-08T13:55:00.803,,104年1月至115年6月,1,,
4860,新北市,,2026/03/09,EPD040赫緻美饌犬糧-嫩牛佐頂級鴨肝,犬,乾飼糧,珍食堡實業股份有限公司,臺灣,無,無,0,2026-03-09T00:00:00,2026,3,2026-05-08T13:55:00.803,,104年1月至115年6月,1,,
4860,新北市,,2026/03/09,TR93-鴨肝六角小香腸,犬,零食,珍食堡實業股份有限公司,臺灣,產品外觀照申報與實際不符,發文業者限期改善,0,2026-03-09T00:00:00,2026,3,2026-05-08T13:55:00.803,,104年1月至115年6月,1,,
4860,新北市,,2026/03/09,EZD021-赫緻低溫風乾健康糧(單一純肉 • 無穀羊肉),犬,乾飼糧,珍食堡實業股份有限公司,臺灣,無,無,0,2026-03-09T00:00:00,2026,3,2026-05-08T13:55:00.803,,104年1月至115年6月,1,,
4860,新北市,,2026/03/09,漢方食補護眼養生佐餐大補帖-50g,犬,零食,珍食堡實業股份有限公司,臺灣,無,無,0,2026-03-09T00:00:00,2026,3,2026-05-08T13:55:00.803,,104年1月至115年6月,1,,
4860,新北市,,2026/03/09,EZD041-赫緻低溫風乾健康糧(單一純肉 • 風乾牛肉),犬,乾飼糧,珍食堡實業股份有限公司,臺灣,無,無,0,2026-03-09T00:00:00,2026,3,2026-05-08T13:55:00.803,,104年1月至115年6月,1,,
4860,新北市,,2026/03/09,漢方食補皮毛養生佐餐大補帖-50g,犬,零食,珍食堡實業股份有限公司,臺灣,無,無,0,2026-03-09T00:00:00,2026,3,2026-05-08T13:55:00.803,,104年1月至115年6月,1,,
4860,新北市,,2026/03/09,漢方食補元氣養生佐餐大補帖-50g,犬,零食,珍食堡實業股份有限公司,臺灣,無,無,0,2026-03-09T00:00:00,2026,3,2026-05-08T13:55:00.803,,104年1月至115年6月,1,,
4860,新北市,,2026/03/09,EZD061-赫緻低溫風乾健康糧(單一純肉• 低脂雞胸肉),犬,乾飼糧,珍食堡實業股份有限公司,臺灣,無,無,0,2026-03-09T00:00:00,2026,3,2026-05-08T13:55:00.803,,104年1月至115年6月,1,,
4860,臺北市,,2026/03/23,嚼棒~磨牙起司捲棒,犬,零食,星岳行銷有限公司,臺灣,無,無,1,2026-03-23T00:00:00,2026,3,2026-05-08T13:55:00.803,,104年1月至115年6月,1,,
4860,臺北市,,2026/03/23,艾沛鼎食晶凍犬罐110g 濃郁起司,犬,罐頭,沅慶企業有限公司,臺灣,無,無,1,2026-03-23T00:00:00,2026,3,2026-05-08T13:55:00.803,,104年1月至115年6月,1,,
4860,臺北市,,2026/03/23,健康到起司飛機消臭餅,犬,零食,經思確有限公司,臺灣,無,無,1,2026-03-23T00:00:00,2026,3,2026-05-08T13:55:00.803,,104年1月至115年6月,1,,
4860,臺北市,,2026/03/23,肉球世界 AK南極磷蝦X雞肉凍乾無穀貓糧,貓,乾糧,金富錸國際寵物有限公司,臺灣,無,無,1,2026-03-23T00:00:00,2026,3,2026-05-08T13:55:00.803,,104年1月至115年6月,1,,
4860,臺北市,,2026/03/23,艾沛鼎食晶凍貓罐85g 新鮮嫩雞,貓,罐頭,沅慶企業有限公司,臺灣,無,無,1,2026-03-23T00:00:00,2026,3,2026-05-08T13:55:00.803,,104年1月至115年6月,1,,
4860,臺北市,,2026/03/23,可蒂毛毛-亮眼肽【3護型眼睛保健品】犬貓用,犬、貓,補助食品,白手起稼有限公司,臺灣,無,無,1,2026-03-23T00:00:00,2026,3,2026-05-08T13:55:00.803,,104年1月至115年6月,1,,
4860,臺北市,,2026/03/23,Contigo糧拌凍乾粉-香純嫩鮮雞,貓,補助食品,峰揚貿易有限公司,臺灣,無,無,1,2026-03-23T00:00:00,2026,3,2026-05-08T13:55:00.803,,104年1月至115年6月,1,,
4860,臺北市,,2026/03/23,樂健飛-柔毛健 鱉蛋粉+蝦紅素+CPP-15包,犬、貓,補助食品,勤達實業有限公司,臺灣,無,無,1,2026-03-23T00:00:00,2026,3,2026-05-08T13:55:00.803,,104年1月至115年6月,1,,
4860,臺北市,,2026/03/23,柏妮絲-雞肉泥牛奶骨(5入),犬,零食,峰揚貿易有限公司,臺灣,無,無,1,2026-03-23T00:00:00,2026,3,2026-05-08T13:55:00.803,,104年1月至115年6月,1,,
4860,臺北市,,2026/03/23,可蒂毛毛-維骨肽EX【3護型關節保健品】貓用,貓,補助食品,白手起稼有限公司,臺灣,無,無,1,2026-03-23T00:00:00,2026,3,2026-05-08T13:55:00.803,,104年1月至115年6月,1,,
4860,臺北市,,2026/03/23,原町牛肉起司丁,犬,零食,八犬國際行銷有限公司,臺灣,無,無,1,2026-03-23T00:00:00,2026,3,2026-05-08T13:55:00.803,,104年1月至115年6月,1,,
4860,臺北市,,2026/03/23,起司雞肉筷子肉乾,犬,零食,樺隆有限公司,臺灣,無,無,1,2026-03-23T00:00:00,2026,3,2026-05-08T13:55:00.803,,104年1月至115年6月,1,,
4860,臺北市,,2026/03/23,毛食嗑Maodiners凍乾鮮食-鮮肉總匯-250g,犬,乾糧,食獻事業有限公司,臺灣,無,無,1,2026-03-23T00:00:00,2026,3,2026-05-08T13:55:00.803,,104年1月至115年6月,1,,
4860,臺北市,,2026/03/23,毛起來吃－毛食事計畫－護膚低敏鮮肉主食罐(貓) 山羊奶雞肉,貓,罐頭,莫奧數位股份有限公司,臺灣,無,無,1,2026-03-23T00:00:00,2026,3,2026-05-08T13:55:00.803,,104年1月至115年6月,1,,
4860,臺北市,,2026/03/23,小叼饞-狗御用凍乾原食 雞柳片(桶),犬,零食,螢火蟲原創有限公司,臺灣,無,無,1,2026-03-23T00:00:00,2026,3,2026-05-08T13:55:00.803,,104年1月至115年6月,1,,
4860,臺中市,SP011,2026/03/06,美國乾糧領導品牌 Cat Chow貓乾糧完整均衡配方,貓,乾糧,台灣雀巢股份有限公司,美國,無,無,2,2026-03-06T00:00:00,2026,3,2026-05-08T13:55:00.803,,104年1月至115年6月,1,,
4860,臺中市,SP012,2026/03/06,派庫廚房 酥酥丁香魚凍乾,犬貓,零食,金派庫國際有限公司,臺灣,無,無,2,2026-03-06T00:00:00,2026,3,2026-05-08T13:55:00.803,,104年1月至115年6月,1,,
4860,臺中市,SP013,2026/03/06,低溫烘焙寵物零食-嫩切香鴨口味,犬貓,零食,杜革有限公司,臺灣,"1.未標示適用寵物種類。
2.未標示使用方法。",已依中市動稽字第1150002921號函轉新北市政府動物保護防疫處,2,2026-03-06T00:00:00,2026,3,2026-05-08T13:55:00.803,,104年1月至115年6月,1,,
4860,臺中市,SP014,2026/03/06,寵貓鮮主食罐(蝸牛+究好豬),犬,濕食,嬌寵誓優股份有限公司,臺灣,"1.申報「適用寵物種類」與包裝標示不符。
2.國內負責廠商地址與商業登記地址不同。
3.使用「符合國際標準」詞句或類似詞句，產品未符合對應標準之要求：前揭產品標有「21項SGS檢驗、重金屬、病原微生物等全項合格；符合AFFCO&NRC國際標準；SGS國家標準檢驗合格」。",已依中市動稽字第1150002942號函轉臺北市動物保護處,2,2026-03-06T00:00:00,2026,3,2026-05-08T13:55:00.803,,104年1月至115年6月,1,,
4860,臺中市,SP015,2026/03/06,哩賀毛孩輕營養機能主食罐 鮪鱈海雙拼,貓,濕食,科普瑞國際股份有限公司,臺灣,"1.申報「主要營養成分及含量」與包裝標示不符。
2.未標示適用寵物種類。
3.使用「符合國際標準」詞句或類似詞句，產品未符合對應標準之要求：前揭產品標有「符合AFFCO美國訂定成幼貓營養標準」。",已依中市動稽字第1150002942號函轉臺北市動物保護處,2,2026-03-06T00:00:00,2026,3,2026-05-08T13:55:00.803,,104年1月至115年6月,1,,
4860,臺中市,SP016,2026/03/06,賀家肉泥條 雞肉蔓越莓口味,貓,零食,科普瑞國際股份有限公司,臺灣,申報「重量/容量/錠數」與包裝標示不符。,已依中市動稽字第1150002942號函轉臺北市動物保護處,2,2026-03-06T00:00:00,2026,3,2026-05-08T13:55:00.803,,104年1月至115年6月,1,,
4860,臺中市,,2026/03/06,鴨脆管,犬,零食,峰揚貿易有限公司,臺灣,無,無,2,2026-03-06T00:00:00,2026,3,2026-05-08T13:55:00.803,,104年1月至115年6月,1,,
4860,臺中市,,2026/03/06,蜜汁雞肉鱈魚條,犬,零食,壹士達寵物有限公司,臺灣,無,無,2,2026-03-06T00:00:00,2026,3,2026-05-08T13:55:00.803,,104年1月至115年6月,1,,
4860,臺中市,,2026/03/06,CR181夾心雞肉條(高鈣+南瓜內餡，B胡蘿蔔素添加),犬,零食,珍食堡實業股份有限公司,越南,無,無,2,2026-03-06T00:00:00,2026,3,2026-05-08T13:55:00.803,,104年1月至115年6月,1,,
4860,臺中市,,2026/03/06,RT5-洛特夫紐西蘭風乾主食糧-羊肉鹿肉,犬,乾糧,聯信寵物有限公司,紐西蘭,無,無,2,2026-03-06T00:00:00,2026,3,2026-05-08T13:55:00.803,,104年1月至115年6月,1,,
4860,臺中市,,2026/03/06,羊肉與蔬菜,犬,濕食,貓尾巴有限公司,泰國,無,無,2,2026-03-06T00:00:00,2026,3,2026-05-08T13:55:00.803,,104年1月至115年6月,1,,
4860,臺中市,,2026/03/06,9利布靈 犬無穀主食罐系列 羊肉&雞心,犬,濕食,聯誠寵物有限公司,德國,無,無,2,2026-03-06T00:00:00,2026,3,2026-05-08T13:55:00.803,,104年1月至115年6月,1,,
4860,臺中市,,2026/03/06,3利布靈 犬無穀主食罐系列 雞肉佐歐防風,犬,濕食,聯誠寵物有限公司,德國,無,無,2,2026-03-06T00:00:00,2026,3,2026-05-08T13:55:00.803,,104年1月至115年6月,1,,
4860,臺中市,,2026/03/06,陪心寵糧SUPER小黑輕脂狗狗主食罐｜黑醋栗X雞肉,犬,濕食,唯寵股份有限公司,台灣,使用「符合國際標準」詞句或類似詞句，產品未符合對應標準之要求，前揭產品標有「上述營養規格符合AFFCO和NRC的規範」。​​​​​​​​,已依中市動稽字第1150002819號函轉桃園市政府動物保護處,2,2026-03-06T00:00:00,2026,3,2026-05-08T13:55:00.803,,104年1月至115年6月,1,,
4860,臺中市,,2026/03/06,凍物鮮友會 原肉無膠主食泥罐-雞肉鮪魚,貓,濕食,志飛企業有限公司,台灣,"1.申報「適用寵物種類」與包裝標示不符及所申報「製造或加工業者工廠名稱」非委託代工廠。
2.國內負責廠商地址與商業登記地址不同。
3.未標示使用方法。
4.使用「符合國際標準」詞句或類似詞句，產品未符合對應標準之要求：前揭產品標有「本產品依據AFFCO/NRC營養標準嚴謹製造；本產品由ISO22000&HACCP認證工廠生產」。",已依中市動稽字第1150002942號函轉臺北市動物保護處,2,2026-03-06T00:00:00,2026,3,2026-05-08T13:55:00.803,,104年1月至115年6月,1,,
4860,臺中市,,2026/03/06,凍物鮮友會 原肉無膠主食泥罐-鮪魚鮭魚,貓,濕食,志飛企業有限公司,台灣,"1.申報「適用寵物種類」與包裝標示不符及所申報「製造或加工業者工廠名稱」非委託代工廠。
2.國內負責廠商地址與商業登記地址不同。
3.未標示使用方法。
4.使用「符合國際標準」詞句或類似詞句，產品未符合對應標準之要求：前揭產品標有「本產品依據AFFCO/NRC營養標準嚴謹製造；本產品由ISO22000&HACCP認證工廠生產」。",已依中市動稽字第1150002942號函轉臺北市動物保護處,2,2026-03-06T00:00:00,2026,3,2026-05-08T13:55:00.803,,104年1月至115年6月,1,,
4860,臺中市,,2026/03/06,3嫩雞鮮蝦佐蒲公英,貓,濕食,裕昌寵物有限公司,德國,"1.輸入業者電話標示有誤。
2.國內負責廠商地址與商業登記地不同。",已依中市動稽字第1150002921號函轉新北市政府動物保護防疫處,2,2026-03-06T00:00:00,2026,3,2026-05-08T13:55:00.803,,104年1月至115年6月,1,,
4860,臺中市,,2026/03/06,3雞蝦雙拼,貓,濕食,裕昌寵物有限公司,德國,"1.輸入業者電話標示有誤。
2.國內負責廠商地址與商業登記地不同。",已依中市動稽字第1150002921號函轉新北市政府動物保護防疫處,2,2026-03-06T00:00:00,2026,3,2026-05-08T13:55:00.803,,104年1月至115年6月,1,,
4860,臺中市,,2026/03/06,科西塔 海魚口味,貓,乾糧,貓尾巴有限公司,泰國,申報「產品外包裝照片」與實體不符,已依中市動稽字第1150002983號函轉高雄市動物保護處,2,2026-03-06T00:00:00,2026,3,2026-05-08T13:55:00.803,,104年1月至115年6月,1,,
4860,臺中市,,2026/03/06,純粹-雞蛋黃凍乾,犬貓,零食,傑樂比國際貿易有限公司,台灣,"1.未標示適用寵物種類。
2.未標示使用方法。",已依中市動稽字第1150002805號函轉臺南市動物防疫保護處,2,2026-03-06T00:00:00,2026,3,2026-05-08T13:55:00.803,,104年1月至115年6月,1,,
4860,臺中市,,2026/03/06,澳貝-袋鼠肉乾,犬貓,零食,傑樂比國際貿易有限公司,澳洲,"1.未標示製造(加工)業者地址及電話。
2.未標示使用方法。",已依中市動稽字第1150002805號函轉臺南市動物防疫保護處,2,2026-03-06T00:00:00,2026,3,2026-05-08T13:55:00.803,,104年1月至115年6月,1,,
4860,臺中市,,2026/03/06,極精萃旨鮮肉泥,犬貓,零食,嬌寵誓優股份有限公司,台灣,國內負責廠商地址與商業登記地址不同。,已依中市動稽字第1150002942號函轉臺北市動物保護處,2,2026-03-06T00:00:00,2026,3,2026-05-08T13:55:00.803,,104年1月至115年6月,1,,
4860,臺中市,,2026/03/06,丸味凍物製所-牛肉凍乾,犬貓,零食,陳品潔,台灣,"1.申報「業者名稱」、「重量/容量/錠數」及「主要原料及添加物」與包裝標示不符。
2.未標示製造(加工)業者地址及電話。
3.產地及製造(加工)業者標示有誤。
4.未標示保存期限。
5.未標示使用方法。
6.使用「經(特定單位)檢驗/認證/核可/認可/批准/通過推薦」 詞句或類似詞句，與事實不符或無法提供證明：前揭產品標有「皆有合格證明」。",已依中市動稽字第1150002805號函轉臺南市動物防疫保護處,2,2026-03-06T00:00:00,2026,3,2026-05-08T13:55:00.803,,104年1月至115年6月,1,,
4860,臺中市,,2026/03/06,起司牛肉片,犬貓,零食,常腸寵愛有限公司,台灣,"1.申報「主要原料及添加物」及「主要營養成分及含量」與包裝標示不符。
2.​​​​​未標示保存期限。
3.未標示適用寵物種類。
4.未標示使用方法。",已依中市動稽字第1150002819號函轉桃園市政府動物保護處,2,2026-03-06T00:00:00,2026,3,2026-05-08T13:55:00.803,,104年1月至115年6月,1,,
4860,臺中市,,2026/03/06,鴨鴨的脖子,犬貓,零食,常腸寵愛有限公司,台灣,"1.申報「主要營養成分及含量」與包裝標示不符。
2.未標示保存期限。
3.未標示適用寵物種類。
4未標示使用方法。",已依中市動稽字第1150002819號函轉桃園市政府動物保護處,2,2026-03-06T00:00:00,2026,3,2026-05-08T13:55:00.803,,104年1月至115年6月,1,,
4860,臺中市,,2026/03/06,GUGUDY好好生活｜純天然肉泥ˍ雞肉地瓜,犬貓,零食,格宜有限公司,台灣,"1.未標示製造(加工)業者電話。
2.未標示保存期限。
3.未標示使用方法。",已依中市動稽字第1150002819號函轉桃園市政府動物保護處,2,2026-03-06T00:00:00,2026,3,2026-05-08T13:55:00.803,,104年1月至115年6月,1,,
4860,臺中市,SP010,2026/03/10,脆迪雙拼,犬貓,零食,台野畜產有限公司,臺灣,無,無,2,2026-03-10T00:00:00,2026,3,2026-05-08T13:55:00.803,,104年1月至115年6月,1,,
4860,臺南市,,2026/04/10,怪獸部落 寶寶無膠主食罐-幼犬咕咕雞,犬,濕糧,怪獸製造有限公司,臺灣,申報網產品外包裝照片不符,移案至臺北市卓處,4,2026-04-10T00:00:00,2026,3,2026-05-08T13:55:00.803,,104年1月至115年6月,1,,
4860,臺南市,,2026/04/10,貓瘋3號營養機能主食餐,貓,濕糧,寶昕股份有限公司,臺灣,無,無,4,2026-04-10T00:00:00,2026,3,2026-05-08T13:55:00.803,,104年1月至115年6月,1,,
4860,臺南市,,2026/04/10,Dr.Fluff貓專科魚油機能主食罐 虱目魚南瓜,貓,濕糧,達福生醫股份有限公司,臺灣,無,無,4,2026-04-10T00:00:00,2026,3,2026-05-08T13:55:00.803,,104年1月至115年6月,1,,
4860,臺南市,,2026/04/10,【Push! 噗滋包】敏感腸胃救星(鴨肉+雞肉)/110g,貓,濕糧,日時好食股份有限公司,臺灣,無,無,4,2026-04-10T00:00:00,2026,3,2026-05-08T13:55:00.803,,104年1月至115年6月,1,,
4860,臺南市,,2026/04/10,【CenTree 森悅】毛順排貓用排毛粉1g×30包| 換毛季必備,貓,補充品,好市萊寵物食品股份有限公司,臺灣,無,無,4,2026-04-10T00:00:00,2026,3,2026-05-08T13:55:00.803,,104年1月至115年6月,1,,
4860,臺南市,,2026/04/10,【毛孩乾杯】乾杯老饕級牛肉小心肝甜甜圈凍乾40g/包,犬,零食,乾杯股份有限公司,臺灣,"包裝營養標示與申報網不符
外包裝無標示脂肪、糖、鈉",移案至臺北市卓處,4,2026-04-10T00:00:00,2026,3,2026-05-08T13:55:00.803,,104年1月至115年6月,1,,
4860,臺南市,,2026/04/10,初光光 天然原肉凍乾 雞胗 (貓零食)(狗零食),犬/貓,零食,八方國際寵物有限公司,臺灣,"業者名稱與申報網不符
業者:八方國際寵物有限公司未申報",移案至臺北市卓處,4,2026-04-10T00:00:00,2026,3,2026-05-08T13:55:00.803,,104年1月至115年6月,1,,
4860,臺南市,,2026/04/10,艾沛鼎食晶凍犬罐110g 濃郁起司,犬,濕糧,沅慶企業有限公司,臺灣,無,無,4,2026-04-10T00:00:00,2026,3,2026-05-08T13:55:00.803,,104年1月至115年6月,1,,
4860,臺南市,,2026/04/10,毛湯圓＿Crunchy 脆脆包＿鯛魚,犬/貓,零食,凱翔科技有限公司,臺灣,未申報,移案至桃園市卓處,4,2026-04-10T00:00:00,2026,3,2026-05-08T13:55:00.803,,104年1月至115年6月,1,,
4860,臺南市,,2026/04/10,派庫廚房-香檳鳥下水凍乾,犬/貓,零食,金派庫國際有限公司,臺灣,無,無,4,2026-04-10T00:00:00,2026,3,2026-05-08T13:55:00.803,,104年1月至115年6月,1,,
4860,高雄市,WP009,2026/03/03,鮮烘骰子牛,犬貓,零食,悠遊國際實業股份有限公司,台灣,無,無,6,2026-03-03T00:00:00,2026,3,2026-05-08T13:55:00.803,,104年1月至115年6月,1,,
4860,高雄市,WP010,2026/03/03,毛好食GOOD GOOD MEAT 香醇雞肉圈,犬,零食,飛起來行銷股份有限公司,台灣,無,無,6,2026-03-03T00:00:00,2026,3,2026-05-08T13:55:00.803,,104年1月至115年6月,1,,
4860,高雄市,WP011,2026/03/05,元氣牛肉條,犬貓,零食,心食集實業有限公司,台灣,無,無,6,2026-03-05T00:00:00,2026,3,2026-05-08T13:55:00.803,,104年1月至115年6月,1,,
4860,高雄市,WP012,2026/03/05,黃金雞肉條棒,犬,零食,台灣惜時有限公司,台灣,無,無,6,2026-03-05T00:00:00,2026,3,2026-05-08T13:55:00.803,,104年1月至115年6月,1,,
4860,高雄市,,2026/03/05,無敵貓糧 霸王野雞1公斤,貓,乾飼糧,麗斯居股份有限公司,台灣,產品申報標示有誤,移請臺北市卓處,6,2026-03-05T00:00:00,2026,3,2026-05-08T13:55:00.803,,104年1月至115年6月,1,,
4860,高雄市,,2026/03/05,SFA30皮毛低敏方針-全齡犬糧,犬,乾飼糧,信元製藥股份有限公司,台灣,無,無,6,2026-03-05T00:00:00,2026,3,2026-05-08T13:55:00.803,,104年1月至115年6月,1,,
4860,高雄市,,2026/03/05,SEC36 情緒舒緩方針 全年齡貓糧,貓,乾飼糧,信元製藥股份有限公司,台灣,無,無,6,2026-03-05T00:00:00,2026,3,2026-05-08T13:55:00.803,,104年1月至115年6月,1,,
4860,高雄市,,2026/03/05,喵探長 邁香魚 無榖凍乾全齡貓糧,貓,乾飼糧,力爭上游股份有限公司,台灣,無,無,6,2026-03-05T00:00:00,2026,3,2026-05-08T13:55:00.803,,104年1月至115年6月,1,,
4860,高雄市,,2026/03/05,香Q薯條雞肉捲,犬,零食,王品寵物用品有限公司,台灣,無,無,6,2026-03-05T00:00:00,2026,3,2026-05-08T13:55:00.803,,104年1月至115年6月,1,,
4860,高雄市,,2026/03/05,烤一百雞肉牛皮棒,犬,零食,王品寵物用品有限公司,台灣,無,無,6,2026-03-05T00:00:00,2026,3,2026-05-08T13:55:00.803,,104年1月至115年6月,1,,
4860,桃園市,CP026,2026/03/01,木入森 活菌寶 15入,貓,補充品,仁和生物科技股份有限公司,臺灣,無,無,8,2026-03-01T00:00:00,2026,3,2026-05-08T13:55:00.803,,104年1月至115年6月,1,,
4860,桃園市,CP022,2026/03/02,1+1原肉塊+貓鮮食主食罐-濃湯牛腿配方,貓,濕糧,短捲麻股份有限公司,臺灣,無,無,8,2026-03-02T00:00:00,2026,3,2026-05-08T13:55:00.803,,104年1月至115年6月,1,,
4860,桃園市,CP028,2026/03/02,臻氣,貓,補充品,孟唐股份有限公司,臺灣,無,無,8,2026-03-02T00:00:00,2026,3,2026-05-08T13:55:00.803,,104年1月至115年6月,1,,
4860,桃園市,CP023,2026/03/03,樂倍 黑酵母單一羊肉無穀全犬糧(400G),狗,乾糧,寶榮寵物企業股份有限公司,臺灣,無,無,8,2026-03-03T00:00:00,2026,3,2026-05-08T13:55:00.803,,104年1月至115年6月,1,,
4860,桃園市,CP021,2026/03/03,MKF05 元氣養生大補帖,狗,乾糧,珍食堡實業股份有限公司,臺灣,無,無,8,2026-03-03T00:00:00,2026,3,2026-05-08T13:55:00.803,,104年1月至115年6月,1,,
4860,桃園市,CP024,2026/03/05,HYPERR超躍保健挪威高濃度魚油 30顆,貓,補充品,聯合夥伴有限公司,臺灣,無,無,8,2026-03-05T00:00:00,2026,3,2026-05-08T13:55:00.803,,104年1月至115年6月,1,,
4860,桃園市,CP027,2026/03/05,南瓜燒雞,狗,零食,食寵町國際企業有限公司,臺灣,品名與成分標示不符,已發函給屏東縣政府依法處理(桃動七字第1150002428號),8,2026-03-05T00:00:00,2026,3,2026-05-08T13:55:00.803,,104年1月至115年6月,1,,
4860,桃園市,CP029,2026/03/05,卡默-豬耳朵切條(90g),狗,零食,耐維滋寵物食品有限公司,臺灣,無,無,8,2026-03-05T00:00:00,2026,3,2026-05-08T13:55:00.803,,104年1月至115年6月,1,,
4860,桃園市,CP030,2026/03/05,驕傲貓蟲癭果化毛粉,貓,補充品,台灣愛邦仕實業股份有限公司,臺灣,無,無,8,2026-03-05T00:00:00,2026,3,2026-05-08T13:55:00.803,,104年1月至115年6月,1,,
4860,桃園市,CP025,2026/03/11,台灣水鹿肉,狗,零食,寵鮮灶腳有限公司,臺灣,無,無,8,2026-03-11T00:00:00,2026,3,2026-05-08T13:55:00.803,,104年1月至115年6月,1,,
4860,宜蘭縣,,2026/03/10,Ab 汪關健/犬用全營養保建粉,犬,補助食品,聚茂生技股份有限公司,台灣,申報網產品外包裝設計(照片和關節保健字樣)與實際產品(照片和全營養粉字樣)不符。,"產品申報3/11通知業者限期改善(3/27)。

*3/23複查：已完成改善。",9,2026-03-10T00:00:00,2026,3,2026-05-08T13:55:00.803,,104年1月至115年6月,1,,
4860,宜蘭縣,,2026/03/10,毛起來－蒸的餐包 - 田園彩蔬羊 (護膚配方),犬,零食,莫奧數位股份有限公司,台灣,無,無,9,2026-03-10T00:00:00,2026,3,2026-05-08T13:55:00.803,,104年1月至115年6月,1,,
4860,宜蘭縣,,2026/03/10,100%雞肉凍乾塊零食,犬貓,零食,騰勢股份有限公司,台灣,申報網產品外包裝設計(正面圓形圖之一為CAS)與實際產品(正面圓形圖之一為-60度)不符。,"產品申報3/11通知業者限期改善(3/27)。

*3/30複查：已完成改善。",9,2026-03-10T00:00:00,2026,3,2026-05-08T13:55:00.803,,104年1月至115年6月,1,,
4860,宜蘭縣,,2026/03/10,優沛特-犬用大狗罐(胡蘿蔔+牛肉風味)400g,犬,濕糧/罐頭(水分含量65％以上) ,全慶寵物用品有限公司,台灣,無,無,9,2026-03-10T00:00:00,2026,3,2026-05-08T13:55:00.803,,104年1月至115年6月,1,,
4860,宜蘭縣,,2026/03/10,哩賀毛孩蒸蛋條-原味GABA,貓,零食,科普瑞國際股份有限公司,台灣,無,無,9,2026-03-10T00:00:00,2026,3,2026-05-08T13:55:00.803,,104年1月至115年6月,1,,
4860,新竹縣,,2026/04/07,派庫廚房-海灣鮮干貝凍乾,犬貓,零食,金派庫國際有限公司,台灣,無,無,10,2026-04-07T00:00:00,2026,3,2026-05-08T13:55:00.803,,104年1月至115年6月,1,,
4860,新竹縣,,2026/04/07,派庫廚房-虎克鬼頭刀凍乾,犬貓,零食,金派庫國際有限公司,台灣,無,無,10,2026-04-07T00:00:00,2026,3,2026-05-08T13:55:00.803,,104年1月至115年6月,1,,
4860,新竹縣,,2026/04/07,派庫廚房-北歐交響鮭凍乾,犬貓,零食,金派庫國際有限公司,台灣,無,無,10,2026-04-07T00:00:00,2026,3,2026-05-08T13:55:00.803,,104年1月至115年6月,1,,
4860,新竹縣,,2026/04/07,派庫廚房-卵蛋地瓜球凍乾,犬貓,零食,金派庫國際有限公司,台灣,無,無,10,2026-04-07T00:00:00,2026,3,2026-05-08T13:55:00.803,,104年1月至115年6月,1,,
4860,新竹縣,,2026/04/07,派庫廚房-急凍骰子牛凍乾,犬貓,零食,金派庫國際有限公司,台灣,無,無,10,2026-04-07T00:00:00,2026,3,2026-05-08T13:55:00.803,,104年1月至115年6月,1,,
4860,苗栗縣,,2026/03/16,狗狗主食鮮食包 免免強強 沙丁魚燉青花濃湯,犬,半濕性飼糧,年年飽股份有限公司,台灣,"1.申報資訊有誤：寵物食品申報網「產品外包裝照片」與產品實體包裝不符
2.產品無「製造、加工業者之電話」",函轉臺北市動物保護防疫處辦理,11,2026-03-16T00:00:00,2026,3,2026-05-08T13:55:00.803,,104年1月至115年6月,1,,
4860,苗栗縣,,2026/03/16,貓咪主食鮮食包 免免強強 菲力牛佐無花果紅藜,貓,半濕性飼糧,年年飽股份有限公司,台灣,申報資訊有誤：寵物食品申報網「產品外包裝照片」與產品實體包裝不符,函轉臺北市動物保護防疫處辦理,11,2026-03-16T00:00:00,2026,3,2026-05-08T13:55:00.803,,104年1月至115年6月,1,,
4860,苗栗縣,,2026/03/16,狗狗主食鮮食包 皮皮癢癢 香煎松阪豬佐蔬菜,犬,半濕性飼糧,年年飽股份有限公司,台灣,"1.申報資訊有誤：寵物食品申報網「產品外包裝照片」與產品實體包裝不符
2.產品無「製造、加工業者之電話」",函轉臺北市動物保護防疫處辦理,11,2026-03-16T00:00:00,2026,3,2026-05-08T13:55:00.803,,104年1月至115年6月,1,,
4860,苗栗縣,,2026/03/16,狗狗主食鮮食包 腸腸久久 舒肥雞燕麥雜炊,犬,半濕性飼糧,年年飽股份有限公司,台灣,"1.申報資訊有誤：寵物食品申報網「產品外包裝照片」與產品實體包裝不符
2.產品無「製造、加工業者之電話」",函轉臺北市動物保護防疫處辦理,11,2026-03-16T00:00:00,2026,3,2026-05-08T13:55:00.803,,104年1月至115年6月,1,,
4860,苗栗縣,,2026/03/16,貓咪主食鮮食包 腸腸久久 銀圭干貝雜炊,貓,半濕性飼糧,年年飽股份有限公司,台灣,申報資訊有誤：寵物食品申報網「產品外包裝照片」與產品實體包裝不符,函轉臺北市動物保護防疫處辦理,11,2026-03-16T00:00:00,2026,3,2026-05-08T13:55:00.803,,104年1月至115年6月,1,,
4860,苗栗縣,,2026/03/16,貓咪璟逸研發處方主食CKD-M1 腎腎力力,貓,半濕性飼糧,年年飽股份有限公司,台灣,標示不全(無製造、加工業者之電話),函轉臺北市動物保護防疫處辦理,11,2026-03-16T00:00:00,2026,3,2026-05-08T13:55:00.803,,104年1月至115年6月,1,,
4860,苗栗縣,,2026/03/16,貓咪主食鮮食包 輕輕鬆鬆 嫩煎雞腿佐葵花籽,貓,半濕性飼糧,年年飽股份有限公司,台灣,申報資訊有誤：寵物食品申報網「主要營養成分及含量」與產品包裝標示不符-熱量標示及牛磺酸含量不符(每100g熱量：申報網121.40大卡、產品124.40大卡)、牛磺酸(每100g：申報網0.09g、產品0.10g),函轉臺北市動物保護防疫處辦理,11,2026-03-16T00:00:00,2026,3,2026-05-08T13:55:00.803,,104年1月至115年6月,1,,
4860,苗栗縣,,2026/03/16,泥好好吃-初乳豚 ,犬,零食,年年飽股份有限公司,台灣,申報資訊有誤：適用寵物種類,廠商已修正,11,2026-03-16T00:00:00,2026,3,2026-05-08T13:55:00.803,,104年1月至115年6月,1,,
4860,苗栗縣,,2026/03/16,泥好好吃-初乳火雞,犬,零食,年年飽股份有限公司,台灣,申報資訊有誤：產品來源(已修正：委託代工廠製造),廠商已修正,11,2026-03-16T00:00:00,2026,3,2026-05-08T13:55:00.803,,104年1月至115年6月,1,,
4860,苗栗縣,,2026/03/16,泥好好吃-初乳鮭,貓,零食,年年飽股份有限公司,台灣,申報資訊有誤：產品來源(已修正：委託代工廠製造)、營養成分(鉀、鎂，以及份數)、適用寵物種類,廠商已修正,11,2026-03-16T00:00:00,2026,3,2026-05-08T13:55:00.803,,104年1月至115年6月,1,,
4860,苗栗縣,,2026/03/16,泥好好吃-初乳牛,貓,零食,年年飽股份有限公司,台灣,申報資訊有誤：產品來源(已修正：委託代工廠製造)、營養成分(鉀、鎂)、適用寵物種類,廠商已修正,11,2026-03-16T00:00:00,2026,3,2026-05-08T13:55:00.803,,104年1月至115年6月,1,,
4860,彰化縣,,2026/03/11,寶多福美食犬餐牛肉口味包3.5Kg,犬用,乾飼糧,統一企業股份有限公司,臺灣,無,無,12,2026-03-11T00:00:00,2026,3,2026-05-08T13:55:00.803,,104年1月至115年6月,1,,
4860,彰化縣,,2026/03/11,葛莉思高齡犬犬食雞肉口味,犬用,乾飼糧,福壽實業股份有限公司,臺灣,無,無,12,2026-03-11T00:00:00,2026,3,2026-05-08T13:55:00.803,,104年1月至115年6月,1,,
4860,彰化縣,,2026/03/11,葛莉思高齡犬犬食牛肉口味,犬用,乾飼糧,福壽實業股份有限公司,臺灣,無,無,12,2026-03-11T00:00:00,2026,3,2026-05-08T13:55:00.803,,104年1月至115年6月,1,,
4860,彰化縣,,2026/03/11,新長紅貓食-鮭魚明蝦風味,貓,乾飼糧,福壽實業股份有限公司,臺灣,無,無,12,2026-03-11T00:00:00,2026,3,2026-05-08T13:55:00.803,,104年1月至115年6月,1,,
4860,彰化縣,,2026/03/11,新長紅貓食-鱈魚干貝風味,貓,乾飼糧,福壽實業股份有限公司,臺灣,無,無,12,2026-03-11T00:00:00,2026,3,2026-05-08T13:55:00.803,,104年1月至115年6月,1,,
4860,彰化縣,,2026/03/11,活力汪起司餅+益菌200g (H44-3),犬用,零食,寶麟寵物用品有限公司,臺灣,無,無,12,2026-03-11T00:00:00,2026,3,2026-05-08T13:55:00.803,,104年1月至115年6月,1,,
4860,彰化縣,,2026/03/11,活力汪牛奶餅+鈣200g (H44-4),犬用,零食,寶麟寵物用品有限公司,臺灣,無,無,12,2026-03-11T00:00:00,2026,3,2026-05-08T13:55:00.803,,104年1月至115年6月,1,,
4860,彰化縣,,2026/03/11,貓狗-派比樂寵物食品50g-雞胸肉片,犬貓,零食,飯島生技股份有限公司,臺灣,無,無,12,2026-03-11T00:00:00,2026,3,2026-05-08T13:55:00.803,,104年1月至115年6月,1,,
4860,彰化縣,,2026/03/11,貓狗-派比樂寵物食品50g-雞肉絲,犬貓,零食,飯島生技股份有限公司,臺灣,無,無,12,2026-03-11T00:00:00,2026,3,2026-05-08T13:55:00.803,,104年1月至115年6月,1,,
4860,彰化縣,,2026/03/11,雞肉憨吉,犬用,零食,家佳實業有限公司,臺灣,無,無,12,2026-03-11T00:00:00,2026,3,2026-05-08T13:55:00.803,,104年1月至115年6月,1,,
4860,彰化縣,,2026/03/11,3吋藜麥雞肉甜甜圈,犬用,零食,家佳實業有限公司,臺灣,無,無,12,2026-03-11T00:00:00,2026,3,2026-05-08T13:55:00.803,,104年1月至115年6月,1,,
4860,南投縣,,2026/03/18,席瑞思愛犬食品-雞肉口味,犬,乾糧,福壽實業股份有限公司,臺灣,無,無,13,2026-03-18T00:00:00,2026,3,2026-05-08T13:55:00.803,,104年1月至115年6月,1,,
4860,南投縣,,2026/03/18,749 羊肉風味棒,犬,零食,宏寶國際企業有限公司,臺灣,無,無,13,2026-03-18T00:00:00,2026,3,2026-05-08T13:55:00.803,,104年1月至115年6月,1,,
4860,南投縣,,2026/03/18,Ab寵物細切雞肉絲-犬用25g,犬,零食,聚茂生技股份有限公司,臺灣,無,無,13,2026-03-18T00:00:00,2026,3,2026-05-08T13:55:00.803,,104年1月至115年6月,1,,
4860,南投縣,,2026/03/18,什錦MIX-鹿肉凍乾主食餐,犬,乾糧,福壽實業股份有限公司,臺灣,無,無,13,2026-03-18T00:00:00,2026,3,2026-05-08T13:55:00.803,,104年1月至115年6月,1,,
4860,南投縣,,2026/03/18,巴絲特-柏洛斯狗罐(雞肉+地瓜),犬,濕糧,峰揚貿易有限公司,臺灣,無,無,13,2026-03-18T00:00:00,2026,3,2026-05-08T13:55:00.803,,104年1月至115年6月,1,,
4860,南投縣,,2026/03/18,摩爾思-貓用干貝嫩雞條(35g),貓,零食,峰揚貿易有限公司,臺灣,無,無,13,2026-03-18T00:00:00,2026,3,2026-05-08T13:55:00.803,,104年1月至115年6月,1,,
4860,南投縣,,2026/03/18,旺得福犬乾糧 鮮雞肉起司,犬,乾糧,柏揚貿易有限公司,臺灣,無,無,13,2026-03-18T00:00:00,2026,3,2026-05-08T13:55:00.803,,104年1月至115年6月,1,,
4860,南投縣,,2026/03/18,葛莉思幼犬及小型犬專用-成長保健配方,犬,乾糧,福壽實業股份有限公司,臺灣,無,無,13,2026-03-18T00:00:00,2026,3,2026-05-08T13:55:00.803,,104年1月至115年6月,1,,
4860,雲林縣,15AIP011,2026/03/17,海陸御膳凍乾丁袋裝,貓,乾飼料,台灣愛邦仕實業股份有限公司,台灣,該品項未申報，涉違動物保護法第22條之3,依同法第31條第1項第10款規定請該公司限期完成申報並以公文檢附完成申報證明文件至本所。,14,2026-03-17T00:00:00,2026,3,2026-05-08T13:55:00.803,,104年1月至115年6月,1,,
4860,雲林縣,15AIP012,2026/03/17,博郎氏成齡犬寵物乾糧羊肉+鮭魚+卵磷脂（1.8KG）,犬,乾飼料,寶榮開發企業股份有限公司,台灣,無,無,14,2026-03-17T00:00:00,2026,3,2026-05-08T13:55:00.803,,104年1月至115年6月,1,,
4860,雲林縣,15AIP013,2026/03/17,時光鮮廚貓糧-海鮮紅蝦（1.5）公斤,貓,濕糧/罐頭,樺隆有限公司,台灣,無,無,14,2026-03-17T00:00:00,2026,3,2026-05-08T13:55:00.803,,104年1月至115年6月,1,,
4860,雲林縣,15AIP014,2026/03/17,寵貓專用營養肉泥條-鮭魚+干貝,貓,零食,毛能寵物營養生技股份有限公司,台灣,無,無,14,2026-03-17T00:00:00,2026,3,2026-05-08T13:55:00.803,,104年1月至115年6月,1,,
4860,雲林縣,15AIP015,2026/03/17,全齡貓無穀低敏腸胃配方,貓,乾飼料,毛能寵物營養生技股份有限公司,台灣,無,無,14,2026-03-17T00:00:00,2026,3,2026-05-08T13:55:00.803,,104年1月至115年6月,1,,
4860,嘉義縣,,2026/03/03,客製毛孩頭像杯子蛋糕,犬貓,零食,霏奔烘培工作室,臺灣,標示不全,函文限期改善,15,2026-03-03T00:00:00,2026,3,2026-05-08T13:55:00.803,,104年1月至115年6月,1,,
4860,嘉義縣,,2026/03/03,五角牛奶潔牙棒,犬,零食,柏揚貿易有限公司,臺灣,無,無,15,2026-03-03T00:00:00,2026,3,2026-05-08T13:55:00.803,,104年1月至115年6月,1,,
4860,嘉義縣,,2026/03/03,炙燒牛米風味條,犬,零食,宏寶國際企業有限公司,臺灣,無,無,15,2026-03-03T00:00:00,2026,3,2026-05-08T13:55:00.803,,104年1月至115年6月,1,,
4860,嘉義縣,,2026/03/03,元氣牛皮棒,犬,零食,寶麟寵物用品有限公司,臺灣,無,無,15,2026-03-03T00:00:00,2026,3,2026-05-08T13:55:00.803,,104年1月至115年6月,1,,
4860,嘉義縣,,2026/03/03,蜜汁嫩雞柳,犬,零食,樺隆有限公司,臺灣,無,無,15,2026-03-03T00:00:00,2026,3,2026-05-08T13:55:00.803,,104年1月至115年6月,1,,
4860,嘉義縣,,2026/03/03,柳葉魚凍乾,犬貓,零食,造典實業股份有限公司,臺灣,無,無,15,2026-03-03T00:00:00,2026,3,2026-05-08T13:55:00.803,,104年1月至115年6月,1,,
4860,嘉義縣,JP003、JP004,2026/03/23,貓貓悠菌多腸道益生菌,犬貓,補充品,博堯生物科技股份有限公司,臺灣,無,無,15,2026-03-23T00:00:00,2026,3,2026-05-08T13:55:00.803,,104年1月至115年6月,1,,
4860,屏東縣,MP004,2026/03/10,毛起來-毛孩每日健康賞-魚油粉機能賞DX,犬、貓,補助食品,委製商-莫奧數位股份有限公司,臺灣,無,無,16,2026-03-10T00:00:00,2026,3,2026-05-08T13:55:00.803,,104年1月至115年6月,1,,
4860,屏東縣,MP005,2026/03/10,活力汪牛奶餅+鈣200g(H44-4),犬,零食,製造商-寶麟寵物用品有限公司,臺灣,無,無,16,2026-03-10T00:00:00,2026,3,2026-05-08T13:55:00.803,,104年1月至115年6月,1,,
4860,屏東縣,MP006,2026/03/10,鮮魚精 單包,犬、貓,零食,製造商-唯寵股份有限公司,臺灣,無,無,16,2026-03-10T00:00:00,2026,3,2026-05-08T13:55:00.803,,104年1月至115年6月,1,,
4860,屏東縣,,2026/03/10,阿嬤養的狗-護眼亮晶晶,犬,零食,委製商-飛輪寵物有限公司,臺灣,無,無,16,2026-03-10T00:00:00,2026,3,2026-05-08T13:55:00.803,,104年1月至115年6月,1,,
4860,屏東縣,,2026/03/10,毛起來-毛孩每日健康賞-腎臟好代謝賞,犬、貓,補助食品,委製商-莫奧數位股份有限公司,臺灣,無,無,16,2026-03-10T00:00:00,2026,3,2026-05-08T13:55:00.803,,104年1月至115年6月,1,,
4860,屏東縣,,2026/03/10,活力汪起司餅+益菌200g(H44-3),犬,零食,製造商-寶麟寵物用品有限公司,臺灣,無,無,16,2026-03-10T00:00:00,2026,3,2026-05-08T13:55:00.803,,104年1月至115年6月,1,,
4860,屏東縣,,2026/03/18,原味羊肉條,犬、貓,零食,製造商-食寵町國際企業有限公司,臺灣,無,無,16,2026-03-18T00:00:00,2026,3,2026-05-08T13:55:00.803,,104年1月至115年6月,1,,
4860,屏東縣,,2026/03/18,【原肉凍乾】鮮凍大干貝,犬、貓,零食,製造商-食寵町國際企業有限公司,臺灣,無,無,16,2026-03-18T00:00:00,2026,3,2026-05-08T13:55:00.803,,104年1月至115年6月,1,,
4860,屏東縣,,2026/03/18,Chill 舒壓凍乾-嗨嗨貓草雞,犬、貓,零食,製造商-食寵町國際企業有限公司,臺灣,無,無,16,2026-03-18T00:00:00,2026,3,2026-05-08T13:55:00.803,,104年1月至115年6月,1,,
4860,臺東縣,,2026/03/18,赫緻低溫風乾健康糧-美國火雞肉(908g),犬,乾飼糧,珍食堡實業股份有限公司,臺灣,無,無,17,2026-03-18T00:00:00,2026,3,2026-05-08T13:55:00.803,,104年1月至115年6月,1,,
4860,臺東縣,,2026/03/18,汪喵星球天然低敏凍主食餐-草飼牛肉餐(500g),犬,乾飼糧,自力耕生股份有限公司,臺灣,無,無,17,2026-03-18T00:00:00,2026,3,2026-05-08T13:55:00.803,,104年1月至115年6月,1,,
4860,臺東縣,,2026/03/18,卡尼狗狗鮮肉主食罐-雞肉+鴨肉口味(165g),犬,罐頭,圓寵有限公司,臺灣,無,無,17,2026-03-18T00:00:00,2026,3,2026-05-08T13:55:00.803,,104年1月至115年6月,1,,
4860,臺東縣,,2026/03/18,喵樂肉食控主食罐-嫩雞鮭魚(80g),貓,罐頭,艾澌克企業股份有限公司,臺灣,無,無,17,2026-03-18T00:00:00,2026,3,2026-05-08T13:55:00.803,,104年1月至115年6月,1,,
4860,臺東縣,,2026/03/18,貪貪肉絲蠶蛹主食罐-雞肉＆旗魚鮭魚(80g),貓,罐頭,寶研生技有限公司,臺灣,無,無,17,2026-03-18T00:00:00,2026,3,2026-05-08T13:55:00.803,,104年1月至115年6月,1,,
4860,花蓮縣,,2026/03/10,小梭子,犬、貓,零食,寵鮮灶腳有限公司,臺灣,無,,18,2026-03-10T00:00:00,2026,3,2026-05-08T13:55:00.803,,104年1月至115年6月,1,,
4860,花蓮縣,,2026/03/10,吃魚魚派對綜合包,貓,零食,聚茂生技股份有限公司,臺灣,無,,18,2026-03-10T00:00:00,2026,3,2026-05-08T13:55:00.803,,104年1月至115年6月,1,,
4860,花蓮縣,,2026/03/10,鳳梨蝦球,犬、貓,零食,寵鮮灶腳有限公司,臺灣,申報網顯示下架,通知業者限期改善,18,2026-03-10T00:00:00,2026,3,2026-05-08T13:55:00.803,,104年1月至115年6月,1,,
4860,花蓮縣,,2026/03/24,健康紀元寵食挑嘴犬專用配方-牛肉口味,犬,乾飼糧,福壽實業股份有限公司,臺灣,無,無,18,2026-03-24T00:00:00,2026,3,2026-05-08T13:55:00.803,,104年1月至115年6月,1,,
4860,花蓮縣,,2026/03/24,健康紀元頂級純肉犬罐-香嫩雞排+地瓜,犬,罐頭,福壽實業股份有限公司,臺灣,無,無,18,2026-03-24T00:00:00,2026,3,2026-05-08T13:55:00.803,,104年1月至115年6月,1,,
4860,澎湖縣,PP011,2026/03/02,DS-HM-02哈姆三兄弟-牛王,犬,零食、潔牙骨,聯享寵物貿易有限公司,台灣,無,無,19,2026-03-02T00:00:00,2026,3,2026-05-08T13:55:00.803,,104年1月至115年6月,1,,
4860,澎湖縣,PP012,2026/03/02,C.C.P犬用機能雞肉鬆200g-關節 21659,犬,零食、潔牙骨,東森寵物雲股份有限公司,台灣,無,無,19,2026-03-02T00:00:00,2026,3,2026-05-08T13:55:00.803,,104年1月至115年6月,1,,
4860,澎湖縣,PP013,2026/03/02,雞老大 軟嫩雞腿肉絲 CHP400-09,犬,零食、潔牙骨,羽田寵物行銷事業有限公司,台灣,無,無,19,2026-03-02T00:00:00,2026,3,2026-05-08T13:55:00.803,,104年1月至115年6月,1,,
4860,澎湖縣,PP014,2026/03/02,hojja賀家 100%純粹野味 雞肉貓咪凍乾零食,貓,零食、潔牙骨,科普瑞國際股份有限公司,台灣,無,無,19,2026-03-02T00:00:00,2026,3,2026-05-08T13:55:00.803,,104年1月至115年6月,1,,
4860,澎湖縣,PP015,2026/03/02,幸福時光奶昔主食罐-莓果優格雞肉80g 22380,貓,零食、潔牙骨,東森寵物雲股份有限公司,台灣,無,無,19,2026-03-02T00:00:00,2026,3,2026-05-08T13:55:00.803,,104年1月至115年6月,1,,
4860,基隆市,,2026/03/17,漢方食補心血管養生佐餐大補帖-50g,犬,零食,珍食堡實業股份有限公司,臺灣,無,無,20,2026-03-17T00:00:00,2026,3,2026-05-08T13:55:00.803,,104年1月至115年6月,1,,
4860,基隆市,,2026/03/17,HOOLI 呼哩一起吃宵夜 香噴雞腿排凍乾,犬、貓,零食,盛貿寵物股份有限公司,臺灣,無,無,20,2026-03-17T00:00:00,2026,3,2026-05-08T13:55:00.803,,104年1月至115年6月,1,,
4860,基隆市,,2026/03/17,博士巧思貓食專業配方-鮪魚+鱈魚口味,貓,乾飼糧,福壽實業股份有限公司,臺灣,無,無,20,2026-03-17T00:00:00,2026,3,2026-05-08T13:55:00.803,,104年1月至115年6月,1,,
4860,基隆市,,2026/03/17,喵樂 肉食控主食罐 嫩雞鮭魚#5,貓,罐頭,艾澌克企業股份有限公司,臺灣,產品包裝標示符合NRC及AAFCO營養規範，檢驗報告僅部分項目符合。,以基市動防字第1150200203號函移請新北市卓處,20,2026-03-17T00:00:00,2026,3,2026-05-08T13:55:00.803,,104年1月至115年6月,1,,
4860,基隆市,,2026/03/17,泰瑞叔叔-香脆鴨喉結(7入),犬,零食,峰揚貿易有限公司,臺灣,產品包裝僅標示數量（7入），未標示淨重或容量及其法定度量衡單位。,以基市動防字第1150200203號函移請新北市卓處,20,2026-03-17T00:00:00,2026,3,2026-05-08T13:55:00.803,,104年1月至115年6月,1,,
4860,基隆市,,2026/03/17,柏妮絲-桃氣奶香棒(70g),犬、貓,零食,峰揚貿易有限公司,臺灣,產品包裝適用寵物種類與申報網資料不符,以基市動防字第1150200203號函移請新北市卓處,20,2026-03-17T00:00:00,2026,3,2026-05-08T13:55:00.803,,104年1月至115年6月,1,,
4860,基隆市,,2026/03/17,皮特先生-成貓多種魚挑嘴貓配方,貓,乾飼糧,沅豐企業有限公司,臺灣,產品包裝主要營養成分含量與申報網資料不符,以基市動防字第1150200203號函移請新北市卓處,20,2026-03-17T00:00:00,2026,3,2026-05-08T13:55:00.803,,104年1月至115年6月,1,,
4860,基隆市,,2026/03/17,艾沛鼎食晶凍貓罐85g 鮪魚+曼波魚皮 CS1,貓,罐頭,沅慶企業有限公司,臺灣,產品包裝主要營養成分含量與申報網資料不符,以基市動防字第1150200203號函移請新北市卓處,20,2026-03-17T00:00:00,2026,3,2026-05-08T13:55:00.803,,104年1月至115年6月,1,,
4860,基隆市,,2026/03/17,博士巧思無穀貓食-鮭魚+田野鮮蔬,貓,乾飼糧,福壽實業股份有限公司,臺灣,產品包裝主要原料及添加物、主要營養成分含量與申報網資料不符,以基市動防字第1150200205號函移請臺中市卓處,20,2026-03-17T00:00:00,2026,3,2026-05-08T13:55:00.803,,104年1月至115年6月,1,,
4860,基隆市,,2026/03/17,燒肉燒~美味牛肉條,犬,零食,星岳行銷有限公司,臺灣,產品包裝主要營養成分含量與申報網資料不符,以基市動防字1150200204第號函移請臺北市卓處,20,2026-03-17T00:00:00,2026,3,2026-05-08T13:55:00.803,,104年1月至115年6月,1,,
4860,新竹市,,2026/03/12,培心全齡犬無穀低敏犬糧-魚肉鮮蔬口味,全齡犬,乾飼糧,唯寵股份有限公司,台灣,無,無,21,2026-03-12T00:00:00,2026,3,2026-05-08T13:55:00.803,,104年1月至115年6月,1,,
4860,新竹市,,2026/03/12,汪喵星球 幼母貓營養主食罐,貓,濕糧/罐頭,自力耕生股份有限公司,台灣,無,無,21,2026-03-12T00:00:00,2026,3,2026-05-08T13:55:00.803,,104年1月至115年6月,1,,
4860,新竹市,,2026/03/12,寵物零食專家 起司雞肉絲,犬,零食,茂捷有限公司,台灣,無,無,21,2026-03-12T00:00:00,2026,3,2026-05-08T13:55:00.803,,104年1月至115年6月,1,,
4860,新竹市,,2026/03/12,艾沛鼎食晶凍犬罐 營養鵪鶉蛋110g,犬,濕糧/罐頭,沅慶企業有限公司,台灣,無,無,21,2026-03-12T00:00:00,2026,3,2026-05-08T13:55:00.803,,104年1月至115年6月,1,,
4860,新竹市,,2026/03/12,怪獸部落 港式鮮煲湯80g 山藥雞魚湯,貓,濕糧/罐頭,怪獸製造有限公司,台灣,無,無,21,2026-03-12T00:00:00,2026,3,2026-05-08T13:55:00.803,,104年1月至115年6月,1,,
4860,嘉義市,TP005,2026/03/31,怪獸部落-凍乾主食開胃山海鮮肉餅,貓,乾糧,怪獸製造有限公司,台灣,無,,22,2026-03-31T00:00:00,2026,3,2026-05-08T13:55:00.803,,104年1月至115年6月,1,,
4860,嘉義市,,2026/03/31,澳洲野生袋鼠肉貓糧,貓,乾糧,台灣愛德勝寵物食品有限公司,紐西蘭,未申報,通知業者限期改善,22,2026-03-31T00:00:00,2026,3,2026-05-08T13:55:00.803,,104年1月至115年6月,1,,
4860,嘉義市,,2026/03/31,DANLO好棒棒鴨肉,犬,零食,豪翼行銷有限公司,台灣,未申報,通知業者限期改善,22,2026-03-31T00:00:00,2026,3,2026-05-08T13:55:00.803,,104年1月至115年6月,1,,
4860,嘉義市,,2026/03/31,超海派手作消臭餅(蘋果風味),犬,零食,優勝生技有限公司 ,台灣,無,,22,2026-03-31T00:00:00,2026,3,2026-05-08T13:55:00.803,,104年1月至115年6月,1,,
4860,嘉義市,,2026/03/31,Kakato卡格餐食罐(牛肉慕斯),犬貓,罐頭,鎧帛實業有限公司,泰國,未申報,通知業者限期改善,22,2026-03-31T00:00:00,2026,3,2026-05-08T13:55:00.803,,104年1月至115年6月,1,,
4860,金門縣,YP071,2026/03/13,凍物鮮友會-酥小卷司機-30g,犬、貓,零食,"晟品股份有限公司/
志飛企業有限公司",臺灣,無,無,23,2026-03-13T00:00:00,2026,3,2026-05-08T13:55:00.803,,104年1月至115年6月,1,,
4860,金門縣,YP072,2026/03/13,肉球世界-金鑽大蝦仁-15g,犬、貓,零食,金富錸國際寵物有限公司,臺灣,無,無,23,2026-03-13T00:00:00,2026,3,2026-05-08T13:55:00.803,,104年1月至115年6月,1,,
4860,金門縣,YP073,2026/03/13,"汪喵星球 - 95%犬用無膠主食罐 
田園火雞肉餐-165g",犬,濕糧、罐頭,自力耕生股份有限公司,臺灣,無,無,23,2026-03-13T00:00:00,2026,3,2026-05-08T13:55:00.803,,104年1月至115年6月,1,,
4860,金門縣,YP074,2026/03/13,怪獸部落-寶寶無膠主食罐 -幼犬草飼牛-165g,犬,濕糧、罐頭,"怪獸製造有限公司/
自力耕生股份有限公司",臺灣,無,無,23,2026-03-13T00:00:00,2026,3,2026-05-08T13:55:00.803,,104年1月至115年6月,1,,
4860,金門縣,YP075,2026/03/13,肉球世界-搖搖雞肉凍乾無穀貓糧 2LB,貓,乾飼糧,金富錸國際寵物有限公司,臺灣,無,無,23,2026-03-13T00:00:00,2026,3,2026-05-08T13:55:00.803,,104年1月至115年6月,1,,
4860,連江縣,XP061,2025/01/30,西莎Cesar-犬罐頭-野菜牛肉口味(100g*1罐),犬,罐頭,台灣瑪氏Mars Petcare/進口,澳洲,無,無,24,2025-01-30T00:00:00,2026,3,2026-05-08T13:55:00.803,,104年1月至115年6月,1,,
4860,連江縣,XP062,2025/01/30,西莎Cesar-犬罐頭-雞肉口味(100g*1罐),犬,罐頭,台灣瑪氏Mars Petcare/進口,澳洲,無,無,24,2025-01-30T00:00:00,2026,3,2026-05-08T13:55:00.803,,104年1月至115年6月,1,,
4860,連江縣,XP063,2025/01/30,喵樂貓罐頭-雞肉口味(80g*1罐),貓,罐頭,艾澌克企業股份有限公司/進口,泰國,無,無,24,2025-01-30T00:00:00,2026,3,2026-05-08T13:55:00.803,,104年1月至115年6月,1,,
4860,連江縣,XP064,2025/01/30,偉嘉whiskas-什錦珍味雞肉鮪魚真空包(70g*1包),貓,罐頭(真空包),台灣瑪氏Mars Petcare/進口,泰國,無,無,24,2025-01-30T00:00:00,2026,3,2026-05-08T13:55:00.803,,104年1月至115年6月,1,,
4860,連江縣,XP065,2025/01/30,偉嘉whiskas-貓用乾糧-海洋魚類口味(1.2kg*1包),貓,乾糧,瑪氏食品Mars Petcare(Thailand)/進口,泰國,無,無,24,2025-01-30T00:00:00,2026,3,2026-05-08T13:55:00.803,,104年1月至115年6月,1,,
4860,新北市,AP011,2026/04/02,南極磷蝦油 寵物營養補充條 鮪魚X牛磺酸+維生素E,犬貓,輔助食品,金富錸國際寵物有限公司,台灣,申報網及包裝適用寵物種類不一致,轉臺中市動物保護防疫處處理。,0,2026-04-02T00:00:00,2026,4,2026-06-05T10:16:02.76,,104年1月至115年6月,1,,
4860,新北市,AP012,2026/04/02,RONRON虎嚕-4號鮪魚+鮭魚+酪梨維持抵抗力 主食餐包,貓,濕糧,東盈農牧股份有限公司,泰國,"1.有效日期標示錯誤
2.申報網主要營養成分及含量與包裝不符",轉臺北市動物保護處處理。,0,2026-04-02T00:00:00,2026,4,2026-06-05T10:16:02.76,,104年1月至115年6月,1,,
4860,新北市,,2026/04/02,樂健飛-疫力好 褐藻醣膠+鮭魚精巢+黑大蒜-60粒,犬貓,輔助食品,勤達實業有限公司,台灣,無,無,0,2026-04-02T00:00:00,2026,4,2026-06-05T10:16:02.76,,104年1月至115年6月,1,,
4860,新北市,,2026/04/02,小食獸 完食鮮主食罐_海陸御膳,犬,罐頭,嗨寵物們股份有限公司,台灣,無,無,0,2026-04-02T00:00:00,2026,4,2026-06-05T10:16:02.76,,104年1月至115年6月,1,,
4860,新北市,,2026/04/02,咕嚕呼嚕 - 雪山珍鱘湯包,犬貓,濕糧,寵愛毛毛股份有限公司,台灣,"1.申報網主要原料及添加物與包裝不符
2.申報網主要營養成分及含量與包裝不符",發文業者限期改善,0,2026-04-02T00:00:00,2026,4,2026-06-05T10:16:02.76,,104年1月至115年6月,1,,
4860,新北市,,2026/04/02,吶一口貓脆餅-奶香鰹魚風味,貓,零食,豪翼行銷有限公司,泰國,無,無,0,2026-04-02T00:00:00,2026,4,2026-06-05T10:16:02.76,,104年1月至115年6月,1,,
4860,新北市,,2026/04/02,咔嗞凍乾/吻仔魚,犬貓,零食,嗨寵物們股份有限公司,台灣,無,無,0,2026-04-02T00:00:00,2026,4,2026-06-05T10:16:02.76,,104年1月至115年6月,1,,
4860,新北市,,2026/04/02,SN-PD-04【心寵】口腔保健｜海魚X羊奶餐包-犬用80g,犬,濕糧,廣湛有限公司,泰國,"1.有效日期標示錯誤
2.申報網主要原料及添加物與包裝不符
3.申報網主要營養成分及含量與包裝不符",轉臺北市動物保護處處理。,0,2026-04-02T00:00:00,2026,4,2026-06-05T10:16:02.76,,104年1月至115年6月,1,,
4860,新北市,,2026/04/02,呼呼包-室內貓主食餐包【鮮雞X鬼頭刀】,貓,濕糧,白手起稼有限公司,台灣,無,無,0,2026-04-02T00:00:00,2026,4,2026-06-05T10:16:02.76,,104年1月至115年6月,1,,
4860,新北市,,2026/04/02,SN-SP-03【心寵】維持抵抗力｜鮪魚+雞肉+枸杞-爆漿肉醬貓罐80g,貓,罐頭,廣湛有限公司,泰國,有效日期標示錯誤,轉臺北市動物保護處處理。,0,2026-04-02T00:00:00,2026,4,2026-06-05T10:16:02.76,,104年1月至115年6月,1,,
4860,新北市,,2026/04/02,貓咪潔牙餅-雞肉&鮭魚口味,貓,零食,逸寶國際股份有限公司,美國,申報網主要原料及添加物與包裝不符,轉臺北市動物保護處處理。,0,2026-04-02T00:00:00,2026,4,2026-06-05T10:16:02.76,,104年1月至115年6月,1,,
4860,新北市,,2026/04/02,妙喵肉泥11號-下部尿路,貓,零食,東盈實業股份有限公司,泰國,無,無,0,2026-04-02T00:00:00,2026,4,2026-06-05T10:16:02.76,,104年1月至115年6月,1,,
4860,新北市,,2026/04/02,鳳梨蝦球,犬貓,零食,寵鮮灶腳有限公司,台灣,無,無,0,2026-04-02T00:00:00,2026,4,2026-06-05T10:16:02.76,,104年1月至115年6月,1,,
4860,新北市,,2026/04/02,歐睿健ORIJEN 愛貓守護8 無穀配方(野牧鮮雞+野生漁獲) 0.34KG,貓,乾飼糧,瀚翔寵物有限公司,加拿大,"1.申報網主要原料及添加物與包裝不符
2.製造商、地址未以中文清楚標示",轉高雄市動物保護處處理。,0,2026-04-02T00:00:00,2026,4,2026-06-05T10:16:02.76,,104年1月至115年6月,1,,
4860,新北市,,2026/04/02,CA-3703 Canidae良善-無穀全齡貓-鮪魚(室內貓專用) 300g,貓,乾飼糧,嵩颺有限公司,美國,無,無,0,2026-04-02T00:00:00,2026,4,2026-06-05T10:16:02.76,,104年1月至115年6月,1,,
4860,臺北市,VP010,2026/04/15,南極磷蝦大肉包 冰峰鮭魚排,犬,濕糧,金富錸國際寵物有限公司,臺灣,無,無,1,2026-04-15T00:00:00,2026,4,2026-06-05T10:16:02.76,,104年1月至115年6月,1,,
4860,臺北市,VP011,2026/04/15,CIAO-IWF-143 前濱罐系列罐頭(鰹魚+吻仔魚口味)115g,犬、貓,罐頭,台灣稻葉食品股份有限公司,泰國,無,無,1,2026-04-15T00:00:00,2026,4,2026-06-05T10:16:02.76,,104年1月至115年6月,1,,
4860,臺北市,,2026/04/15,HALO® 嘿囉TM 成貓燉食(無穀低脂) 野生鮭魚燉豌豆+鷹嘴豆,貓,乾糧,盛貿寵物股份有限公司,美國,無,無,1,2026-04-15T00:00:00,2026,4,2026-06-05T10:16:02.76,,104年1月至115年6月,1,,
4860,臺北市,,2026/04/15,汪喵星球 貓用滴魚精滋補主食餐包40g鰹魚烏魚餐,貓,濕糧,自力耕生股份有限公司,臺灣,無,無,1,2026-04-15T00:00:00,2026,4,2026-06-05T10:16:02.76,,104年1月至115年6月,1,,
4860,臺北市,,2026/04/15,柏萊富棒吉 漁人現撈 6種魚,貓,乾糧,柏希菲克股份有限公司,美國,無,無,1,2026-04-15T00:00:00,2026,4,2026-06-05T10:16:02.76,,104年1月至115年6月,1,,
4860,臺北市,,2026/04/15,星益生趣 無穀犬糧 生鮮白魚配方,犬,乾糧,盛貿寵物股份有限公司,美國,無,無,1,2026-04-15T00:00:00,2026,4,2026-06-05T10:16:02.76,,104年1月至115年6月,1,,
4860,臺北市,,2026/04/15,瑞威天然平衡犬糧 3號 海洋魚貝,犬,乾糧,瑞威動物科技股份有限公司,臺灣,無,無,1,2026-04-15T00:00:00,2026,4,2026-06-05T10:16:02.76,,104年1月至115年6月,1,,
4860,臺北市,,2026/04/15,薛丁格(烏魚丁)犬凍乾零食,犬,零食,奧也股份有限公司,臺灣,無,無,1,2026-04-15T00:00:00,2026,4,2026-06-05T10:16:02.76,,104年1月至115年6月,1,,
4860,臺北市,,2026/04/15,海夫默克 挪威鱈魚營養棒,犬,零食,奧也股份有限公司,越南,無,無,1,2026-04-15T00:00:00,2026,4,2026-06-05T10:16:02.76,,104年1月至115年6月,1,,
4860,臺北市,,2026/04/15,三星美食細嫩口感餐包  鮪魚+鰹魚,貓,濕糧,嬌聯股份有限公司,泰國,無,無,1,2026-04-15T00:00:00,2026,4,2026-06-05T10:16:02.76,,104年1月至115年6月,1,,
4860,臺北市,,2026/04/15,NU-10296無穀全能系列T24　鮭魚+鱒魚挑嘴全齡貓,貓,乾糧,展聖寵物用品有限公司,加拿大,無,無,1,2026-04-15T00:00:00,2026,4,2026-06-05T10:16:02.76,,104年1月至115年6月,1,,
4860,臺北市,,2026/04/15,瑞威肌能罐－鱈魚海瓜子,犬,罐頭,瑞威動物科技股份有限公司,臺灣,無,無,1,2026-04-15T00:00:00,2026,4,2026-06-05T10:16:02.76,,104年1月至115年6月,1,,
4860,臺北市,,2026/04/15,星益生趣 貓貓凍乾主食餐 鮭魚鱈魚配方,貓,乾糧,盛貿寵物股份有限公司,美國,無,無,1,2026-04-15T00:00:00,2026,4,2026-06-05T10:16:02.76,,104年1月至115年6月,1,,
4860,臺北市,,2026/04/15,自然主義草本美毛貓糧-雞肉& 鮭魚+百合根+番茄乾,貓,乾糧,東森寵物雲股份有限公司,荷蘭,無,無,1,2026-04-15T00:00:00,2026,4,2026-06-05T10:16:02.76,,104年1月至115年6月,1,,
4860,臺北市,,2026/04/15,沃野Wolfy 天然原型系列-柳葉魚凍乾,犬、貓,零食,東森寵物雲股份有限公司,臺灣,無,無,1,2026-04-15T00:00:00,2026,4,2026-06-05T10:16:02.76,,104年1月至115年6月,1,,
4860,臺中市,SP017,2026/04/09,法樂食 狗狗主食餐盒 鮭魚與蔬菜口味,犬,濕食,逸寶國際股份有限公司,法國,"1.製造及有效日期區間2.逾包裝所標示保存期限。
月日排列不明。",已依中市動稽字第1150003761號函轉臺北市動物保護處。,2,2026-04-09T00:00:00,2026,4,2026-06-05T10:16:02.76,,104年1月至115年6月,1,,
4860,臺中市,SP018,2026/04/09,耐吉斯 凍乾多拼鮭魚餐 全齡貓配方,貓,乾糧,艾澌克企業股份有限公司,台灣,"1.申報「產品來源」與包裝標示不符。
2.申報「製造或加工業者工廠名稱」有誤。
3.未標示製造(加工)業者名稱、地址及電話。
4.使用「符合國際標準」詞句或類似詞句，產品未符合對應標準之要求，前揭產品標有「本產品按AAFCO全齡貓營養標準設計」。",已依中市動稽字第1150003861號函轉新北市政府動物保護防疫處。,2,2026-04-09T00:00:00,2026,4,2026-06-05T10:16:02.76,,104年1月至115年6月,1,,
4860,臺中市,1,2026/04/09,BLOP呷哺呷哺-鯊魚來了,犬,零食,金閤股份有限公司,台灣,無,無,2,2026-04-09T00:00:00,2026,4,2026-06-05T10:16:02.76,,104年1月至115年6月,1,,
4860,臺中市,2,2026/04/09,海夫默克挪威鱈魚營養棒,犬,零食,奧也股份有限公司,越南,無,無,2,2026-04-09T00:00:00,2026,4,2026-06-05T10:16:02.76,,104年1月至115年6月,1,,
4860,臺中市,3,2026/04/09,耐嚼型潔牙棒-鮭魚風味,犬,潔牙骨,竣百有限公司,泰國,無,無,2,2026-04-09T00:00:00,2026,4,2026-06-05T10:16:02.76,,104年1月至115年6月,1,,
4860,臺中市,4,2026/04/09,"O,bli!噢!比利!綜合營養肉肉點心",犬,零食,品果國際行銷有限公司,韓國,"未標示製造(加工)業者名稱、地址及電話。
使用「符合國際標準」詞句或類似詞句，產品未符合對應標準之要求，前揭產品標有「此產品由經ISO22000和ISO14001認證工廠生產」及產品包裝標有HACCP標章。",已依中市動稽字第1150003973號函轉桃園市政府動物保護處。,2,2026-04-09T00:00:00,2026,4,2026-06-05T10:16:02.76,,104年1月至115年6月,1,,
4860,臺中市,5,2026/04/09,Kusaju Feast海陸小鮮肉漢方機能鮮肉罐 鹿+雞+鮪魚,犬,濕食,正成寵物有限公司,台灣,申報「主要營養成分及含量」與包裝標示不符。,已依中市動稽字第1150003778號函轉高雄市動物保護處。,2,2026-04-09T00:00:00,2026,4,2026-06-05T10:16:02.76,,104年1月至115年6月,1,,
4860,臺中市,6,2026/04/09,海夫默克挪威鳳尾魚乾,貓,零食,奧也股份有限公司,越南,無,無,2,2026-04-09T00:00:00,2026,4,2026-06-05T10:16:02.76,,104年1月至115年6月,1,,
4860,臺中市,7,2026/04/09,Kaniva卡咪哇 維他命晶球餐包-鮪.鮭.肉汁,貓,濕食,東盈實業股份有限公司,泰國,無,無,2,2026-04-09T00:00:00,2026,4,2026-06-05T10:16:02.76,,104年1月至115年6月,1,,
4860,臺中市,8,2026/04/09,皇貓經典 鮪魚&雞肉&鮮蝦,貓,濕食,茂捷有限公司,泰國,無,無,2,2026-04-09T00:00:00,2026,4,2026-06-05T10:16:02.76,,104年1月至115年6月,1,,
4860,臺中市,9,2026/04/09,主子優選 極鮮鮪魚紅肉罐 鮪魚&吻仔魚,貓,濕食,貓狗甜心數位科技有限公司,泰國,申報「產品來源」與包裝標示不符。,已依中市動稽字第1150003761號函轉臺北市動物保護處。,2,2026-04-09T00:00:00,2026,4,2026-06-05T10:16:02.76,,104年1月至115年6月,1,,
4860,臺中市,10,2026/04/09,Barong(貓)無穀田園-北大西洋鮭魚,貓,乾糧,季軒有限公司,西班牙,使用「研發」詞句或類似詞句，未明確記載研發人姓名或研發機構名稱；前揭產品標有「歐洲專業獸醫師&動物營養師團隊研發」。,已依中市動稽字第1150003778號函轉高雄市動物保護處。,2,2026-04-09T00:00:00,2026,4,2026-06-05T10:16:02.76,,104年1月至115年6月,1,,
4860,臺南市,,2026/05/11,搶鮮貓(鮪魚+蟹肉)85g,貓,濕糧,松桀企業社,台灣,無,無,4,2026-05-11T00:00:00,2026,4,2026-06-05T10:16:02.76,,104年1月至115年6月,1,,
4860,臺南市,,2026/05/11,寵介讚 寵物原肉零食-蜜汁雞肉鱈魚條100g,犬,零食,海慶企業社,台灣,無,無,4,2026-05-11T00:00:00,2026,4,2026-06-05T10:16:02.76,,104年1月至115年6月,1,,
4860,臺南市,UP017,2026/05/13,MOKA 摩卡喵cat主食慕斯杯 舒肥雞肉+極鮮鮭魚(排毛保健),犬/貓,濕糧,品果國際行銷有限公司,韓國,無,無,4,2026-05-13T00:00:00,2026,4,2026-06-05T10:16:02.76,,104年1月至115年6月,1,,
4860,臺南市,,2026/05/13,天然低敏凍乾主食餐(小方粒型)-幼貓營養鱈魚500g,貓,乾糧,自力耕生股份有限公司,台灣,無,無,4,2026-05-13T00:00:00,2026,4,2026-06-05T10:16:02.76,,104年1月至115年6月,1,,
4860,臺南市,UP018,2026/05/13,特百滋開胃三層杯 犬用 黃金慢燉小牛 80g,犬,濕糧,艾澌克企業股份有限公司,泰國,無,無,4,2026-05-13T00:00:00,2026,4,2026-06-05T10:16:02.76,,104年1月至115年6月,1,,
4860,臺南市,,2026/05/13,邦比-貓餐罐 白身鮪魚+雞肉(湯罐),貓,罐頭,全慶寵物用品有限公司 ,泰國,無,無,4,2026-05-13T00:00:00,2026,4,2026-06-05T10:16:02.76,,104年1月至115年6月,1,,
4860,臺南市,,2026/05/13,邦比-貓餐罐 白身鮪魚+吻仔魚(湯罐),貓,罐頭,全慶寵物用品有限公司 ,泰國,無,無,4,2026-05-13T00:00:00,2026,4,2026-06-05T10:16:02.76,,104年1月至115年6月,1,,
4860,臺南市,,2026/05/13,邦比-貓餐罐 白身鮪魚+鮭魚,貓,罐頭,全慶寵物用品有限公司 ,泰國,無,無,4,2026-05-13T00:00:00,2026,4,2026-06-05T10:16:02.76,,104年1月至115年6月,1,,
4860,臺南市,,2026/05/13,飼糧倉 呼嚕泥飽主食餐包-干貝燉雞70g,貓,濕糧/罐頭,食寵町國際企業有限公司,臺灣,無,無,4,2026-05-13T00:00:00,2026,4,2026-06-05T10:16:02.76,,104年1月至115年6月,1,,
4860,高雄市,WP013,2026/04/02,開放農場自然農選無穀寵糧-野撈鮮鮭魚(全齡貓),貓,乾飼糧,悠遊國際實業股份有限公司,美國,廣告宣稱,移請臺北市動物保護處卓處。,6,2026-04-02T00:00:00,2026,4,2026-06-05T10:16:02.76,,104年1月至115年6月,1,,
4860,高雄市,WP014,2026/04/02,克瑞斯天然紐西蘭點心–鱈魚肉,犬,零食,昱碩國際事業股份有限公司,紐西蘭,無,無,6,2026-04-02T00:00:00,2026,4,2026-06-05T10:16:02.76,,104年1月至115年6月,1,,
4860,高雄市,,2026/04/02,曙光冷凍乾燥生食貓用點心-米諾魚,貓,零食,昱碩國際事業股份有限公司,美國,申報與標示不一、廣告宣稱,移請新北市政府動物保護防疫處卓處。,6,2026-04-02T00:00:00,2026,4,2026-06-05T10:16:02.76,,104年1月至115年6月,1,,
4860,高雄市,,2026/04/02,帝王鮭魚無穀犬糧,犬,乾飼糧,台灣愛德勝寵物食品有限公司,紐西蘭,業者、產品未申報及產品標示有誤,移請臺北市動物保護處卓處。,6,2026-04-02T00:00:00,2026,4,2026-06-05T10:16:02.76,,104年1月至115年6月,1,,
4860,高雄市,,2026/04/02,鮮樂嚐 四種魚成貓護膚化毛配方,貓,乾飼糧,大地營養有限公司,台灣,產品未申報及廣告宣稱,移請臺南市動物防疫保護處卓處。,6,2026-04-02T00:00:00,2026,4,2026-06-05T10:16:02.76,,104年1月至115年6月,1,,
4860,高雄市,,2026/04/02,BLOP呷哺呷哺-鯊魚來了,犬,零食,金閤股份有限公司,台灣,申報與標示不一,移請新北市政府動物保護防疫處卓處。,6,2026-04-02T00:00:00,2026,4,2026-06-05T10:16:02.76,,104年1月至115年6月,1,,
4860,高雄市,,2026/04/02,海夫默克 挪威鱈魚營養餅,犬,零食,奧也股份有限公司,越南,無,無,6,2026-04-02T00:00:00,2026,4,2026-06-05T10:16:02.76,,104年1月至115年6月,1,,
4860,高雄市,,2026/04/02,泥好！鮭山島,犬貓,零食,慶宇生技股份有限公司,台灣,無,無,6,2026-04-02T00:00:00,2026,4,2026-06-05T10:16:02.76,,104年1月至115年6月,1,,
4860,高雄市,,2026/04/02,超越巔峰肉泥-野生鮪魚佐國王鮭,犬貓,零食,王品寵物用品有限公司,泰國,無,無,6,2026-04-02T00:00:00,2026,4,2026-06-05T10:16:02.76,,104年1月至115年6月,1,,
4860,高雄市,,2026/04/02,100%鮪魚原肉凍乾串串包,犬貓,零食,緯豪實業股份有限公司,台灣,申報與標示不一及標示不完整,移請新北市政府動物保護防疫處卓處。,6,2026-04-02T00:00:00,2026,4,2026-06-05T10:16:02.76,,104年1月至115年6月,1,,
4860,桃園市,CP031,2026/04/01,優格吃貨拼盤多拼糧-全齡犬老饕海陸佐蘋果(高適口性配方) 1.5lb,狗,乾糧,艾澌克企業股份有限公司,乾糧:加拿大佐料:台灣,無,無,8,2026-04-01T00:00:00,2026,4,2026-06-05T10:16:02.76,,104年1月至115年6月,1,,
4860,桃園市,CP033,2026/04/01,自然牧場—紐西蘭天然零食—銀鮫魚軟骨 50g,狗,零食,澳新美有限公司,紐西蘭,無,無,8,2026-04-01T00:00:00,2026,4,2026-06-05T10:16:02.76,,104年1月至115年6月,1,,
4860,桃園市,CP034,2026/04/01,毛孩好棒棒-鱈魚,貓,零食,東方中宇國際有限公司,台灣,成分標示鮪魚與品名不符,已發文臺北市動物保護處。             (桃動七字第1150004610號),8,2026-04-01T00:00:00,2026,4,2026-06-05T10:16:02.76,,104年1月至115年6月,1,,
4860,桃園市,CP035,2026/04/01,SD-HSA-015【紐西蘭星期天】原焙好食糧－無穀野生鱈（成犬）1.3kg,狗,乾糧,展聖寵物用品有限公司,紐西蘭,無,無,8,2026-04-01T00:00:00,2026,4,2026-06-05T10:16:02.76,,104年1月至115年6月,1,,
4860,桃園市,CP036,2026/04/01,鮪魚+羊奶 慕絲,貓,濕糧,碩達豐貿易有限公司,泰國,無,無,8,2026-04-01T00:00:00,2026,4,2026-06-05T10:16:02.76,,104年1月至115年6月,1,,
4860,桃園市,CP038,2026/04/01,肉肉圖鑑營養小方塊-鮪魚＋葉黃素,狗,零食,東方中宇國際有限公司,台灣,無,無,8,2026-04-01T00:00:00,2026,4,2026-06-05T10:16:02.76,,104年1月至115年6月,1,,
4860,桃園市,CP039,2026/04/08,格瑞醫生犬食-海陸大餐(羊+魚)配方,狗,乾糧,渥夫特實業有限公司,美國,無,無,8,2026-04-08T00:00:00,2026,4,2026-06-05T10:16:02.76,,104年1月至115年6月,1,,
4860,桃園市,CP040,2026/04/08,漢方保健凍乾-虱目魚冬蟲夏草,貓,零食,東方中宇國際有限公司,台灣,主要營養成分標示與申報網不符,已發函臺北市動物保護處(1150004646號函)。,8,2026-04-08T00:00:00,2026,4,2026-06-05T10:16:02.76,,104年1月至115年6月,1,,
4860,桃園市,CP037,2026/04/08,"NAS Omega 3, 6 & 9鱈魚肝油",狗,補充品,宜輝企業有限公司,澳大利亞,無,無,8,2026-04-08T00:00:00,2026,4,2026-06-05T10:16:02.76,,104年1月至115年6月,1,,
4860,桃園市,CP032,2026/04/08,挪威鮭魚切丁凍乾,貓,零食,京晟企業有限公司,台灣,無,無,8,2026-04-08T00:00:00,2026,4,2026-06-05T10:16:02.76,,104年1月至115年6月,1,,
4860,宜蘭縣,未抽樣,2026/03/10,100%雞肉凍乾塊零食,犬貓,零食,騰勢股份有限公司,台灣,申報網產品外包裝設計(正面圓形圖之一為CAS)與實際產品(正面圓形圖之一為-60度)不符。,"產品申報3/11通知業者限期改善(3/27)。

*3/30複查：已完成改善。",9,2026-03-10T00:00:00,2026,4,2026-06-05T10:16:02.76,,104年1月至115年6月,1,,
4860,宜蘭縣,未抽樣,2026/03/10,優沛特-犬用大狗罐(胡蘿蔔+牛肉風味)400g,犬,濕糧/罐頭(水分含量65％以上) ,全慶寵物用品有限公司,台灣,無,無,9,2026-03-10T00:00:00,2026,4,2026-06-05T10:16:02.76,,104年1月至115年6月,1,,
4860,宜蘭縣,未抽樣,2026/03/10,哩賀毛孩蒸蛋條-原味GABA,貓,零食,科普瑞國際股份有限公司,台灣,無,無,9,2026-03-10T00:00:00,2026,4,2026-06-05T10:16:02.76,,104年1月至115年6月,1,,
4860,宜蘭縣,BP003,2026/04/14,什錦MIX貓食-頂級鮮蝦口味,貓,乾飼糧,福壽實業股份有限公司,台灣,無,無,9,2026-04-14T00:00:00,2026,4,2026-06-05T10:16:02.76,,104年1月至115年6月,1,,
4860,宜蘭縣,BP004,2026/04/14,"17100犬貓用嚴選小魚乾4種MIX 100g
DRIED SMALL FISH MIX",犬、貓,零食,台灣多格漫商貿股份有限公司,日本,無,無,9,2026-04-14T00:00:00,2026,4,2026-06-05T10:16:02.76,,104年1月至115年6月,1,,
4860,宜蘭縣,未抽樣,2026/04/14,"咪歐小確幸貓罐 - 起司鮪魚 80G
Me-O Delite - Tuna in Jelly Topping Cheese 80G",貓,濕糧/罐頭(水分含量65％以上) ,好侶股份有限公司,泰國,無,無,9,2026-04-14T00:00:00,2026,4,2026-06-05T10:16:02.76,,104年1月至115年6月,1,,
4860,宜蘭縣,未抽樣,2026/04/14,銀湯匙喵湯匙肉泥 鮪魚鮭魚兩口味 10入,貓,零食,嬌聯股份有限公司,泰國,無,無,9,2026-04-14T00:00:00,2026,4,2026-06-05T10:16:02.76,,104年1月至115年6月,1,,
4860,宜蘭縣,BP005,2026/04/14,CIAO-SC 108 啾嚕肉泥(鮪魚+鱈場蟹口味)4p,犬、貓,零食,台灣稻葉食品股份有限公司,日本,"1.申報網之適用寵物種類：犬、貓，與實際產品之外包裝(照片和文字皆只有成貓)不符。
2.無","1.產品申報4/17通知業者限期改善(4/29)。*4/21複查：已完成改善。
2.無",9,2026-04-14T00:00:00,2026,4,2026-06-05T10:16:02.76,,104年1月至115年6月,1,,
4860,新竹縣,,2026/04/07,派庫廚房-極鮮蝦大廚凍乾,犬貓,零食,金派庫國際有限公司,台灣,無,無,10,2026-04-07T00:00:00,2026,4,2026-06-05T10:16:02.76,,104年1月至115年6月,1,,
4860,新竹縣,,2026/04/22,沛特拉醫生-貓咪潔牙棒 雞肉口味,貓咪,零食,逸寶國際股份有限公司,韓國,無,無,10,2026-04-22T00:00:00,2026,4,2026-06-05T10:16:02.76,,104年1月至115年6月,1,,
4860,新竹縣,,2026/04/22,沛特拉醫生-貓咪潔牙棒 鮭魚口味,貓咪,零食,逸寶國際股份有限公司,韓國,無,無,10,2026-04-22T00:00:00,2026,4,2026-06-05T10:16:02.76,,104年1月至115年6月,1,,
4860,新竹縣,,2026/04/22,Dr. Petra 沛特拉醫生-貓咪潔牙棒 鮪魚口味,貓咪,零食,逸寶國際股份有限公司,韓國,無,無,10,2026-04-22T00:00:00,2026,4,2026-06-05T10:16:02.76,,104年1月至115年6月,1,,
4860,新竹縣,,2026/04/22,心寵】無穀全齡貓糧水解鮭魚| 皮毛保健食譜,貓咪,乾飼糧,廣湛有限公司,韓國,無,無,10,2026-04-22T00:00:00,2026,4,2026-06-05T10:16:02.76,,104年1月至115年6月,1,,
4860,新竹縣,DP001,2026/04/22,TEDS挑嘴全齡犬-鮪魚2KG,犬,乾飼糧,婕綸企業社,義大利,無,無,10,2026-04-22T00:00:00,2026,4,2026-06-05T10:16:02.76,,104年1月至115年6月,1,,
4860,新竹縣,DP002,2026/04/22,TEDS成長全齡犬-雞肉+魚,犬,乾飼糧,婕綸企業社,義大利,無,無,10,2026-04-22T00:00:00,2026,4,2026-06-05T10:16:02.76,,104年1月至115年6月,1,,
4860,新竹縣,DP003,2026/04/22,TEDS成長全齡貓-牛肉+鮪魚+鮭魚,,乾飼糧,婕綸企業社,義大利,無,無,10,2026-04-22T00:00:00,2026,4,2026-06-05T10:16:02.76,,104年1月至115年6月,1,,
4860,苗栗縣,1150420-01-EP004,2026/04/20,自然主義草本美毛貓糧-雞肉& 鮭魚+百合根+番茄乾 全齡貓,貓,乾飼糧,東森寵物雲股份有限公司,瑞士,無,無,11,2026-04-20T00:00:00,2026,4,2026-06-05T10:16:02.76,,104年1月至115年6月,1,,
4860,苗栗縣,1150420-02-EP005,2026/04/20,Push!365營養滿分 噗滋包,貓,罐頭(濕糧),日時好食股份有限公司,台灣,申報資訊有誤：品名標示錯誤(Push!噗滋包 365營養滿分)、「產品外包裝照片」與產品實體包裝不符、申報網無熱量標示,函轉新北市政府動物保護防疫處辦理。,11,2026-04-20T00:00:00,2026,4,2026-06-05T10:16:02.76,,104年1月至115年6月,1,,
4860,苗栗縣,1150420-03-EP006,2026/04/20,瑞威肌能罐-鱈魚海瓜子,犬,罐頭(濕糧),瑞威動物科技股份有限公司,台灣,無,,11,2026-04-20T00:00:00,2026,4,2026-06-05T10:16:02.76,,104年1月至115年6月,1,,
4860,苗栗縣,"1150420-04
",2026/04/20,優格0%零穀-五種魚,貓,乾飼糧,艾澌克企業股份有限公司,加拿大,申報資訊有誤：品名標示錯誤(申報網為：「優格零穀全齡貓 五種魚配方」，產品包裝無「品名」欄位，僅包裝正面「優格0%零穀-五種魚」)、「使用方法、保存方法與注意事項」與產品實體包裝不符,函轉新北市政府動物保護防疫處辦理。,11,2026-04-20T00:00:00,2026,4,2026-06-05T10:16:02.76,,104年1月至115年6月,1,,
4860,苗栗縣,1150420-05,2026/04/20,柏萊富 極鮮無穀 低敏挑嘴配方(鮭魚+豌豆),犬,乾飼糧,柏希菲克股份有限公司,美國,無,無,11,2026-04-20T00:00:00,2026,4,2026-06-05T10:16:02.76,,104年1月至115年6月,1,,
4860,彰化縣,GP005,2026/04/02,倍力 低敏護膚配方 鮭魚+甜薯 1.5kg,犬用,乾飼糧,盈寶寵物股份有限公司,臺灣,無,無,12,2026-04-02T00:00:00,2026,4,2026-06-05T10:16:02.76,,104年1月至115年6月,1,,
4860,彰化縣,GP006,2026/04/02,喜樂寵宴-極貓道無膠保健主食罐-白身鮪魚+鮭魚(成貓),貓,罐頭,螢火蟲原創有限公司,臺灣,無,無,12,2026-04-02T00:00:00,2026,4,2026-06-05T10:16:02.76,,104年1月至115年6月,1,,
4860,彰化縣,GP007,2026/04/02,Ocheers歡樂貓咪主食罐-鮭魚x雞精,貓,罐頭,昱碩國際事業股份有限公司,臺灣,無,無,12,2026-04-02T00:00:00,2026,4,2026-06-05T10:16:02.76,,104年1月至115年6月,1,,
4860,彰化縣,,2026/04/02,卡默-怦然心凍 動凍蝦凍乾(6g),犬貓,零食,耐維滋寵物食品有限公司,臺灣,無,無,12,2026-04-02T00:00:00,2026,4,2026-06-05T10:16:02.76,,104年1月至115年6月,1,,
4860,彰化縣,,2026/04/02,卡默-怦然心凍 鮭魚丁凍乾(10g),犬貓,零食,耐維滋寵物食品有限公司,臺灣,無,無,12,2026-04-02T00:00:00,2026,4,2026-06-05T10:16:02.76,,104年1月至115年6月,1,,
4860,彰化縣,,2026/04/02,銀湯匙貓餐包 (無添加系列) 鮪魚 鰹魚 柴魚片,貓,罐頭,嬌聯股份有限公司,泰國,無,無,12,2026-04-02T00:00:00,2026,4,2026-06-05T10:16:02.76,,104年1月至115年6月,1,,
4860,彰化縣,,2026/04/02,銀湯匙貓餐包 (無添加系列) 鮪魚 鰹魚 雞胸肉,貓,罐頭,嬌聯股份有限公司,泰國,無,無,12,2026-04-02T00:00:00,2026,4,2026-06-05T10:16:02.76,,104年1月至115年6月,1,,
4860,彰化縣,,2026/04/02,放山雞肉鮪魚主食肉絲餐包,貓,罐頭,雅士魚有限公司,臺灣,無,無,12,2026-04-02T00:00:00,2026,4,2026-06-05T10:16:02.76,,104年1月至115年6月,1,,
4860,彰化縣,,2026/04/02,Keptbaby吃軟飯-懶潛鬼頭刀,貓,罐頭,唯寵股份有限公司,臺灣,無,無,12,2026-04-02T00:00:00,2026,4,2026-06-05T10:16:02.76,,104年1月至115年6月,1,,
4860,彰化縣,,2026/04/02,能量補給軟包5號-鰹泥狀,貓,零食,東盈實業股份有限公司,日本,無,無,12,2026-04-02T00:00:00,2026,4,2026-06-05T10:16:02.76,,104年1月至115年6月,1,,
4860,彰化縣,,2026/04/02,水分補給軟包3號-鮪片狀,貓,零食,東盈實業股份有限公司,日本,無,無,12,2026-04-02T00:00:00,2026,4,2026-06-05T10:16:02.76,,104年1月至115年6月,1,,
4860,彰化縣,,2026/04/02,本能主食餐包-鮪魠成功(亮眼美毛),貓,罐頭,鈴聽寵需商行,臺灣,無,無,12,2026-04-02T00:00:00,2026,4,2026-06-05T10:16:02.76,,104年1月至115年6月,1,,
4860,彰化縣,,2026/04/02,鮮燉鮪魚泥,貓,半溼性飼糧,碩達豐貿易有限公司,泰國,無,無,12,2026-04-02T00:00:00,2026,4,2026-06-05T10:16:02.76,,104年1月至115年6月,1,,
4860,彰化縣,,2026/04/02,鮮燉鮪魚肉,貓,半溼性飼糧,碩達豐貿易有限公司,泰國,無,無,12,2026-04-02T00:00:00,2026,4,2026-06-05T10:16:02.76,,104年1月至115年6月,1,,
4860,彰化縣,,2026/04/02,乖乖吃飯-嚴選超肉感主食餐包：御品大蝦100g,貓,罐頭,友伴生活股份有限公司,臺灣,無,無,12,2026-04-02T00:00:00,2026,4,2026-06-05T10:16:02.76,,104年1月至115年6月,1,,
4860,彰化縣,,2026/04/02,乖乖吃飯-嚴選超肉感主食餐包：青魽凝鮨100g,貓,罐頭,友伴生活股份有限公司,臺灣,無,無,12,2026-04-02T00:00:00,2026,4,2026-06-05T10:16:02.76,,104年1月至115年6月,1,,
4860,彰化縣,,2026/04/02,KATTOVIT 康特維 | 餐包 泌尿保健-鮭魚 85g,貓,罐頭,咆陪喵有限公司,德國,無,無,12,2026-04-02T00:00:00,2026,4,2026-06-05T10:16:02.76,,104年1月至115年6月,1,,
4860,彰化縣,,2026/04/02,MC-CB4-姆吉-熱浪椰島貓湯包-雞肉魷魚,貓,罐頭,聯誠寵物有限公司,泰國,無,無,12,2026-04-02T00:00:00,2026,4,2026-06-05T10:16:02.76,,104年1月至115年6月,1,,
4860,彰化縣,,2026/04/02,貓爾地夫經典回味健康主食餐包(鮭魚雞胸肉絲)40克,貓,罐頭,貓爾地夫毛孩生活有限公司,臺灣,無,無,12,2026-04-02T00:00:00,2026,4,2026-06-05T10:16:02.76,,104年1月至115年6月,1,,
4860,彰化縣,,2026/04/02,鮭魚燉雞,貓,罐頭,食寵町國際企業有限公司,臺灣,無,無,12,2026-04-02T00:00:00,2026,4,2026-06-05T10:16:02.76,,104年1月至115年6月,1,,
4860,彰化縣,,2026/04/02,Pramy MN6 午夜饗宴 雞肉鮪魚慕斯 主食餐包,貓,罐頭,貓滋味有限公司,泰國,無,無,12,2026-04-02T00:00:00,2026,4,2026-06-05T10:16:02.76,,104年1月至115年6月,1,,
4860,彰化縣,,2026/04/02,貓倍麗鰹魚鮮雞雙拼餐盒 12471648,貓,罐頭,台灣雀巢股份有限公司,泰國,無,無,12,2026-04-02T00:00:00,2026,4,2026-06-05T10:16:02.76,,104年1月至115年6月,1,,
4860,彰化縣,,2026/04/02,貓倍麗上等鮮嫩鮪魚餐盒 12471647,貓,罐頭,台灣雀巢股份有限公司,泰國,無,無,12,2026-04-02T00:00:00,2026,4,2026-06-05T10:16:02.76,,104年1月至115年6月,1,,
4860,彰化縣,,2026/04/02,日本Sunrise NaturaHa無榖鮪魚+鰹魚+白魚主食餐包-喵樂事,貓,罐頭,勤翔國際股份有限公司,越南,無,無,12,2026-04-02T00:00:00,2026,4,2026-06-05T10:16:02.76,,104年1月至115年6月,1,,
4860,彰化縣,,2026/04/02,日本Sunrise NaturaHa無榖鮪魚+鮭魚主食餐包-喵樂事,貓,罐頭,勤翔國際股份有限公司,越南,無,無,12,2026-04-02T00:00:00,2026,4,2026-06-05T10:16:02.76,,104年1月至115年6月,1,,
4860,彰化縣,,2026/04/02,貓瘋4號營養機能主食餐,貓,罐頭,寶昕股份有限公司,臺灣,無,無,12,2026-04-02T00:00:00,2026,4,2026-06-05T10:16:02.76,,104年1月至115年6月,1,,
4860,彰化縣,,2026/04/02,貓瘋5號營養機能主食餐,貓,罐頭,寶昕股份有限公司,臺灣,無,無,12,2026-04-02T00:00:00,2026,4,2026-06-05T10:16:02.76,,104年1月至115年6月,1,,
4860,彰化縣,,2026/04/02,南極磷蝦大肉包 鮪魚X益生元,貓,罐頭,金富錸國際寵物有限公司,臺灣,無,無,12,2026-04-02T00:00:00,2026,4,2026-06-05T10:16:02.76,,104年1月至115年6月,1,,
4860,彰化縣,,2026/04/02,南極磷蝦大肉包 雞鮪X 第二型膠原蛋白,貓,罐頭,金富錸國際寵物有限公司,臺灣,無,無,12,2026-04-02T00:00:00,2026,4,2026-06-05T10:16:02.76,,104年1月至115年6月,1,,
4860,彰化縣,,2026/04/02,瑞威鱉肉泥-NMN青春能量配方,犬貓,零食,瑞威動物科技股份有限公司,臺灣,無,無,12,2026-04-02T00:00:00,2026,4,2026-06-05T10:16:02.76,,104年1月至115年6月,1,,
4860,彰化縣,,2026/04/02,瑞威鱉肉泥-口腔保健配方,犬貓,零食,瑞威動物科技股份有限公司,臺灣,無,無,12,2026-04-02T00:00:00,2026,4,2026-06-05T10:16:02.76,,104年1月至115年6月,1,,
4860,彰化縣,,2026/04/02,KI-CHU卡啾主食肉泥條-鮭魚18gx7入(KC-215),犬貓,零食,季峰國際貿易有限公司,韓國,無,無,12,2026-04-02T00:00:00,2026,4,2026-06-05T10:16:02.76,,104年1月至115年6月,1,,
4860,彰化縣,,2026/04/02,KI-CHU卡啾主食肉泥條-鮪魚18gx7入(KC-214),犬貓,零食,季峰國際貿易有限公司,韓國,無,無,12,2026-04-02T00:00:00,2026,4,2026-06-05T10:16:02.76,,104年1月至115年6月,1,,
4860,彰化縣,,2026/04/02,派泥爆舔莓果魚,犬貓,零食,派優斯國際有限公司,臺灣,無,無,12,2026-04-02T00:00:00,2026,4,2026-06-05T10:16:02.76,,104年1月至115年6月,1,,
4860,彰化縣,,2026/04/02,【T.N.A.悠遊】厚肉肉早點貓肉泥-綜合拼盤 (鮪魚泥+綜合胺基酸),貓,零食,悠遊國際實業股份有限公司,臺灣,無,無,12,2026-04-02T00:00:00,2026,4,2026-06-05T10:16:02.76,,104年1月至115年6月,1,,
4860,彰化縣,,2026/04/02,【T.N.A.悠遊】厚肉肉早點貓肉泥-好菌優優 (鮪魚泥+益生菌),貓,零食,悠遊國際實業股份有限公司,臺灣,無,無,12,2026-04-02T00:00:00,2026,4,2026-06-05T10:16:02.76,,104年1月至115年6月,1,,
4860,彰化縣,,2026/04/02,喜樂寵宴-貓主子御用泥條-鮮美鮪魚+雞肉,貓,零食,螢火蟲原創有限公司,臺灣,無,無,12,2026-04-02T00:00:00,2026,4,2026-06-05T10:16:02.76,,104年1月至115年6月,1,,
4860,彰化縣,,2026/04/02,喜樂寵宴-貓主子御用泥條-鮮美鰹魚+雞肉,貓,零食,螢火蟲原創有限公司,臺灣,無,無,12,2026-04-02T00:00:00,2026,4,2026-06-05T10:16:02.76,,104年1月至115年6月,1,,
4860,彰化縣,,2026/04/02,CHOGONG朝貢 I love a red 營養肉泥-我愛紅鯛魚(犬貓用),犬貓,零食,豐奕達實業有限公司,韓國,無,無,12,2026-04-02T00:00:00,2026,4,2026-06-05T10:16:02.76,,104年1月至115年6月,1,,
4860,彰化縣,,2026/04/02,超鮮蝦仁（小包裝）,犬貓,零食,寵愛毛毛股份有限公司,臺灣,無,無,12,2026-04-02T00:00:00,2026,4,2026-06-05T10:16:02.76,,104年1月至115年6月,1,,
4860,彰化縣,,2026/04/02,凍未條凍乾－爆蛋柳葉魚（小包裝）,犬貓,零食,寵愛毛毛股份有限公司,臺灣,無,無,12,2026-04-02T00:00:00,2026,4,2026-06-05T10:16:02.76,,104年1月至115年6月,1,,
4860,彰化縣,,2026/04/02,牠喵的 鮭魚粉 40g,犬貓,乾飼糧,威饌股份有限公司,臺灣,無,無,12,2026-04-02T00:00:00,2026,4,2026-06-05T10:16:02.76,,104年1月至115年6月,1,,
4860,彰化縣,,2026/04/02,牠喵的 深海鮭魚 30g,犬貓,乾飼糧,威饌股份有限公司,臺灣,無,無,12,2026-04-02T00:00:00,2026,4,2026-06-05T10:16:02.76,,104年1月至115年6月,1,,
4860,彰化縣,,2026/04/02,Pramy 補水救星 鮮魚湯+蔓越莓 補水湯包,犬貓,零食,貓滋味有限公司,泰國,無,無,12,2026-04-02T00:00:00,2026,4,2026-06-05T10:16:02.76,,104年1月至115年6月,1,,
4860,彰化縣,,2026/04/14,莫莫塔鱈魚雞肉條,犬,零食,宏晟食品有限公司,台灣,未依規定於寵物食品申報相關資料。,發文請業者限期改善。,12,2026-04-14T00:00:00,2026,4,2026-06-05T10:16:02.76,,104年1月至115年6月,1,,
4860,彰化縣,,2026/04/14,晨光鮮食凍乾犬用-鮭魚,犬,零食,品果國際行銷有限公司,韓國,無,無,12,2026-04-14T00:00:00,2026,4,2026-06-05T10:16:02.76,,104年1月至115年6月,1,,
4860,彰化縣,,2026/04/14,晨光鮮食凍乾犬用-鱈魚菲力,犬,零食,品果國際行銷有限公司,韓國,無,無,12,2026-04-14T00:00:00,2026,4,2026-06-05T10:16:02.76,,104年1月至115年6月,1,,
4860,彰化縣,,2026/04/14,晨光鮮食凍乾犬用-鱈魚,犬,零食,品果國際行銷有限公司,韓國,無,無,12,2026-04-14T00:00:00,2026,4,2026-06-05T10:16:02.76,,104年1月至115年6月,1,,
4860,彰化縣,,2026/04/14,美味關係狗罐-鮮雞肉+吻仔魚,犬,罐頭,王品寵物用品有限公司,泰國,無,無,12,2026-04-14T00:00:00,2026,4,2026-06-05T10:16:02.76,,104年1月至115年6月,1,,
4860,彰化縣,,2026/04/14,美味關係狗罐-鮮雞肉+鮪魚,犬,罐頭,王品寵物用品有限公司,泰國,無,無,12,2026-04-14T00:00:00,2026,4,2026-06-05T10:16:02.76,,104年1月至115年6月,1,,
4860,彰化縣,,2026/04/14,PETTY MAN 健康雞肉條-深海鮪魚,犬,零食,王品寵物用品有限公司,韓國,無,無,12,2026-04-14T00:00:00,2026,4,2026-06-05T10:16:02.76,,104年1月至115年6月,1,,
4860,彰化縣,,2026/04/14,PETTY MAN 健康雞肉條-煙燻鮭魚,犬,零食,王品寵物用品有限公司,韓國,無,無,12,2026-04-14T00:00:00,2026,4,2026-06-05T10:16:02.76,,104年1月至115年6月,1,,
4860,彰化縣,,2026/04/14,摩卡喵鮮鮪魚純肉泥(4入*15g),貓,零食,品果國際行銷有限公司,新加坡,無,無,12,2026-04-14T00:00:00,2026,4,2026-06-05T10:16:02.76,,104年1月至115年6月,1,,
4860,彰化縣,,2026/04/14,摩卡喵鮭魚佐蜂王乳純肉泥(4入*15g),貓,零食,品果國際行銷有限公司,新加坡,無,無,12,2026-04-14T00:00:00,2026,4,2026-06-05T10:16:02.76,,104年1月至115年6月,1,,
4860,彰化縣,,2026/04/14,摩卡喵鮪魚佐干貝純肉泥(4入*15g),貓,零食,品果國際行銷有限公司,新加坡,無,無,12,2026-04-14T00:00:00,2026,4,2026-06-05T10:16:02.76,,104年1月至115年6月,1,,
4860,彰化縣,,2026/04/14,Cherish養生湯罐-白身鮪魚+蟹肉,貓,罐頭,八犬國際行銷有限公司,泰國,無,無,12,2026-04-14T00:00:00,2026,4,2026-06-05T10:16:02.76,,104年1月至115年6月,1,,
4860,彰化縣,,2026/04/14,Cherish養生湯罐-白身鮪魚+干貝,貓,罐頭,八犬國際行銷有限公司,泰國,無,無,12,2026-04-14T00:00:00,2026,4,2026-06-05T10:16:02.76,,104年1月至115年6月,1,,
4860,彰化縣,,2026/04/14,Cherish養生湯罐-白身鮪魚+鮮蝦,貓,罐頭,八犬國際行銷有限公司,泰國,無,無,12,2026-04-14T00:00:00,2026,4,2026-06-05T10:16:02.76,,104年1月至115年6月,1,,
4860,彰化縣,,2026/04/14,養生湯罐-優選雞肉+蛋+吻仔魚,貓,罐頭,品果國際行銷有限公司,泰國,無,無,12,2026-04-14T00:00:00,2026,4,2026-06-05T10:16:02.76,,104年1月至115年6月,1,,
4860,彰化縣,,2026/04/14,養生湯罐-白身鮪魚+鮮蝦,貓,罐頭,品果國際行銷有限公司,泰國,無,無,12,2026-04-14T00:00:00,2026,4,2026-06-05T10:16:02.76,,104年1月至115年6月,1,,
4860,彰化縣,,2026/04/14,養生湯罐-白身鮪魚+雞肉,貓,罐頭,品果國際行銷有限公司,泰國,無,無,12,2026-04-14T00:00:00,2026,4,2026-06-05T10:16:02.76,,104年1月至115年6月,1,,
4860,彰化縣,,2026/04/14,博士巧思貓湯罐-白身鮪魚+金線魚,貓,罐頭,福壽實業股份有限公司,泰國,無,無,12,2026-04-14T00:00:00,2026,4,2026-06-05T10:16:02.76,,104年1月至115年6月,1,,
4860,彰化縣,,2026/04/14,博士巧思貓湯罐-白身鮪魚+無鬚鱈,貓,罐頭,福壽實業股份有限公司,泰國,無,無,12,2026-04-14T00:00:00,2026,4,2026-06-05T10:16:02.76,,104年1月至115年6月,1,,
4860,彰化縣,,2026/04/14,博士巧思貓湯罐-白身鮪魚+蛤蜊,貓,罐頭,福壽實業股份有限公司,泰國,無,無,12,2026-04-14T00:00:00,2026,4,2026-06-05T10:16:02.76,,104年1月至115年6月,1,,
4860,彰化縣,,2026/04/14,博士巧思貓湯罐-白身鮪魚+明太鱈,貓,罐頭,福壽實業股份有限公司,泰國,無,無,12,2026-04-14T00:00:00,2026,4,2026-06-05T10:16:02.76,,104年1月至115年6月,1,,
4860,彰化縣,,2026/04/14,Mr.Bar時光鮮廚貓罐 雞肉+鮪魚170g,貓,罐頭,樺隆有限公司,泰國,無,無,12,2026-04-14T00:00:00,2026,4,2026-06-05T10:16:02.76,,104年1月至115年6月,1,,
4860,彰化縣,,2026/04/14,Mr.Bar時光鮮廚貓罐 鮮蝦+鮪魚170g,貓,罐頭,樺隆有限公司,泰國,無,無,12,2026-04-14T00:00:00,2026,4,2026-06-05T10:16:02.76,,104年1月至115年6月,1,,
4860,彰化縣,,2026/04/14,Mr.Bar時光鮮廚貓罐 鮭魚+鮪魚170g,貓,罐頭,樺隆有限公司,泰國,無,無,12,2026-04-14T00:00:00,2026,4,2026-06-05T10:16:02.76,,104年1月至115年6月,1,,
4860,彰化縣,,2026/04/14,Mr.Bar時光鮮廚貓罐170g-鮪魚+蟹肉,貓,罐頭,樺隆有限公司,泰國,無,無,12,2026-04-14T00:00:00,2026,4,2026-06-05T10:16:02.76,,104年1月至115年6月,1,,
4860,彰化縣,,2026/04/14,Mr.Bar時光鮮廚貓罐 吻仔魚+鮪魚170g,貓,罐頭,樺隆有限公司,泰國,無,無,12,2026-04-14T00:00:00,2026,4,2026-06-05T10:16:02.76,,104年1月至115年6月,1,,
4860,彰化縣,,2026/04/14,喵Bar營養貓餐罐-鮭魚+鮪魚170g,貓,罐頭,樺隆有限公司,泰國,無170G品項，未依規定於寵物食品申報相關資料。,發文請業者限期改善,12,2026-04-14T00:00:00,2026,4,2026-06-05T10:16:02.76,,104年1月至115年6月,1,,
4860,彰化縣,,2026/04/14,喵Bar營養貓餐罐-牛肉+鮪魚170g,貓,罐頭,樺隆有限公司,泰國,無170G品項，未依規定於寵物食品申報相關資料。,發文請業者限期改善,12,2026-04-14T00:00:00,2026,4,2026-06-05T10:16:02.76,,104年1月至115年6月,1,,
4860,彰化縣,,2026/04/14,喵Bar營養貓餐罐-蟹肉+鮪魚170g,貓,罐頭,樺隆有限公司,泰國,無170G品項，未依規定於寵物食品申報相關資料。,發文請業者限期改善,12,2026-04-14T00:00:00,2026,4,2026-06-05T10:16:02.76,,104年1月至115年6月,1,,
4860,彰化縣,,2026/04/14,喵Bar營養貓餐罐-雞肉+鮪魚170g,貓,罐頭,樺隆有限公司,泰國,無170G品項，未依規定於寵物食品申報相關資料。,發文請業者限期改善,12,2026-04-14T00:00:00,2026,4,2026-06-05T10:16:02.76,,104年1月至115年6月,1,,
4860,彰化縣,,2026/04/14,CIAO IM-374 魚盛貓罐頭(鮪魚+鰹魚+柴魚片口味),貓,罐頭,樺隆有限公司,泰國,未依規定於寵物食品申報相關資料。,發文請業者限期改善,12,2026-04-14T00:00:00,2026,4,2026-06-05T10:16:02.76,,104年1月至115年6月,1,,
4860,彰化縣,,2026/04/14,CIAO IM-373 魚盛貓罐頭(鮪魚+鰹魚+雞肉口味),貓,罐頭,樺隆有限公司,泰國,未依規定於寵物食品申報相關資料。,發文請業者限期改善,12,2026-04-14T00:00:00,2026,4,2026-06-05T10:16:02.76,,104年1月至115年6月,1,,
4860,彰化縣,,2026/04/14,CIAO IM-371 魚盛貓罐頭(鮪魚+鰹魚口味),貓,罐頭,樺隆有限公司,泰國,未依規定於寵物食品申報相關資料。,發文請業者限期改善,12,2026-04-14T00:00:00,2026,4,2026-06-05T10:16:02.76,,104年1月至115年6月,1,,
4860,彰化縣,,2026/04/14,CIAO IM-372 魚盛貓罐頭(鮪魚+鰹魚+吻仔魚口味),貓,罐頭,樺隆有限公司,泰國,未依規定於寵物食品申報相關資料。,發文請業者限期改善,12,2026-04-14T00:00:00,2026,4,2026-06-05T10:16:02.76,,104年1月至115年6月,1,,
4860,彰化縣,,2026/04/14,CIAO TSC-43 啾嚕奢華果凍杯(鰹魚)35g × 2,貓,零食,樺隆有限公司,泰國,無,無,12,2026-04-14T00:00:00,2026,4,2026-06-05T10:16:02.76,,104年1月至115年6月,1,,
4860,彰化縣,,2026/04/14,威比貓咪鮪魚鮭魚肉泥,貓,零食,心食集實業有限公司,泰國,無,無,12,2026-04-14T00:00:00,2026,4,2026-06-05T10:16:02.76,,104年1月至115年6月,1,,
4860,彰化縣,,2026/04/14,威比貓咪雞肉泥,貓,零食,心食集實業有限公司,泰國,無,無,12,2026-04-14T00:00:00,2026,4,2026-06-05T10:16:02.76,,104年1月至115年6月,1,,
4860,彰化縣,,2026/04/14,CIAO TSC-41 啾嚕奢華果凍杯(鮪魚)35g × 2,貓,零食,樺隆有限公司,泰國,無,無,12,2026-04-14T00:00:00,2026,4,2026-06-05T10:16:02.76,,104年1月至115年6月,1,,
4860,彰化縣,,2026/04/14,CIAO TSC-42 啾嚕奢華果凍杯(鮪魚+吻仔魚)35g × 2,貓,零食,樺隆有限公司,泰國,無,無,12,2026-04-14T00:00:00,2026,4,2026-06-05T10:16:02.76,,104年1月至115年6月,1,,
4860,彰化縣,,2026/04/14,CIAO TSC-44 啾嚕奢華果凍杯(鰹魚+柴魚片)35g × 2,貓,零食,樺隆有限公司,泰國,無,無,12,2026-04-14T00:00:00,2026,4,2026-06-05T10:16:02.76,,104年1月至115年6月,1,,
4860,彰化縣,,2026/04/14,CIAO TSC-46 啾嚕奢華果凍杯(雞肉+干貝)35g × 2,貓,零食,樺隆有限公司,泰國,無,無,12,2026-04-14T00:00:00,2026,4,2026-06-05T10:16:02.76,,104年1月至115年6月,1,,
4860,彰化縣,,2026/04/14,CIAO SC-143 啾嚕肉泥(鮪魚+奢華鮭魚)4p,貓,零食,樺隆有限公司,日本,無,無,12,2026-04-14T00:00:00,2026,4,2026-06-05T10:16:02.76,,104年1月至115年6月,1,,
4860,彰化縣,,2026/04/14,CIAO SC-108 啾嚕肉泥(鮪魚+鱈場蟹)4p,貓,零食,樺隆有限公司,日本,無,無,12,2026-04-14T00:00:00,2026,4,2026-06-05T10:16:02.76,,104年1月至115年6月,1,,
4860,彰化縣,,2026/04/14,CIAO SC-177 啾嚕肉泥(鮪魚&國產真鯛)4p,貓,零食,樺隆有限公司,日本,無,無,12,2026-04-14T00:00:00,2026,4,2026-06-05T10:16:02.76,,104年1月至115年6月,1,,
4860,彰化縣,,2026/04/14,CIAO SC-248 啾嚕肉泥(雞肉+名古屋土雞)4p,貓,零食,樺隆有限公司,日本,無,無,12,2026-04-14T00:00:00,2026,4,2026-06-05T10:16:02.76,,104年1月至115年6月,1,,
4860,彰化縣,,2026/04/14,CIAO SC-145 啾嚕肉泥(沙丁魚+鮪魚4p,貓,零食,樺隆有限公司,日本,無,無,12,2026-04-14T00:00:00,2026,4,2026-06-05T10:16:02.76,,104年1月至115年6月,1,,
4860,彰化縣,,2026/04/14,CIAO SC-74 啾嚕肉泥11歲老貓用(鮪魚+鰹魚)4p,貓,零食,樺隆有限公司,日本,無,無,12,2026-04-14T00:00:00,2026,4,2026-06-05T10:16:02.76,,104年1月至115年6月,1,,
4860,彰化縣,,2026/04/14,CIAO SC-80 啾嚕幼貓肉泥(鮪魚)4p,貓,零食,樺隆有限公司,日本,無,無,12,2026-04-14T00:00:00,2026,4,2026-06-05T10:16:02.76,,104年1月至115年6月,1,,
4860,彰化縣,,2026/04/14,CIAO SC-146 啾嚕肉泥(鮭魚+雞肉)4p,貓,零食,樺隆有限公司,日本,無,無,12,2026-04-14T00:00:00,2026,4,2026-06-05T10:16:02.76,,104年1月至115年6月,1,,
4860,彰化縣,,2026/04/14,Pet Best 珍鮮天然小魚乾-100g,犬貓,零食,寵物百事達商行,台灣,無,無,12,2026-04-14T00:00:00,2026,4,2026-06-05T10:16:02.76,,104年1月至115年6月,1,,
4860,彰化縣,,2026/04/14,Canary 貓大爺的銀帶鯡100g,犬貓,零食,經思確有限公司,台灣,無,無,12,2026-04-14T00:00:00,2026,4,2026-06-05T10:16:02.76,,104年1月至115年6月,1,,
4860,南投縣,,2026/04/14,親密貓貓糧-海鮮口味成貓配方 1.5KG,貓,乾糧,好侶股份有限公司,泰國,無,無,13,2026-04-14T00:00:00,2026,4,2026-06-05T10:16:02.76,,104年1月至115年6月,1,,
4860,南投縣,,2026/04/14,海饌貓用罐頭 白身鮪魚 幼貓專用,貓,濕糧,茂捷有限公司,泰國,無,無,13,2026-04-14T00:00:00,2026,4,2026-06-05T10:16:02.76,,104年1月至115年6月,1,,
4860,南投縣,,2026/04/14,hojja賀家 100%純粹野味 柳葉魚貓咪凍乾零食,貓,零食,科普瑞國際股份有限公司,台灣,無,無,13,2026-04-14T00:00:00,2026,4,2026-06-05T10:16:02.76,,104年1月至115年6月,1,,
4860,南投縣,HP004,2026/04/14,優格零穀全齡犬 五種魚配方 2.5lb,犬,乾糧,艾澌克企業股份有限公司,加拿大,無,無,13,2026-04-14T00:00:00,2026,4,2026-06-05T10:16:02.76,,104年1月至115年6月,1,,
4860,南投縣,,2026/04/14,汪喵星球 - 貓用98%無膠鮮肉主食罐 鰹魚蝦仁餐 80G 鮮肉罐,貓,濕糧,自力耕生股份有限公司,台灣,無,無,13,2026-04-14T00:00:00,2026,4,2026-06-05T10:16:02.76,,104年1月至115年6月,1,,
4860,南投縣,HP005,2026/04/14,藍帶精選頂級貓食-化毛成貓,貓,乾糧,斑尼菲國際股份有限公司,台灣,無,無,13,2026-04-14T00:00:00,2026,4,2026-06-05T10:16:02.76,,104年1月至115年6月,1,,
4860,南投縣,,2026/04/14,倍力 低敏護膚配方 鮭魚+甜薯 1.5kg,犬,乾糧,盈寶寵物股份有限公司,台灣,無,無,13,2026-04-14T00:00:00,2026,4,2026-06-05T10:16:02.76,,104年1月至115年6月,1,,
4860,南投縣,HP003,2026/04/14,瑞威天然平衡貓糧 3號 海洋魚貝 ,貓,乾糧,瑞威動物科技股份有限公司,台灣,無,無,13,2026-04-14T00:00:00,2026,4,2026-06-05T10:16:02.76,,104年1月至115年6月,1,,
4860,雲林縣,15AIP016,2026/04/13, 葛莉思犬罐牛肉口味,犬,濕糧/罐頭,福壽實業股份有限公司,泰國,無,無,14,2026-04-13T00:00:00,2026,4,2026-06-05T10:16:02.76,,104年1月至115年6月,1,,
4860,雲林縣,15AIP017,2026/04/13,葛莉思Cat Care貓罐-鮪魚沙丁魚,貓,濕糧/罐頭,福壽實業股份有限公司,泰國,無,無,14,2026-04-13T00:00:00,2026,4,2026-06-05T10:16:02.76,,104年1月至115年6月,1,,
4860,雲林縣,15AIP018,2026/04/15,喵Bar營養貓餐罐-鮪魚+牛肉,貓,濕糧/罐頭,樺隆有限公司,泰國,無,無,14,2026-04-15T00:00:00,2026,4,2026-06-05T10:16:02.76,,104年1月至115年6月,1,,
4860,雲林縣,15AIP019,2026/04/15,多納結紮貓貓糧海鮮牛肉口味,貓,乾飼料,寶榮寵物企業股份有限公司,台灣,無,無,14,2026-04-15T00:00:00,2026,4,2026-06-05T10:16:02.76,,104年1月至115年6月,1,,
4860,雲林縣,15AIP020,2026/04/15,Mr.BAR時光鮮廚超大貓罐-鮪魚+鮮蝦,貓,濕糧/罐頭,樺隆有限公司,台灣,無,無,14,2026-04-15T00:00:00,2026,4,2026-06-05T10:16:02.76,,104年1月至115年6月,1,,
4860,嘉義縣,,2026/04/30,鮮炊嫩雞鮭(亮毛配方),犬,濕糧,莫奧數位股份有限公司,臺灣,無,無,15,2026-04-30T00:00:00,2026,4,2026-06-05T10:16:02.76,,104年1月至115年6月,1,,
4860,嘉義縣,,2026/04/30,派庫廚房 極鮮蝦大廚凍乾,犬貓,零食,金派庫國際有限公司,臺灣,無,無,15,2026-04-30T00:00:00,2026,4,2026-06-05T10:16:02.76,,104年1月至115年6月,1,,
4860,嘉義縣,JP005,2026/04/30,瑞威肌能罐-鮭魚鱉蛋,犬,濕糧,瑞威動物科技股份有限公司,臺灣,無,無,15,2026-04-30T00:00:00,2026,4,2026-06-05T10:16:02.76,,104年1月至115年6月,1,,
4860,嘉義縣,JP006,2026/04/30,小梭子魚,犬貓,零食,寵鮮灶腳有限公司,臺灣,無,無,15,2026-04-30T00:00:00,2026,4,2026-06-05T10:16:02.76,,104年1月至115年6月,1,,
4860,嘉義縣,JP007,2026/04/30,優格吃貨拼盤海陸羊肉鮭魚鮮蔬,犬,濕糧,艾澌克企業股份有限公司,泰國,無,無,15,2026-04-30T00:00:00,2026,4,2026-06-05T10:16:02.76,,104年1月至115年6月,1,,
4860,屏東縣,"MP007
",2026/04/01,麻蓋鮮-鮪魚花蛤鮮食配方,犬、貓,濕糧,製造商-耀月企業股份有限公司,臺灣,未依規定申報,115年4月8日以屏府農動字第1150095193號函限期於4月30日前完成改善,16,2026-04-01T00:00:00,2026,4,2026-06-05T10:16:02.76,,104年1月至115年6月,1,,
4860,屏東縣,"MP008
",2026/04/01,Chew me舒肥旗魚菲力,犬、貓,濕糧,製造商-耀月企業股份有限公司,臺灣,未依規定申報,115年4月8日以屏府農動字第1150095193號函限期於4月30日前完成改善,16,2026-04-01T00:00:00,2026,4,2026-06-05T10:16:02.76,,104年1月至115年6月,1,,
4860,屏東縣,"MP009
",2026/04/01,超能精華海洋魚貓,貓,乾飼糧,進口商-加拿大野性魅力有限公司,加拿大,,,16,2026-04-01T00:00:00,2026,4,2026-06-05T10:16:02.76,,104年1月至115年6月,1,,
4860,屏東縣,,2026/04/01,麻蓋鮮-鮪魚白蝦鮮食配方,犬、貓,濕糧,製造商-耀月企業股份有限公司,臺灣,未依規定申報,115年4月8日以屏府農動字第1150095193號函限期於4月30日前完成改善,16,2026-04-01T00:00:00,2026,4,2026-06-05T10:16:02.76,,104年1月至115年6月,1,,
4860,屏東縣,,2026/04/01,麻蓋鮮-雞肉白蝦鮮食配方,犬、貓,濕糧,製造商-耀月企業股份有限公司,臺灣,未依規定申報,115年4月8日以屏府農動字第1150095193號函限期於4月30日前完成改善,16,2026-04-01T00:00:00,2026,4,2026-06-05T10:16:02.76,,104年1月至115年6月,1,,
4860,屏東縣,,2026/04/01,麻蓋鮮-雞肉干貝鮮食配方,犬、貓,濕糧,製造商-耀月企業股份有限公司,臺灣,未依規定申報,115年4月8日以屏府農動字第1150095193號函限期於4月30日前完成改善,16,2026-04-01T00:00:00,2026,4,2026-06-05T10:16:02.76,,104年1月至115年6月,1,,
4860,屏東縣,,2026/04/01,麻蓋鮮-雞肉花蛤鮮食配方,犬、貓,濕糧,製造商-耀月企業股份有限公司,臺灣,未依規定申報,115年4月8日以屏府農動字第1150095193號函限期於4月30日前完成改善,16,2026-04-01T00:00:00,2026,4,2026-06-05T10:16:02.76,,104年1月至115年6月,1,,
4860,屏東縣,,2026/04/01,Chew me舒肥鮪魚菲力,犬、貓,濕糧,製造商-耀月企業股份有限公司,臺灣,未依規定申報,115年4月8日以屏府農動字第1150095193號函限期於4月30日前完成改善,16,2026-04-01T00:00:00,2026,4,2026-06-05T10:16:02.76,,104年1月至115年6月,1,,
4860,屏東縣,,2026/04/28,靖特級貓罐-鮪魚+雞肉+鮭魚,貓,罐頭,進口商-竣百有限公司,泰國,無,無,16,2026-04-28T00:00:00,2026,4,2026-06-05T10:16:02.76,,104年1月至115年6月,1,,
4860,屏東縣,,2026/04/28,CIAO豪華精選罐(鮪魚+雞肉+柴魚片)80g,貓,罐頭,進口商-強普股份有限公司,日本(靜岡縣),無,無,16,2026-04-28T00:00:00,2026,4,2026-06-05T10:16:02.76,,104年1月至115年6月,1,,
4860,臺東縣,NP004(NP001),2026/04/17,瑪恩吉倍愛滿滿鱈魚主食犬餐盒(100g),犬,罐頭,柏希菲克股份有限公司,義大利,無,無,17,2026-04-17T00:00:00,2026,4,2026-06-05T10:16:02.76,,104年1月至115年6月,1,,
4860,臺東縣,NP005(NP002),2026/04/17,加好寶貓罐精選沙丁魚大餐(170g),貓,罐頭,好侶股份有限公司,泰國,無,無,17,2026-04-17T00:00:00,2026,4,2026-06-05T10:16:02.76,,104年1月至115年6月,1,,
4860,臺東縣,,2026/04/17,席瑞思貓湯罐鮪魚+明太鱈(80g),貓,罐頭,福壽實業股份有限公司,泰國,無,無,17,2026-04-17T00:00:00,2026,4,2026-06-05T10:16:02.76,,104年1月至115年6月,1,,
4860,臺東縣,,2026/04/17,超能精華海洋魚犬(1Kg),犬,乾飼糧,加拿大野性魅力有限公司,加拿大,無,無,17,2026-04-17T00:00:00,2026,4,2026-06-05T10:16:02.76,,104年1月至115年6月,1,,
4860,臺東縣,,2026/04/17,嘿囉健康糙米成犬野生鮭魚燉白魚(1.59Kg),犬,乾飼糧,盛貿寵物股份有限公司,美國,無,無,17,2026-04-17T00:00:00,2026,4,2026-06-05T10:16:02.76,,104年1月至115年6月,1,,
4860,花蓮縣,OP004,2026/04/15,IAMS愛慕思健康優活成貓配方鮪魚及鮭魚口味,貓,乾飼糧,台灣瑪氏股份有限公司,泰國,有效日期有誤,移送責任廠商所在地管轄機關卓處,18,2026-04-15T00:00:00,2026,4,2026-06-05T10:16:02.76,,104年1月至115年6月,1,,
4860,花蓮縣,OP006,2026/04/15,丹DAN 愛貓罐頭沙丁鮭魚口味,貓,罐頭,寶榮寵物企業股份有限公司,泰國,無,無,18,2026-04-15T00:00:00,2026,4,2026-06-05T10:16:02.76,,104年1月至115年6月,1,,
4860,花蓮縣,OP005,2026/04/15,家福超值水煮鮪魚貓食,貓,罐頭,康達盛通生活事業股份有限公司,泰國,無,無,18,2026-04-15T00:00:00,2026,4,2026-06-05T10:16:02.76,,104年1月至115年6月,1,,
4860,花蓮縣,,2026/04/15,偉嘉®什錦珍味 雞肉、鮭魚(三文魚)及海藻湯汁口味,貓,罐頭,台灣瑪氏股份有限公司,泰國,無,無,18,2026-04-15T00:00:00,2026,4,2026-06-05T10:16:02.76,,104年1月至115年6月,1,,
4860,花蓮縣,,2026/04/15,健康紀元貓湯罐-鮪魚+無鬚鱈,貓,罐頭,福壽實業股份有限公司,泰國,無,無,18,2026-04-15T00:00:00,2026,4,2026-06-05T10:16:02.76,,104年1月至115年6月,1,,
4860,澎湖縣,PP016,2026/04/02,超越巔峰 全方位營養狗主食餐盒100g-炙燒鮪魚,犬,罐頭,王品寵物用品有限公司,荷蘭,無,無,19,2026-04-02T00:00:00,2026,4,2026-06-05T10:16:02.76,,104年1月至115年6月,1,,
4860,澎湖縣,PP017,2026/04/02,Hello Fresh好鮮原汁湯罐(清蒸鮪魚+鮭魚),貓,罐頭,台灣惜食有限公司,泰國,無,無,19,2026-04-02T00:00:00,2026,4,2026-06-05T10:16:02.76,,104年1月至115年6月,1,,
4860,澎湖縣,PP018,2026/04/02,特百滋開胃三層杯 貓用 義式烤鮭魚派 80g,貓,罐頭,艾澌克企業股份有限公司,泰國,無,無,19,2026-04-02T00:00:00,2026,4,2026-06-05T10:16:02.76,,104年1月至115年6月,1,,
4860,澎湖縣,PP019,2026/04/02,比利夫鮮燉補水罐-白身鮪魚＆鮮蝦＆魷魚,貓,罐頭,壹士達寵物有限公司,泰國,無,無,19,2026-04-02T00:00:00,2026,4,2026-06-05T10:16:02.76,,104年1月至115年6月,1,,
4860,澎湖縣,PP020,2026/04/02,柏萊富 功能性 滋補養生配方(鯰魚+珍珠麥),犬,乾飼糧,柏希菲克股份有限公司,美國,無,無,19,2026-04-02T00:00:00,2026,4,2026-06-05T10:16:02.76,,104年1月至115年6月,1,,
4860,基隆市,QP004,2026/04/15,長崎 小魚乾_100G,犬、貓,零食,雍立貿易股份有限公司,日本,無,無,20,2026-04-15T00:00:00,2026,4,2026-06-05T10:16:02.76,,104年1月至115年6月,1,,
4860,基隆市,QP005,2026/04/15,汪喵星球 貓用滴雞精滋補主食餐包40g鮮雞鮭魚餐,貓,罐頭,自力耕生股份有限公司,臺灣,無,無,20,2026-04-15T00:00:00,2026,4,2026-06-05T10:16:02.76,,104年1月至115年6月,1,,
4860,基隆市,QP006,2026/04/15,喵樂#4 魚子鮪魚燒 80g,貓,罐頭,艾澌克企業股份有限公司,臺灣,無,無,20,2026-04-15T00:00:00,2026,4,2026-06-05T10:16:02.76,,104年1月至115年6月,1,,
4860,基隆市,,2026/04/15,長靴貓-新鮮鮭魚凍乾,貓,零食,瀚翔寵物有限公司,韓國,產品包裝主要營養成分含量與申報網資料不符,以基市動防字第1150200278號函移請高雄市卓處。,20,2026-04-15T00:00:00,2026,4,2026-06-05T10:16:02.76,,104年1月至115年6月,1,,
4860,基隆市,,2026/04/15,汪喵星球 無膠純肉泥 鮭魚鬼頭刀,貓,零食,自力耕生股份有限公司,臺灣,無,無,20,2026-04-15T00:00:00,2026,4,2026-06-05T10:16:02.76,,104年1月至115年6月,1,,
4860,基隆市,,2026/04/15,維他命補給罐(維他命B)：鮪魚小蝦,犬、貓,罐頭,飛輪寵物有限公司,臺灣,無,無,20,2026-04-15T00:00:00,2026,4,2026-06-05T10:16:02.76,,104年1月至115年6月,1,,
4860,基隆市,,2026/04/15,Topping拌飯營養晶球（關節養護）,犬、貓,零食,飛輪寵物有限公司,臺灣,無,無,20,2026-04-15T00:00:00,2026,4,2026-06-05T10:16:02.76,,104年1月至115年6月,1,,
4860,基隆市,,2026/04/15,LUNCH鮪魚條-柴魚風味_20G,貓,零食,雍立貿易股份有限公司,泰國,無,無,20,2026-04-15T00:00:00,2026,4,2026-06-05T10:16:02.76,,104年1月至115年6月,1,,
4860,基隆市,,2026/04/15,摩爾思-貓用潔牙片(鮮蝦干貝100g),貓,潔牙骨,峰揚貿易有限公司,臺灣,無,無,20,2026-04-15T00:00:00,2026,4,2026-06-05T10:16:02.76,,104年1月至115年6月,1,,
4860,新竹市,,2026/04/14,瑪恩吉 倍愛滿滿 鱈魚主食犬餐盒,成犬,濕糧/罐頭,柏希菲克股份有限公司,義大利,無,無,21,2026-04-14T00:00:00,2026,4,2026-06-05T10:16:02.76,,104年1月至115年6月,1,,
4860,新竹市,,2026/04/14,保羅叔叔高吉貓糧 海鮮燕麥1.5KG,成貓/全貓種,乾飼糧,大地營養有限公司,台灣,無,無,21,2026-04-14T00:00:00,2026,4,2026-06-05T10:16:02.76,,104年1月至115年6月,1,,
4860,新竹市,,2026/04/14,優格0%零穀 羊肉+鮭魚1.13KG,全年齡犬,乾飼糧,艾澌克企業股份有限公司,加拿大,無,無,21,2026-04-14T00:00:00,2026,4,2026-06-05T10:16:02.76,,104年1月至115年6月,1,,
4860,新竹市,,2026/04/14,日本藍 海鮮蟹肉絲200G,犬/貓,零食,雍立貿易股份有限公司,日本,無,無,21,2026-04-14T00:00:00,2026,4,2026-06-05T10:16:02.76,,104年1月至115年6月,1,,
4860,新竹市,,2026/04/14,巴絲特 寵物健康複合式膳食 鱈魚牛肉夾心條120G,犬,零食,峰揚貿易有限公司,台灣,無,無,21,2026-04-14T00:00:00,2026,4,2026-06-05T10:16:02.76,,104年1月至115年6月,1,,
4860,嘉義市,TP006,2026/04/22,阿爾卑斯燉肉犬罐(鮭魚口味),犬,罐頭,寵兒商貿有限公司,義大利,無,無,22,2026-04-22T00:00:00,2026,4,2026-06-05T10:16:02.76,,104年1月至115年6月,1,,
4860,嘉義市,TP007,2026/04/22,吶一口無穀主食-餐包08號(鮭魚&綠唇貽貝),貓,濕糧,豪翼行銷有限公司,德國,無,無,22,2026-04-22T00:00:00,2026,4,2026-06-05T10:16:02.76,,104年1月至115年6月,1,,
4860,嘉義市,TP008,2026/04/22,鱈魚片,犬,零食,耐維滋寵物食品有限公司,台灣,無,無,22,2026-04-22T00:00:00,2026,4,2026-06-05T10:16:02.76,,104年1月至115年6月,1,,
4860,嘉義市,,2026/04/22,昆布鮭魚湯煲,犬,濕糧,悠遊國際實業股份有限公司,台灣,無,無,22,2026-04-22T00:00:00,2026,4,2026-06-05T10:16:02.76,,104年1月至115年6月,1,,
4860,嘉義市,,2026/04/22,愛可嚼鮭魚棒棒愛的小手,犬,零食,琦信企業股份有限公司,台灣,無,無,22,2026-04-22T00:00:00,2026,4,2026-06-05T10:16:02.76,,104年1月至115年6月,1,,
4860,嘉義市,,2026/04/22,銀湯匙貓乾糧成貓用低磷控鈉腎臟保健,貓,乾糧,嬌聯股份有限公司,泰國,無,無,22,2026-04-22T00:00:00,2026,4,2026-06-05T10:16:02.76,,104年1月至115年6月,1,,
4860,金門縣,YP076,2026/05/08,怪獸咔滋原肉零食 凍乾虱目魚貓草丁-20g,犬、貓,零食,"自力耕生股份有限公司/
怪獸製造有限公司",台灣,無,無,23,2026-05-08T00:00:00,2026,4,2026-06-05T10:16:02.76,,104年1月至115年6月,1,,
4860,金門縣,YP077,2026/05/08,怪獸咔滋原肉零食 凍乾丁香魚-12g,犬、貓,零食,"自力耕生股份有限公司/
怪獸製造有限公司",台灣,無,無,23,2026-05-08T00:00:00,2026,4,2026-06-05T10:16:02.76,,104年1月至115年6月,1,,
4860,金門縣,YP078,2026/05/08,野性魅力羊肉鮭魚配方貓-340g,貓,乾飼糧,"Corey Nutrition Company Inc./
加拿大野性魅力有限公司",加拿大,無,無,23,2026-05-08T00:00:00,2026,4,2026-06-05T10:16:02.76,,104年1月至115年6月,1,,
4860,金門縣,YP079,2026/05/08,Health iN機能湯澆汁貓餐罐(白身鮪魚&吻仔魚&澆汁)-80g,貓,罐頭/濕糧,"i-Tail Corporation Public Company Limited/
台灣惜時有限公",泰國,無,無,23,2026-05-08T00:00:00,2026,4,2026-06-05T10:16:02.76,,104年1月至115年6月,1,,
4860,金門縣,YP080,2026/05/08,喵樂 鮭魚鮪魚燒-80g,貓,罐頭/濕糧,"Unicord Public Co. Ltd./
艾澌克企業股份有限公司",泰國,無,無,23,2026-05-08T00:00:00,2026,4,2026-06-05T10:16:02.76,,104年1月至115年6月,1,,
4860,連江縣,XP061,2025/01/30,西莎Cesar-犬罐頭-野菜牛肉口味(100g*1罐),犬,罐頭,台灣瑪氏Mars Petcare/進口,澳洲,無,無,24,2025-01-30T00:00:00,2026,4,2026-06-05T10:16:02.76,,104年1月至115年6月,1,,
4860,連江縣,XP062,2025/01/30,西莎Cesar-犬罐頭-雞肉口味(100g*1罐),犬,罐頭,台灣瑪氏Mars Petcare/進口,澳洲,無,無,24,2025-01-30T00:00:00,2026,4,2026-06-05T10:16:02.76,,104年1月至115年6月,1,,
4860,連江縣,XP063,2025/01/30,喵樂貓罐頭-雞肉口味(80g*1罐),貓,罐頭,艾澌克企業股份有限公司/進口,泰國,無,無,24,2025-01-30T00:00:00,2026,4,2026-06-05T10:16:02.76,,104年1月至115年6月,1,,
4860,連江縣,XP064,2025/01/30,偉嘉whiskas-什錦珍味雞肉鮪魚真空包(70g*1包),貓,罐頭(真空包),台灣瑪氏Mars Petcare/進口,泰國,無,無,24,2025-01-30T00:00:00,2026,4,2026-06-05T10:16:02.76,,104年1月至115年6月,1,,
4860,連江縣,XP065,2025/01/30,偉嘉whiskas-貓用乾糧-海洋魚類口味(1.2kg*1包),貓,乾糧,瑪氏食品Mars Petcare(Thailand)/進口,泰國,無,無,24,2025-01-30T00:00:00,2026,4,2026-06-05T10:16:02.76,,104年1月至115年6月,1,,
